Sensor_ID,Plant_ID,Treatment,Timestamp,Mean_Heat_Ratio,Average_TS1,Average_TS2,Battery_Voltage,Rounded_timestamp,Plot,Treatement
a4e9,6_1,Control,2024-10-10T07:32:00Z,0.81,31.078125,29.9296875,3.62,2024-10-10T07:40:00Z,6_1,Control
a4e9,6_1,Control,2024-10-10T07:54:00Z,0.98,26.09375,25.609375,3.62,2024-10-10T08:00:00Z,6_1,Control
a4e9,6_1,Control,2024-10-10T08:15:00Z,1.04,24.34375,24.2421875,3.62,2024-10-10T08:20:00Z,6_1,Control
a4e9,6_1,Control,2024-10-10T08:37:00Z,1.09,23.1953125,23.109375,3.62,2024-10-10T08:40:00Z,6_1,Control
a4e9,6_1,Control,2024-10-10T08:58:00Z,1.16,24.8046875,24.7734375,3.62,2024-10-10T09:00:00Z,6_1,Control
a4e9,6_1,Control,2024-10-10T09:20:00Z,1.16,25.7890625,25.71875,3.62,2024-10-10T09:20:00Z,6_1,Control
a4e9,6_1,Control,2024-10-10T09:41:00Z,1.2,25.1640625,25.109375,3.62,2024-10-10T09:40:00Z,6_1,Control
a4e9,6_1,Control,2024-10-10T10:03:00Z,1.15,23.7734375,23.6171875,3.62,2024-10-10T10:00:00Z,6_1,Control
a4e9,6_1,Control,2024-10-10T10:24:00Z,1.16,22.6875,22.546875,3.62,2024-10-10T10:20:00Z,6_1,Control
a4e9,6_1,Control,2024-10-10T10:46:00Z,1.17,23.546875,23.6015625,3.62,2024-10-10T10:40:00Z,6_1,Control
a4e9,6_1,Control,2024-10-10T11:07:00Z,1.12,23,22.890625,3.62,2024-10-10T11:00:00Z,6_1,Control
a4e9,6_1,Control,2024-10-10T11:28:00Z,1.12,22.9921875,22.9140625,3.62,2024-10-10T11:20:00Z,6_1,Control
a4e9,6_1,Control,2024-10-10T11:50:00Z,1.14,22.8359375,22.75,3.62,2024-10-10T11:40:00Z,6_1,Control
a4e9,6_1,Control,2024-10-10T12:11:00Z,1.13,22.421875,22.3046875,3.62,2024-10-10T12:20:00Z,6_1,Control
a4e9,6_1,Control,2024-10-10T12:33:00Z,1.11,22.65625,22.6015625,3.62,2024-10-10T12:40:00Z,6_1,Control
a4e9,6_1,Control,2024-10-10T12:54:00Z,1.08,22.9140625,22.8828125,3.62,2024-10-10T13:00:00Z,6_1,Control
a4e9,6_1,Control,2024-10-10T13:16:00Z,0.93,21.6328125,21.578125,3.61,2024-10-10T13:20:00Z,6_1,Control
a4e9,6_1,Control,2024-10-10T13:37:00Z,0.88,19.0078125,18.875,3.61,2024-10-10T13:40:00Z,6_1,Control
a4e9,6_1,Control,2024-10-10T13:59:00Z,0.85,17.515625,17.421875,3.61,2024-10-10T14:00:00Z,6_1,Control
a4e9,6_1,Control,2024-10-10T14:20:00Z,0.84,16.6875,16.6171875,3.61,2024-10-10T14:20:00Z,6_1,Control
a4e9,6_1,Control,2024-10-10T14:42:00Z,0.82,16.1015625,16.0546875,3.61,2024-10-10T14:40:00Z,6_1,Control
a4e9,6_1,Control,2024-10-10T15:03:00Z,0.81,15.6015625,15.5625,3.61,2024-10-10T15:00:00Z,6_1,Control
a4e9,6_1,Control,2024-10-10T15:25:00Z,0.79,15.1328125,15.109375,3.61,2024-10-10T15:20:00Z,6_1,Control
a4e9,6_1,Control,2024-10-10T15:46:00Z,0.77,14.1484375,14.140625,3.61,2024-10-10T15:40:00Z,6_1,Control
a4e9,6_1,Control,2024-10-10T16:08:00Z,0.79,13.3984375,13.3828125,3.61,2024-10-10T16:00:00Z,6_1,Control
a4e9,6_1,Control,2024-10-10T16:29:00Z,0.79,12.9765625,12.9609375,3.61,2024-10-10T16:20:00Z,6_1,Control
a4e9,6_1,Control,2024-10-10T16:50:00Z,0.76,12.015625,11.9921875,3.61,2024-10-10T16:40:00Z,6_1,Control
a4e9,6_1,Control,2024-10-10T17:12:00Z,0.8,11.15625,11.140625,3.6,2024-10-10T17:20:00Z,6_1,Control
a4e9,6_1,Control,2024-10-10T17:33:00Z,0.79,10.8125,10.78125,3.61,2024-10-10T17:40:00Z,6_1,Control
a4e9,6_1,Control,2024-10-10T17:55:00Z,0.79,10.5625,10.5390625,3.61,2024-10-10T18:00:00Z,6_1,Control
a4e9,6_1,Control,2024-10-10T18:16:00Z,0.8,10.4921875,10.46875,3.6,2024-10-10T18:20:00Z,6_1,Control
a4e9,6_1,Control,2024-10-10T18:38:00Z,0.77,9.8125,9.8125,3.6,2024-10-10T18:40:00Z,6_1,Control
a4e9,6_1,Control,2024-10-10T18:59:00Z,0.79,9.4609375,9.4296875,3.6,2024-10-10T19:00:00Z,6_1,Control
a4e9,6_1,Control,2024-10-10T19:21:00Z,0.79,9.5234375,9.4921875,3.6,2024-10-10T19:20:00Z,6_1,Control
a4e9,6_1,Control,2024-10-10T19:42:00Z,0.77,9.5625,9.5390625,3.6,2024-10-10T19:40:00Z,6_1,Control
a4e9,6_1,Control,2024-10-10T20:04:00Z,0.76,8.9609375,8.9609375,3.6,2024-10-10T20:00:00Z,6_1,Control
a4e9,6_1,Control,2024-10-10T20:25:00Z,0.77,8.65625,8.65625,3.6,2024-10-10T20:20:00Z,6_1,Control
a4e9,6_1,Control,2024-10-10T20:47:00Z,0.78,8.4921875,8.484375,3.6,2024-10-10T20:40:00Z,6_1,Control
a4e9,6_1,Control,2024-10-10T21:08:00Z,0.79,8.3359375,8.328125,3.6,2024-10-10T21:00:00Z,6_1,Control
a4e9,6_1,Control,2024-10-10T21:30:00Z,0.82,8.75,8.703125,3.6,2024-10-10T21:40:00Z,6_1,Control
a4e9,6_1,Control,2024-10-10T21:51:00Z,0.81,9.3359375,9.2890625,3.6,2024-10-10T22:00:00Z,6_1,Control
a4e9,6_1,Control,2024-10-10T22:13:00Z,0.79,9.390625,9.3671875,3.6,2024-10-10T22:20:00Z,6_1,Control
a4e9,6_1,Control,2024-10-10T22:34:00Z,0.8,9.390625,9.3671875,3.59,2024-10-10T22:40:00Z,6_1,Control
a4e9,6_1,Control,2024-10-10T22:55:00Z,0.79,9.6796875,9.6484375,3.6,2024-10-10T23:00:00Z,6_1,Control
a4e9,6_1,Control,2024-10-10T23:17:00Z,0.77,9.234375,9.2109375,3.6,2024-10-10T23:20:00Z,6_1,Control
a4e9,6_1,Control,2024-10-10T23:38:00Z,0.78,8.734375,8.703125,3.6,2024-10-10T23:40:00Z,6_1,Control
a4e9,6_1,Control,2024-10-11T00:00:00Z,0.79,8.3984375,8.3671875,3.6,2024-10-11T00:00:00Z,6_1,Control
a4e9,6_1,Control,2024-10-11T00:21:00Z,0.81,8.4140625,8.375,3.6,2024-10-11T00:20:00Z,6_1,Control
a4e9,6_1,Control,2024-10-11T00:43:00Z,0.79,8.34375,8.3203125,3.59,2024-10-11T00:40:00Z,6_1,Control
a4e9,6_1,Control,2024-10-11T01:04:00Z,0.81,8.40625,8.34375,3.6,2024-10-11T01:00:00Z,6_1,Control
a4e9,6_1,Control,2024-10-11T01:26:00Z,0.8,8.1171875,8.046875,3.6,2024-10-11T01:20:00Z,6_1,Control
a4e9,6_1,Control,2024-10-11T01:47:00Z,0.82,7.859375,7.796875,3.6,2024-10-11T01:40:00Z,6_1,Control
a4e9,6_1,Control,2024-10-11T02:09:00Z,0.81,8.1328125,8.0625,3.59,2024-10-11T02:00:00Z,6_1,Control
a4e9,6_1,Control,2024-10-11T02:30:00Z,0.81,8.453125,8.390625,3.6,2024-10-11T02:40:00Z,6_1,Control
a4e9,6_1,Control,2024-10-11T02:52:00Z,0.83,9.1953125,9.0625,3.6,2024-10-11T03:00:00Z,6_1,Control
a4e9,6_1,Control,2024-10-11T03:13:00Z,0.95,10.8046875,10.5546875,3.6,2024-10-11T03:20:00Z,6_1,Control
a4e9,6_1,Control,2024-10-11T03:35:00Z,0.96,14.5078125,14.1484375,3.6,2024-10-11T03:40:00Z,6_1,Control
a4e9,6_1,Control,2024-10-11T03:56:00Z,0.99,16.7421875,16.4375,3.6,2024-10-11T04:00:00Z,6_1,Control
a4e9,6_1,Control,2024-10-11T04:17:00Z,1.01,18.75,18.4765625,3.61,2024-10-11T04:20:00Z,6_1,Control
a4e9,6_1,Control,2024-10-11T04:39:00Z,1.08,20.3828125,20.09375,3.61,2024-10-11T04:40:00Z,6_1,Control
a4e9,6_1,Control,2024-10-11T05:00:00Z,1.09,21.6796875,21.4296875,3.62,2024-10-11T05:00:00Z,6_1,Control
a4e9,6_1,Control,2024-10-11T05:22:00Z,1.14,21.9453125,21.90625,3.62,2024-10-11T05:20:00Z,6_1,Control
a4e9,6_1,Control,2024-10-11T05:43:00Z,1.2,21.984375,21.921875,3.62,2024-10-11T05:40:00Z,6_1,Control
a4e9,6_1,Control,2024-10-11T06:05:00Z,1.24,22.9140625,22.953125,3.62,2024-10-11T06:00:00Z,6_1,Control
a4e9,6_1,Control,2024-10-11T06:26:00Z,1.26,24.0625,24.1171875,3.62,2024-10-11T06:20:00Z,6_1,Control
a4e9,6_1,Control,2024-10-11T06:48:00Z,1.3,24.8984375,24.875,3.62,2024-10-11T06:40:00Z,6_1,Control
a4e9,6_1,Control,2024-10-11T07:09:00Z,1.29,25.546875,25.4296875,3.62,2024-10-11T07:00:00Z,6_1,Control
a4e9,6_1,Control,2024-10-11T07:31:00Z,1.29,26.0390625,26,3.62,2024-10-11T07:40:00Z,6_1,Control
a4e9,6_1,Control,2024-10-11T07:52:00Z,1.29,26.875,26.96875,3.62,2024-10-11T08:00:00Z,6_1,Control
a4e9,6_1,Control,2024-10-11T07:55:00Z,1.21,27.6953125,27.4296875,3.62,2024-10-11T08:00:00Z,6_1,Control
a4e9,6_1,Control,2024-10-11T08:16:00Z,1.33,27.8828125,28.1796875,3.62,2024-10-11T08:20:00Z,6_1,Control
a4e9,6_1,Control,2024-10-11T08:38:00Z,1.37,28.859375,29.1328125,3.62,2024-10-11T08:40:00Z,6_1,Control
a4e9,6_1,Control,2024-10-11T08:59:00Z,1.45,29.546875,29.53125,3.62,2024-10-11T09:00:00Z,6_1,Control
a4e9,6_1,Control,2024-10-11T09:21:00Z,1.41,29.3671875,29.2734375,3.62,2024-10-11T09:20:00Z,6_1,Control
a4e9,6_1,Control,2024-10-11T09:42:00Z,1.36,29.4296875,29.625,3.62,2024-10-11T09:40:00Z,6_1,Control
a4e9,6_1,Control,2024-10-11T10:04:00Z,1.42,29.8984375,30.328125,3.62,2024-10-11T10:00:00Z,6_1,Control
a4e9,6_1,Control,2024-10-11T10:25:00Z,1.42,30.90625,31.359375,3.62,2024-10-11T10:20:00Z,6_1,Control
a4e9,6_1,Control,2024-10-11T10:47:00Z,1.54,31.5078125,31.8203125,3.62,2024-10-11T10:40:00Z,6_1,Control
a4e9,6_1,Control,2024-10-11T11:08:00Z,1.43,31.328125,31.3984375,3.62,2024-10-11T11:00:00Z,6_1,Control
a4e9,6_1,Control,2024-10-11T11:30:00Z,1.5,31.171875,31.109375,3.62,2024-10-11T11:40:00Z,6_1,Control
a4e9,6_1,Control,2024-10-11T11:51:00Z,1.42,31.25,31.1875,3.62,2024-10-11T12:00:00Z,6_1,Control
a4e9,6_1,Control,2024-10-11T12:12:00Z,1.37,31.0546875,30.9609375,3.62,2024-10-11T12:20:00Z,6_1,Control
a4e9,6_1,Control,2024-10-11T12:34:00Z,1.26,30.5390625,30.515625,3.61,2024-10-11T12:40:00Z,6_1,Control
a4e9,6_1,Control,2024-10-11T12:55:00Z,1.22,29.9453125,29.96875,3.62,2024-10-11T13:00:00Z,6_1,Control
a4e9,6_1,Control,2024-10-11T13:17:00Z,1.16,28.3359375,28.21875,3.61,2024-10-11T13:20:00Z,6_1,Control
a4e9,6_1,Control,2024-10-11T13:38:00Z,1.07,27.0625,27,3.61,2024-10-11T13:40:00Z,6_1,Control
a4e9,6_1,Control,2024-10-11T14:00:00Z,1,26.3515625,26.3125,3.61,2024-10-11T14:00:00Z,6_1,Control
a4e9,6_1,Control,2024-10-11T14:21:00Z,0.95,25.28125,25.171875,3.61,2024-10-11T14:20:00Z,6_1,Control
a4e9,6_1,Control,2024-10-11T14:43:00Z,0.85,23.359375,23.2421875,3.61,2024-10-11T14:40:00Z,6_1,Control
a4e9,6_1,Control,2024-10-11T15:04:00Z,0.83,21.7890625,21.6953125,3.61,2024-10-11T15:00:00Z,6_1,Control
a4e9,6_1,Control,2024-10-11T15:26:00Z,0.81,20.7265625,20.671875,3.61,2024-10-11T15:20:00Z,6_1,Control
a4e9,6_1,Control,2024-10-11T15:47:00Z,0.8,20.0390625,19.9921875,3.61,2024-10-11T15:40:00Z,6_1,Control
a4e9,6_1,Control,2024-10-11T16:09:00Z,0.81,19.1953125,19.1484375,3.61,2024-10-11T16:00:00Z,6_1,Control
a4e9,6_1,Control,2024-10-11T16:30:00Z,0.79,18.078125,18.046875,3.61,2024-10-11T16:40:00Z,6_1,Control
a4e9,6_1,Control,2024-10-11T16:52:00Z,0.81,17.3359375,17.2890625,3.61,2024-10-11T17:00:00Z,6_1,Control
a4e9,6_1,Control,2024-10-11T17:13:00Z,0.8,16.765625,16.71875,3.6,2024-10-11T17:20:00Z,6_1,Control
a4e9,6_1,Control,2024-10-11T17:35:00Z,0.8,16.0859375,16.0625,3.6,2024-10-11T17:40:00Z,6_1,Control
a4e9,6_1,Control,2024-10-11T17:56:00Z,0.79,15.6171875,15.5859375,3.6,2024-10-11T18:00:00Z,6_1,Control
a4e9,6_1,Control,2024-10-11T18:17:00Z,0.8,15.4765625,15.4140625,3.61,2024-10-11T18:20:00Z,6_1,Control
a4e9,6_1,Control,2024-10-11T18:39:00Z,0.78,15.109375,15.0703125,3.6,2024-10-11T18:40:00Z,6_1,Control
a4e9,6_1,Control,2024-10-11T19:00:00Z,0.79,14.9609375,14.890625,3.6,2024-10-11T19:00:00Z,6_1,Control
a4e9,6_1,Control,2024-10-11T19:22:00Z,0.77,14.171875,14.140625,3.6,2024-10-11T19:20:00Z,6_1,Control
a4e9,6_1,Control,2024-10-11T19:43:00Z,0.79,13.734375,13.6875,3.6,2024-10-11T19:40:00Z,6_1,Control
a4e9,6_1,Control,2024-10-11T20:05:00Z,0.8,13.5546875,13.4921875,3.6,2024-10-11T20:00:00Z,6_1,Control
a4e9,6_1,Control,2024-10-11T20:26:00Z,0.76,13.3515625,13.3125,3.6,2024-10-11T20:20:00Z,6_1,Control
a4e9,6_1,Control,2024-10-11T20:48:00Z,0.79,12.859375,12.828125,3.6,2024-10-11T20:40:00Z,6_1,Control
a4e9,6_1,Control,2024-10-11T21:09:00Z,0.79,12.6640625,12.6171875,3.6,2024-10-11T21:00:00Z,6_1,Control
a4e9,6_1,Control,2024-10-11T21:31:00Z,0.77,12.9296875,12.875,3.6,2024-10-11T21:40:00Z,6_1,Control
a4e9,6_1,Control,2024-10-11T21:52:00Z,0.78,12.6015625,12.546875,3.59,2024-10-11T22:00:00Z,6_1,Control
a4e9,6_1,Control,2024-10-11T22:14:00Z,0.79,12.4453125,12.3984375,3.6,2024-10-11T22:20:00Z,6_1,Control
a4e9,6_1,Control,2024-10-11T22:35:00Z,0.8,12.1015625,12.0546875,3.6,2024-10-11T22:40:00Z,6_1,Control
a4e9,6_1,Control,2024-10-11T22:57:00Z,0.81,12.59375,12.484375,3.6,2024-10-11T23:00:00Z,6_1,Control
a4e9,6_1,Control,2024-10-11T23:18:00Z,0.81,13.078125,12.9921875,3.6,2024-10-11T23:20:00Z,6_1,Control
a4e9,6_1,Control,2024-10-11T23:39:00Z,0.79,13.09375,13.015625,3.6,2024-10-11T23:40:00Z,6_1,Control
a4e9,6_1,Control,2024-10-12T00:01:00Z,0.81,13.3203125,13.21875,3.59,2024-10-12T00:00:00Z,6_1,Control
a4e9,6_1,Control,2024-10-12T00:22:00Z,0.82,13.828125,13.7109375,3.6,2024-10-12T00:20:00Z,6_1,Control
a4e9,6_1,Control,2024-10-12T00:44:00Z,0.81,13.3828125,13.265625,3.59,2024-10-12T00:40:00Z,6_1,Control
a4e9,6_1,Control,2024-10-12T01:05:00Z,0.83,13.1875,13.046875,3.59,2024-10-12T01:00:00Z,6_1,Control
a4e9,6_1,Control,2024-10-12T01:27:00Z,0.82,13.0859375,12.921875,3.59,2024-10-12T01:20:00Z,6_1,Control
a4e9,6_1,Control,2024-10-12T01:48:00Z,0.82,12.6171875,12.4375,3.6,2024-10-12T01:40:00Z,6_1,Control
a4e9,6_1,Control,2024-10-12T02:10:00Z,0.83,13.078125,12.953125,3.6,2024-10-12T02:00:00Z,6_1,Control
a4e9,6_1,Control,2024-10-12T02:31:00Z,0.88,13.3046875,13.15625,3.6,2024-10-12T02:40:00Z,6_1,Control
a4e9,6_1,Control,2024-10-12T02:53:00Z,0.96,14.875,14.7578125,3.6,2024-10-12T03:00:00Z,6_1,Control
a4e9,6_1,Control,2024-10-12T03:14:00Z,1.12,17,16.6171875,3.59,2024-10-12T03:20:00Z,6_1,Control
a4e9,6_1,Control,2024-10-12T03:36:00Z,1.12,20.875,20.4375,3.6,2024-10-12T03:40:00Z,6_1,Control
a4e9,6_1,Control,2024-10-12T03:57:00Z,1.19,23.6953125,23.40625,3.6,2024-10-12T04:00:00Z,6_1,Control
a4e9,6_1,Control,2024-10-12T04:19:00Z,1.19,25.109375,24.75,3.61,2024-10-12T04:20:00Z,6_1,Control
a4e9,6_1,Control,2024-10-12T04:40:00Z,1.14,26.4609375,26.078125,3.61,2024-10-12T04:40:00Z,6_1,Control
a4e9,6_1,Control,2024-10-12T05:01:00Z,1.26,26.9296875,26.6484375,3.61,2024-10-12T05:00:00Z,6_1,Control
a4e9,6_1,Control,2024-10-12T05:23:00Z,1.32,26.8125,26.71875,3.62,2024-10-12T05:20:00Z,6_1,Control
a4e9,6_1,Control,2024-10-12T05:44:00Z,1.3,26.703125,26.515625,3.62,2024-10-12T05:40:00Z,6_1,Control
a4e9,6_1,Control,2024-10-12T06:06:00Z,1.24,27.4609375,27.40625,3.61,2024-10-12T06:00:00Z,6_1,Control
a4e9,6_1,Control,2024-10-12T06:27:00Z,1.31,28.515625,28.515625,3.62,2024-10-12T06:20:00Z,6_1,Control
a4e9,6_1,Control,2024-10-12T06:49:00Z,1.36,29.0078125,28.8671875,3.62,2024-10-12T06:40:00Z,6_1,Control
a4e9,6_1,Control,2024-10-12T07:10:00Z,1.27,29.3671875,29.15625,3.61,2024-10-12T07:00:00Z,6_1,Control
a4e9,6_1,Control,2024-10-12T07:32:00Z,1.31,30.1796875,30.109375,3.61,2024-10-12T07:40:00Z,6_1,Control
a4e9,6_1,Control,2024-10-12T07:53:00Z,1.28,30.6796875,30.7421875,3.62,2024-10-12T08:00:00Z,6_1,Control
a4e9,6_1,Control,2024-10-12T08:15:00Z,1.36,31.6328125,31.8828125,3.62,2024-10-12T08:20:00Z,6_1,Control
a4e9,6_1,Control,2024-10-12T08:36:00Z,1.35,32.984375,33.1875,3.62,2024-10-12T08:40:00Z,6_1,Control
a4e9,6_1,Control,2024-10-12T08:58:00Z,1.46,34.421875,34.359375,3.62,2024-10-12T09:00:00Z,6_1,Control
a4e9,6_1,Control,2024-10-12T09:19:00Z,1.51,35.0390625,34.8828125,3.62,2024-10-12T09:20:00Z,6_1,Control
a4e9,6_1,Control,2024-10-12T09:41:00Z,1.42,34.84375,34.8984375,3.62,2024-10-12T09:40:00Z,6_1,Control
a4e9,6_1,Control,2024-10-12T10:02:00Z,1.46,35.40625,35.7109375,3.62,2024-10-12T10:00:00Z,6_1,Control
a4e9,6_1,Control,2024-10-12T10:23:00Z,1.55,35.7734375,36.09375,3.61,2024-10-12T10:20:00Z,6_1,Control
a4e9,6_1,Control,2024-10-12T10:45:00Z,1.58,35.9765625,36.171875,3.62,2024-10-12T10:40:00Z,6_1,Control
a4e9,6_1,Control,2024-10-12T11:06:00Z,1.77,34.171875,33.875,3.62,2024-10-12T11:00:00Z,6_1,Control
a4e9,6_1,Control,2024-10-12T11:28:00Z,1.42,32.2578125,31.9453125,3.62,2024-10-12T11:20:00Z,6_1,Control
a4e9,6_1,Control,2024-10-12T11:49:00Z,1.36,30.484375,30.1875,3.62,2024-10-12T11:40:00Z,6_1,Control
a4e9,6_1,Control,2024-10-12T12:11:00Z,1.23,29.2421875,29.03125,3.62,2024-10-12T12:20:00Z,6_1,Control
a4e9,6_1,Control,2024-10-12T12:32:00Z,1.15,27.9765625,27.859375,3.62,2024-10-12T12:40:00Z,6_1,Control
a4e9,6_1,Control,2024-10-12T12:54:00Z,1.14,26.4609375,26.34375,3.61,2024-10-12T13:00:00Z,6_1,Control
a4e9,6_1,Control,2024-10-12T13:15:00Z,1.05,25.515625,25.421875,3.62,2024-10-12T13:20:00Z,6_1,Control
a4e9,6_1,Control,2024-10-12T13:37:00Z,1,25.5390625,25.5390625,3.61,2024-10-12T13:40:00Z,6_1,Control
a4e9,6_1,Control,2024-10-12T13:58:00Z,0.95,24.953125,24.90625,3.61,2024-10-12T14:00:00Z,6_1,Control
a4e9,6_1,Control,2024-10-12T14:20:00Z,0.9,23.609375,23.5078125,3.61,2024-10-12T14:20:00Z,6_1,Control
a4e9,6_1,Control,2024-10-12T14:41:00Z,0.88,22.40625,22.3046875,3.61,2024-10-12T14:40:00Z,6_1,Control
a4e9,6_1,Control,2024-10-12T15:03:00Z,0.82,21.828125,21.7578125,3.61,2024-10-12T15:00:00Z,6_1,Control
a4e9,6_1,Control,2024-10-12T15:24:00Z,0.81,20.8515625,20.828125,3.61,2024-10-12T15:20:00Z,6_1,Control
a4e9,6_1,Control,2024-10-12T15:45:00Z,0.78,19.9375,19.921875,3.6,2024-10-12T15:40:00Z,6_1,Control
a4e9,6_1,Control,2024-10-12T16:07:00Z,0.79,19.078125,19.0625,3.6,2024-10-12T16:00:00Z,6_1,Control
a4e9,6_1,Control,2024-10-12T16:28:00Z,0.77,18.6484375,18.6328125,3.61,2024-10-12T16:20:00Z,6_1,Control
a4e9,6_1,Control,2024-10-12T16:50:00Z,0.77,17.3984375,17.390625,3.61,2024-10-12T16:40:00Z,6_1,Control
a4e9,6_1,Control,2024-10-12T17:11:00Z,0.8,17.2734375,17.25,3.6,2024-10-12T17:20:00Z,6_1,Control
a4e9,6_1,Control,2024-10-12T17:33:00Z,0.77,16.984375,16.9765625,3.6,2024-10-12T17:40:00Z,6_1,Control
a4e9,6_1,Control,2024-10-12T17:54:00Z,0.77,16.1171875,16.125,3.6,2024-10-12T18:00:00Z,6_1,Control
a4e9,6_1,Control,2024-10-12T18:16:00Z,0.75,15.0859375,15.0703125,3.6,2024-10-12T18:20:00Z,6_1,Control
a4e9,6_1,Control,2024-10-12T18:37:00Z,0.75,14.1015625,14.1015625,3.6,2024-10-12T18:40:00Z,6_1,Control
a4e9,6_1,Control,2024-10-12T18:59:00Z,0.76,13.1484375,13.1484375,3.6,2024-10-12T19:00:00Z,6_1,Control
a4e9,6_1,Control,2024-10-12T19:20:00Z,0.76,12.4765625,12.4609375,3.6,2024-10-12T19:20:00Z,6_1,Control
a4e9,6_1,Control,2024-10-12T19:42:00Z,0.76,11.8515625,11.8359375,3.59,2024-10-12T19:40:00Z,6_1,Control
a4e9,6_1,Control,2024-10-12T20:03:00Z,0.77,11.5078125,11.5,3.6,2024-10-12T20:00:00Z,6_1,Control
a4e9,6_1,Control,2024-10-12T20:25:00Z,0.77,11.078125,11.078125,3.59,2024-10-12T20:20:00Z,6_1,Control
a4e9,6_1,Control,2024-10-12T20:46:00Z,0.78,10.5625,10.5703125,3.6,2024-10-12T20:40:00Z,6_1,Control
a4e9,6_1,Control,2024-10-12T21:07:00Z,0.79,10.5703125,10.5703125,3.59,2024-10-12T21:00:00Z,6_1,Control
a4e9,6_1,Control,2024-10-12T21:29:00Z,0.79,10.9296875,10.9140625,3.59,2024-10-12T21:20:00Z,6_1,Control
a4e9,6_1,Control,2024-10-12T21:50:00Z,0.75,10.84375,10.8359375,3.59,2024-10-12T21:40:00Z,6_1,Control
a4e9,6_1,Control,2024-10-12T22:12:00Z,0.78,10.375,10.359375,3.59,2024-10-12T22:20:00Z,6_1,Control
a4e9,6_1,Control,2024-10-12T22:33:00Z,0.77,10.03125,10.015625,3.59,2024-10-12T22:40:00Z,6_1,Control
a4e9,6_1,Control,2024-10-12T22:55:00Z,0.79,10.0234375,9.984375,3.59,2024-10-12T23:00:00Z,6_1,Control
a4e9,6_1,Control,2024-10-12T23:16:00Z,0.81,10.84375,10.7890625,3.6,2024-10-12T23:20:00Z,6_1,Control
a4e9,6_1,Control,2024-10-12T23:38:00Z,0.77,11.4296875,11.3828125,3.59,2024-10-12T23:40:00Z,6_1,Control
a4e9,6_1,Control,2024-10-12T23:59:00Z,0.77,10.859375,10.8203125,3.59,2024-10-13T00:00:00Z,6_1,Control
a4e9,6_1,Control,2024-10-13T00:21:00Z,0.78,10.296875,10.2265625,3.59,2024-10-13T00:20:00Z,6_1,Control
a4e9,6_1,Control,2024-10-13T00:42:00Z,0.79,10.40625,10.3125,3.58,2024-10-13T00:40:00Z,6_1,Control
a4e9,6_1,Control,2024-10-13T01:04:00Z,0.77,10.3359375,10.2578125,3.59,2024-10-13T01:00:00Z,6_1,Control
a4e9,6_1,Control,2024-10-13T01:25:00Z,0.8,10.234375,10.125,3.59,2024-10-13T01:20:00Z,6_1,Control
a4e9,6_1,Control,2024-10-13T01:47:00Z,0.85,11.7109375,11.5703125,3.59,2024-10-13T01:40:00Z,6_1,Control
a4e9,6_1,Control,2024-10-13T02:08:00Z,0.83,13.4140625,13.3125,3.59,2024-10-13T02:00:00Z,6_1,Control
a4e9,6_1,Control,2024-10-13T02:30:00Z,0.84,14.0234375,13.9453125,3.6,2024-10-13T02:40:00Z,6_1,Control
a4e9,6_1,Control,2024-10-13T02:51:00Z,0.88,14.6640625,14.5390625,3.6,2024-10-13T03:00:00Z,6_1,Control
a4e9,6_1,Control,2024-10-13T03:12:00Z,1,16.2421875,15.9375,3.6,2024-10-13T03:20:00Z,6_1,Control
a4e9,6_1,Control,2024-10-13T03:34:00Z,1.04,19.390625,18.9375,3.6,2024-10-13T03:40:00Z,6_1,Control
a4e9,6_1,Control,2024-10-13T03:55:00Z,1.08,21.984375,21.75,3.6,2024-10-13T04:00:00Z,6_1,Control
a4e9,6_1,Control,2024-10-13T04:17:00Z,1.12,23.546875,23.3359375,3.6,2024-10-13T04:20:00Z,6_1,Control
a4e9,6_1,Control,2024-10-13T04:38:00Z,1.12,24.4765625,24.2578125,3.6,2024-10-13T04:40:00Z,6_1,Control
a4e9,6_1,Control,2024-10-13T05:00:00Z,1.21,25.1953125,24.96875,3.6,2024-10-13T05:00:00Z,6_1,Control
a4e9,6_1,Control,2024-10-13T05:21:00Z,1.28,25.59375,25.59375,3.61,2024-10-13T05:20:00Z,6_1,Control
a4e9,6_1,Control,2024-10-13T05:43:00Z,1.27,26.078125,26.046875,3.61,2024-10-13T05:40:00Z,6_1,Control
a4e9,6_1,Control,2024-10-13T06:04:00Z,1.28,27.3046875,27.3125,3.61,2024-10-13T06:00:00Z,6_1,Control
a4e9,6_1,Control,2024-10-13T06:26:00Z,1.33,28.4453125,28.4453125,3.61,2024-10-13T06:20:00Z,6_1,Control
a4e9,6_1,Control,2024-10-13T06:47:00Z,1.35,29.3125,29.2421875,3.62,2024-10-13T06:40:00Z,6_1,Control
a4e9,6_1,Control,2024-10-13T07:09:00Z,1.37,29.953125,29.859375,3.62,2024-10-13T07:00:00Z,6_1,Control
a4e9,6_1,Control,2024-10-13T07:30:00Z,1.34,30.421875,30.25,3.61,2024-10-13T07:40:00Z,6_1,Control
a4e9,6_1,Control,2024-10-13T07:52:00Z,1.31,31.5703125,31.6328125,3.62,2024-10-13T08:00:00Z,6_1,Control
a4e9,6_1,Control,2024-10-13T08:13:00Z,1.35,32.265625,32.375,3.61,2024-10-13T08:20:00Z,6_1,Control
a4e9,6_1,Control,2024-10-13T08:34:00Z,1.47,31.9765625,31.8828125,3.62,2024-10-13T08:40:00Z,6_1,Control
a4e9,6_1,Control,2024-10-13T08:56:00Z,1.46,32.140625,31.8984375,3.61,2024-10-13T09:00:00Z,6_1,Control
a4e9,6_1,Control,2024-10-13T09:17:00Z,1.47,32.3125,32.140625,3.62,2024-10-13T09:20:00Z,6_1,Control
a4e9,6_1,Control,2024-10-13T09:39:00Z,1.45,31.9609375,31.9453125,3.61,2024-10-13T09:40:00Z,6_1,Control
a4e9,6_1,Control,2024-10-13T10:00:00Z,1.46,31.8203125,31.90625,3.61,2024-10-13T10:00:00Z,6_1,Control
a4e9,6_1,Control,2024-10-13T10:22:00Z,1.81,31.1484375,31.0859375,3.62,2024-10-13T10:20:00Z,6_1,Control
a4e9,6_1,Control,2024-10-13T10:43:00Z,1.37,28.3671875,28.078125,3.61,2024-10-13T10:40:00Z,6_1,Control
a4e9,6_1,Control,2024-10-13T11:05:00Z,1.23,26.625,26.4140625,3.61,2024-10-13T11:00:00Z,6_1,Control
a4e9,6_1,Control,2024-10-13T11:26:00Z,1.27,26.7109375,26.609375,3.61,2024-10-13T11:20:00Z,6_1,Control
a4e9,6_1,Control,2024-10-13T11:48:00Z,1.26,26.296875,26.1484375,3.61,2024-10-13T11:40:00Z,6_1,Control
a4e9,6_1,Control,2024-10-13T12:09:00Z,1.15,24.8203125,24.640625,3.62,2024-10-13T12:00:00Z,6_1,Control
a4e9,6_1,Control,2024-10-13T12:31:00Z,1.05,23.1171875,22.9765625,3.61,2024-10-13T12:40:00Z,6_1,Control
a4e9,6_1,Control,2024-10-13T12:52:00Z,0.96,22.0390625,21.9375,3.61,2024-10-13T13:00:00Z,6_1,Control
a4e9,6_1,Control,2024-10-13T13:14:00Z,0.92,21.1796875,21.140625,3.61,2024-10-13T13:20:00Z,6_1,Control
a4e9,6_1,Control,2024-10-13T13:35:00Z,0.82,19.8125,19.8515625,3.6,2024-10-13T13:40:00Z,6_1,Control
a4e9,6_1,Control,2024-10-13T13:56:00Z,0.76,17.0546875,17.0546875,3.61,2024-10-13T14:00:00Z,6_1,Control
a4e9,6_1,Control,2024-10-13T14:18:00Z,0.78,15.5,15.4921875,3.61,2024-10-13T14:20:00Z,6_1,Control
a4e9,6_1,Control,2024-10-13T14:39:00Z,0.77,14.5,14.515625,3.6,2024-10-13T14:40:00Z,6_1,Control
a4e9,6_1,Control,2024-10-13T15:01:00Z,0.77,13.6796875,13.6953125,3.6,2024-10-13T15:00:00Z,6_1,Control
a4e9,6_1,Control,2024-10-13T15:22:00Z,0.77,13.078125,13.09375,3.6,2024-10-13T15:20:00Z,6_1,Control
a4e9,6_1,Control,2024-10-13T15:44:00Z,0.79,12.71875,12.734375,3.59,2024-10-13T15:40:00Z,6_1,Control
a4e9,6_1,Control,2024-10-13T16:05:00Z,0.77,12.5234375,12.5390625,3.6,2024-10-13T16:00:00Z,6_1,Control
a4e9,6_1,Control,2024-10-13T16:27:00Z,0.79,12.265625,12.2890625,3.6,2024-10-13T16:20:00Z,6_1,Control
a4e9,6_1,Control,2024-10-13T16:48:00Z,0.77,12.1953125,12.2109375,3.59,2024-10-13T16:40:00Z,6_1,Control
a4e9,6_1,Control,2024-10-13T17:10:00Z,0.77,12.0078125,12.03125,3.59,2024-10-13T17:00:00Z,6_1,Control
a4e9,6_1,Control,2024-10-13T17:31:00Z,0.77,11.875,11.8984375,3.6,2024-10-13T17:40:00Z,6_1,Control
a4e9,6_1,Control,2024-10-13T17:53:00Z,0.77,11.7109375,11.7265625,3.59,2024-10-13T18:00:00Z,6_1,Control
a4e9,6_1,Control,2024-10-13T18:14:00Z,0.76,11.3125,11.3359375,3.59,2024-10-13T18:20:00Z,6_1,Control
a4e9,6_1,Control,2024-10-13T18:36:00Z,0.78,11.0390625,11.0546875,3.59,2024-10-13T18:40:00Z,6_1,Control
a4e9,6_1,Control,2024-10-13T18:57:00Z,0.76,10.8046875,10.8046875,3.6,2024-10-13T19:00:00Z,6_1,Control
a4e9,6_1,Control,2024-10-13T19:18:00Z,0.77,10.578125,10.5859375,3.59,2024-10-13T19:20:00Z,6_1,Control
a4e9,6_1,Control,2024-10-13T19:40:00Z,0.78,10.3828125,10.3828125,3.6,2024-10-13T19:40:00Z,6_1,Control
a4e9,6_1,Control,2024-10-13T20:01:00Z,0.77,10.1875,10.1953125,3.59,2024-10-13T20:00:00Z,6_1,Control
a4e9,6_1,Control,2024-10-13T20:23:00Z,0.78,10.015625,10.0234375,3.59,2024-10-13T20:20:00Z,6_1,Control
a4e9,6_1,Control,2024-10-13T20:44:00Z,0.77,9.7890625,9.8046875,3.59,2024-10-13T20:40:00Z,6_1,Control
a4e9,6_1,Control,2024-10-13T21:06:00Z,0.76,9.4765625,9.484375,3.59,2024-10-13T21:00:00Z,6_1,Control
a4e9,6_1,Control,2024-10-13T21:27:00Z,0.75,9.0546875,9.0625,3.59,2024-10-13T21:20:00Z,6_1,Control
a4e9,6_1,Control,2024-10-13T21:49:00Z,0.76,8.65625,8.6640625,3.59,2024-10-13T21:40:00Z,6_1,Control
a4e9,6_1,Control,2024-10-13T22:10:00Z,0.76,8.375,8.375,3.58,2024-10-13T22:00:00Z,6_1,Control
a4e9,6_1,Control,2024-10-13T22:32:00Z,0.75,7.734375,7.7578125,3.59,2024-10-13T22:40:00Z,6_1,Control
a4e9,6_1,Control,2024-10-13T22:53:00Z,0.77,7.1796875,7.2109375,3.59,2024-10-13T23:00:00Z,6_1,Control
a4e9,6_1,Control,2024-10-13T23:15:00Z,0.78,6.8671875,6.8828125,3.59,2024-10-13T23:20:00Z,6_1,Control
a4e9,6_1,Control,2024-10-13T23:36:00Z,0.76,6.8203125,6.828125,3.59,2024-10-13T23:40:00Z,6_1,Control
a4e9,6_1,Control,2024-10-13T23:58:00Z,0.77,6.4375,6.4609375,3.58,2024-10-14T00:00:00Z,6_1,Control
a4e9,6_1,Control,2024-10-14T00:19:00Z,0.79,6.578125,6.5703125,3.58,2024-10-14T00:20:00Z,6_1,Control
a4e9,6_1,Control,2024-10-14T00:40:00Z,0.79,6.84375,6.828125,3.59,2024-10-14T00:40:00Z,6_1,Control
a4e9,6_1,Control,2024-10-14T01:02:00Z,0.79,6.9921875,6.984375,3.59,2024-10-14T01:00:00Z,6_1,Control
a4e9,6_1,Control,2024-10-14T01:23:00Z,0.78,7.09375,7.0859375,3.59,2024-10-14T01:20:00Z,6_1,Control
a4e9,6_1,Control,2024-10-14T01:45:00Z,0.78,7.125,7.109375,3.59,2024-10-14T01:40:00Z,6_1,Control
a4e9,6_1,Control,2024-10-14T02:06:00Z,0.79,7.140625,7.1328125,3.58,2024-10-14T02:00:00Z,6_1,Control
a4e9,6_1,Control,2024-10-14T02:28:00Z,0.79,7.2890625,7.2734375,3.59,2024-10-14T02:20:00Z,6_1,Control
a4e9,6_1,Control,2024-10-14T02:49:00Z,0.78,7.4765625,7.4609375,3.59,2024-10-14T02:40:00Z,6_1,Control
a4e9,6_1,Control,2024-10-14T03:11:00Z,0.78,7.578125,7.5703125,3.58,2024-10-14T03:20:00Z,6_1,Control
a4e9,6_1,Control,2024-10-14T03:32:00Z,0.78,7.6640625,7.65625,3.58,2024-10-14T03:40:00Z,6_1,Control
a4e9,6_1,Control,2024-10-14T03:54:00Z,0.77,7.6875,7.6796875,3.59,2024-10-14T04:00:00Z,6_1,Control
a4e9,6_1,Control,2024-10-14T04:15:00Z,0.78,7.7265625,7.71875,3.59,2024-10-14T04:20:00Z,6_1,Control
a4e9,6_1,Control,2024-10-14T04:37:00Z,0.78,7.765625,7.765625,3.59,2024-10-14T04:40:00Z,6_1,Control
a4e9,6_1,Control,2024-10-14T04:58:00Z,0.79,7.9296875,7.921875,3.59,2024-10-14T05:00:00Z,6_1,Control
a4e9,6_1,Control,2024-10-14T05:20:00Z,0.79,7.9296875,7.921875,3.59,2024-10-14T05:20:00Z,6_1,Control
a4e9,6_1,Control,2024-10-14T05:41:00Z,0.81,8.2890625,8.2734375,3.58,2024-10-14T05:40:00Z,6_1,Control
a4e9,6_1,Control,2024-10-14T06:02:00Z,0.82,9.1953125,9.1796875,3.59,2024-10-14T06:00:00Z,6_1,Control
a4e9,6_1,Control,2024-10-14T06:24:00Z,0.87,9.8515625,9.84375,3.59,2024-10-14T06:20:00Z,6_1,Control
a4e9,6_1,Control,2024-10-14T06:45:00Z,0.85,11.1328125,11.1484375,3.59,2024-10-14T06:40:00Z,6_1,Control
a4e9,6_1,Control,2024-10-14T07:07:00Z,0.84,10.6484375,10.6875,3.58,2024-10-14T07:00:00Z,6_1,Control
a4e9,6_1,Control,2024-10-14T07:28:00Z,0.86,10.640625,10.6484375,3.59,2024-10-14T07:20:00Z,6_1,Control
a4e9,6_1,Control,2024-10-14T07:50:00Z,0.85,10.8671875,10.8984375,3.59,2024-10-14T07:40:00Z,6_1,Control
a4e9,6_1,Control,2024-10-14T08:11:00Z,0.91,12.1328125,12.1640625,3.59,2024-10-14T08:20:00Z,6_1,Control
a4e9,6_1,Control,2024-10-14T08:33:00Z,0.93,13.3984375,13.4453125,3.59,2024-10-14T08:40:00Z,6_1,Control
a4e9,6_1,Control,2024-10-14T08:54:00Z,0.94,13.8046875,13.8046875,3.59,2024-10-14T09:00:00Z,6_1,Control
a4e9,6_1,Control,2024-10-14T09:16:00Z,0.95,14.03125,14,3.6,2024-10-14T09:20:00Z,6_1,Control
a4e9,6_1,Control,2024-10-14T09:37:00Z,0.95,14.578125,14.5625,3.6,2024-10-14T09:40:00Z,6_1,Control
a4e9,6_1,Control,2024-10-14T09:59:00Z,0.93,14.3984375,14.390625,3.59,2024-10-14T10:00:00Z,6_1,Control
a4e9,6_1,Control,2024-10-14T10:20:00Z,0.9,14.015625,14.015625,3.59,2024-10-14T10:20:00Z,6_1,Control
a4e9,6_1,Control,2024-10-14T10:42:00Z,0.91,13.6875,13.6484375,3.59,2024-10-14T10:40:00Z,6_1,Control
a4e9,6_1,Control,2024-10-14T11:03:00Z,0.88,13.4765625,13.4296875,3.6,2024-10-14T11:00:00Z,6_1,Control
a4e9,6_1,Control,2024-10-14T11:24:00Z,0.88,13.015625,12.96875,3.59,2024-10-14T11:20:00Z,6_1,Control
a4e9,6_1,Control,2024-10-14T11:46:00Z,0.88,12.6328125,12.5859375,3.6,2024-10-14T11:40:00Z,6_1,Control
a4e9,6_1,Control,2024-10-14T12:07:00Z,0.88,12.34375,12.296875,3.59,2024-10-14T12:00:00Z,6_1,Control
a4e9,6_1,Control,2024-10-14T12:29:00Z,0.88,12.3515625,12.3125,3.6,2024-10-14T12:20:00Z,6_1,Control
a4e9,6_1,Control,2024-10-14T12:50:00Z,0.86,12.1328125,12.1015625,3.59,2024-10-14T12:40:00Z,6_1,Control
a4e9,6_1,Control,2024-10-14T13:12:00Z,0.87,12.015625,11.9765625,3.59,2024-10-14T13:20:00Z,6_1,Control
a4e9,6_1,Control,2024-10-14T13:33:00Z,0.86,11.8046875,11.796875,3.59,2024-10-14T13:40:00Z,6_1,Control
a4e9,6_1,Control,2024-10-14T13:55:00Z,0.83,11.3359375,11.3203125,3.59,2024-10-14T14:00:00Z,6_1,Control
a4e9,6_1,Control,2024-10-14T14:16:00Z,0.83,10.4609375,10.421875,3.58,2024-10-14T14:20:00Z,6_1,Control
a4e9,6_1,Control,2024-10-14T14:38:00Z,0.8,9.7734375,9.734375,3.59,2024-10-14T14:40:00Z,6_1,Control
a4e9,6_1,Control,2024-10-14T14:59:00Z,0.78,9.0078125,8.96875,3.58,2024-10-14T15:00:00Z,6_1,Control
a4e9,6_1,Control,2024-10-14T15:21:00Z,0.79,8.4375,8.3984375,3.58,2024-10-14T15:20:00Z,6_1,Control
a4e9,6_1,Control,2024-10-14T15:42:00Z,0.79,7.984375,7.9375,3.58,2024-10-14T15:40:00Z,6_1,Control
a4e9,6_1,Control,2024-10-14T16:04:00Z,0.8,7.78125,7.734375,3.58,2024-10-14T16:00:00Z,6_1,Control
a4e9,6_1,Control,2024-10-14T16:25:00Z,0.8,7.75,7.6953125,3.58,2024-10-14T16:20:00Z,6_1,Control
a4e9,6_1,Control,2024-10-14T16:46:00Z,0.8,7.890625,7.8359375,3.58,2024-10-14T16:40:00Z,6_1,Control
a4e9,6_1,Control,2024-10-14T17:08:00Z,0.82,8.265625,8.2109375,3.58,2024-10-14T17:00:00Z,6_1,Control
a4e9,6_1,Control,2024-10-14T17:29:00Z,0.8,8.3359375,8.2890625,3.58,2024-10-14T17:20:00Z,6_1,Control
a4e9,6_1,Control,2024-10-14T17:51:00Z,0.79,8.40625,8.3671875,3.58,2024-10-14T18:00:00Z,6_1,Control
a4e9,6_1,Control,2024-10-14T18:12:00Z,0.8,8.3828125,8.34375,3.58,2024-10-14T18:20:00Z,6_1,Control
a4e9,6_1,Control,2024-10-14T18:34:00Z,0.78,7.9609375,7.9453125,3.58,2024-10-14T18:40:00Z,6_1,Control
a4e9,6_1,Control,2024-10-14T18:55:00Z,0.78,7.3515625,7.328125,3.59,2024-10-14T19:00:00Z,6_1,Control
a4e9,6_1,Control,2024-10-14T19:17:00Z,0.8,7.2265625,7.1875,3.58,2024-10-14T19:20:00Z,6_1,Control
a4e9,6_1,Control,2024-10-14T19:38:00Z,0.79,7.40625,7.3671875,3.58,2024-10-14T19:40:00Z,6_1,Control
a4e9,6_1,Control,2024-10-14T20:00:00Z,0.78,7.1875,7.15625,3.58,2024-10-14T20:00:00Z,6_1,Control
a4e9,6_1,Control,2024-10-14T20:21:00Z,0.79,6.8828125,6.8515625,3.58,2024-10-14T20:20:00Z,6_1,Control
a4e9,6_1,Control,2024-10-14T20:43:00Z,0.79,6.5703125,6.5390625,3.58,2024-10-14T20:40:00Z,6_1,Control
a4e9,6_1,Control,2024-10-14T21:04:00Z,0.8,6.4140625,6.375,3.57,2024-10-14T21:00:00Z,6_1,Control
a4e9,6_1,Control,2024-10-14T21:26:00Z,0.79,6.375,6.3359375,3.58,2024-10-14T21:20:00Z,6_1,Control
a4e9,6_1,Control,2024-10-14T21:47:00Z,0.78,6.15625,6.125,3.58,2024-10-14T21:40:00Z,6_1,Control
a4e9,6_1,Control,2024-10-14T22:08:00Z,0.8,6.0390625,6,3.57,2024-10-14T22:00:00Z,6_1,Control
a4e9,6_1,Control,2024-10-14T22:30:00Z,0.8,6.265625,6.21875,3.58,2024-10-14T22:40:00Z,6_1,Control
a4e9,6_1,Control,2024-10-14T22:51:00Z,0.78,6.5234375,6.484375,3.58,2024-10-14T23:00:00Z,6_1,Control
a4e9,6_1,Control,2024-10-14T23:13:00Z,0.78,6.4375,6.40625,3.58,2024-10-14T23:20:00Z,6_1,Control
a4e9,6_1,Control,2024-10-14T23:34:00Z,0.78,6.09375,6.0703125,3.58,2024-10-14T23:40:00Z,6_1,Control
a4e9,6_1,Control,2024-10-14T23:56:00Z,0.81,6.1171875,6.078125,3.58,2024-10-15T00:00:00Z,6_1,Control
a4e9,6_1,Control,2024-10-15T00:17:00Z,0.79,6.296875,6.2578125,3.58,2024-10-15T00:20:00Z,6_1,Control
a4e9,6_1,Control,2024-10-15T00:39:00Z,0.79,6.265625,6.2421875,3.57,2024-10-15T00:40:00Z,6_1,Control
a4e9,6_1,Control,2024-10-15T01:00:00Z,0.8,6.1875,6.15625,3.58,2024-10-15T01:00:00Z,6_1,Control
a4e9,6_1,Control,2024-10-15T01:22:00Z,0.78,6.0234375,6.0078125,3.57,2024-10-15T01:20:00Z,6_1,Control
a4e9,6_1,Control,2024-10-15T01:43:00Z,0.78,5.3671875,5.359375,3.58,2024-10-15T01:40:00Z,6_1,Control
a4e9,6_1,Control,2024-10-15T02:05:00Z,0.78,4.734375,4.7109375,3.57,2024-10-15T02:00:00Z,6_1,Control
a4e9,6_1,Control,2024-10-15T02:26:00Z,0.8,4.515625,4.46875,3.58,2024-10-15T02:20:00Z,6_1,Control
a4e9,6_1,Control,2024-10-15T02:48:00Z,0.83,5.015625,4.9296875,3.58,2024-10-15T02:40:00Z,6_1,Control
a4e9,6_1,Control,2024-10-15T03:09:00Z,0.86,6.3203125,6.1328125,3.58,2024-10-15T03:00:00Z,6_1,Control
a4e9,6_1,Control,2024-10-15T03:31:00Z,0.86,8.1953125,7.9609375,3.57,2024-10-15T03:40:00Z,6_1,Control
a4e9,6_1,Control,2024-10-15T03:52:00Z,0.88,9.671875,9.515625,3.58,2024-10-15T04:00:00Z,6_1,Control
a4e9,6_1,Control,2024-10-15T04:13:00Z,0.91,10.7109375,10.609375,3.58,2024-10-15T04:20:00Z,6_1,Control
a4e9,6_1,Control,2024-10-15T04:35:00Z,0.89,11.765625,11.703125,3.58,2024-10-15T04:40:00Z,6_1,Control
a4e9,6_1,Control,2024-10-15T04:56:00Z,0.94,12.265625,12.21875,3.59,2024-10-15T05:00:00Z,6_1,Control
a4e9,6_1,Control,2024-10-15T05:18:00Z,0.96,12.6875,12.765625,3.6,2024-10-15T05:20:00Z,6_1,Control
a4e9,6_1,Control,2024-10-15T05:39:00Z,0.99,13.21875,13.265625,3.59,2024-10-15T05:40:00Z,6_1,Control
a4e9,6_1,Control,2024-10-15T06:01:00Z,1.04,14.171875,14.25,3.59,2024-10-15T06:00:00Z,6_1,Control
a4e9,6_1,Control,2024-10-15T06:22:00Z,1.04,15.21875,15.2890625,3.6,2024-10-15T06:20:00Z,6_1,Control
a4e9,6_1,Control,2024-10-15T06:44:00Z,1.07,15.96875,15.9921875,3.6,2024-10-15T06:40:00Z,6_1,Control
a4e9,6_1,Control,2024-10-15T07:05:00Z,1.11,16.6484375,16.625,3.6,2024-10-15T07:00:00Z,6_1,Control
a4e9,6_1,Control,2024-10-15T07:27:00Z,1.1,17.3984375,17.3828125,3.59,2024-10-15T07:20:00Z,6_1,Control
a4e9,6_1,Control,2024-10-15T07:48:00Z,1.14,18.2109375,18.234375,3.6,2024-10-15T07:40:00Z,6_1,Control
a4e9,6_1,Control,2024-10-15T08:10:00Z,1.15,19.1640625,19.3125,3.59,2024-10-15T08:00:00Z,6_1,Control
a4e9,6_1,Control,2024-10-15T08:31:00Z,1.17,20.171875,20.3828125,3.6,2024-10-15T08:40:00Z,6_1,Control
a4e9,6_1,Control,2024-10-15T08:53:00Z,1.23,20.796875,20.921875,3.6,2024-10-15T09:00:00Z,6_1,Control
a4e9,6_1,Control,2024-10-15T09:14:00Z,1.28,21.375,21.328125,3.6,2024-10-15T09:20:00Z,6_1,Control
a4e9,6_1,Control,2024-10-15T09:35:00Z,1.23,21.484375,21.4609375,3.6,2024-10-15T09:40:00Z,6_1,Control
a4e9,6_1,Control,2024-10-15T09:57:00Z,1.25,21.640625,21.8125,3.6,2024-10-15T10:00:00Z,6_1,Control
a4e9,6_1,Control,2024-10-15T10:18:00Z,1.28,22.078125,22.390625,3.6,2024-10-15T10:20:00Z,6_1,Control
a4e9,6_1,Control,2024-10-15T10:40:00Z,1.29,22.7265625,23.03125,3.6,2024-10-15T10:40:00Z,6_1,Control
a4e9,6_1,Control,2024-10-15T11:01:00Z,1.32,23.125,23.265625,3.6,2024-10-15T11:00:00Z,6_1,Control
a4e9,6_1,Control,2024-10-15T11:23:00Z,1.29,23.2734375,23.2890625,3.6,2024-10-15T11:20:00Z,6_1,Control
a4e9,6_1,Control,2024-10-15T11:44:00Z,1.27,23.078125,23.0078125,3.6,2024-10-15T11:40:00Z,6_1,Control
a4e9,6_1,Control,2024-10-15T12:06:00Z,1.18,22.6796875,22.6015625,3.6,2024-10-15T12:00:00Z,6_1,Control
a4e9,6_1,Control,2024-10-15T12:27:00Z,1.15,22.2578125,22.234375,3.6,2024-10-15T12:20:00Z,6_1,Control
a4e9,6_1,Control,2024-10-15T12:49:00Z,1.1,21.8671875,21.875,3.6,2024-10-15T12:40:00Z,6_1,Control
a4e9,6_1,Control,2024-10-15T13:10:00Z,1.05,21.359375,21.3515625,3.6,2024-10-15T13:00:00Z,6_1,Control
a4e9,6_1,Control,2024-10-15T13:32:00Z,0.99,20.8671875,20.8828125,3.6,2024-10-15T13:40:00Z,6_1,Control
a4e9,6_1,Control,2024-10-15T13:53:00Z,0.97,20.40625,20.4375,3.6,2024-10-15T14:00:00Z,6_1,Control
a4e9,6_1,Control,2024-10-15T14:15:00Z,0.92,19.609375,19.5859375,3.6,2024-10-15T14:20:00Z,6_1,Control
a4e9,6_1,Control,2024-10-15T14:36:00Z,0.86,18.546875,18.4921875,3.59,2024-10-15T14:40:00Z,6_1,Control
a4e9,6_1,Control,2024-10-15T14:58:00Z,0.79,17.21875,17.1796875,3.6,2024-10-15T15:00:00Z,6_1,Control
a4e9,6_1,Control,2024-10-15T15:19:00Z,0.78,16.2421875,16.2265625,3.6,2024-10-15T15:20:00Z,6_1,Control
a4e9,6_1,Control,2024-10-15T15:40:00Z,0.76,14.9921875,14.984375,3.6,2024-10-15T15:40:00Z,6_1,Control
a4e9,6_1,Control,2024-10-15T16:02:00Z,0.74,13.40625,13.4140625,3.6,2024-10-15T16:00:00Z,6_1,Control
a4e9,6_1,Control,2024-10-15T16:23:00Z,0.78,12.5625,12.5390625,3.59,2024-10-15T16:20:00Z,6_1,Control
a4e9,6_1,Control,2024-10-15T16:45:00Z,0.77,11.625,11.6171875,3.59,2024-10-15T16:40:00Z,6_1,Control
a4e9,6_1,Control,2024-10-15T17:06:00Z,0.79,10.96875,10.9375,3.59,2024-10-15T17:00:00Z,6_1,Control
a4e9,6_1,Control,2024-10-15T17:28:00Z,0.77,10.484375,10.46875,3.58,2024-10-15T17:20:00Z,6_1,Control
a4e9,6_1,Control,2024-10-15T17:49:00Z,0.78,9.75,9.71875,3.58,2024-10-15T17:40:00Z,6_1,Control
a4e9,6_1,Control,2024-10-15T18:11:00Z,0.75,9.7734375,9.71875,3.58,2024-10-15T18:20:00Z,6_1,Control
a4e9,6_1,Control,2024-10-15T18:32:00Z,0.73,8.71875,8.703125,3.59,2024-10-15T18:40:00Z,6_1,Control
a4e9,6_1,Control,2024-10-15T18:54:00Z,0.78,7.890625,7.84375,3.58,2024-10-15T19:00:00Z,6_1,Control
a4e9,6_1,Control,2024-10-15T19:15:00Z,0.78,7.8515625,7.796875,3.58,2024-10-15T19:20:00Z,6_1,Control
a4e9,6_1,Control,2024-10-15T19:37:00Z,0.75,7.71875,7.6640625,3.58,2024-10-15T19:40:00Z,6_1,Control
a4e9,6_1,Control,2024-10-15T19:58:00Z,0.78,7.4375,7.3515625,3.58,2024-10-15T20:00:00Z,6_1,Control
a4e9,6_1,Control,2024-10-15T20:20:00Z,0.77,6.8671875,6.828125,3.58,2024-10-15T20:20:00Z,6_1,Control
a4e9,6_1,Control,2024-10-15T20:41:00Z,0.77,6.5234375,6.4921875,3.58,2024-10-15T20:40:00Z,6_1,Control
a4e9,6_1,Control,2024-10-15T21:02:00Z,0.82,6.7421875,6.6796875,3.58,2024-10-15T21:00:00Z,6_1,Control
a4e9,6_1,Control,2024-10-15T21:24:00Z,0.78,7.21875,7.125,3.58,2024-10-15T21:20:00Z,6_1,Control
a4e9,6_1,Control,2024-10-15T21:45:00Z,0.8,7.8515625,7.7109375,3.58,2024-10-15T21:40:00Z,6_1,Control
a4e9,6_1,Control,2024-10-15T22:07:00Z,0.8,8.4296875,8.328125,3.57,2024-10-15T22:00:00Z,6_1,Control
a4e9,6_1,Control,2024-10-15T22:28:00Z,0.8,8.8828125,8.796875,3.58,2024-10-15T22:20:00Z,6_1,Control
a4e9,6_1,Control,2024-10-15T22:50:00Z,0.78,8.859375,8.8046875,3.58,2024-10-15T22:40:00Z,6_1,Control
a4e9,6_1,Control,2024-10-15T23:11:00Z,0.77,8.53125,8.484375,3.58,2024-10-15T23:20:00Z,6_1,Control
a4e9,6_1,Control,2024-10-15T23:33:00Z,0.77,8.1484375,8.1015625,3.58,2024-10-15T23:40:00Z,6_1,Control
a4e9,6_1,Control,2024-10-15T23:54:00Z,0.76,7.4921875,7.4609375,3.58,2024-10-16T00:00:00Z,6_1,Control
a4e9,6_1,Control,2024-10-16T00:16:00Z,0.77,6.703125,6.671875,3.58,2024-10-16T00:20:00Z,6_1,Control
a4e9,6_1,Control,2024-10-16T00:37:00Z,0.8,6.2109375,6.1484375,3.58,2024-10-16T00:40:00Z,6_1,Control
a4e9,6_1,Control,2024-10-16T00:59:00Z,0.78,6.3671875,6.3203125,3.58,2024-10-16T01:00:00Z,6_1,Control
a4e9,6_1,Control,2024-10-16T01:20:00Z,0.81,6.578125,6.515625,3.58,2024-10-16T01:20:00Z,6_1,Control
a4e9,6_1,Control,2024-10-16T01:42:00Z,0.79,7.171875,7.109375,3.58,2024-10-16T01:40:00Z,6_1,Control
a4e9,6_1,Control,2024-10-16T02:03:00Z,0.77,7.0078125,6.9453125,3.58,2024-10-16T02:00:00Z,6_1,Control
a4e9,6_1,Control,2024-10-16T02:24:00Z,0.83,6.8203125,6.734375,3.58,2024-10-16T02:20:00Z,6_1,Control
a4e9,6_1,Control,2024-10-16T02:46:00Z,0.88,8,7.8125,3.57,2024-10-16T02:40:00Z,6_1,Control
a4e9,6_1,Control,2024-10-16T03:07:00Z,0.98,10.9375,10.546875,3.58,2024-10-16T03:00:00Z,6_1,Control
a4e9,6_1,Control,2024-10-16T03:29:00Z,0.99,15.3671875,14.7734375,3.59,2024-10-16T03:20:00Z,6_1,Control
a4e9,6_1,Control,2024-10-16T03:50:00Z,1.01,18.4765625,18.015625,3.58,2024-10-16T03:40:00Z,6_1,Control
a4e9,6_1,Control,2024-10-16T04:12:00Z,1.07,20.6953125,20.2265625,3.59,2024-10-16T04:20:00Z,6_1,Control
a4e9,6_1,Control,2024-10-16T04:33:00Z,1.05,22.078125,21.5703125,3.59,2024-10-16T04:40:00Z,6_1,Control
a4e9,6_1,Control,2024-10-16T04:55:00Z,1.1,22.75,22.3671875,3.6,2024-10-16T05:00:00Z,6_1,Control
a4e9,6_1,Control,2024-10-16T05:16:00Z,1.17,22.75,22.640625,3.61,2024-10-16T05:20:00Z,6_1,Control
a4e9,6_1,Control,2024-10-16T05:38:00Z,1.16,22.5625,22.4765625,3.6,2024-10-16T05:40:00Z,6_1,Control
a4e9,6_1,Control,2024-10-16T05:59:00Z,1.2,23.15625,23.1171875,3.61,2024-10-16T06:00:00Z,6_1,Control
a4e9,6_1,Control,2024-10-16T06:21:00Z,1.2,23.953125,23.875,3.6,2024-10-16T06:20:00Z,6_1,Control
a4e9,6_1,Control,2024-10-16T06:42:00Z,1.27,25.046875,24.9453125,3.61,2024-10-16T06:40:00Z,6_1,Control
a4e9,6_1,Control,2024-10-16T07:04:00Z,1.23,26.171875,26.015625,3.61,2024-10-16T07:00:00Z,6_1,Control
a4e9,6_1,Control,2024-10-16T07:25:00Z,1.25,27.2890625,27.171875,3.61,2024-10-16T07:20:00Z,6_1,Control
a4e9,6_1,Control,2024-10-16T07:46:00Z,1.24,28.4453125,28.3984375,3.61,2024-10-16T07:40:00Z,6_1,Control
a4e9,6_1,Control,2024-10-16T08:08:00Z,1.25,29.9609375,30.1640625,3.61,2024-10-16T08:00:00Z,6_1,Control
a4e9,6_1,Control,2024-10-16T08:29:00Z,1.32,31.5703125,31.7578125,3.61,2024-10-16T08:20:00Z,6_1,Control
a4e9,6_1,Control,2024-10-16T08:51:00Z,1.45,32.421875,32.453125,3.61,2024-10-16T09:00:00Z,6_1,Control
a4e9,6_1,Control,2024-10-16T09:12:00Z,1.4,32.578125,32.328125,3.62,2024-10-16T09:20:00Z,6_1,Control
a4e9,6_1,Control,2024-10-16T09:34:00Z,1.33,32.78125,32.71875,3.61,2024-10-16T09:40:00Z,6_1,Control
a4e9,6_1,Control,2024-10-16T09:55:00Z,1.37,33.0234375,33.3125,3.61,2024-10-16T10:00:00Z,6_1,Control
a4e9,6_1,Control,2024-10-16T10:17:00Z,1.45,32.609375,32.78125,3.62,2024-10-16T10:20:00Z,6_1,Control
a4e9,6_1,Control,2024-10-16T10:38:00Z,1.44,32.2890625,32.4140625,3.61,2024-10-16T10:40:00Z,6_1,Control
a4e9,6_1,Control,2024-10-16T11:00:00Z,1.44,32.0703125,32.03125,3.61,2024-10-16T11:00:00Z,6_1,Control
a4e9,6_1,Control,2024-10-16T11:21:00Z,1.4,31.453125,31.265625,3.62,2024-10-16T11:20:00Z,6_1,Control
a4e9,6_1,Control,2024-10-16T11:43:00Z,1.29,30.7578125,30.53125,3.61,2024-10-16T11:40:00Z,6_1,Control
a4e9,6_1,Control,2024-10-16T12:04:00Z,1.24,29.671875,29.453125,3.61,2024-10-16T12:00:00Z,6_1,Control
a4e9,6_1,Control,2024-10-16T12:26:00Z,1.2,28.5546875,28.4296875,3.61,2024-10-16T12:20:00Z,6_1,Control
a4e9,6_1,Control,2024-10-16T12:47:00Z,1.15,27.9375,27.8671875,3.61,2024-10-16T12:40:00Z,6_1,Control
a4e9,6_1,Control,2024-10-16T13:08:00Z,1.11,27.125,27.0390625,3.61,2024-10-16T13:00:00Z,6_1,Control
a4e9,6_1,Control,2024-10-16T13:30:00Z,1.03,26.296875,26.2265625,3.61,2024-10-16T13:40:00Z,6_1,Control
a4e9,6_1,Control,2024-10-16T13:51:00Z,0.97,25.46875,25.40625,3.61,2024-10-16T14:00:00Z,6_1,Control
a4e9,6_1,Control,2024-10-16T14:13:00Z,0.92,24.328125,24.21875,3.61,2024-10-16T14:20:00Z,6_1,Control
a4e9,6_1,Control,2024-10-16T14:34:00Z,0.85,22.8984375,22.8046875,3.61,2024-10-16T14:40:00Z,6_1,Control
a4e9,6_1,Control,2024-10-16T14:56:00Z,0.82,21.734375,21.6875,3.6,2024-10-16T15:00:00Z,6_1,Control
a4e9,6_1,Control,2024-10-16T15:17:00Z,0.82,21.1015625,21.0703125,3.6,2024-10-16T15:20:00Z,6_1,Control
a4e9,6_1,Control,2024-10-16T15:39:00Z,0.82,20.7578125,20.7265625,3.61,2024-10-16T15:40:00Z,6_1,Control
a4e9,6_1,Control,2024-10-16T16:00:00Z,0.82,20.7265625,20.703125,3.6,2024-10-16T16:00:00Z,6_1,Control
a4e9,6_1,Control,2024-10-16T16:22:00Z,0.81,20.65625,20.640625,3.6,2024-10-16T16:20:00Z,6_1,Control
a4e9,6_1,Control,2024-10-16T16:43:00Z,0.81,20.25,20.234375,3.61,2024-10-16T16:40:00Z,6_1,Control
a4e9,6_1,Control,2024-10-16T17:05:00Z,0.8,20.09375,20.0625,3.6,2024-10-16T17:00:00Z,6_1,Control
a4e9,6_1,Control,2024-10-16T17:26:00Z,0.8,19.96875,19.9453125,3.6,2024-10-16T17:20:00Z,6_1,Control
a4e9,6_1,Control,2024-10-16T17:48:00Z,0.79,19.6171875,19.6015625,3.6,2024-10-16T17:40:00Z,6_1,Control
a4e9,6_1,Control,2024-10-16T18:09:00Z,0.77,18.984375,18.96875,3.6,2024-10-16T18:00:00Z,6_1,Control
a4e9,6_1,Control,2024-10-16T18:30:00Z,0.78,18.015625,18,3.6,2024-10-16T18:40:00Z,6_1,Control
a4e9,6_1,Control,2024-10-16T18:52:00Z,0.79,17.4453125,17.421875,3.6,2024-10-16T19:00:00Z,6_1,Control
a4e9,6_1,Control,2024-10-16T19:13:00Z,0.79,17.125,17.1015625,3.6,2024-10-16T19:20:00Z,6_1,Control
a4e9,6_1,Control,2024-10-16T19:35:00Z,0.8,16.3359375,16.3125,3.6,2024-10-16T19:40:00Z,6_1,Control
a4e9,6_1,Control,2024-10-16T19:56:00Z,0.8,16.296875,16.2578125,3.6,2024-10-16T20:00:00Z,6_1,Control
a4e9,6_1,Control,2024-10-16T20:18:00Z,0.77,15.8984375,15.859375,3.6,2024-10-16T20:20:00Z,6_1,Control
a4e9,6_1,Control,2024-10-16T20:39:00Z,0.81,15.7890625,15.75,3.59,2024-10-16T20:40:00Z,6_1,Control
a4e9,6_1,Control,2024-10-16T21:01:00Z,0.78,16.078125,16.0390625,3.59,2024-10-16T21:00:00Z,6_1,Control
a4e9,6_1,Control,2024-10-16T21:22:00Z,0.79,15.671875,15.6484375,3.6,2024-10-16T21:20:00Z,6_1,Control
a4e9,6_1,Control,2024-10-16T21:44:00Z,0.79,15.0546875,15.0546875,3.59,2024-10-16T21:40:00Z,6_1,Control
a4e9,6_1,Control,2024-10-16T22:05:00Z,0.81,15.4609375,15.421875,3.6,2024-10-16T22:00:00Z,6_1,Control
a4e9,6_1,Control,2024-10-16T22:27:00Z,0.8,15.7109375,15.6796875,3.59,2024-10-16T22:20:00Z,6_1,Control
a4e9,6_1,Control,2024-10-16T22:48:00Z,0.82,15.484375,15.4609375,3.59,2024-10-16T22:40:00Z,6_1,Control
a4e9,6_1,Control,2024-10-16T23:10:00Z,0.81,15.328125,15.296875,3.6,2024-10-16T23:00:00Z,6_1,Control
a4e9,6_1,Control,2024-10-16T23:31:00Z,0.79,15.375,15.3515625,3.59,2024-10-16T23:40:00Z,6_1,Control
a4e9,6_1,Control,2024-10-16T23:52:00Z,0.78,15.21875,15.1953125,3.59,2024-10-17T00:00:00Z,6_1,Control
a4e9,6_1,Control,2024-10-17T00:14:00Z,0.76,14.4140625,14.40625,3.59,2024-10-17T00:20:00Z,6_1,Control
a4e9,6_1,Control,2024-10-17T00:35:00Z,0.76,13.15625,13.15625,3.6,2024-10-17T00:40:00Z,6_1,Control
a4e9,6_1,Control,2024-10-17T00:57:00Z,0.8,12.8046875,12.78125,3.6,2024-10-17T01:00:00Z,6_1,Control
a4e9,6_1,Control,2024-10-17T01:18:00Z,0.79,12.8671875,12.84375,3.59,2024-10-17T01:20:00Z,6_1,Control
a4e9,6_1,Control,2024-10-17T01:40:00Z,0.77,12.40625,12.3984375,3.59,2024-10-17T01:40:00Z,6_1,Control
a4e9,6_1,Control,2024-10-17T02:01:00Z,0.81,12.640625,12.578125,3.59,2024-10-17T02:00:00Z,6_1,Control
a4e9,6_1,Control,2024-10-17T02:23:00Z,0.82,13.3203125,13.2421875,3.59,2024-10-17T02:20:00Z,6_1,Control
a4e9,6_1,Control,2024-10-17T02:44:00Z,0.86,14.0703125,13.96875,3.59,2024-10-17T02:40:00Z,6_1,Control
a4e9,6_1,Control,2024-10-17T03:06:00Z,0.97,15.0859375,14.8203125,3.58,2024-10-17T03:00:00Z,6_1,Control
a4e9,6_1,Control,2024-10-17T03:27:00Z,0.99,17.5234375,17.03125,3.59,2024-10-17T03:20:00Z,6_1,Control
a4e9,6_1,Control,2024-10-17T03:49:00Z,1,20.2265625,19.8359375,3.59,2024-10-17T03:40:00Z,6_1,Control
a4e9,6_1,Control,2024-10-17T04:10:00Z,1.04,21.859375,21.6328125,3.6,2024-10-17T04:00:00Z,6_1,Control
a4e9,6_1,Control,2024-10-17T04:32:00Z,1.04,23.0703125,22.8125,3.6,2024-10-17T04:40:00Z,6_1,Control
a4e9,6_1,Control,2024-10-17T04:43:00Z,0.99,23.578125,23.203125,3.6,2024-10-17T04:40:00Z,6_1,Control
a4e9,6_1,Control,2024-10-17T05:04:00Z,1.09,23.6640625,23.53125,3.61,2024-10-17T05:00:00Z,6_1,Control
a4e9,6_1,Control,2024-10-17T05:26:00Z,1.15,23.34375,23.3515625,3.6,2024-10-17T05:20:00Z,6_1,Control
a4e9,6_1,Control,2024-10-17T05:47:00Z,1.16,23.7734375,23.7578125,3.6,2024-10-17T05:40:00Z,6_1,Control
a4e9,6_1,Control,2024-10-17T06:09:00Z,1.19,24.703125,24.5625,3.61,2024-10-17T06:00:00Z,6_1,Control
a4e9,6_1,Control,2024-10-17T06:30:00Z,1.23,25.1953125,25.046875,3.61,2024-10-17T06:40:00Z,6_1,Control
a4e9,6_1,Control,2024-10-17T06:52:00Z,1.18,25.6875,25.5546875,3.61,2024-10-17T07:00:00Z,6_1,Control
a4e9,6_1,Control,2024-10-17T07:13:00Z,1.23,25.703125,25.5234375,3.61,2024-10-17T07:20:00Z,6_1,Control
a4e9,6_1,Control,2024-10-17T07:35:00Z,1.23,25.859375,25.6796875,3.61,2024-10-17T07:40:00Z,6_1,Control
a4e9,6_1,Control,2024-10-17T07:56:00Z,1.19,25.6953125,25.546875,3.61,2024-10-17T08:00:00Z,6_1,Control
a4e9,6_1,Control,2024-10-17T08:18:00Z,1.16,25.875,25.890625,3.61,2024-10-17T08:20:00Z,6_1,Control
a4e9,6_1,Control,2024-10-17T08:39:00Z,1.24,25.8203125,25.828125,3.61,2024-10-17T08:40:00Z,6_1,Control
a4e9,6_1,Control,2024-10-17T09:01:00Z,1.2,25.6484375,25.4921875,3.61,2024-10-17T09:00:00Z,6_1,Control
a4e9,6_1,Control,2024-10-17T09:22:00Z,1.18,25.0859375,24.9453125,3.61,2024-10-17T09:20:00Z,6_1,Control
a4e9,6_1,Control,2024-10-17T09:44:00Z,1.11,25.0859375,25.1796875,3.61,2024-10-17T09:40:00Z,6_1,Control
a4e9,6_1,Control,2024-10-17T10:05:00Z,1.1,25.5625,25.890625,3.61,2024-10-17T10:00:00Z,6_1,Control
a4e9,6_1,Control,2024-10-17T10:26:00Z,1.16,25.9453125,26.265625,3.61,2024-10-17T10:20:00Z,6_1,Control
a4e9,6_1,Control,2024-10-17T10:48:00Z,1.22,26.2421875,26.3984375,3.61,2024-10-17T10:40:00Z,6_1,Control
a4e9,6_1,Control,2024-10-17T11:09:00Z,1.24,25.6875,25.578125,3.61,2024-10-17T11:00:00Z,6_1,Control
a4e9,6_1,Control,2024-10-17T11:31:00Z,1.15,24.890625,24.6796875,3.61,2024-10-17T11:40:00Z,6_1,Control
a4e9,6_1,Control,2024-10-17T11:52:00Z,1.15,23.9296875,23.7265625,3.61,2024-10-17T12:00:00Z,6_1,Control
a4e9,6_1,Control,2024-10-17T12:14:00Z,1.05,23.3125,23.21875,3.61,2024-10-17T12:20:00Z,6_1,Control
a4e9,6_1,Control,2024-10-17T12:35:00Z,1.04,22.59375,22.6015625,3.61,2024-10-17T12:40:00Z,6_1,Control
a4e9,6_1,Control,2024-10-17T12:57:00Z,1,21.90625,21.9375,3.61,2024-10-17T13:00:00Z,6_1,Control
a4e9,6_1,Control,2024-10-17T13:18:00Z,0.95,20.984375,21.03125,3.61,2024-10-17T13:20:00Z,6_1,Control
a4e9,6_1,Control,2024-10-17T13:40:00Z,0.82,19.2734375,19.3515625,3.61,2024-10-17T13:40:00Z,6_1,Control
a4e9,6_1,Control,2024-10-17T14:01:00Z,0.78,16.9765625,17.0234375,3.61,2024-10-17T14:00:00Z,6_1,Control
a4e9,6_1,Control,2024-10-17T14:23:00Z,0.76,14.96875,15,3.6,2024-10-17T14:20:00Z,6_1,Control
a4e9,6_1,Control,2024-10-17T14:44:00Z,0.77,13.7421875,13.7890625,3.6,2024-10-17T14:40:00Z,6_1,Control
a4e9,6_1,Control,2024-10-17T15:06:00Z,0.78,13.046875,13.09375,3.59,2024-10-17T15:00:00Z,6_1,Control
a4e9,6_1,Control,2024-10-17T15:27:00Z,0.78,12.625,12.6640625,3.6,2024-10-17T15:20:00Z,6_1,Control
a4e9,6_1,Control,2024-10-17T15:48:00Z,0.77,12.28125,12.3203125,3.6,2024-10-17T15:40:00Z,6_1,Control
a4e9,6_1,Control,2024-10-17T16:10:00Z,0.77,11.9921875,12.0234375,3.59,2024-10-17T16:00:00Z,6_1,Control
a4e9,6_1,Control,2024-10-17T16:31:00Z,0.79,11.6953125,11.7265625,3.59,2024-10-17T16:40:00Z,6_1,Control
a4e9,6_1,Control,2024-10-17T16:53:00Z,0.78,11.40625,11.4375,3.59,2024-10-17T17:00:00Z,6_1,Control
a4e9,6_1,Control,2024-10-17T17:36:00Z,0.78,10.96875,11,3.59,2024-10-17T17:40:00Z,6_1,Control
a4e9,6_1,Control,2024-10-17T17:57:00Z,0.78,10.640625,10.6796875,3.6,2024-10-17T18:00:00Z,6_1,Control
a4e9,6_1,Control,2024-10-17T18:19:00Z,0.78,10.375,10.40625,3.6,2024-10-17T18:20:00Z,6_1,Control
a4e9,6_1,Control,2024-10-17T18:40:00Z,0.77,10.2265625,10.25,3.59,2024-10-17T18:40:00Z,6_1,Control
a4e9,6_1,Control,2024-10-17T19:02:00Z,0.78,10.2265625,10.2421875,3.6,2024-10-17T19:00:00Z,6_1,Control
a4e9,6_1,Control,2024-10-17T19:23:00Z,0.79,10.34375,10.3515625,3.59,2024-10-17T19:20:00Z,6_1,Control
a4e9,6_1,Control,2024-10-17T19:45:00Z,0.79,10.4375,10.4453125,3.59,2024-10-17T19:40:00Z,6_1,Control
a4e9,6_1,Control,2024-10-17T20:06:00Z,0.78,10.4921875,10.5078125,3.59,2024-10-17T20:00:00Z,6_1,Control
a4e9,6_1,Control,2024-10-17T20:28:00Z,0.78,10.375,10.390625,3.59,2024-10-17T20:20:00Z,6_1,Control
a4e9,6_1,Control,2024-10-17T20:49:00Z,0.78,10.3984375,10.40625,3.59,2024-10-17T20:40:00Z,6_1,Control
a4e9,6_1,Control,2024-10-17T21:10:00Z,0.77,10.390625,10.4140625,3.6,2024-10-17T21:00:00Z,6_1,Control
a4e9,6_1,Control,2024-10-17T21:32:00Z,0.77,10.21875,10.2578125,3.59,2024-10-17T21:40:00Z,6_1,Control
a4e9,6_1,Control,2024-10-17T21:53:00Z,0.79,10.078125,10.1171875,3.59,2024-10-17T22:00:00Z,6_1,Control
a4e9,6_1,Control,2024-10-17T22:15:00Z,0.79,10.0078125,10.046875,3.59,2024-10-17T22:20:00Z,6_1,Control
a4e9,6_1,Control,2024-10-17T22:36:00Z,0.77,9.875,9.8984375,3.59,2024-10-17T22:40:00Z,6_1,Control
a4e9,6_1,Control,2024-10-17T22:58:00Z,0.77,9.625,9.640625,3.58,2024-10-17T23:00:00Z,6_1,Control
a4e9,6_1,Control,2024-10-17T23:19:00Z,0.77,9.4609375,9.46875,3.59,2024-10-17T23:20:00Z,6_1,Control
a4e9,6_1,Control,2024-10-17T23:41:00Z,0.77,9.265625,9.28125,3.59,2024-10-17T23:40:00Z,6_1,Control
a4e9,6_1,Control,2024-10-18T00:02:00Z,0.77,9.1640625,9.1796875,3.59,2024-10-18T00:00:00Z,6_1,Control
a4e9,6_1,Control,2024-10-18T00:24:00Z,0.77,9.0859375,9.1015625,3.59,2024-10-18T00:20:00Z,6_1,Control
a4e9,6_1,Control,2024-10-18T00:45:00Z,0.78,9.1015625,9.1171875,3.59,2024-10-18T00:40:00Z,6_1,Control
a4e9,6_1,Control,2024-10-18T01:07:00Z,0.77,8.96875,8.9921875,3.59,2024-10-18T01:00:00Z,6_1,Control
a4e9,6_1,Control,2024-10-18T01:28:00Z,0.78,8.7734375,8.7890625,3.58,2024-10-18T01:20:00Z,6_1,Control
a4e9,6_1,Control,2024-10-18T01:50:00Z,0.76,8.625,8.640625,3.58,2024-10-18T01:40:00Z,6_1,Control
a4e9,6_1,Control,2024-10-18T02:11:00Z,0.77,8.390625,8.40625,3.58,2024-10-18T02:20:00Z,6_1,Control
a4e9,6_1,Control,2024-10-18T02:32:00Z,0.79,8.2578125,8.265625,3.59,2024-10-18T02:40:00Z,6_1,Control
a4e9,6_1,Control,2024-10-18T02:54:00Z,0.78,8.40625,8.4140625,3.58,2024-10-18T03:00:00Z,6_1,Control
a4e9,6_1,Control,2024-10-18T03:15:00Z,0.78,8.5859375,8.5859375,3.59,2024-10-18T03:20:00Z,6_1,Control
a4e9,6_1,Control,2024-10-18T03:37:00Z,0.8,8.859375,8.8515625,3.58,2024-10-18T03:40:00Z,6_1,Control
a4e9,6_1,Control,2024-10-18T03:58:00Z,0.8,9.2421875,9.2421875,3.58,2024-10-18T04:00:00Z,6_1,Control
a4e9,6_1,Control,2024-10-18T04:20:00Z,0.85,9.953125,9.9140625,3.59,2024-10-18T04:20:00Z,6_1,Control
a4e9,6_1,Control,2024-10-18T04:41:00Z,0.84,11.0234375,11,3.59,2024-10-18T04:40:00Z,6_1,Control
a4e9,6_1,Control,2024-10-18T05:03:00Z,0.88,12.0625,12.046875,3.59,2024-10-18T05:00:00Z,6_1,Control
a4e9,6_1,Control,2024-10-18T05:24:00Z,0.94,13.734375,13.84375,3.6,2024-10-18T05:20:00Z,6_1,Control
a4e9,6_1,Control,2024-10-18T05:46:00Z,0.9,14.09375,14.2578125,3.59,2024-10-18T05:40:00Z,6_1,Control
a4e9,6_1,Control,2024-10-18T06:07:00Z,0.88,14.1484375,14.2265625,3.59,2024-10-18T06:00:00Z,6_1,Control
a4e9,6_1,Control,2024-10-18T06:29:00Z,0.8,12.8515625,13,3.6,2024-10-18T06:20:00Z,6_1,Control
a4e9,6_1,Control,2024-10-18T06:50:00Z,1,13.7109375,13.8125,3.59,2024-10-18T06:40:00Z,6_1,Control
a4e9,6_1,Control,2024-10-18T07:12:00Z,1.1,15.5234375,15.75,3.59,2024-10-18T07:20:00Z,6_1,Control
a4e9,6_1,Control,2024-10-18T07:33:00Z,1.12,17.640625,17.8203125,3.6,2024-10-18T07:40:00Z,6_1,Control
a4e9,6_1,Control,2024-10-18T07:54:00Z,1.08,18.3125,18.34375,3.6,2024-10-18T08:00:00Z,6_1,Control
a4e9,6_1,Control,2024-10-18T08:16:00Z,1.05,18.125,18.125,3.6,2024-10-18T08:20:00Z,6_1,Control
a4e9,6_1,Control,2024-10-18T08:37:00Z,1.15,19.28125,19.4921875,3.6,2024-10-18T08:40:00Z,6_1,Control
a4e9,6_1,Control,2024-10-18T08:59:00Z,1.18,20.734375,20.8359375,3.6,2024-10-18T09:00:00Z,6_1,Control
a4e9,6_1,Control,2024-10-18T09:20:00Z,1.14,20.84375,20.9140625,3.61,2024-10-18T09:20:00Z,6_1,Control
a4e9,6_1,Control,2024-10-18T09:42:00Z,1.05,20.7109375,20.875,3.6,2024-10-18T09:40:00Z,6_1,Control
a4e9,6_1,Control,2024-10-18T10:03:00Z,1.09,21.390625,21.8046875,3.6,2024-10-18T10:00:00Z,6_1,Control
a4e9,6_1,Control,2024-10-18T10:25:00Z,1.11,22.15625,22.6640625,3.6,2024-10-18T10:20:00Z,6_1,Control
a4e9,6_1,Control,2024-10-18T10:46:00Z,1.13,22.109375,22.40625,3.61,2024-10-18T10:40:00Z,6_1,Control
a4e9,6_1,Control,2024-10-18T11:08:00Z,1.12,21.828125,21.9375,3.6,2024-10-18T11:00:00Z,6_1,Control
a4e9,6_1,Control,2024-10-18T11:29:00Z,1.07,20.875,20.7890625,3.6,2024-10-18T11:20:00Z,6_1,Control
a4e9,6_1,Control,2024-10-18T11:51:00Z,1.03,19.6953125,19.5625,3.6,2024-10-18T12:00:00Z,6_1,Control
a4e9,6_1,Control,2024-10-18T12:12:00Z,0.98,18.5703125,18.4921875,3.6,2024-10-18T12:20:00Z,6_1,Control
a4e9,6_1,Control,2024-10-18T12:34:00Z,0.95,17.84375,17.859375,3.61,2024-10-18T12:40:00Z,6_1,Control
a4e9,6_1,Control,2024-10-18T12:55:00Z,0.91,17.203125,17.265625,3.59,2024-10-18T13:00:00Z,6_1,Control
a4e9,6_1,Control,2024-10-18T13:16:00Z,0.89,16.3671875,16.4296875,3.6,2024-10-18T13:20:00Z,6_1,Control
a4e9,6_1,Control,2024-10-18T13:38:00Z,0.8,14.6796875,14.734375,3.6,2024-10-18T13:40:00Z,6_1,Control
a4e9,6_1,Control,2024-10-18T13:59:00Z,0.81,13.2265625,13.25,3.59,2024-10-18T14:00:00Z,6_1,Control
a4e9,6_1,Control,2024-10-18T14:21:00Z,0.77,11.921875,11.9453125,3.59,2024-10-18T14:20:00Z,6_1,Control
a4e9,6_1,Control,2024-10-18T14:42:00Z,0.79,10.9140625,10.9296875,3.59,2024-10-18T14:40:00Z,6_1,Control
a4e9,6_1,Control,2024-10-18T15:04:00Z,0.78,10.1875,10.2109375,3.59,2024-10-18T15:00:00Z,6_1,Control
a4e9,6_1,Control,2024-10-18T15:25:00Z,0.77,9.6875,9.703125,3.59,2024-10-18T15:20:00Z,6_1,Control
a4e9,6_1,Control,2024-10-18T15:47:00Z,0.77,9.34375,9.3515625,3.59,2024-10-18T15:40:00Z,6_1,Control
a4e9,6_1,Control,2024-10-18T16:08:00Z,0.78,9.109375,9.109375,3.59,2024-10-18T16:00:00Z,6_1,Control
a4e9,6_1,Control,2024-10-18T16:30:00Z,0.78,8.9375,8.9375,3.59,2024-10-18T16:40:00Z,6_1,Control
a4e9,6_1,Control,2024-10-18T16:51:00Z,0.79,8.7890625,8.7890625,3.58,2024-10-18T17:00:00Z,6_1,Control
a4e9,6_1,Control,2024-10-18T17:13:00Z,0.79,8.6484375,8.6484375,3.59,2024-10-18T17:20:00Z,6_1,Control
a4e9,6_1,Control,2024-10-18T17:34:00Z,0.79,8.484375,8.484375,3.58,2024-10-18T17:40:00Z,6_1,Control
a4e9,6_1,Control,2024-10-18T17:56:00Z,0.77,8.3671875,8.359375,3.59,2024-10-18T18:00:00Z,6_1,Control
a4e9,6_1,Control,2024-10-18T18:17:00Z,0.8,8.3828125,8.375,3.58,2024-10-18T18:20:00Z,6_1,Control
a4e9,6_1,Control,2024-10-18T18:39:00Z,0.79,8.5390625,8.5234375,3.58,2024-10-18T18:40:00Z,6_1,Control
a4e9,6_1,Control,2024-10-18T19:00:00Z,0.79,8.703125,8.6953125,3.59,2024-10-18T19:00:00Z,6_1,Control
a4e9,6_1,Control,2024-10-18T19:21:00Z,0.8,8.734375,8.7265625,3.58,2024-10-18T19:20:00Z,6_1,Control
a4e9,6_1,Control,2024-10-18T19:43:00Z,0.79,8.7578125,8.75,3.58,2024-10-18T19:40:00Z,6_1,Control
a4e9,6_1,Control,2024-10-18T20:04:00Z,0.79,8.78125,8.7734375,3.59,2024-10-18T20:00:00Z,6_1,Control
a4e9,6_1,Control,2024-10-18T20:26:00Z,0.8,8.7734375,8.765625,3.58,2024-10-18T20:20:00Z,6_1,Control
a4e9,6_1,Control,2024-10-18T20:47:00Z,0.79,8.6796875,8.671875,3.58,2024-10-18T20:40:00Z,6_1,Control
a4e9,6_1,Control,2024-10-18T21:09:00Z,0.79,8.546875,8.546875,3.59,2024-10-18T21:00:00Z,6_1,Control
a4e9,6_1,Control,2024-10-18T21:30:00Z,0.78,8.265625,8.2734375,3.58,2024-10-18T21:40:00Z,6_1,Control
a4e9,6_1,Control,2024-10-18T21:52:00Z,0.79,8.2421875,8.234375,3.58,2024-10-18T22:00:00Z,6_1,Control
a4e9,6_1,Control,2024-10-18T22:13:00Z,0.79,8.4140625,8.3984375,3.58,2024-10-18T22:20:00Z,6_1,Control
a4e9,6_1,Control,2024-10-18T22:35:00Z,0.8,8.4765625,8.46875,3.58,2024-10-18T22:40:00Z,6_1,Control
a4e9,6_1,Control,2024-10-18T22:56:00Z,0.79,8.4296875,8.421875,3.58,2024-10-18T23:00:00Z,6_1,Control
a4e9,6_1,Control,2024-10-18T23:18:00Z,0.79,8.3359375,8.3359375,3.59,2024-10-18T23:20:00Z,6_1,Control
a4e9,6_1,Control,2024-10-18T23:39:00Z,0.79,8.3203125,8.3203125,3.58,2024-10-18T23:40:00Z,6_1,Control
a4e9,6_1,Control,2024-10-19T00:01:00Z,0.78,8.3046875,8.3046875,3.58,2024-10-19T00:00:00Z,6_1,Control
a4e9,6_1,Control,2024-10-19T00:22:00Z,0.79,8.265625,8.2578125,3.58,2024-10-19T00:20:00Z,6_1,Control
a4e9,6_1,Control,2024-10-19T00:43:00Z,0.79,8.1640625,8.1640625,3.59,2024-10-19T00:40:00Z,6_1,Control
a4e9,6_1,Control,2024-10-19T01:05:00Z,0.78,8.0546875,8.0546875,3.58,2024-10-19T01:00:00Z,6_1,Control
a4e9,6_1,Control,2024-10-19T01:26:00Z,0.79,7.90625,7.90625,3.58,2024-10-19T01:20:00Z,6_1,Control
a4e9,6_1,Control,2024-10-19T01:48:00Z,0.78,7.5859375,7.5859375,3.58,2024-10-19T01:40:00Z,6_1,Control
a4e9,6_1,Control,2024-10-19T02:09:00Z,0.79,7.4453125,7.4375,3.58,2024-10-19T02:00:00Z,6_1,Control
a4e9,6_1,Control,2024-10-19T02:31:00Z,0.81,7.71875,7.6953125,3.58,2024-10-19T02:40:00Z,6_1,Control
a4e9,6_1,Control,2024-10-19T02:52:00Z,0.81,8.265625,8.234375,3.58,2024-10-19T03:00:00Z,6_1,Control
a4e9,6_1,Control,2024-10-19T03:14:00Z,0.84,8.9921875,8.90625,3.59,2024-10-19T03:20:00Z,6_1,Control
a4e9,6_1,Control,2024-10-19T03:35:00Z,0.82,10,9.875,3.59,2024-10-19T03:40:00Z,6_1,Control
a4e9,6_1,Control,2024-10-19T03:57:00Z,0.89,10.5703125,10.4609375,3.58,2024-10-19T04:00:00Z,6_1,Control
a4e9,6_1,Control,2024-10-19T04:18:00Z,0.91,13.484375,13.21875,3.58,2024-10-19T04:20:00Z,6_1,Control
a4e9,6_1,Control,2024-10-19T04:40:00Z,0.91,13.6875,13.4609375,3.59,2024-10-19T04:40:00Z,6_1,Control
a4e9,6_1,Control,2024-10-19T05:01:00Z,0.94,14.3125,14.109375,3.59,2024-10-19T05:00:00Z,6_1,Control
a4e9,6_1,Control,2024-10-19T05:23:00Z,0.94,14.5546875,14.3828125,3.6,2024-10-19T05:20:00Z,6_1,Control
a4e9,6_1,Control,2024-10-19T05:44:00Z,1.01,15.421875,15.3515625,3.59,2024-10-19T05:40:00Z,6_1,Control
a4e9,6_1,Control,2024-10-19T06:05:00Z,1.06,16.5390625,16.5390625,3.6,2024-10-19T06:00:00Z,6_1,Control
a4e9,6_1,Control,2024-10-19T06:27:00Z,1.08,17.65625,17.65625,3.6,2024-10-19T06:20:00Z,6_1,Control
a4e9,6_1,Control,2024-10-19T06:48:00Z,1.1,18.3203125,18.2578125,3.6,2024-10-19T06:40:00Z,6_1,Control
a4e9,6_1,Control,2024-10-19T07:10:00Z,1.1,18.5234375,18.4375,3.6,2024-10-19T07:00:00Z,6_1,Control
a4e9,6_1,Control,2024-10-19T07:31:00Z,1.06,18.4453125,18.3515625,3.6,2024-10-19T07:40:00Z,6_1,Control
a4e9,6_1,Control,2024-10-19T07:53:00Z,1.05,18.96875,18.90625,3.6,2024-10-19T08:00:00Z,6_1,Control
a4e9,6_1,Control,2024-10-19T08:14:00Z,1.12,19.859375,19.9296875,3.6,2024-10-19T08:20:00Z,6_1,Control
a4e9,6_1,Control,2024-10-19T08:36:00Z,1.19,20.359375,20.46875,3.6,2024-10-19T08:40:00Z,6_1,Control
a4e9,6_1,Control,2024-10-19T08:57:00Z,1.17,20.7109375,20.671875,3.6,2024-10-19T09:00:00Z,6_1,Control
a4e9,6_1,Control,2024-10-19T09:19:00Z,1.11,20.765625,20.7109375,3.6,2024-10-19T09:20:00Z,6_1,Control
a4e9,6_1,Control,2024-10-19T09:40:00Z,1.1,19.796875,19.828125,3.6,2024-10-19T09:40:00Z,6_1,Control
a4e9,6_1,Control,2024-10-19T10:02:00Z,1.18,21.3046875,21.734375,3.6,2024-10-19T10:00:00Z,6_1,Control
a4e9,6_1,Control,2024-10-19T10:23:00Z,1.22,22.0859375,22.5703125,3.6,2024-10-19T10:20:00Z,6_1,Control
a4e9,6_1,Control,2024-10-19T10:45:00Z,1.2,21.9765625,22.265625,3.61,2024-10-19T10:40:00Z,6_1,Control
a4e9,6_1,Control,2024-10-19T11:06:00Z,1.26,21.8125,21.9296875,3.61,2024-10-19T11:00:00Z,6_1,Control
a4e9,6_1,Control,2024-10-19T11:28:00Z,1.17,21.0703125,21,3.6,2024-10-19T11:20:00Z,6_1,Control
a4e9,6_1,Control,2024-10-19T11:49:00Z,1.04,19.8046875,19.703125,3.61,2024-10-19T11:40:00Z,6_1,Control
a4e9,6_1,Control,2024-10-19T12:10:00Z,1.02,17.9140625,17.8359375,3.6,2024-10-19T12:00:00Z,6_1,Control
a4e9,6_1,Control,2024-10-19T12:32:00Z,0.98,17.4296875,17.46875,3.6,2024-10-19T12:40:00Z,6_1,Control
a4e9,6_1,Control,2024-10-19T12:53:00Z,0.92,16.40625,16.4609375,3.6,2024-10-19T13:00:00Z,6_1,Control
a4e9,6_1,Control,2024-10-19T13:15:00Z,0.85,15.2890625,15.3515625,3.6,2024-10-19T13:20:00Z,6_1,Control
a4e9,6_1,Control,2024-10-19T13:36:00Z,0.82,14.046875,14.125,3.6,2024-10-19T13:40:00Z,6_1,Control
a4e9,6_1,Control,2024-10-19T13:58:00Z,0.82,12.265625,12.328125,3.59,2024-10-19T14:00:00Z,6_1,Control
a4e9,6_1,Control,2024-10-19T14:19:00Z,0.8,11.3828125,11.40625,3.6,2024-10-19T14:20:00Z,6_1,Control
a4e9,6_1,Control,2024-10-19T14:41:00Z,0.78,10.4375,10.4609375,3.59,2024-10-19T14:40:00Z,6_1,Control
a4e9,6_1,Control,2024-10-19T15:02:00Z,0.78,9.6796875,9.703125,3.59,2024-10-19T15:00:00Z,6_1,Control
a4e9,6_1,Control,2024-10-19T15:24:00Z,0.76,9.1796875,9.1953125,3.59,2024-10-19T15:20:00Z,6_1,Control
a4e9,6_1,Control,2024-10-19T15:45:00Z,0.78,8.8046875,8.8125,3.59,2024-10-19T15:40:00Z,6_1,Control
a4e9,6_1,Control,2024-10-19T16:07:00Z,0.77,8.65625,8.6640625,3.59,2024-10-19T16:00:00Z,6_1,Control
a4e9,6_1,Control,2024-10-19T16:28:00Z,0.79,8.5,8.5234375,3.59,2024-10-19T16:20:00Z,6_1,Control
a4e9,6_1,Control,2024-10-19T16:50:00Z,0.79,8.2578125,8.2734375,3.59,2024-10-19T16:40:00Z,6_1,Control
a4e9,6_1,Control,2024-10-19T17:11:00Z,0.79,7.96875,7.984375,3.59,2024-10-19T17:20:00Z,6_1,Control
a4e9,6_1,Control,2024-10-19T17:32:00Z,0.79,7.875,7.8828125,3.58,2024-10-19T17:40:00Z,6_1,Control
a4e9,6_1,Control,2024-10-19T17:54:00Z,0.78,7.6796875,7.6953125,3.58,2024-10-19T18:00:00Z,6_1,Control
a4e9,6_1,Control,2024-10-19T18:15:00Z,0.78,7.4453125,7.453125,3.58,2024-10-19T18:20:00Z,6_1,Control
a4e9,6_1,Control,2024-10-19T18:37:00Z,0.78,7.265625,7.2734375,3.59,2024-10-19T18:40:00Z,6_1,Control
a4e9,6_1,Control,2024-10-19T18:58:00Z,0.77,7.046875,7.0546875,3.58,2024-10-19T19:00:00Z,6_1,Control
a4e9,6_1,Control,2024-10-19T19:20:00Z,0.78,6.84375,6.8515625,3.59,2024-10-19T19:20:00Z,6_1,Control
a4e9,6_1,Control,2024-10-19T19:41:00Z,0.78,6.703125,6.7109375,3.58,2024-10-19T19:40:00Z,6_1,Control
a4e9,6_1,Control,2024-10-19T20:03:00Z,0.78,6.609375,6.6171875,3.58,2024-10-19T20:00:00Z,6_1,Control
a4e9,6_1,Control,2024-10-19T20:24:00Z,0.77,6.5078125,6.515625,3.58,2024-10-19T20:20:00Z,6_1,Control
a4e9,6_1,Control,2024-10-19T20:46:00Z,0.78,6.4140625,6.421875,3.58,2024-10-19T20:40:00Z,6_1,Control
a4e9,6_1,Control,2024-10-19T21:07:00Z,0.78,6.3125,6.3125,3.58,2024-10-19T21:00:00Z,6_1,Control
a4e9,6_1,Control,2024-10-19T21:29:00Z,0.78,6.234375,6.234375,3.58,2024-10-19T21:20:00Z,6_1,Control
a4e9,6_1,Control,2024-10-19T21:50:00Z,0.78,6.234375,6.234375,3.58,2024-10-19T21:40:00Z,6_1,Control
a4e9,6_1,Control,2024-10-19T22:11:00Z,0.79,6.296875,6.296875,3.58,2024-10-19T22:20:00Z,6_1,Control
a4e9,6_1,Control,2024-10-19T22:33:00Z,0.78,6.453125,6.4453125,3.58,2024-10-19T22:40:00Z,6_1,Control
a4e9,6_1,Control,2024-10-19T22:54:00Z,0.78,6.5703125,6.5703125,3.59,2024-10-19T23:00:00Z,6_1,Control
a4e9,6_1,Control,2024-10-19T23:16:00Z,0.78,6.546875,6.546875,3.58,2024-10-19T23:20:00Z,6_1,Control
a4e9,6_1,Control,2024-10-19T23:37:00Z,0.77,6.4609375,6.453125,3.58,2024-10-19T23:40:00Z,6_1,Control
a4e9,6_1,Control,2024-10-19T23:59:00Z,0.79,6.3671875,6.3671875,3.58,2024-10-20T00:00:00Z,6_1,Control
a4e9,6_1,Control,2024-10-20T00:20:00Z,0.78,6.234375,6.2265625,3.58,2024-10-20T00:20:00Z,6_1,Control
a4e9,6_1,Control,2024-10-20T00:42:00Z,0.77,6.0078125,6.0078125,3.58,2024-10-20T00:40:00Z,6_1,Control
a4e9,6_1,Control,2024-10-20T01:03:00Z,0.77,5.8125,5.8125,3.58,2024-10-20T01:00:00Z,6_1,Control
a4e9,6_1,Control,2024-10-20T01:25:00Z,0.78,5.390625,5.40625,3.58,2024-10-20T01:20:00Z,6_1,Control
a4e9,6_1,Control,2024-10-20T01:46:00Z,0.79,5.3828125,5.375,3.58,2024-10-20T01:40:00Z,6_1,Control
a4e9,6_1,Control,2024-10-20T02:08:00Z,0.79,5.8984375,5.8515625,3.58,2024-10-20T02:00:00Z,6_1,Control
a4e9,6_1,Control,2024-10-20T02:29:00Z,0.8,6.2734375,6.234375,3.58,2024-10-20T02:20:00Z,6_1,Control
a4e9,6_1,Control,2024-10-20T02:51:00Z,0.81,6.7265625,6.671875,3.58,2024-10-20T03:00:00Z,6_1,Control
a4e9,6_1,Control,2024-10-20T03:12:00Z,0.85,7.9453125,7.78125,3.58,2024-10-20T03:20:00Z,6_1,Control
a4e9,6_1,Control,2024-10-20T03:33:00Z,0.89,9.7265625,9.53125,3.58,2024-10-20T03:40:00Z,6_1,Control
a4e9,6_1,Control,2024-10-20T03:55:00Z,0.82,10.265625,10.203125,3.59,2024-10-20T04:00:00Z,6_1,Control
a4e9,6_1,Control,2024-10-20T04:16:00Z,0.86,10.015625,9.96875,3.58,2024-10-20T04:20:00Z,6_1,Control
a4e9,6_1,Control,2024-10-20T04:38:00Z,0.89,11.5234375,11.4296875,3.59,2024-10-20T04:40:00Z,6_1,Control
a4e9,6_1,Control,2024-10-20T04:59:00Z,0.93,12.8046875,12.796875,3.59,2024-10-20T05:00:00Z,6_1,Control
a4e9,6_1,Control,2024-10-20T05:21:00Z,0.99,13.9140625,14,3.59,2024-10-20T05:20:00Z,6_1,Control
a4e9,6_1,Control,2024-10-20T05:42:00Z,0.94,14.21875,14.3046875,3.6,2024-10-20T05:40:00Z,6_1,Control
a4e9,6_1,Control,2024-10-20T06:04:00Z,0.93,13.328125,13.3046875,3.6,2024-10-20T06:00:00Z,6_1,Control
a4e9,6_1,Control,2024-10-20T06:25:00Z,0.97,14.0625,14.0859375,3.6,2024-10-20T06:20:00Z,6_1,Control
a4e9,6_1,Control,2024-10-20T06:47:00Z,1.03,15.640625,15.734375,3.6,2024-10-20T06:40:00Z,6_1,Control
a4e9,6_1,Control,2024-10-20T07:08:00Z,1.06,16.7734375,16.859375,3.59,2024-10-20T07:00:00Z,6_1,Control
a4e9,6_1,Control,2024-10-20T07:30:00Z,1.03,17.28125,17.3046875,3.6,2024-10-20T07:40:00Z,6_1,Control
a4e9,6_1,Control,2024-10-20T07:51:00Z,0.99,17.6171875,17.59375,3.59,2024-10-20T08:00:00Z,6_1,Control
a4e9,6_1,Control,2024-10-20T08:13:00Z,1.02,17.015625,17.0078125,3.59,2024-10-20T08:20:00Z,6_1,Control
a4e9,6_1,Control,2024-10-20T08:34:00Z,1.03,16.7265625,16.78125,3.6,2024-10-20T08:40:00Z,6_1,Control
a4e9,6_1,Control,2024-10-20T08:55:00Z,0.99,16.6484375,16.65625,3.6,2024-10-20T09:00:00Z,6_1,Control
a4e9,6_1,Control,2024-10-20T09:17:00Z,1,17.3515625,17.3828125,3.59,2024-10-20T09:20:00Z,6_1,Control
a4e9,6_1,Control,2024-10-20T09:38:00Z,1.08,17.3515625,17.4140625,3.59,2024-10-20T09:40:00Z,6_1,Control
a4e9,6_1,Control,2024-10-20T10:00:00Z,1.04,19.0625,19.421875,3.6,2024-10-20T10:00:00Z,6_1,Control
a4e9,6_1,Control,2024-10-20T10:21:00Z,1.12,20.1875,20.5859375,3.61,2024-10-20T10:20:00Z,6_1,Control
a4e9,6_1,Control,2024-10-20T10:43:00Z,1.15,20.6015625,20.90625,3.6,2024-10-20T10:40:00Z,6_1,Control
a4e9,6_1,Control,2024-10-20T11:04:00Z,1.12,20.4453125,20.578125,3.6,2024-10-20T11:00:00Z,6_1,Control
a4e9,6_1,Control,2024-10-20T11:26:00Z,1.15,20.1953125,20.1953125,3.6,2024-10-20T11:20:00Z,6_1,Control
a4e9,6_1,Control,2024-10-20T11:47:00Z,1.05,19.5390625,19.4609375,3.6,2024-10-20T11:40:00Z,6_1,Control
a4e9,6_1,Control,2024-10-20T12:09:00Z,1,18.9609375,18.9296875,3.6,2024-10-20T12:00:00Z,6_1,Control
a4e9,6_1,Control,2024-10-20T12:30:00Z,0.89,18.21875,18.25,3.6,2024-10-20T12:40:00Z,6_1,Control
a4e9,6_1,Control,2024-10-20T12:52:00Z,0.87,16.296875,16.2890625,3.6,2024-10-20T13:00:00Z,6_1,Control
a4e9,6_1,Control,2024-10-20T13:13:00Z,0.86,15.0078125,15.0078125,3.6,2024-10-20T13:20:00Z,6_1,Control
a4e9,6_1,Control,2024-10-20T13:35:00Z,0.83,14.265625,14.3046875,3.59,2024-10-20T13:40:00Z,6_1,Control
a4e9,6_1,Control,2024-10-20T13:56:00Z,0.82,13.4296875,13.453125,3.6,2024-10-20T14:00:00Z,6_1,Control
a4e9,6_1,Control,2024-10-20T14:17:00Z,0.79,12.484375,12.4921875,3.59,2024-10-20T14:20:00Z,6_1,Control
a4e9,6_1,Control,2024-10-20T14:39:00Z,0.79,11.6875,11.703125,3.6,2024-10-20T14:40:00Z,6_1,Control
a4e9,6_1,Control,2024-10-20T15:00:00Z,0.79,11.03125,11.0390625,3.59,2024-10-20T15:00:00Z,6_1,Control
a4e9,6_1,Control,2024-10-20T15:22:00Z,0.79,10.6796875,10.6875,3.59,2024-10-20T15:20:00Z,6_1,Control
a4e9,6_1,Control,2024-10-20T15:43:00Z,0.79,10.4140625,10.421875,3.59,2024-10-20T15:40:00Z,6_1,Control
a4e9,6_1,Control,2024-10-20T16:05:00Z,0.78,10.2421875,10.25,3.59,2024-10-20T16:00:00Z,6_1,Control
a4e9,6_1,Control,2024-10-20T16:26:00Z,0.79,10.1171875,10.1171875,3.59,2024-10-20T16:20:00Z,6_1,Control
a4e9,6_1,Control,2024-10-20T16:48:00Z,0.79,9.984375,9.984375,3.59,2024-10-20T16:40:00Z,6_1,Control
a4e9,6_1,Control,2024-10-20T17:09:00Z,0.79,9.84375,9.8515625,3.58,2024-10-20T17:00:00Z,6_1,Control
a4e9,6_1,Control,2024-10-20T17:31:00Z,0.77,9.6640625,9.6640625,3.59,2024-10-20T17:40:00Z,6_1,Control
a4e9,6_1,Control,2024-10-20T17:52:00Z,0.8,9.484375,9.4921875,3.59,2024-10-20T18:00:00Z,6_1,Control
a4e9,6_1,Control,2024-10-20T18:14:00Z,0.78,9.296875,9.3046875,3.58,2024-10-20T18:20:00Z,6_1,Control
a4e9,6_1,Control,2024-10-20T18:35:00Z,0.78,9.09375,9.0859375,3.59,2024-10-20T18:40:00Z,6_1,Control
a4e9,6_1,Control,2024-10-20T18:57:00Z,0.77,9.078125,9.0546875,3.58,2024-10-20T19:00:00Z,6_1,Control
a4e9,6_1,Control,2024-10-20T19:18:00Z,0.78,9.1328125,9.1015625,3.58,2024-10-20T19:20:00Z,6_1,Control
a4e9,6_1,Control,2024-10-20T19:39:00Z,0.78,8.9296875,8.9140625,3.58,2024-10-20T19:40:00Z,6_1,Control
a4e9,6_1,Control,2024-10-20T20:01:00Z,0.78,8.734375,8.71875,3.58,2024-10-20T20:00:00Z,6_1,Control
a4e9,6_1,Control,2024-10-20T20:22:00Z,0.8,8.6796875,8.6484375,3.59,2024-10-20T20:20:00Z,6_1,Control
a4e9,6_1,Control,2024-10-20T20:44:00Z,0.79,8.796875,8.7578125,3.58,2024-10-20T20:40:00Z,6_1,Control
a4e9,6_1,Control,2024-10-20T21:05:00Z,0.78,8.9453125,8.90625,3.58,2024-10-20T21:00:00Z,6_1,Control
a4e9,6_1,Control,2024-10-20T21:27:00Z,0.77,8.8359375,8.8125,3.58,2024-10-20T21:20:00Z,6_1,Control
a4e9,6_1,Control,2024-10-20T21:48:00Z,0.77,8.6484375,8.6328125,3.59,2024-10-20T21:40:00Z,6_1,Control
a4e9,6_1,Control,2024-10-20T22:10:00Z,0.79,8.46875,8.453125,3.58,2024-10-20T22:00:00Z,6_1,Control
a4e9,6_1,Control,2024-10-20T22:31:00Z,0.78,8.203125,8.1875,3.58,2024-10-20T22:40:00Z,6_1,Control
a4e9,6_1,Control,2024-10-20T22:53:00Z,0.79,8.21875,8.1796875,3.59,2024-10-20T23:00:00Z,6_1,Control
a4e9,6_1,Control,2024-10-20T23:14:00Z,0.8,8.390625,8.34375,3.58,2024-10-20T23:20:00Z,6_1,Control
a4e9,6_1,Control,2024-10-20T23:36:00Z,0.79,8.703125,8.65625,3.59,2024-10-20T23:40:00Z,6_1,Control
a4e9,6_1,Control,2024-10-20T23:57:00Z,0.78,8.875,8.8359375,3.58,2024-10-21T00:00:00Z,6_1,Control
a4e9,6_1,Control,2024-10-21T00:19:00Z,0.78,8.8046875,8.78125,3.59,2024-10-21T00:20:00Z,6_1,Control
a4e9,6_1,Control,2024-10-21T00:40:00Z,0.78,8.8359375,8.8125,3.59,2024-10-21T00:40:00Z,6_1,Control
a4e9,6_1,Control,2024-10-21T01:02:00Z,0.79,8.546875,8.53125,3.59,2024-10-21T01:00:00Z,6_1,Control
a4e9,6_1,Control,2024-10-21T01:23:00Z,0.77,8.1953125,8.1796875,3.58,2024-10-21T01:20:00Z,6_1,Control
a4e9,6_1,Control,2024-10-21T01:44:00Z,0.79,8,7.96875,3.58,2024-10-21T01:40:00Z,6_1,Control
a4e9,6_1,Control,2024-10-21T02:06:00Z,0.8,8.2109375,8.1640625,3.58,2024-10-21T02:00:00Z,6_1,Control
a4e9,6_1,Control,2024-10-21T02:27:00Z,0.8,8.375,8.328125,3.58,2024-10-21T02:20:00Z,6_1,Control
a4e9,6_1,Control,2024-10-21T02:49:00Z,0.81,8.8046875,8.75,3.58,2024-10-21T02:40:00Z,6_1,Control
a4e9,6_1,Control,2024-10-21T03:10:00Z,0.81,9.1875,9.1484375,3.58,2024-10-21T03:00:00Z,6_1,Control
a4e9,6_1,Control,2024-10-21T03:32:00Z,0.82,9.625,9.578125,3.58,2024-10-21T03:40:00Z,6_1,Control
a4e9,6_1,Control,2024-10-21T03:53:00Z,0.86,10.0546875,10.0078125,3.59,2024-10-21T04:00:00Z,6_1,Control
a4e9,6_1,Control,2024-10-21T04:15:00Z,0.85,10.625,10.5859375,3.58,2024-10-21T04:20:00Z,6_1,Control
a4e9,6_1,Control,2024-10-21T04:36:00Z,0.86,11.1328125,11.09375,3.58,2024-10-21T04:40:00Z,6_1,Control
a4e9,6_1,Control,2024-10-21T04:58:00Z,0.84,11.609375,11.5859375,3.58,2024-10-21T05:00:00Z,6_1,Control
a4e9,6_1,Control,2024-10-21T05:19:00Z,0.83,11.5546875,11.546875,3.58,2024-10-21T05:20:00Z,6_1,Control
a4e9,6_1,Control,2024-10-21T05:41:00Z,0.87,11.8125,11.765625,3.58,2024-10-21T05:40:00Z,6_1,Control
a4e9,6_1,Control,2024-10-21T06:02:00Z,0.89,12.625,12.6015625,3.59,2024-10-21T06:00:00Z,6_1,Control
a4e9,6_1,Control,2024-10-21T06:24:00Z,0.89,13.4375,13.4375,3.59,2024-10-21T06:20:00Z,6_1,Control
a4e9,6_1,Control,2024-10-21T06:45:00Z,0.82,13.046875,13.0546875,3.59,2024-10-21T06:40:00Z,6_1,Control
a4e9,6_1,Control,2024-10-21T07:06:00Z,0.81,12.53125,12.5234375,3.59,2024-10-21T07:00:00Z,6_1,Control
a4e9,6_1,Control,2024-10-21T07:28:00Z,0.84,13.484375,13.53125,3.6,2024-10-21T07:20:00Z,6_1,Control
a4e9,6_1,Control,2024-10-21T07:49:00Z,0.9,14.21875,14.3359375,3.59,2024-10-21T07:40:00Z,6_1,Control
a4e9,6_1,Control,2024-10-21T08:11:00Z,0.91,15.3671875,15.515625,3.59,2024-10-21T08:20:00Z,6_1,Control
a4e9,6_1,Control,2024-10-21T08:32:00Z,0.92,15.796875,15.9296875,3.6,2024-10-21T08:40:00Z,6_1,Control
a4e9,6_1,Control,2024-10-21T08:54:00Z,0.89,15.859375,15.9765625,3.6,2024-10-21T09:00:00Z,6_1,Control
a4e9,6_1,Control,2024-10-21T09:15:00Z,0.78,14.84375,15,3.6,2024-10-21T09:20:00Z,6_1,Control
a4e9,6_1,Control,2024-10-21T09:37:00Z,0.78,13.125,13.2109375,3.59,2024-10-21T09:40:00Z,6_1,Control
a4e9,6_1,Control,2024-10-21T09:58:00Z,0.75,12.3828125,12.421875,3.59,2024-10-21T10:00:00Z,6_1,Control
a4e9,6_1,Control,2024-10-21T10:20:00Z,0.77,13.21875,13.2578125,3.59,2024-10-21T10:20:00Z,6_1,Control
a4e9,6_1,Control,2024-10-21T10:41:00Z,0.77,13.40625,13.46875,3.59,2024-10-21T10:40:00Z,6_1,Control
a4e9,6_1,Control,2024-10-21T11:03:00Z,0.81,12.7890625,12.8046875,3.59,2024-10-21T11:00:00Z,6_1,Control
a4e9,6_1,Control,2024-10-21T11:24:00Z,0.78,12.0546875,12.078125,3.59,2024-10-21T11:20:00Z,6_1,Control
a4e9,6_1,Control,2024-10-21T11:46:00Z,0.81,11.59375,11.6015625,3.59,2024-10-21T11:40:00Z,6_1,Control
a4e9,6_1,Control,2024-10-21T12:07:00Z,0.83,11.671875,11.6484375,3.59,2024-10-21T12:00:00Z,6_1,Control
a4e9,6_1,Control,2024-10-21T12:28:00Z,0.81,11.7421875,11.71875,3.59,2024-10-21T12:20:00Z,6_1,Control
a4e9,6_1,Control,2024-10-21T12:50:00Z,0.83,11.6953125,11.6875,3.59,2024-10-21T12:40:00Z,6_1,Control
a4e9,6_1,Control,2024-10-21T13:11:00Z,0.83,11.8828125,11.8828125,3.59,2024-10-21T13:20:00Z,6_1,Control
a4e9,6_1,Control,2024-10-21T13:33:00Z,0.78,11.8359375,11.8515625,3.6,2024-10-21T13:40:00Z,6_1,Control
a4e9,6_1,Control,2024-10-21T13:54:00Z,0.76,11.2109375,11.2421875,3.58,2024-10-21T14:00:00Z,6_1,Control
a4e9,6_1,Control,2024-10-21T14:16:00Z,0.78,10.734375,10.75,3.59,2024-10-21T14:20:00Z,6_1,Control
a4e9,6_1,Control,2024-10-21T14:37:00Z,0.78,10.6953125,10.703125,3.58,2024-10-21T14:40:00Z,6_1,Control
a4e9,6_1,Control,2024-10-21T14:59:00Z,0.78,10.421875,10.4375,3.59,2024-10-21T15:00:00Z,6_1,Control
a4e9,6_1,Control,2024-10-21T15:20:00Z,0.78,10.1875,10.1953125,3.59,2024-10-21T15:20:00Z,6_1,Control
a4e9,6_1,Control,2024-10-21T15:42:00Z,0.78,9.9375,9.9453125,3.58,2024-10-21T15:40:00Z,6_1,Control
a4e9,6_1,Control,2024-10-21T16:03:00Z,0.79,9.859375,9.8671875,3.59,2024-10-21T16:00:00Z,6_1,Control
a4e9,6_1,Control,2024-10-21T16:25:00Z,0.76,9.703125,9.71875,3.58,2024-10-21T16:20:00Z,6_1,Control
a4e9,6_1,Control,2024-10-21T16:46:00Z,0.78,9.46875,9.4765625,3.59,2024-10-21T16:40:00Z,6_1,Control
a4e9,6_1,Control,2024-10-21T17:07:00Z,0.8,9.5078125,9.484375,3.59,2024-10-21T17:00:00Z,6_1,Control
a4e9,6_1,Control,2024-10-21T17:29:00Z,0.78,9.65625,9.625,3.58,2024-10-21T17:20:00Z,6_1,Control
a4e9,6_1,Control,2024-10-21T17:50:00Z,0.78,9.640625,9.6171875,3.58,2024-10-21T17:40:00Z,6_1,Control
a4e9,6_1,Control,2024-10-21T18:12:00Z,0.78,9.6640625,9.640625,3.58,2024-10-21T18:20:00Z,6_1,Control
a4e9,6_1,Control,2024-10-21T18:33:00Z,0.77,9.4453125,9.4296875,3.58,2024-10-21T18:40:00Z,6_1,Control
a4e9,6_1,Control,2024-10-21T18:55:00Z,0.76,9.3125,9.296875,3.59,2024-10-21T19:00:00Z,6_1,Control
a4e9,6_1,Control,2024-10-21T19:16:00Z,0.77,8.9765625,8.96875,3.59,2024-10-21T19:20:00Z,6_1,Control
a4e9,6_1,Control,2024-10-21T19:38:00Z,0.78,8.8203125,8.796875,3.59,2024-10-21T19:40:00Z,6_1,Control
a4e9,6_1,Control,2024-10-21T19:59:00Z,0.78,8.8828125,8.859375,3.58,2024-10-21T20:00:00Z,6_1,Control
a4e9,6_1,Control,2024-10-21T20:21:00Z,0.78,8.8828125,8.8671875,3.58,2024-10-21T20:20:00Z,6_1,Control
a4e9,6_1,Control,2024-10-21T20:42:00Z,0.79,9.0390625,9.015625,3.58,2024-10-21T20:40:00Z,6_1,Control
a4e9,6_1,Control,2024-10-21T21:04:00Z,0.78,9.15625,9.140625,3.59,2024-10-21T21:00:00Z,6_1,Control
a4e9,6_1,Control,2024-10-21T21:25:00Z,0.76,9.1640625,9.15625,3.58,2024-10-21T21:20:00Z,6_1,Control
a4e9,6_1,Control,2024-10-21T21:47:00Z,0.79,8.9921875,8.984375,3.59,2024-10-21T21:40:00Z,6_1,Control
a4e9,6_1,Control,2024-10-21T22:08:00Z,0.78,8.8828125,8.8828125,3.59,2024-10-21T22:00:00Z,6_1,Control
a4e9,6_1,Control,2024-10-21T22:30:00Z,0.8,8.90625,8.890625,3.58,2024-10-21T22:40:00Z,6_1,Control
a4e9,6_1,Control,2024-10-21T22:51:00Z,0.76,8.9609375,8.953125,3.58,2024-10-21T23:00:00Z,6_1,Control
a4e9,6_1,Control,2024-10-21T23:12:00Z,0.78,8.46875,8.484375,3.58,2024-10-21T23:20:00Z,6_1,Control
a4e9,6_1,Control,2024-10-21T23:34:00Z,0.79,8.6171875,8.59375,3.58,2024-10-21T23:40:00Z,6_1,Control
a4e9,6_1,Control,2024-10-21T23:55:00Z,0.78,8.8125,8.7890625,3.58,2024-10-22T00:00:00Z,6_1,Control
a4e9,6_1,Control,2024-10-22T00:17:00Z,0.78,8.8515625,8.8359375,3.58,2024-10-22T00:20:00Z,6_1,Control
a4e9,6_1,Control,2024-10-22T00:38:00Z,0.79,8.875,8.859375,3.59,2024-10-22T00:40:00Z,6_1,Control
a4e9,6_1,Control,2024-10-22T01:00:00Z,0.79,8.875,8.8671875,3.59,2024-10-22T01:00:00Z,6_1,Control
a4e9,6_1,Control,2024-10-22T01:21:00Z,0.78,8.8828125,8.8671875,3.58,2024-10-22T01:20:00Z,6_1,Control
a4e9,6_1,Control,2024-10-22T01:43:00Z,0.78,8.7578125,8.75,3.58,2024-10-22T01:40:00Z,6_1,Control
a4e9,6_1,Control,2024-10-22T02:04:00Z,0.79,8.6640625,8.640625,3.58,2024-10-22T02:00:00Z,6_1,Control
a4e9,6_1,Control,2024-10-22T02:26:00Z,0.78,8.6796875,8.65625,3.58,2024-10-22T02:20:00Z,6_1,Control
a4e9,6_1,Control,2024-10-22T02:47:00Z,0.8,8.890625,8.8515625,3.58,2024-10-22T02:40:00Z,6_1,Control
a4e9,6_1,Control,2024-10-22T03:09:00Z,0.8,9.4140625,9.3671875,3.58,2024-10-22T03:00:00Z,6_1,Control
a4e9,6_1,Control,2024-10-22T03:30:00Z,0.86,10.6484375,10.515625,3.58,2024-10-22T03:40:00Z,6_1,Control
a4e9,6_1,Control,2024-10-22T03:52:00Z,0.85,11.59375,11.4765625,3.58,2024-10-22T04:00:00Z,6_1,Control
a4e9,6_1,Control,2024-10-22T04:13:00Z,0.91,13.7734375,13.5234375,3.59,2024-10-22T04:20:00Z,6_1,Control
a4e9,6_1,Control,2024-10-22T04:34:00Z,0.86,15.1640625,14.9375,3.59,2024-10-22T04:40:00Z,6_1,Control
a4e9,6_1,Control,2024-10-22T04:56:00Z,0.94,15.90625,15.7265625,3.6,2024-10-22T05:00:00Z,6_1,Control
a4e9,6_1,Control,2024-10-22T05:17:00Z,0.98,15.4140625,15.3203125,3.59,2024-10-22T05:20:00Z,6_1,Control
a4e9,6_1,Control,2024-10-22T05:39:00Z,0.99,15.8828125,15.7734375,3.59,2024-10-22T05:40:00Z,6_1,Control
a4e9,6_1,Control,2024-10-22T06:00:00Z,1.03,16.546875,16.484375,3.6,2024-10-22T06:00:00Z,6_1,Control
a4e9,6_1,Control,2024-10-22T06:22:00Z,1.08,17.3046875,17.2421875,3.59,2024-10-22T06:20:00Z,6_1,Control
a4e9,6_1,Control,2024-10-22T06:43:00Z,1.09,18.1171875,18.0703125,3.59,2024-10-22T06:40:00Z,6_1,Control
a4e9,6_1,Control,2024-10-22T07:05:00Z,1.16,19.1015625,19.046875,3.6,2024-10-22T07:00:00Z,6_1,Control
a4e9,6_1,Control,2024-10-22T07:26:00Z,1.19,19.6484375,19.5703125,3.6,2024-10-22T07:20:00Z,6_1,Control
a4e9,6_1,Control,2024-10-22T07:48:00Z,1.2,20.359375,20.3046875,3.6,2024-10-22T07:40:00Z,6_1,Control
a4e9,6_1,Control,2024-10-22T08:09:00Z,1.1,20.7734375,20.7421875,3.6,2024-10-22T08:00:00Z,6_1,Control
a4e9,6_1,Control,2024-10-22T08:31:00Z,1.19,20.0234375,20.0234375,3.6,2024-10-22T08:40:00Z,6_1,Control
a4e9,6_1,Control,2024-10-22T08:52:00Z,1.2,20.8125,20.8828125,3.6,2024-10-22T09:00:00Z,6_1,Control
a4e9,6_1,Control,2024-10-22T09:14:00Z,1.29,21.6015625,21.6328125,3.6,2024-10-22T09:20:00Z,6_1,Control
a4e9,6_1,Control,2024-10-22T09:35:00Z,1.27,22.2109375,22.34375,3.6,2024-10-22T09:40:00Z,6_1,Control
a4e9,6_1,Control,2024-10-22T09:56:00Z,1.24,22.3125,22.546875,3.61,2024-10-22T10:00:00Z,6_1,Control
a4e9,6_1,Control,2024-10-22T10:18:00Z,1.27,22.6328125,22.9609375,3.6,2024-10-22T10:20:00Z,6_1,Control
a4e9,6_1,Control,2024-10-22T10:39:00Z,1.28,23.203125,23.515625,3.6,2024-10-22T10:40:00Z,6_1,Control
a4e9,6_1,Control,2024-10-22T11:01:00Z,1.29,23.3046875,23.484375,3.61,2024-10-22T11:00:00Z,6_1,Control
a4e9,6_1,Control,2024-10-22T11:22:00Z,1.22,23.4375,23.4765625,3.61,2024-10-22T11:20:00Z,6_1,Control
a4e9,6_1,Control,2024-10-22T11:44:00Z,1.19,23.0703125,23.03125,3.61,2024-10-22T11:40:00Z,6_1,Control
a4e9,6_1,Control,2024-10-22T12:05:00Z,1.16,22.609375,22.609375,3.6,2024-10-22T12:00:00Z,6_1,Control
a4e9,6_1,Control,2024-10-22T12:27:00Z,1.12,22.125,22.1484375,3.61,2024-10-22T12:20:00Z,6_1,Control
a4e9,6_1,Control,2024-10-22T12:48:00Z,1.08,21.625,21.65625,3.6,2024-10-22T12:40:00Z,6_1,Control
a4e9,6_1,Control,2024-10-22T13:10:00Z,1.05,21.125,21.140625,3.61,2024-10-22T13:00:00Z,6_1,Control
a4e9,6_1,Control,2024-10-22T13:31:00Z,1.03,20.59375,20.640625,3.61,2024-10-22T13:40:00Z,6_1,Control
a4e9,6_1,Control,2024-10-22T13:53:00Z,0.95,19.84375,19.8515625,3.61,2024-10-22T14:00:00Z,6_1,Control
a4e9,6_1,Control,2024-10-22T14:14:00Z,0.92,18.8671875,18.84375,3.6,2024-10-22T14:20:00Z,6_1,Control
a4e9,6_1,Control,2024-10-22T14:36:00Z,0.87,17.9609375,17.90625,3.6,2024-10-22T14:40:00Z,6_1,Control
a4e9,6_1,Control,2024-10-22T14:57:00Z,0.83,16.8671875,16.8203125,3.6,2024-10-22T15:00:00Z,6_1,Control
a4e9,6_1,Control,2024-10-22T15:18:00Z,0.82,15.8515625,15.8203125,3.6,2024-10-22T15:20:00Z,6_1,Control
a4e9,6_1,Control,2024-10-22T15:40:00Z,0.8,15.2890625,15.2578125,3.6,2024-10-22T15:40:00Z,6_1,Control
a4e9,6_1,Control,2024-10-22T16:01:00Z,0.77,14.5390625,14.5390625,3.59,2024-10-22T16:00:00Z,6_1,Control
a4e9,6_1,Control,2024-10-22T16:23:00Z,0.77,13.6640625,13.6796875,3.6,2024-10-22T16:20:00Z,6_1,Control
a4e9,6_1,Control,2024-10-22T16:44:00Z,0.78,13.078125,13.0859375,3.6,2024-10-22T16:40:00Z,6_1,Control
a4e9,6_1,Control,2024-10-22T17:06:00Z,0.76,12.421875,12.4375,3.59,2024-10-22T17:00:00Z,6_1,Control
a4e9,6_1,Control,2024-10-22T17:27:00Z,0.77,11.734375,11.765625,3.59,2024-10-22T17:20:00Z,6_1,Control
a4e9,6_1,Control,2024-10-22T17:49:00Z,0.77,11.2578125,11.28125,3.6,2024-10-22T17:40:00Z,6_1,Control
a4e9,6_1,Control,2024-10-22T18:10:00Z,0.78,10.7109375,10.734375,3.59,2024-10-22T18:00:00Z,6_1,Control
a4e9,6_1,Control,2024-10-22T18:32:00Z,0.78,10.5703125,10.578125,3.59,2024-10-22T18:40:00Z,6_1,Control
a4e9,6_1,Control,2024-10-22T18:53:00Z,0.78,10.3203125,10.328125,3.59,2024-10-22T19:00:00Z,6_1,Control
a4e9,6_1,Control,2024-10-22T19:15:00Z,0.76,10.0390625,10.0703125,3.59,2024-10-22T19:20:00Z,6_1,Control
a4e9,6_1,Control,2024-10-22T19:36:00Z,0.78,9.7265625,9.7421875,3.59,2024-10-22T19:40:00Z,6_1,Control
a4e9,6_1,Control,2024-10-22T19:58:00Z,0.78,9.4609375,9.46875,3.59,2024-10-22T20:00:00Z,6_1,Control
a4e9,6_1,Control,2024-10-22T20:19:00Z,0.76,9.1796875,9.1875,3.58,2024-10-22T20:20:00Z,6_1,Control
a4e9,6_1,Control,2024-10-22T20:40:00Z,0.79,8.9765625,8.96875,3.59,2024-10-22T20:40:00Z,6_1,Control
a4e9,6_1,Control,2024-10-22T21:02:00Z,0.77,9.078125,9.046875,3.59,2024-10-22T21:00:00Z,6_1,Control
a4e9,6_1,Control,2024-10-22T21:23:00Z,0.77,8.9375,8.9375,3.58,2024-10-22T21:20:00Z,6_1,Control
a4e9,6_1,Control,2024-10-22T21:45:00Z,0.79,8.8203125,8.8046875,3.59,2024-10-22T21:40:00Z,6_1,Control
a4e9,6_1,Control,2024-10-22T22:06:00Z,0.79,8.71875,8.703125,3.58,2024-10-22T22:00:00Z,6_1,Control
a4e9,6_1,Control,2024-10-22T22:28:00Z,0.76,8.484375,8.4921875,3.58,2024-10-22T22:20:00Z,6_1,Control
a4e9,6_1,Control,2024-10-22T22:49:00Z,0.79,8.390625,8.375,3.58,2024-10-22T22:40:00Z,6_1,Control
a4e9,6_1,Control,2024-10-22T23:11:00Z,0.79,8.6484375,8.609375,3.58,2024-10-22T23:20:00Z,6_1,Control
a4e9,6_1,Control,2024-10-22T23:32:00Z,0.77,9.0703125,9.015625,3.59,2024-10-22T23:40:00Z,6_1,Control
a4e9,6_1,Control,2024-10-22T23:54:00Z,0.78,9.171875,9.1328125,3.58,2024-10-23T00:00:00Z,6_1,Control
a4e9,6_1,Control,2024-10-23T00:15:00Z,0.76,9.140625,9.125,3.58,2024-10-23T00:20:00Z,6_1,Control
a4e9,6_1,Control,2024-10-23T00:37:00Z,0.79,8.9921875,8.9765625,3.58,2024-10-23T00:40:00Z,6_1,Control
a4e9,6_1,Control,2024-10-23T00:58:00Z,0.77,8.9765625,8.953125,3.59,2024-10-23T01:00:00Z,6_1,Control
a4e9,6_1,Control,2024-10-23T01:20:00Z,0.77,8.765625,8.75,3.59,2024-10-23T01:20:00Z,6_1,Control
a4e9,6_1,Control,2024-10-23T01:41:00Z,0.77,8.3359375,8.34375,3.59,2024-10-23T01:40:00Z,6_1,Control
a4e9,6_1,Control,2024-10-23T02:02:00Z,0.8,8.375,8.34375,3.59,2024-10-23T02:00:00Z,6_1,Control
a4e9,6_1,Control,2024-10-23T02:24:00Z,0.81,8.5625,8.515625,3.58,2024-10-23T02:20:00Z,6_1,Control
a4e9,6_1,Control,2024-10-23T02:45:00Z,0.87,9.6015625,9.4609375,3.59,2024-10-23T02:40:00Z,6_1,Control
a4e9,6_1,Control,2024-10-23T03:07:00Z,0.92,11.8125,11.4609375,3.59,2024-10-23T03:00:00Z,6_1,Control
a4e9,6_1,Control,2024-10-23T03:28:00Z,0.89,14.7421875,14.3125,3.59,2024-10-23T03:20:00Z,6_1,Control
a4e9,6_1,Control,2024-10-23T03:50:00Z,0.97,16.3125,16.015625,3.59,2024-10-23T03:40:00Z,6_1,Control
a4e9,6_1,Control,2024-10-23T04:11:00Z,0.98,17.59375,17.2421875,3.59,2024-10-23T04:20:00Z,6_1,Control
a4e9,6_1,Control,2024-10-23T04:33:00Z,0.92,18.2734375,18.03125,3.6,2024-10-23T04:40:00Z,6_1,Control
a4e9,6_1,Control,2024-10-23T04:54:00Z,1,18.9140625,18.7890625,3.6,2024-10-23T05:00:00Z,6_1,Control
a4e9,6_1,Control,2024-10-23T05:16:00Z,1.08,18.8046875,18.8359375,3.61,2024-10-23T05:20:00Z,6_1,Control
a4e9,6_1,Control,2024-10-23T05:37:00Z,1.11,19.3046875,19.28125,3.61,2024-10-23T05:40:00Z,6_1,Control
a4e9,6_1,Control,2024-10-23T05:59:00Z,1.13,20.09375,20.046875,3.61,2024-10-23T06:00:00Z,6_1,Control
a4e9,6_1,Control,2024-10-23T06:20:00Z,1.15,20.71875,20.6875,3.61,2024-10-23T06:20:00Z,6_1,Control
a4e9,6_1,Control,2024-10-23T06:42:00Z,1.17,22.0078125,22.0390625,3.61,2024-10-23T06:40:00Z,6_1,Control
a4e9,6_1,Control,2024-10-23T07:03:00Z,1.23,22.78125,22.8046875,3.61,2024-10-23T07:00:00Z,6_1,Control
a4e9,6_1,Control,2024-10-23T07:25:00Z,1.23,23.78125,23.703125,3.61,2024-10-23T07:20:00Z,6_1,Control
a4e9,6_1,Control,2024-10-23T07:46:00Z,1.24,24.4765625,24.421875,3.61,2024-10-23T07:40:00Z,6_1,Control
a4e9,6_1,Control,2024-10-23T08:07:00Z,1.25,25.5234375,25.4453125,3.61,2024-10-23T08:00:00Z,6_1,Control
a4e9,6_1,Control,2024-10-23T08:29:00Z,1.26,26.1796875,26.2890625,3.61,2024-10-23T08:20:00Z,6_1,Control
a4e9,6_1,Control,2024-10-23T08:50:00Z,1.36,26.7578125,26.78125,3.6,2024-10-23T08:40:00Z,6_1,Control
a4e9,6_1,Control,2024-10-23T09:12:00Z,1.34,27.5234375,27.53125,3.61,2024-10-23T09:20:00Z,6_1,Control
a4e9,6_1,Control,2024-10-23T09:33:00Z,1.29,27.8828125,27.90625,3.61,2024-10-23T09:40:00Z,6_1,Control
a4e9,6_1,Control,2024-10-23T09:55:00Z,1.24,28.859375,29.2109375,3.61,2024-10-23T10:00:00Z,6_1,Control
a4e9,6_1,Control,2024-10-23T10:16:00Z,1.34,30.0625,30.46875,3.61,2024-10-23T10:20:00Z,6_1,Control
a4e9,6_1,Control,2024-10-23T10:38:00Z,1.39,30.7734375,31.1171875,3.61,2024-10-23T10:40:00Z,6_1,Control
a4e9,6_1,Control,2024-10-23T10:59:00Z,1.35,30.703125,30.8359375,3.61,2024-10-23T11:00:00Z,6_1,Control
a4e9,6_1,Control,2024-10-23T11:21:00Z,1.31,30.96875,30.9453125,3.62,2024-10-23T11:20:00Z,6_1,Control
a4e9,6_1,Control,2024-10-23T11:42:00Z,1.23,31.421875,31.375,3.61,2024-10-23T11:40:00Z,6_1,Control
a4e9,6_1,Control,2024-10-23T12:04:00Z,1.18,31.296875,31.21875,3.62,2024-10-23T12:00:00Z,6_1,Control
a4e9,6_1,Control,2024-10-23T12:25:00Z,1.22,30.5078125,30.4765625,3.61,2024-10-23T12:20:00Z,6_1,Control
a4e9,6_1,Control,2024-10-23T12:47:00Z,1.17,29.9453125,29.9296875,3.62,2024-10-23T12:40:00Z,6_1,Control
a4e9,6_1,Control,2024-10-23T13:08:00Z,1.2,29.4375,29.4453125,3.61,2024-10-23T13:00:00Z,6_1,Control
a4e9,6_1,Control,2024-10-23T13:29:00Z,1.1,29.125,29.1640625,3.61,2024-10-23T13:20:00Z,6_1,Control
a4e9,6_1,Control,2024-10-23T13:51:00Z,1.08,28.1640625,28.15625,3.62,2024-10-23T14:00:00Z,6_1,Control
a4e9,6_1,Control,2024-10-23T14:12:00Z,1.03,27.484375,27.4140625,3.61,2024-10-23T14:20:00Z,6_1,Control
a4e9,6_1,Control,2024-10-23T14:34:00Z,0.91,26.09375,25.90625,3.61,2024-10-23T14:40:00Z,6_1,Control
a4e9,6_1,Control,2024-10-23T14:55:00Z,0.79,23.4296875,23.3125,3.61,2024-10-23T15:00:00Z,6_1,Control
a4e9,6_1,Control,2024-10-23T15:17:00Z,0.81,21.453125,21.3828125,3.61,2024-10-23T15:20:00Z,6_1,Control
a4e9,6_1,Control,2024-10-23T15:38:00Z,0.81,20.671875,20.625,3.61,2024-10-23T15:40:00Z,6_1,Control
a4e9,6_1,Control,2024-10-23T16:00:00Z,0.82,20.140625,20.1171875,3.61,2024-10-23T16:00:00Z,6_1,Control
a4e9,6_1,Control,2024-10-23T16:21:00Z,0.8,19.7265625,19.703125,3.61,2024-10-23T16:20:00Z,6_1,Control
a4e9,6_1,Control,2024-10-23T16:43:00Z,0.81,19.3046875,19.2734375,3.61,2024-10-23T16:40:00Z,6_1,Control
a4e9,6_1,Control,2024-10-23T17:04:00Z,0.82,19.1640625,19.1328125,3.61,2024-10-23T17:00:00Z,6_1,Control
a4e9,6_1,Control,2024-10-23T17:26:00Z,0.77,18.8828125,18.8671875,3.6,2024-10-23T17:20:00Z,6_1,Control
a4e9,6_1,Control,2024-10-23T17:47:00Z,0.81,18.03125,18.0234375,3.61,2024-10-23T17:40:00Z,6_1,Control
a4e9,6_1,Control,2024-10-23T18:09:00Z,0.82,18.03125,17.9921875,3.61,2024-10-23T18:00:00Z,6_1,Control
a4e9,6_1,Control,2024-10-23T18:30:00Z,0.78,17.875,17.859375,3.61,2024-10-23T18:40:00Z,6_1,Control
a4e9,6_1,Control,2024-10-23T18:51:00Z,0.82,17.375,17.359375,3.6,2024-10-23T19:00:00Z,6_1,Control
a4e9,6_1,Control,2024-10-23T19:13:00Z,0.8,17.171875,17.140625,3.6,2024-10-23T19:20:00Z,6_1,Control
a4e9,6_1,Control,2024-10-23T19:34:00Z,0.78,16.3671875,16.3515625,3.6,2024-10-23T19:40:00Z,6_1,Control
a4e9,6_1,Control,2024-10-23T19:56:00Z,0.79,15.671875,15.6484375,3.6,2024-10-23T20:00:00Z,6_1,Control
a4e9,6_1,Control,2024-10-23T20:17:00Z,0.77,15.3515625,15.3203125,3.6,2024-10-23T20:20:00Z,6_1,Control
a4e9,6_1,Control,2024-10-23T20:39:00Z,0.78,14.8046875,14.7890625,3.6,2024-10-23T20:40:00Z,6_1,Control
a4e9,6_1,Control,2024-10-23T21:00:00Z,0.79,14.34375,14.3203125,3.59,2024-10-23T21:00:00Z,6_1,Control
a4e9,6_1,Control,2024-10-23T21:22:00Z,0.8,14.1953125,14.1640625,3.6,2024-10-23T21:20:00Z,6_1,Control
a4e9,6_1,Control,2024-10-23T21:43:00Z,0.79,14.2890625,14.265625,3.6,2024-10-23T21:40:00Z,6_1,Control
a4e9,6_1,Control,2024-10-23T22:05:00Z,0.8,14.34375,14.3125,3.6,2024-10-23T22:00:00Z,6_1,Control
a4e9,6_1,Control,2024-10-23T22:26:00Z,0.79,14.3515625,14.3359375,3.59,2024-10-23T22:20:00Z,6_1,Control
a4e9,6_1,Control,2024-10-23T22:48:00Z,0.78,13.984375,13.9609375,3.6,2024-10-23T22:40:00Z,6_1,Control
a4e9,6_1,Control,2024-10-23T23:09:00Z,0.79,14.109375,14.078125,3.59,2024-10-23T23:00:00Z,6_1,Control
a4e9,6_1,Control,2024-10-23T23:31:00Z,0.77,13.5703125,13.5546875,3.6,2024-10-23T23:40:00Z,6_1,Control
a4e9,6_1,Control,2024-10-23T23:52:00Z,0.79,13.1796875,13.15625,3.6,2024-10-24T00:00:00Z,6_1,Control
a4e9,6_1,Control,2024-10-24T00:13:00Z,0.82,13.7578125,13.6953125,3.59,2024-10-24T00:20:00Z,6_1,Control
a4e9,6_1,Control,2024-10-24T00:35:00Z,0.83,15.359375,15.2890625,3.6,2024-10-24T00:40:00Z,6_1,Control
a4e9,6_1,Control,2024-10-24T00:56:00Z,0.78,15.640625,15.6015625,3.6,2024-10-24T01:00:00Z,6_1,Control
a4e9,6_1,Control,2024-10-24T01:18:00Z,0.85,15.8828125,15.8203125,3.59,2024-10-24T01:20:00Z,6_1,Control
a4e9,6_1,Control,2024-10-24T01:39:00Z,0.8,16.1484375,16.109375,3.6,2024-10-24T01:40:00Z,6_1,Control
a4e9,6_1,Control,2024-10-24T02:01:00Z,0.82,15.9609375,15.9140625,3.59,2024-10-24T02:00:00Z,6_1,Control
a4e9,6_1,Control,2024-10-24T02:22:00Z,0.87,16.0859375,15.9921875,3.6,2024-10-24T02:20:00Z,6_1,Control
a4e9,6_1,Control,2024-10-24T02:44:00Z,0.93,16.8359375,16.71875,3.59,2024-10-24T02:40:00Z,6_1,Control
a4e9,6_1,Control,2024-10-24T03:05:00Z,1.01,17.59375,17.4296875,3.6,2024-10-24T03:00:00Z,6_1,Control
a4e9,6_1,Control,2024-10-24T03:27:00Z,1.05,19.859375,19.578125,3.6,2024-10-24T03:20:00Z,6_1,Control
a4e9,6_1,Control,2024-10-24T03:48:00Z,1.1,21.5078125,21.2109375,3.6,2024-10-24T03:40:00Z,6_1,Control
a4e9,6_1,Control,2024-10-24T04:10:00Z,1.17,24.109375,23.640625,3.61,2024-10-24T04:00:00Z,6_1,Control
a4e9,6_1,Control,2024-10-24T04:31:00Z,1.13,26.34375,25.7890625,3.61,2024-10-24T04:40:00Z,6_1,Control
a4e9,6_1,Control,2024-10-24T04:53:00Z,1.21,26.9921875,26.3828125,3.61,2024-10-24T05:00:00Z,6_1,Control
a4e9,6_1,Control,2024-10-24T05:14:00Z,1.28,26.03125,25.6640625,3.61,2024-10-24T05:20:00Z,6_1,Control
a4e9,6_1,Control,2024-10-24T05:35:00Z,1.2,25.8203125,25.578125,3.61,2024-10-24T05:40:00Z,6_1,Control
a4e9,6_1,Control,2024-10-24T05:57:00Z,1.21,26.8515625,26.703125,3.61,2024-10-24T06:00:00Z,6_1,Control
a4e9,6_1,Control,2024-10-24T06:18:00Z,1.25,27.203125,27.0234375,3.62,2024-10-24T06:20:00Z,6_1,Control
a4e9,6_1,Control,2024-10-24T06:40:00Z,1.2,27.6953125,27.5625,3.61,2024-10-24T06:40:00Z,6_1,Control
a4e9,6_1,Control,2024-10-24T07:01:00Z,1.24,28.484375,28.296875,3.61,2024-10-24T07:00:00Z,6_1,Control
a4e9,6_1,Control,2024-10-24T07:23:00Z,1.24,29.34375,29.1171875,3.62,2024-10-24T07:20:00Z,6_1,Control
a4e9,6_1,Control,2024-10-24T07:44:00Z,1.23,30,29.7890625,3.62,2024-10-24T07:40:00Z,6_1,Control
a4e9,6_1,Control,2024-10-24T08:06:00Z,1.24,30.1953125,29.9453125,3.61,2024-10-24T08:00:00Z,6_1,Control
a4e9,6_1,Control,2024-10-24T08:27:00Z,1.27,30.4375,30.3515625,3.62,2024-10-24T08:20:00Z,6_1,Control
a4e9,6_1,Control,2024-10-24T08:49:00Z,1.33,30.359375,30.2109375,3.61,2024-10-24T08:40:00Z,6_1,Control
a4e9,6_1,Control,2024-10-24T09:10:00Z,1.3,30.53125,30.4140625,3.61,2024-10-24T09:00:00Z,6_1,Control
a4e9,6_1,Control,2024-10-24T09:32:00Z,1.23,30.7890625,30.7578125,3.62,2024-10-24T09:40:00Z,6_1,Control
a4e9,6_1,Control,2024-10-24T09:53:00Z,1.25,31.1015625,31.28125,3.61,2024-10-24T10:00:00Z,6_1,Control
a4e9,6_1,Control,2024-10-24T10:15:00Z,1.26,31.578125,31.8046875,3.62,2024-10-24T10:20:00Z,6_1,Control
a4e9,6_1,Control,2024-10-24T10:36:00Z,1.3,31.6015625,31.6640625,3.62,2024-10-24T10:40:00Z,6_1,Control
a4e9,6_1,Control,2024-10-24T10:58:00Z,1.27,31.21875,31.140625,3.61,2024-10-24T11:00:00Z,6_1,Control
a4e9,6_1,Control,2024-10-24T11:19:00Z,1.2,30.28125,30.0546875,3.62,2024-10-24T11:20:00Z,6_1,Control
a4e9,6_1,Control,2024-10-24T11:40:00Z,1.21,29.0703125,28.8671875,3.62,2024-10-24T11:40:00Z,6_1,Control
a4e9,6_1,Control,2024-10-24T12:02:00Z,1.13,27.8828125,27.734375,3.62,2024-10-24T12:00:00Z,6_1,Control
a4e9,6_1,Control,2024-10-24T12:23:00Z,1.11,27.078125,27.015625,3.61,2024-10-24T12:20:00Z,6_1,Control
a4e9,6_1,Control,2024-10-24T12:45:00Z,1.06,26.5625,26.5390625,3.62,2024-10-24T12:40:00Z,6_1,Control
a4e9,6_1,Control,2024-10-24T13:06:00Z,1.02,26.0078125,26,3.62,2024-10-24T13:00:00Z,6_1,Control
a4e9,6_1,Control,2024-10-24T13:28:00Z,1.01,24.9765625,24.9375,3.62,2024-10-24T13:20:00Z,6_1,Control
a4e9,6_1,Control,2024-10-24T13:49:00Z,0.91,24.0078125,24.015625,3.62,2024-10-24T13:40:00Z,6_1,Control
a4e9,6_1,Control,2024-10-24T14:11:00Z,0.88,22.484375,22.453125,3.62,2024-10-24T14:20:00Z,6_1,Control
a4e9,6_1,Control,2024-10-24T14:32:00Z,0.8,20.4765625,20.4140625,3.61,2024-10-24T14:40:00Z,6_1,Control
a4e9,6_1,Control,2024-10-24T14:54:00Z,0.78,18.5078125,18.46875,3.61,2024-10-24T15:00:00Z,6_1,Control
a4e9,6_1,Control,2024-10-24T15:15:00Z,0.77,16.8984375,16.9140625,3.61,2024-10-24T15:20:00Z,6_1,Control
a4e9,6_1,Control,2024-10-24T15:37:00Z,0.76,15.6640625,15.6875,3.61,2024-10-24T15:40:00Z,6_1,Control
a4e9,6_1,Control,2024-10-24T15:58:00Z,0.78,14.734375,14.7734375,3.6,2024-10-24T16:00:00Z,6_1,Control
a4e9,6_1,Control,2024-10-24T16:20:00Z,0.77,14.0078125,14.046875,3.61,2024-10-24T16:20:00Z,6_1,Control
a4e9,6_1,Control,2024-10-24T16:41:00Z,0.78,13.3984375,13.4375,3.6,2024-10-24T16:40:00Z,6_1,Control
a4e9,6_1,Control,2024-10-24T17:02:00Z,0.78,12.9921875,13.0234375,3.6,2024-10-24T17:00:00Z,6_1,Control
a4e9,6_1,Control,2024-10-24T17:24:00Z,0.78,12.6015625,12.6328125,3.6,2024-10-24T17:20:00Z,6_1,Control
a4e9,6_1,Control,2024-10-24T17:45:00Z,0.77,12.0703125,12.1015625,3.6,2024-10-24T17:40:00Z,6_1,Control
a4e9,6_1,Control,2024-10-24T18:07:00Z,0.78,11.578125,11.6015625,3.59,2024-10-24T18:00:00Z,6_1,Control
a4e9,6_1,Control,2024-10-24T18:28:00Z,0.79,11.2421875,11.2578125,3.6,2024-10-24T18:20:00Z,6_1,Control
a4e9,6_1,Control,2024-10-24T18:50:00Z,0.79,11.0546875,11.0703125,3.6,2024-10-24T18:40:00Z,6_1,Control
a4e9,6_1,Control,2024-10-24T19:11:00Z,0.78,10.9296875,10.9375,3.59,2024-10-24T19:20:00Z,6_1,Control
a4e9,6_1,Control,2024-10-24T19:33:00Z,0.77,10.6796875,10.6953125,3.59,2024-10-24T19:40:00Z,6_1,Control
a4e9,6_1,Control,2024-10-24T19:54:00Z,0.78,10.4453125,10.453125,3.59,2024-10-24T20:00:00Z,6_1,Control
a4e9,6_1,Control,2024-10-24T20:16:00Z,0.77,10.2890625,10.296875,3.59,2024-10-24T20:20:00Z,6_1,Control
a4e9,6_1,Control,2024-10-24T20:37:00Z,0.78,10.1953125,10.203125,3.6,2024-10-24T20:40:00Z,6_1,Control
a4e9,6_1,Control,2024-10-24T20:59:00Z,0.78,10.078125,10.0859375,3.6,2024-10-24T21:00:00Z,6_1,Control
a4e9,6_1,Control,2024-10-24T21:20:00Z,0.78,9.9296875,9.9375,3.59,2024-10-24T21:20:00Z,6_1,Control
a4e9,6_1,Control,2024-10-24T21:42:00Z,0.77,9.7734375,9.78125,3.6,2024-10-24T21:40:00Z,6_1,Control
a4e9,6_1,Control,2024-10-24T22:03:00Z,0.78,9.53125,9.5390625,3.59,2024-10-24T22:00:00Z,6_1,Control
a4e9,6_1,Control,2024-10-24T22:24:00Z,0.78,9.3671875,9.3671875,3.6,2024-10-24T22:20:00Z,6_1,Control
a4e9,6_1,Control,2024-10-24T22:46:00Z,0.77,9.21875,9.21875,3.59,2024-10-24T22:40:00Z,6_1,Control
a4e9,6_1,Control,2024-10-24T23:07:00Z,0.77,9.0859375,9.0859375,3.6,2024-10-24T23:00:00Z,6_1,Control
a4e9,6_1,Control,2024-10-24T23:29:00Z,0.78,8.8828125,8.8828125,3.59,2024-10-24T23:20:00Z,6_1,Control
a4e9,6_1,Control,2024-10-24T23:50:00Z,0.78,8.5390625,8.546875,3.59,2024-10-24T23:40:00Z,6_1,Control
a4e9,6_1,Control,2024-10-25T00:12:00Z,0.78,8.171875,8.1796875,3.59,2024-10-25T00:20:00Z,6_1,Control
a4e9,6_1,Control,2024-10-25T00:33:00Z,0.78,8.1484375,8.140625,3.59,2024-10-25T00:40:00Z,6_1,Control
a4e9,6_1,Control,2024-10-25T00:55:00Z,0.78,8.15625,8.1484375,3.59,2024-10-25T01:00:00Z,6_1,Control
a4e9,6_1,Control,2024-10-25T01:16:00Z,0.8,8.1875,8.171875,3.59,2024-10-25T01:20:00Z,6_1,Control
a4e9,6_1,Control,2024-10-25T01:38:00Z,0.78,8.21875,8.2109375,3.59,2024-10-25T01:40:00Z,6_1,Control
a4e9,6_1,Control,2024-10-25T01:59:00Z,0.78,8.109375,8.1171875,3.59,2024-10-25T02:00:00Z,6_1,Control
a4e9,6_1,Control,2024-10-25T02:21:00Z,0.78,8.140625,8.125,3.59,2024-10-25T02:20:00Z,6_1,Control
a4e9,6_1,Control,2024-10-25T02:42:00Z,0.81,8.21875,8.1875,3.59,2024-10-25T02:40:00Z,6_1,Control
a4e9,6_1,Control,2024-10-25T03:04:00Z,0.81,8.4296875,8.3828125,3.59,2024-10-25T03:00:00Z,6_1,Control
a4e9,6_1,Control,2024-10-25T03:25:00Z,0.82,9.046875,8.9609375,3.59,2024-10-25T03:20:00Z,6_1,Control
a4e9,6_1,Control,2024-10-25T03:46:00Z,0.93,10.4453125,10.234375,3.59,2024-10-25T03:40:00Z,6_1,Control
a4e9,6_1,Control,2024-10-25T04:08:00Z,0.92,13.5625,13.1796875,3.59,2024-10-25T04:00:00Z,6_1,Control
a4e9,6_1,Control,2024-10-25T04:29:00Z,0.93,15.25,14.9765625,3.6,2024-10-25T04:20:00Z,6_1,Control
a4e9,6_1,Control,2024-10-25T04:51:00Z,0.93,16.0234375,15.7890625,3.6,2024-10-25T05:00:00Z,6_1,Control
a4e9,6_1,Control,2024-10-25T05:12:00Z,0.99,16.2265625,16.2109375,3.6,2024-10-25T05:20:00Z,6_1,Control
a4e9,6_1,Control,2024-10-25T05:34:00Z,0.98,16.8671875,16.7734375,3.61,2024-10-25T05:40:00Z,6_1,Control
a4e9,6_1,Control,2024-10-25T05:55:00Z,0.99,17.5390625,17.5234375,3.61,2024-10-25T06:00:00Z,6_1,Control
a4e9,6_1,Control,2024-10-25T06:17:00Z,1.05,18.0234375,17.9765625,3.61,2024-10-25T06:20:00Z,6_1,Control
a4e9,6_1,Control,2024-10-25T06:38:00Z,1.03,19.75,19.8203125,3.6,2024-10-25T06:40:00Z,6_1,Control
a4e9,6_1,Control,2024-10-25T07:00:00Z,1.11,20.8984375,20.9140625,3.61,2024-10-25T07:00:00Z,6_1,Control
a4e9,6_1,Control,2024-10-25T07:21:00Z,1.13,22.109375,21.9609375,3.61,2024-10-25T07:20:00Z,6_1,Control
a4e9,6_1,Control,2024-10-25T07:43:00Z,1.12,23.1796875,22.9921875,3.61,2024-10-25T07:40:00Z,6_1,Control
a4e9,6_1,Control,2024-10-25T08:04:00Z,1.2,24.1484375,23.8984375,3.61,2024-10-25T08:00:00Z,6_1,Control
a4e9,6_1,Control,2024-10-25T08:26:00Z,1.13,24.4140625,24.3515625,3.61,2024-10-25T08:20:00Z,6_1,Control
a4e9,6_1,Control,2024-10-25T08:47:00Z,1.21,24.9375,24.90625,3.61,2024-10-25T08:40:00Z,6_1,Control
a4e9,6_1,Control,2024-10-25T09:08:00Z,1.3,25.140625,25.0546875,3.61,2024-10-25T09:00:00Z,6_1,Control
a4e9,6_1,Control,2024-10-25T09:30:00Z,1.16,25.25,25.203125,3.61,2024-10-25T09:40:00Z,6_1,Control
a4e9,6_1,Control,2024-10-25T09:51:00Z,1.18,25.3046875,25.515625,3.61,2024-10-25T10:00:00Z,6_1,Control
a4e9,6_1,Control,2024-10-25T10:13:00Z,1.21,25.8203125,26.1875,3.61,2024-10-25T10:20:00Z,6_1,Control
a4e9,6_1,Control,2024-10-25T10:34:00Z,1.22,26.703125,26.953125,3.61,2024-10-25T10:40:00Z,6_1,Control
a4e9,6_1,Control,2024-10-25T10:56:00Z,1.21,26.453125,26.4375,3.61,2024-10-25T11:00:00Z,6_1,Control
a4e9,6_1,Control,2024-10-25T11:17:00Z,1.16,25.8828125,25.7734375,3.62,2024-10-25T11:20:00Z,6_1,Control
a4e9,6_1,Control,2024-10-25T11:39:00Z,1.16,25.2578125,25.125,3.61,2024-10-25T11:40:00Z,6_1,Control
a4e9,6_1,Control,2024-10-25T12:00:00Z,1.05,24.28125,24.2265625,3.61,2024-10-25T12:00:00Z,6_1,Control
a4e9,6_1,Control,2024-10-25T12:22:00Z,1.07,23.3984375,23.484375,3.61,2024-10-25T12:20:00Z,6_1,Control
a4e9,6_1,Control,2024-10-25T12:43:00Z,1.03,22.3203125,22.4296875,3.61,2024-10-25T12:40:00Z,6_1,Control
a4e9,6_1,Control,2024-10-25T13:05:00Z,0.98,21.6328125,21.765625,3.61,2024-10-25T13:00:00Z,6_1,Control
a4e9,6_1,Control,2024-10-25T13:26:00Z,0.95,20.9296875,21.0390625,3.61,2024-10-25T13:20:00Z,6_1,Control
a4e9,6_1,Control,2024-10-25T13:48:00Z,0.91,20.0703125,20.15625,3.61,2024-10-25T13:40:00Z,6_1,Control
a4e9,6_1,Control,2024-10-25T14:09:00Z,0.87,19.0625,19.109375,3.6,2024-10-25T14:00:00Z,6_1,Control
a4e9,6_1,Control,2024-10-25T14:30:00Z,0.85,17.8046875,17.7890625,3.6,2024-10-25T14:40:00Z,6_1,Control
a4e9,6_1,Control,2024-10-25T14:52:00Z,0.79,16.0859375,16.0546875,3.6,2024-10-25T15:00:00Z,6_1,Control
a4e9,6_1,Control,2024-10-25T15:13:00Z,0.79,14.765625,14.765625,3.61,2024-10-25T15:20:00Z,6_1,Control
a4e9,6_1,Control,2024-10-25T15:35:00Z,0.78,13.9375,13.953125,3.6,2024-10-25T15:40:00Z,6_1,Control
a4e9,6_1,Control,2024-10-25T15:56:00Z,0.79,13.25,13.2890625,3.6,2024-10-25T16:00:00Z,6_1,Control
a4e9,6_1,Control,2024-10-25T16:18:00Z,0.78,12.6796875,12.703125,3.6,2024-10-25T16:20:00Z,6_1,Control
a4e9,6_1,Control,2024-10-25T16:39:00Z,0.79,12,12.0234375,3.6,2024-10-25T16:40:00Z,6_1,Control
a4e9,6_1,Control,2024-10-25T17:01:00Z,0.78,11.625,11.640625,3.6,2024-10-25T17:00:00Z,6_1,Control
a4e9,6_1,Control,2024-10-25T17:22:00Z,0.79,11.421875,11.4375,3.59,2024-10-25T17:20:00Z,6_1,Control
a4e9,6_1,Control,2024-10-25T17:44:00Z,0.79,11.3984375,11.40625,3.6,2024-10-25T17:40:00Z,6_1,Control
a4e9,6_1,Control,2024-10-25T18:05:00Z,0.78,11.2890625,11.3046875,3.6,2024-10-25T18:00:00Z,6_1,Control
a4e9,6_1,Control,2024-10-25T18:27:00Z,0.79,11.2265625,11.234375,3.59,2024-10-25T18:20:00Z,6_1,Control
a4e9,6_1,Control,2024-10-25T18:48:00Z,0.75,10.8359375,10.8828125,3.6,2024-10-25T18:40:00Z,6_1,Control
a4e9,6_1,Control,2024-10-25T19:10:00Z,0.76,9.9375,10,3.6,2024-10-25T19:00:00Z,6_1,Control
a4e9,6_1,Control,2024-10-25T19:31:00Z,0.76,8.984375,9.046875,3.59,2024-10-25T19:40:00Z,6_1,Control
a4e9,6_1,Control,2024-10-25T19:52:00Z,0.77,8.2578125,8.3125,3.59,2024-10-25T20:00:00Z,6_1,Control
a4e9,6_1,Control,2024-10-25T20:14:00Z,0.8,7.9921875,8.015625,3.59,2024-10-25T20:20:00Z,6_1,Control
a4e9,6_1,Control,2024-10-25T20:35:00Z,0.81,8.8359375,8.796875,3.59,2024-10-25T20:40:00Z,6_1,Control
a4e9,6_1,Control,2024-10-25T20:57:00Z,0.77,8.96875,8.984375,3.59,2024-10-25T21:00:00Z,6_1,Control
a4e9,6_1,Control,2024-10-25T21:18:00Z,0.76,8.2421875,8.2890625,3.59,2024-10-25T21:20:00Z,6_1,Control
a4e9,6_1,Control,2024-10-25T21:40:00Z,0.76,7.4765625,7.53125,3.59,2024-10-25T21:40:00Z,6_1,Control
a4e9,6_1,Control,2024-10-25T22:01:00Z,0.78,7.1328125,7.1796875,3.59,2024-10-25T22:00:00Z,6_1,Control
a4e9,6_1,Control,2024-10-25T22:23:00Z,0.78,6.7421875,6.78125,3.59,2024-10-25T22:20:00Z,6_1,Control
a4e9,6_1,Control,2024-10-25T22:44:00Z,0.78,6.609375,6.6328125,3.59,2024-10-25T22:40:00Z,6_1,Control
a4e9,6_1,Control,2024-10-25T23:06:00Z,0.78,6.3203125,6.3671875,3.59,2024-10-25T23:00:00Z,6_1,Control
a4e9,6_1,Control,2024-10-25T23:27:00Z,0.78,6.078125,6.1171875,3.58,2024-10-25T23:20:00Z,6_1,Control
a4e9,6_1,Control,2024-10-25T23:49:00Z,0.81,6.1640625,6.1796875,3.59,2024-10-25T23:40:00Z,6_1,Control
a4e9,6_1,Control,2024-10-26T00:10:00Z,0.8,7.015625,7.015625,3.58,2024-10-26T00:00:00Z,6_1,Control
a4e9,6_1,Control,2024-10-26T00:32:00Z,0.78,7.421875,7.4296875,3.58,2024-10-26T00:40:00Z,6_1,Control
a4e9,6_1,Control,2024-10-26T00:53:00Z,0.76,6.8515625,6.890625,3.59,2024-10-26T01:00:00Z,6_1,Control
a4e9,6_1,Control,2024-10-26T01:14:00Z,0.8,6.84375,6.8671875,3.58,2024-10-26T01:20:00Z,6_1,Control
a4e9,6_1,Control,2024-10-26T01:36:00Z,0.77,6.828125,6.859375,3.59,2024-10-26T01:40:00Z,6_1,Control
a4e9,6_1,Control,2024-10-26T01:57:00Z,0.78,6.609375,6.625,3.59,2024-10-26T02:00:00Z,6_1,Control
a4e9,6_1,Control,2024-10-26T02:19:00Z,0.81,6.703125,6.6875,3.59,2024-10-26T02:20:00Z,6_1,Control
a4e9,6_1,Control,2024-10-26T02:40:00Z,0.88,8.046875,7.90625,3.58,2024-10-26T02:40:00Z,6_1,Control
a4e9,6_1,Control,2024-10-26T03:02:00Z,0.93,10.4453125,10.2109375,3.59,2024-10-26T03:00:00Z,6_1,Control
a4e9,6_1,Control,2024-10-26T03:23:00Z,0.92,13.7109375,13.3671875,3.58,2024-10-26T03:20:00Z,6_1,Control
a4e9,6_1,Control,2024-10-26T03:45:00Z,0.97,16.2734375,16.015625,3.59,2024-10-26T03:40:00Z,6_1,Control
a4e9,6_1,Control,2024-10-26T04:06:00Z,0.98,18.4609375,18.171875,3.6,2024-10-26T04:00:00Z,6_1,Control
a4e9,6_1,Control,2024-10-26T04:28:00Z,0.92,19.5546875,19.2109375,3.6,2024-10-26T04:20:00Z,6_1,Control
a4e9,6_1,Control,2024-10-26T04:49:00Z,0.97,20.0859375,19.8046875,3.61,2024-10-26T04:40:00Z,6_1,Control
a4e9,6_1,Control,2024-10-26T05:11:00Z,1.04,19.3046875,19.34375,3.6,2024-10-26T05:20:00Z,6_1,Control
a4e9,6_1,Control,2024-10-26T05:32:00Z,1.04,19.4453125,19.375,3.61,2024-10-26T05:40:00Z,6_1,Control
a4e9,6_1,Control,2024-10-26T05:54:00Z,1.08,20.1875,20.25,3.61,2024-10-26T06:00:00Z,6_1,Control
a4e9,6_1,Control,2024-10-26T06:15:00Z,1.08,21.2265625,21.2890625,3.61,2024-10-26T06:20:00Z,6_1,Control
a4e9,6_1,Control,2024-10-26T06:36:00Z,1.09,21.921875,22,3.6,2024-10-26T06:40:00Z,6_1,Control
a4e9,6_1,Control,2024-10-26T06:58:00Z,1.12,22.96875,22.9765625,3.6,2024-10-26T07:00:00Z,6_1,Control
a4e9,6_1,Control,2024-10-26T07:19:00Z,1.17,23.796875,23.7421875,3.61,2024-10-26T07:20:00Z,6_1,Control
a4e9,6_1,Control,2024-10-26T07:41:00Z,1.16,24.6875,24.6171875,3.61,2024-10-26T07:40:00Z,6_1,Control
a4e9,6_1,Control,2024-10-26T08:02:00Z,1.22,25.90625,25.890625,3.61,2024-10-26T08:00:00Z,6_1,Control
a4e9,6_1,Control,2024-10-26T08:24:00Z,1.17,26.640625,26.6640625,3.61,2024-10-26T08:20:00Z,6_1,Control
a4e9,6_1,Control,2024-10-26T08:45:00Z,1.27,27.6484375,27.71875,3.61,2024-10-26T08:40:00Z,6_1,Control
a4e9,6_1,Control,2024-10-26T09:07:00Z,1.31,28.4140625,28.453125,3.62,2024-10-26T09:00:00Z,6_1,Control
a4e9,6_1,Control,2024-10-26T09:28:00Z,1.27,29.0625,29.0859375,3.62,2024-10-26T09:20:00Z,6_1,Control
a4e9,6_1,Control,2024-10-26T09:50:00Z,1.26,29.5,29.6875,3.62,2024-10-26T09:40:00Z,6_1,Control
a4e9,6_1,Control,2024-10-26T10:11:00Z,1.3,29.7421875,29.9140625,3.62,2024-10-26T10:20:00Z,6_1,Control
a4e9,6_1,Control,2024-10-26T10:33:00Z,1.39,29.8203125,29.8203125,3.61,2024-10-26T10:40:00Z,6_1,Control
a4e9,6_1,Control,2024-10-26T10:54:00Z,1.24,29.4453125,29.4140625,3.61,2024-10-26T11:00:00Z,6_1,Control
a4e9,6_1,Control,2024-10-26T11:16:00Z,1.26,28.734375,28.6875,3.61,2024-10-26T11:20:00Z,6_1,Control
a4e9,6_1,Control,2024-10-26T11:37:00Z,1.19,27.921875,27.84375,3.61,2024-10-26T11:40:00Z,6_1,Control
a4e9,6_1,Control,2024-10-26T11:58:00Z,1.19,27.9765625,27.9765625,3.61,2024-10-26T12:00:00Z,6_1,Control
a4e9,6_1,Control,2024-10-26T12:20:00Z,1.12,27.4765625,27.40625,3.62,2024-10-26T12:20:00Z,6_1,Control
a4e9,6_1,Control,2024-10-26T12:41:00Z,1.09,27.3828125,27.3515625,3.62,2024-10-26T12:40:00Z,6_1,Control
a4e9,6_1,Control,2024-10-26T13:03:00Z,1.05,27.0546875,27.0078125,3.62,2024-10-26T13:00:00Z,6_1,Control
a4e9,6_1,Control,2024-10-26T13:24:00Z,1.02,26.4921875,26.3828125,3.62,2024-10-26T13:20:00Z,6_1,Control
a4e9,6_1,Control,2024-10-26T13:46:00Z,0.97,25.4609375,25.328125,3.61,2024-10-26T13:40:00Z,6_1,Control
a4e9,6_1,Control,2024-10-26T14:07:00Z,0.88,24.2265625,24.125,3.61,2024-10-26T14:00:00Z,6_1,Control
a4e9,6_1,Control,2024-10-26T14:29:00Z,0.82,22.5390625,22.4296875,3.61,2024-10-26T14:20:00Z,6_1,Control
a4e9,6_1,Control,2024-10-26T14:50:00Z,0.81,21.390625,21.3359375,3.61,2024-10-26T14:40:00Z,6_1,Control
a4e9,6_1,Control,2024-10-26T15:12:00Z,0.8,20.4140625,20.390625,3.61,2024-10-26T15:20:00Z,6_1,Control
a4e9,6_1,Control,2024-10-26T15:33:00Z,0.8,19.8828125,19.859375,3.61,2024-10-26T15:40:00Z,6_1,Control
a4e9,6_1,Control,2024-10-26T15:55:00Z,0.81,19.5234375,19.5,3.61,2024-10-26T16:00:00Z,6_1,Control
a4e9,6_1,Control,2024-10-26T16:16:00Z,0.8,19.2109375,19.1796875,3.61,2024-10-26T16:20:00Z,6_1,Control
a4e9,6_1,Control,2024-10-26T16:38:00Z,0.8,18.578125,18.546875,3.61,2024-10-26T16:40:00Z,6_1,Control
a4e9,6_1,Control,2024-10-26T16:59:00Z,0.8,18.1171875,18.09375,3.61,2024-10-26T17:00:00Z,6_1,Control
a4e9,6_1,Control,2024-10-26T17:21:00Z,0.79,17.71875,17.703125,3.6,2024-10-26T17:20:00Z,6_1,Control
a4e9,6_1,Control,2024-10-26T17:42:00Z,0.79,17.1171875,17.1015625,3.61,2024-10-26T17:40:00Z,6_1,Control
a4e9,6_1,Control,2024-10-26T18:03:00Z,0.79,16.71875,16.703125,3.6,2024-10-26T18:00:00Z,6_1,Control
a4e9,6_1,Control,2024-10-26T18:25:00Z,0.79,16.4921875,16.4765625,3.6,2024-10-26T18:20:00Z,6_1,Control
a4e9,6_1,Control,2024-10-26T18:46:00Z,0.75,15.7265625,15.734375,3.6,2024-10-26T18:40:00Z,6_1,Control
a4e9,6_1,Control,2024-10-26T19:08:00Z,0.77,14.5625,14.578125,3.6,2024-10-26T19:00:00Z,6_1,Control
a4e9,6_1,Control,2024-10-26T19:29:00Z,0.75,13.484375,13.5078125,3.6,2024-10-26T19:20:00Z,6_1,Control
a4e9,6_1,Control,2024-10-26T19:51:00Z,0.78,12.53125,12.5234375,3.6,2024-10-26T20:00:00Z,6_1,Control
a4e9,6_1,Control,2024-10-26T20:12:00Z,0.77,11.8515625,11.8515625,3.6,2024-10-26T20:20:00Z,6_1,Control
a4e9,6_1,Control,2024-10-26T20:34:00Z,0.78,11.203125,11.203125,3.59,2024-10-26T20:40:00Z,6_1,Control
a4e9,6_1,Control,2024-10-26T20:55:00Z,0.78,10.765625,10.765625,3.6,2024-10-26T21:00:00Z,6_1,Control
a4e9,6_1,Control,2024-10-26T21:17:00Z,0.77,10.3046875,10.296875,3.59,2024-10-26T21:20:00Z,6_1,Control
a4e9,6_1,Control,2024-10-26T21:38:00Z,0.79,9.9765625,9.96875,3.59,2024-10-26T21:40:00Z,6_1,Control
a4e9,6_1,Control,2024-10-26T22:00:00Z,0.8,9.890625,9.8671875,3.59,2024-10-26T22:00:00Z,6_1,Control
a4e9,6_1,Control,2024-10-26T22:21:00Z,0.79,9.796875,9.7734375,3.6,2024-10-26T22:20:00Z,6_1,Control
a4e9,6_1,Control,2024-10-26T22:43:00Z,0.79,9.6171875,9.6015625,3.59,2024-10-26T22:40:00Z,6_1,Control
a4e9,6_1,Control,2024-10-26T23:04:00Z,0.79,9.3828125,9.3671875,3.59,2024-10-26T23:00:00Z,6_1,Control
a4e9,6_1,Control,2024-10-26T23:25:00Z,0.79,8.9375,8.921875,3.59,2024-10-26T23:20:00Z,6_1,Control
a4e9,6_1,Control,2024-10-26T23:47:00Z,0.79,8.4609375,8.4375,3.58,2024-10-26T23:40:00Z,6_1,Control
a4e9,6_1,Control,2024-10-27T00:08:00Z,0.79,8.1328125,8.109375,3.59,2024-10-27T00:00:00Z,6_1,Control
a4e9,6_1,Control,2024-10-27T00:30:00Z,0.79,7.8828125,7.8671875,3.59,2024-10-27T00:40:00Z,6_1,Control
a4e9,6_1,Control,2024-10-27T00:51:00Z,0.77,7.515625,7.4921875,3.58,2024-10-27T01:00:00Z,6_1,Control
a4e9,6_1,Control,2024-10-27T01:13:00Z,0.79,7.0703125,7.0390625,3.59,2024-10-27T01:20:00Z,6_1,Control
a4e9,6_1,Control,2024-10-27T01:34:00Z,0.8,7.296875,7.265625,3.59,2024-10-27T01:40:00Z,6_1,Control
a4e9,6_1,Control,2024-10-27T01:56:00Z,0.79,7.484375,7.4609375,3.59,2024-10-27T02:00:00Z,6_1,Control
a4e9,6_1,Control,2024-10-27T02:17:00Z,0.79,7.3515625,7.3359375,3.58,2024-10-27T02:20:00Z,6_1,Control
a4e9,6_1,Control,2024-10-27T02:39:00Z,0.76,6.5234375,6.5390625,3.59,2024-10-27T02:40:00Z,6_1,Control
a4e9,6_1,Control,2024-10-27T03:00:00Z,0.79,6.328125,6.328125,3.58,2024-10-27T03:00:00Z,6_1,Control
a4e9,6_1,Control,2024-10-27T03:22:00Z,0.8,6.734375,6.7265625,3.59,2024-10-27T03:20:00Z,6_1,Control
a4e9,6_1,Control,2024-10-27T03:43:00Z,0.81,6.7734375,6.7734375,3.59,2024-10-27T03:40:00Z,6_1,Control
a4e9,6_1,Control,2024-10-27T04:05:00Z,0.84,7.203125,7.203125,3.58,2024-10-27T04:00:00Z,6_1,Control
a4e9,6_1,Control,2024-10-27T04:26:00Z,0.85,8.453125,8.453125,3.58,2024-10-27T04:20:00Z,6_1,Control
a4e9,6_1,Control,2024-10-27T04:47:00Z,0.9,9.90625,9.8515625,3.59,2024-10-27T04:40:00Z,6_1,Control
a4e9,6_1,Control,2024-10-27T05:09:00Z,0.91,11.265625,11.2109375,3.59,2024-10-27T05:00:00Z,6_1,Control
a4e9,6_1,Control,2024-10-27T05:30:00Z,0.88,11.453125,11.3828125,3.59,2024-10-27T05:40:00Z,6_1,Control
a4e9,6_1,Control,2024-10-27T05:52:00Z,0.92,12.8984375,12.8046875,3.6,2024-10-27T06:00:00Z,6_1,Control
a4e9,6_1,Control,2024-10-27T06:13:00Z,0.98,14.3203125,14.2421875,3.59,2024-10-27T06:20:00Z,6_1,Control
a4e9,6_1,Control,2024-10-27T06:35:00Z,0.98,14.890625,14.765625,3.6,2024-10-27T06:40:00Z,6_1,Control
a4e9,6_1,Control,2024-10-27T06:56:00Z,0.96,14.9296875,14.8046875,3.6,2024-10-27T07:00:00Z,6_1,Control
a4e9,6_1,Control,2024-10-27T07:18:00Z,1.01,15.515625,15.4375,3.6,2024-10-27T07:20:00Z,6_1,Control
a4e9,6_1,Control,2024-10-27T07:39:00Z,0.98,15.828125,15.734375,3.6,2024-10-27T07:40:00Z,6_1,Control
a4e9,6_1,Control,2024-10-27T08:01:00Z,1.03,16.1328125,16.03125,3.6,2024-10-27T08:00:00Z,6_1,Control
a4e9,6_1,Control,2024-10-27T08:22:00Z,1.04,16.84375,16.734375,3.61,2024-10-27T08:20:00Z,6_1,Control
a4e9,6_1,Control,2024-10-27T08:44:00Z,1.02,16.6484375,16.5546875,3.6,2024-10-27T08:40:00Z,6_1,Control
a4e9,6_1,Control,2024-10-27T09:05:00Z,1.07,16.859375,16.8203125,3.61,2024-10-27T09:00:00Z,6_1,Control
a4e9,6_1,Control,2024-10-27T09:27:00Z,1.06,17.1484375,17.125,3.6,2024-10-27T09:20:00Z,6_1,Control
a4e9,6_1,Control,2024-10-27T09:48:00Z,1.05,16.9921875,16.9921875,3.59,2024-10-27T09:40:00Z,6_1,Control
a4e9,6_1,Control,2024-10-27T10:09:00Z,1.09,18.3671875,18.5390625,3.6,2024-10-27T10:00:00Z,6_1,Control
a4e9,6_1,Control,2024-10-27T10:31:00Z,1.13,18.3046875,18.28125,3.6,2024-10-27T10:40:00Z,6_1,Control
a4e9,6_1,Control,2024-10-27T10:52:00Z,0.99,17.0234375,16.890625,3.6,2024-10-27T11:00:00Z,6_1,Control
a4e9,6_1,Control,2024-10-27T11:14:00Z,0.95,15.5390625,15.3984375,3.59,2024-10-27T11:20:00Z,6_1,Control
a4e9,6_1,Control,2024-10-27T11:35:00Z,0.92,15.015625,14.9296875,3.6,2024-10-27T11:40:00Z,6_1,Control
a4e9,6_1,Control,2024-10-27T11:57:00Z,0.89,14.453125,14.375,3.6,2024-10-27T12:00:00Z,6_1,Control
a4e9,6_1,Control,2024-10-27T12:18:00Z,0.86,13.828125,13.7578125,3.6,2024-10-27T12:20:00Z,6_1,Control
a4e9,6_1,Control,2024-10-27T12:40:00Z,0.74,12.1015625,12.0703125,3.6,2024-10-27T12:40:00Z,6_1,Control
a4e9,6_1,Control,2024-10-27T13:01:00Z,0.75,10.34375,10.3359375,3.59,2024-10-27T13:00:00Z,6_1,Control
a4e9,6_1,Control,2024-10-27T13:23:00Z,0.77,9.4140625,9.4140625,3.59,2024-10-27T13:20:00Z,6_1,Control
a4e9,6_1,Control,2024-10-27T13:44:00Z,0.79,9.0078125,9,3.59,2024-10-27T13:40:00Z,6_1,Control
a4e9,6_1,Control,2024-10-27T14:06:00Z,0.78,8.7734375,8.765625,3.59,2024-10-27T14:00:00Z,6_1,Control
a4e9,6_1,Control,2024-10-27T14:27:00Z,0.78,8.625,8.6171875,3.59,2024-10-27T14:20:00Z,6_1,Control
a4e9,6_1,Control,2024-10-27T14:49:00Z,0.78,8.59375,8.5859375,3.59,2024-10-27T14:40:00Z,6_1,Control
a4e9,6_1,Control,2024-10-27T15:10:00Z,0.8,8.6171875,8.609375,3.59,2024-10-27T15:00:00Z,6_1,Control
a4e9,6_1,Control,2024-10-27T15:32:00Z,0.8,8.7578125,8.7421875,3.58,2024-10-27T15:40:00Z,6_1,Control
a4e9,6_1,Control,2024-10-27T15:53:00Z,0.79,8.8671875,8.8515625,3.58,2024-10-27T16:00:00Z,6_1,Control
a4e9,6_1,Control,2024-10-27T16:14:00Z,0.79,8.9296875,8.9140625,3.59,2024-10-27T16:20:00Z,6_1,Control
a4e9,6_1,Control,2024-10-27T16:36:00Z,0.79,9.0234375,9.0078125,3.58,2024-10-27T16:40:00Z,6_1,Control
a4e9,6_1,Control,2024-10-27T16:57:00Z,0.78,9.15625,9.1328125,3.59,2024-10-27T17:00:00Z,6_1,Control
a4e9,6_1,Control,2024-10-27T17:19:00Z,0.78,9.2421875,9.21875,3.58,2024-10-27T17:20:00Z,6_1,Control
a4e9,6_1,Control,2024-10-27T17:40:00Z,0.81,9.390625,9.375,3.58,2024-10-27T17:40:00Z,6_1,Control
a4e9,6_1,Control,2024-10-27T18:02:00Z,0.78,9.6015625,9.578125,3.59,2024-10-27T18:00:00Z,6_1,Control
a4e9,6_1,Control,2024-10-27T18:23:00Z,0.79,9.640625,9.625,3.59,2024-10-27T18:20:00Z,6_1,Control
a4e9,6_1,Control,2024-10-27T18:45:00Z,0.78,9.6328125,9.609375,3.58,2024-10-27T18:40:00Z,6_1,Control
a4e9,6_1,Control,2024-10-27T19:06:00Z,0.78,9.59375,9.578125,3.58,2024-10-27T19:00:00Z,6_1,Control
a4e9,6_1,Control,2024-10-27T19:28:00Z,0.8,9.5546875,9.5390625,3.59,2024-10-27T19:20:00Z,6_1,Control
a4e9,6_1,Control,2024-10-27T19:49:00Z,0.78,9.6640625,9.640625,3.58,2024-10-27T19:40:00Z,6_1,Control
a4e9,6_1,Control,2024-10-27T20:11:00Z,0.78,9.7421875,9.71875,3.58,2024-10-27T20:20:00Z,6_1,Control
a4e9,6_1,Control,2024-10-27T20:32:00Z,0.77,9.7109375,9.6953125,3.59,2024-10-27T20:40:00Z,6_1,Control
a4e9,6_1,Control,2024-10-27T20:54:00Z,0.78,9.671875,9.65625,3.59,2024-10-27T21:00:00Z,6_1,Control
a4e9,6_1,Control,2024-10-27T21:15:00Z,0.78,9.59375,9.578125,3.58,2024-10-27T21:20:00Z,6_1,Control
a4e9,6_1,Control,2024-10-27T21:36:00Z,0.78,9.703125,9.6875,3.58,2024-10-27T21:40:00Z,6_1,Control
a4e9,6_1,Control,2024-10-27T21:58:00Z,0.79,9.921875,9.8984375,3.59,2024-10-27T22:00:00Z,6_1,Control
a4e9,6_1,Control,2024-10-27T22:19:00Z,0.79,10.0390625,10.0234375,3.58,2024-10-27T22:20:00Z,6_1,Control
a4e9,6_1,Control,2024-10-27T22:41:00Z,0.79,10.125,10.109375,3.58,2024-10-27T22:40:00Z,6_1,Control
a4e9,6_1,Control,2024-10-27T23:02:00Z,0.79,10.1953125,10.171875,3.58,2024-10-27T23:00:00Z,6_1,Control
a4e9,6_1,Control,2024-10-27T23:24:00Z,0.77,10.1953125,10.171875,3.58,2024-10-27T23:20:00Z,6_1,Control
a4e9,6_1,Control,2024-10-27T23:45:00Z,0.75,10.03125,10.015625,3.58,2024-10-27T23:40:00Z,6_1,Control
a4e9,6_1,Control,2024-10-28T00:07:00Z,0.78,10.0078125,9.9921875,3.58,2024-10-28T00:00:00Z,6_1,Control
a4e9,6_1,Control,2024-10-28T00:28:00Z,0.76,9.9296875,9.90625,3.58,2024-10-28T00:20:00Z,6_1,Control
a4e9,6_1,Control,2024-10-28T00:50:00Z,0.77,9.9453125,9.9296875,3.59,2024-10-28T00:40:00Z,6_1,Control
a4e9,6_1,Control,2024-10-28T01:11:00Z,0.77,10.0234375,10.0078125,3.58,2024-10-28T01:20:00Z,6_1,Control
a4e9,6_1,Control,2024-10-28T01:33:00Z,0.78,10.0625,10.0390625,3.58,2024-10-28T01:40:00Z,6_1,Control
a4e9,6_1,Control,2024-10-28T01:54:00Z,0.77,10.125,10.1015625,3.58,2024-10-28T02:00:00Z,6_1,Control
a4e9,6_1,Control,2024-10-28T02:15:00Z,0.77,10.21875,10.1875,3.58,2024-10-28T02:20:00Z,6_1,Control
a4e9,6_1,Control,2024-10-28T02:37:00Z,0.76,10.265625,10.2421875,3.59,2024-10-28T02:40:00Z,6_1,Control
a4e9,6_1,Control,2024-10-28T02:58:00Z,0.76,10.265625,10.2421875,3.59,2024-10-28T03:00:00Z,6_1,Control
a4e9,6_1,Control,2024-10-28T03:20:00Z,0.77,10.3828125,10.359375,3.58,2024-10-28T03:20:00Z,6_1,Control
a4e9,6_1,Control,2024-10-28T03:41:00Z,0.78,10.5859375,10.5546875,3.58,2024-10-28T03:40:00Z,6_1,Control
a4e9,6_1,Control,2024-10-28T04:03:00Z,0.77,10.875,10.84375,3.58,2024-10-28T04:00:00Z,6_1,Control
a4e9,6_1,Control,2024-10-28T04:24:00Z,0.78,11.015625,10.984375,3.58,2024-10-28T04:20:00Z,6_1,Control
a4e9,6_1,Control,2024-10-28T04:46:00Z,0.78,11.3984375,11.34375,3.58,2024-10-28T04:40:00Z,6_1,Control
a4e9,6_1,Control,2024-10-28T05:07:00Z,0.79,11.7421875,11.6875,3.58,2024-10-28T05:00:00Z,6_1,Control
a4e9,6_1,Control,2024-10-28T05:29:00Z,0.76,11.8984375,11.84375,3.59,2024-10-28T05:20:00Z,6_1,Control
a4e9,6_1,Control,2024-10-28T05:50:00Z,0.79,12.25,12.1796875,3.59,2024-10-28T05:40:00Z,6_1,Control
a4e9,6_1,Control,2024-10-28T06:12:00Z,0.76,12.7421875,12.6640625,3.59,2024-10-28T06:20:00Z,6_1,Control
a4e9,6_1,Control,2024-10-28T06:33:00Z,0.8,12.6171875,12.546875,3.58,2024-10-28T06:40:00Z,6_1,Control
a4e9,6_1,Control,2024-10-28T06:55:00Z,0.8,13.1328125,13.046875,3.59,2024-10-28T07:00:00Z,6_1,Control
a4e9,6_1,Control,2024-10-28T07:16:00Z,0.76,12.921875,12.875,3.59,2024-10-28T07:20:00Z,6_1,Control
a4e9,6_1,Control,2024-10-28T07:37:00Z,0.77,12.5546875,12.5234375,3.58,2024-10-28T07:40:00Z,6_1,Control
a4e9,6_1,Control,2024-10-28T07:59:00Z,0.79,12.8046875,12.6640625,3.59,2024-10-28T08:00:00Z,6_1,Control
a4e9,6_1,Control,2024-10-28T08:20:00Z,0.78,13.5,13.359375,3.58,2024-10-28T08:20:00Z,6_1,Control
a4e9,6_1,Control,2024-10-28T08:42:00Z,0.82,13.8515625,13.6875,3.59,2024-10-28T08:40:00Z,6_1,Control
a4e9,6_1,Control,2024-10-28T09:03:00Z,0.75,14.2890625,14.2578125,3.6,2024-10-28T09:00:00Z,6_1,Control
a4e9,6_1,Control,2024-10-28T09:25:00Z,0.86,14.46875,14.4140625,3.59,2024-10-28T09:20:00Z,6_1,Control
a4e9,6_1,Control,2024-10-28T09:46:00Z,0.91,14.890625,14.859375,3.59,2024-10-28T09:40:00Z,6_1,Control
a4e9,6_1,Control,2024-10-28T10:08:00Z,0.89,15.3671875,15.390625,3.6,2024-10-28T10:00:00Z,6_1,Control
a4e9,6_1,Control,2024-10-28T10:29:00Z,0.74,14.7578125,14.8671875,3.59,2024-10-28T10:20:00Z,6_1,Control
a4e9,6_1,Control,2024-10-28T10:51:00Z,0.76,13.921875,14.0546875,3.59,2024-10-28T11:00:00Z,6_1,Control
a4e9,6_1,Control,2024-10-28T11:12:00Z,0.79,13.0859375,13.2109375,3.59,2024-10-28T11:20:00Z,6_1,Control
a4e9,6_1,Control,2024-10-28T11:34:00Z,0.76,12.96875,12.9921875,3.59,2024-10-28T11:40:00Z,6_1,Control
a4e9,6_1,Control,2024-10-28T11:55:00Z,0.81,12.671875,12.734375,3.59,2024-10-28T12:00:00Z,6_1,Control
a4e9,6_1,Control,2024-10-28T12:17:00Z,0.78,12.3515625,12.453125,3.59,2024-10-28T12:20:00Z,6_1,Control
a4e9,6_1,Control,2024-10-28T12:38:00Z,0.78,12.0078125,12.0859375,3.59,2024-10-28T12:40:00Z,6_1,Control
a4e9,6_1,Control,2024-10-28T13:00:00Z,0.82,11.640625,11.734375,3.59,2024-10-28T13:00:00Z,6_1,Control
a4e9,6_1,Control,2024-10-28T13:21:00Z,0.8,11.4765625,11.53125,3.59,2024-10-28T13:20:00Z,6_1,Control
a4e9,6_1,Control,2024-10-28T13:42:00Z,0.8,11.3828125,11.40625,3.59,2024-10-28T13:40:00Z,6_1,Control
a4e9,6_1,Control,2024-10-28T14:04:00Z,0.8,11.3984375,11.40625,3.58,2024-10-28T14:00:00Z,6_1,Control
a4e9,6_1,Control,2024-10-28T14:25:00Z,0.8,11.1953125,11.2265625,3.59,2024-10-28T14:20:00Z,6_1,Control
a4e9,6_1,Control,2024-10-28T14:47:00Z,0.81,10.8359375,10.84375,3.58,2024-10-28T14:40:00Z,6_1,Control
a4e9,6_1,Control,2024-10-28T15:08:00Z,0.82,10.5546875,10.5625,3.59,2024-10-28T15:00:00Z,6_1,Control
a4e9,6_1,Control,2024-10-28T15:30:00Z,0.81,10.5,10.5078125,3.59,2024-10-28T15:40:00Z,6_1,Control
a4e9,6_1,Control,2024-10-28T15:51:00Z,0.79,10.5078125,10.5234375,3.58,2024-10-28T16:00:00Z,6_1,Control
a4e9,6_1,Control,2024-10-28T16:13:00Z,0.75,10.578125,10.5859375,3.59,2024-10-28T16:20:00Z,6_1,Control
a4e9,6_1,Control,2024-10-28T16:34:00Z,0.81,10.59375,10.6015625,3.59,2024-10-28T16:40:00Z,6_1,Control
a4e9,6_1,Control,2024-10-28T16:56:00Z,0.73,10.53125,10.53125,3.58,2024-10-28T17:00:00Z,6_1,Control
a4e9,6_1,Control,2024-10-28T17:17:00Z,0.81,10.53125,10.5234375,3.59,2024-10-28T17:20:00Z,6_1,Control
a4e9,6_1,Control,2024-10-28T17:39:00Z,0.81,10.515625,10.5078125,3.59,2024-10-28T17:40:00Z,6_1,Control
a4e9,6_1,Control,2024-10-28T18:00:00Z,0.79,10.5078125,10.515625,3.59,2024-10-28T18:00:00Z,6_1,Control
a4e9,6_1,Control,2024-10-28T18:22:00Z,0.8,10.53125,10.5390625,3.59,2024-10-28T18:20:00Z,6_1,Control
a4e9,6_1,Control,2024-10-28T18:43:00Z,0.8,10.53125,10.5390625,3.59,2024-10-28T18:40:00Z,6_1,Control
a4e9,6_1,Control,2024-10-28T19:04:00Z,0.79,10.3984375,10.421875,3.59,2024-10-28T19:00:00Z,6_1,Control
a4e9,6_1,Control,2024-10-28T19:26:00Z,0.79,10.3984375,10.40625,3.59,2024-10-28T19:20:00Z,6_1,Control
a4e9,6_1,Control,2024-10-28T19:47:00Z,0.81,10.359375,10.359375,3.59,2024-10-28T19:40:00Z,6_1,Control
a4e9,6_1,Control,2024-10-28T20:09:00Z,0.81,10.1640625,10.15625,3.58,2024-10-28T20:00:00Z,6_1,Control
a4e9,6_1,Control,2024-10-28T20:30:00Z,0.8,10.03125,10.0234375,3.59,2024-10-28T20:40:00Z,6_1,Control
a4e9,6_1,Control,2024-10-28T20:52:00Z,0.81,9.875,9.859375,3.58,2024-10-28T21:00:00Z,6_1,Control
a4e9,6_1,Control,2024-10-28T21:13:00Z,0.79,9.703125,9.703125,3.58,2024-10-28T21:20:00Z,6_1,Control
a4e9,6_1,Control,2024-10-28T21:35:00Z,0.81,9.53125,9.5234375,3.58,2024-10-28T21:40:00Z,6_1,Control
a4e9,6_1,Control,2024-10-28T21:56:00Z,0.8,9.3515625,9.34375,3.58,2024-10-28T22:00:00Z,6_1,Control
a4e9,6_1,Control,2024-10-28T22:18:00Z,0.79,9.2109375,9.203125,3.59,2024-10-28T22:20:00Z,6_1,Control
a4e9,6_1,Control,2024-10-28T22:39:00Z,0.81,9.1171875,9.109375,3.59,2024-10-28T22:40:00Z,6_1,Control
a4e9,6_1,Control,2024-10-28T23:01:00Z,0.8,8.7578125,8.7578125,3.59,2024-10-28T23:00:00Z,6_1,Control
a4e9,6_1,Control,2024-10-28T23:22:00Z,0.81,8.8515625,8.8359375,3.58,2024-10-28T23:20:00Z,6_1,Control
a4e9,6_1,Control,2024-10-28T23:44:00Z,0.8,9.09375,9.0703125,3.58,2024-10-28T23:40:00Z,6_1,Control
a4e9,6_1,Control,2024-10-29T00:05:00Z,0.79,9.21875,9.1953125,3.58,2024-10-29T00:00:00Z,6_1,Control
a4e9,6_1,Control,2024-10-29T00:26:00Z,0.8,9.3046875,9.2890625,3.59,2024-10-29T00:20:00Z,6_1,Control
a4e9,6_1,Control,2024-10-29T00:48:00Z,0.81,9.28125,9.265625,3.58,2024-10-29T00:40:00Z,6_1,Control
a4e9,6_1,Control,2024-10-29T01:09:00Z,0.78,9.3125,9.296875,3.58,2024-10-29T01:00:00Z,6_1,Control
a4e9,6_1,Control,2024-10-29T01:31:00Z,0.81,9.3671875,9.359375,3.58,2024-10-29T01:40:00Z,6_1,Control
a4e9,6_1,Control,2024-10-29T01:52:00Z,0.81,9.5390625,9.5234375,3.59,2024-10-29T02:00:00Z,6_1,Control
a4e9,6_1,Control,2024-10-29T02:14:00Z,0.8,9.6875,9.671875,3.58,2024-10-29T02:20:00Z,6_1,Control
a4e9,6_1,Control,2024-10-29T02:35:00Z,0.79,9.8046875,9.7890625,3.58,2024-10-29T02:40:00Z,6_1,Control
a4e9,6_1,Control,2024-10-29T02:57:00Z,0.81,9.9296875,9.9140625,3.59,2024-10-29T03:00:00Z,6_1,Control
a4e9,6_1,Control,2024-10-29T03:18:00Z,0.81,10.0625,10.0390625,3.58,2024-10-29T03:20:00Z,6_1,Control
a4e9,6_1,Control,2024-10-29T03:40:00Z,0.8,10.1796875,10.15625,3.59,2024-10-29T03:40:00Z,6_1,Control
a4e9,6_1,Control,2024-10-29T04:01:00Z,0.81,10.4765625,10.4375,3.58,2024-10-29T04:00:00Z,6_1,Control
a4e9,6_1,Control,2024-10-29T04:23:00Z,0.82,10.890625,10.8515625,3.58,2024-10-29T04:20:00Z,6_1,Control
a4e9,6_1,Control,2024-10-29T04:44:00Z,0.82,11.0390625,10.9921875,3.58,2024-10-29T04:40:00Z,6_1,Control
a4e9,6_1,Control,2024-10-29T05:06:00Z,0.8,11.4375,11.375,3.58,2024-10-29T05:00:00Z,6_1,Control
a4e9,6_1,Control,2024-10-29T05:27:00Z,0.83,12.828125,12.7109375,3.59,2024-10-29T05:20:00Z,6_1,Control
a4e9,6_1,Control,2024-10-29T05:48:00Z,0.81,12.6875,12.671875,3.59,2024-10-29T05:40:00Z,6_1,Control
a4e9,6_1,Control,2024-10-29T06:10:00Z,0.83,12.78125,12.7734375,3.59,2024-10-29T06:00:00Z,6_1,Control
a4e9,6_1,Control,2024-10-29T06:31:00Z,0.88,12.953125,12.9296875,3.59,2024-10-29T06:40:00Z,6_1,Control
a4e9,6_1,Control,2024-10-29T06:53:00Z,0.84,13.140625,13.1015625,3.59,2024-10-29T07:00:00Z,6_1,Control
a4e9,6_1,Control,2024-10-29T07:14:00Z,0.82,12.8515625,12.84375,3.59,2024-10-29T07:20:00Z,6_1,Control
a4e9,6_1,Control,2024-10-29T07:36:00Z,0.83,13.5078125,13.46875,3.59,2024-10-29T07:40:00Z,6_1,Control
a4e9,6_1,Control,2024-10-29T07:57:00Z,0.85,13.3515625,13.3359375,3.59,2024-10-29T08:00:00Z,6_1,Control
a4e9,6_1,Control,2024-10-29T08:19:00Z,0.84,13.28125,13.2578125,3.59,2024-10-29T08:20:00Z,6_1,Control
a4e9,6_1,Control,2024-10-29T08:40:00Z,0.89,13.2890625,13.265625,3.59,2024-10-29T08:40:00Z,6_1,Control
a4e9,6_1,Control,2024-10-29T09:02:00Z,0.93,14.59375,14.59375,3.59,2024-10-29T09:00:00Z,6_1,Control
a4e9,6_1,Control,2024-10-29T09:23:00Z,1.03,15.5703125,15.53125,3.6,2024-10-29T09:20:00Z,6_1,Control
a4e9,6_1,Control,2024-10-29T09:45:00Z,1.13,17.515625,17.5390625,3.59,2024-10-29T09:40:00Z,6_1,Control
a4e9,6_1,Control,2024-10-29T10:06:00Z,1.14,18.890625,19,3.59,2024-10-29T10:00:00Z,6_1,Control
a4e9,6_1,Control,2024-10-29T10:28:00Z,1.2,19.6796875,19.6484375,3.6,2024-10-29T10:20:00Z,6_1,Control
a4e9,6_1,Control,2024-10-29T10:49:00Z,1.09,18.984375,18.765625,3.6,2024-10-29T10:40:00Z,6_1,Control
a4e9,6_1,Control,2024-10-29T11:10:00Z,1.14,19.2421875,19.0703125,3.59,2024-10-29T11:00:00Z,6_1,Control
a4e9,6_1,Control,2024-10-29T11:32:00Z,1.14,20.0703125,19.953125,3.6,2024-10-29T11:40:00Z,6_1,Control
a4e9,6_1,Control,2024-10-29T11:53:00Z,1.08,18.5,18.3125,3.59,2024-10-29T12:00:00Z,6_1,Control
a4e9,6_1,Control,2024-10-29T12:15:00Z,1.03,18.1953125,18.0625,3.6,2024-10-29T12:20:00Z,6_1,Control
a4e9,6_1,Control,2024-10-29T12:36:00Z,1,17.5078125,17.375,3.6,2024-10-29T12:40:00Z,6_1,Control
a4e9,6_1,Control,2024-10-29T12:58:00Z,1.03,17.4609375,17.3515625,3.6,2024-10-29T13:00:00Z,6_1,Control
a4e9,6_1,Control,2024-10-29T13:19:00Z,1.08,18.2109375,18.1484375,3.6,2024-10-29T13:20:00Z,6_1,Control
a4e9,6_1,Control,2024-10-29T13:41:00Z,1.01,17.2734375,17.171875,3.59,2024-10-29T13:40:00Z,6_1,Control
a4e9,6_1,Control,2024-10-29T14:02:00Z,0.92,16.4140625,16.34375,3.6,2024-10-29T14:00:00Z,6_1,Control
a4e9,6_1,Control,2024-10-29T14:24:00Z,0.89,15.5078125,15.4375,3.59,2024-10-29T14:20:00Z,6_1,Control
a4e9,6_1,Control,2024-10-29T14:45:00Z,0.84,14.4765625,14.4140625,3.6,2024-10-29T14:40:00Z,6_1,Control
a4e9,6_1,Control,2024-10-29T15:07:00Z,0.81,13.5625,13.5390625,3.59,2024-10-29T15:00:00Z,6_1,Control
a4e9,6_1,Control,2024-10-29T15:28:00Z,0.81,12.8046875,12.7890625,3.59,2024-10-29T15:20:00Z,6_1,Control
a4e9,6_1,Control,2024-10-29T15:50:00Z,0.82,12.3515625,12.34375,3.59,2024-10-29T15:40:00Z,6_1,Control
a4e9,6_1,Control,2024-10-29T16:11:00Z,0.81,12.0390625,12.0390625,3.59,2024-10-29T16:20:00Z,6_1,Control
a4e9,6_1,Control,2024-10-29T16:33:00Z,0.81,11.796875,11.796875,3.59,2024-10-29T16:40:00Z,6_1,Control
a4e9,6_1,Control,2024-10-29T16:54:00Z,0.81,11.53125,11.5234375,3.59,2024-10-29T17:00:00Z,6_1,Control
a4e9,6_1,Control,2024-10-29T17:15:00Z,0.79,11.3515625,11.3359375,3.59,2024-10-29T17:20:00Z,6_1,Control
a4e9,6_1,Control,2024-10-29T17:37:00Z,0.8,11.109375,11.0859375,3.59,2024-10-29T17:40:00Z,6_1,Control
a4e9,6_1,Control,2024-10-29T17:58:00Z,0.8,10.9140625,10.8984375,3.59,2024-10-29T18:00:00Z,6_1,Control
a4e9,6_1,Control,2024-10-29T18:20:00Z,0.8,10.6015625,10.5859375,3.59,2024-10-29T18:20:00Z,6_1,Control
a4e9,6_1,Control,2024-10-29T18:41:00Z,0.8,10.4296875,10.40625,3.59,2024-10-29T18:40:00Z,6_1,Control
a4e9,6_1,Control,2024-10-29T19:03:00Z,0.78,10.1328125,10.125,3.59,2024-10-29T19:00:00Z,6_1,Control
a4e9,6_1,Control,2024-10-29T19:24:00Z,0.78,9.6328125,9.6171875,3.59,2024-10-29T19:20:00Z,6_1,Control
a4e9,6_1,Control,2024-10-29T19:46:00Z,0.77,9.2578125,9.234375,3.59,2024-10-29T19:40:00Z,6_1,Control
a4e9,6_1,Control,2024-10-29T20:07:00Z,0.79,8.9921875,8.96875,3.59,2024-10-29T20:00:00Z,6_1,Control
a4e9,6_1,Control,2024-10-29T20:29:00Z,0.79,9.0859375,9.046875,3.59,2024-10-29T20:20:00Z,6_1,Control
a4e9,6_1,Control,2024-10-29T20:50:00Z,0.79,9.21875,9.171875,3.58,2024-10-29T20:40:00Z,6_1,Control
a4e9,6_1,Control,2024-10-29T21:12:00Z,0.78,9.1796875,9.15625,3.59,2024-10-29T21:20:00Z,6_1,Control
a4e9,6_1,Control,2024-10-29T21:33:00Z,0.8,9.171875,9.1328125,3.59,2024-10-29T21:40:00Z,6_1,Control
a4e9,6_1,Control,2024-10-29T21:54:00Z,0.79,9.140625,9.109375,3.59,2024-10-29T22:00:00Z,6_1,Control
a4e9,6_1,Control,2024-10-29T22:16:00Z,0.78,8.953125,8.9296875,3.59,2024-10-29T22:20:00Z,6_1,Control
a4e9,6_1,Control,2024-10-29T22:37:00Z,0.77,8.40625,8.3984375,3.59,2024-10-29T22:40:00Z,6_1,Control
a4e9,6_1,Control,2024-10-29T22:59:00Z,0.78,7.7890625,7.8125,3.58,2024-10-29T23:00:00Z,6_1,Control
a4e9,6_1,Control,2024-10-29T23:20:00Z,0.78,7.484375,7.5,3.58,2024-10-29T23:20:00Z,6_1,Control
a4e9,6_1,Control,2024-10-29T23:42:00Z,0.79,7.1484375,7.15625,3.58,2024-10-29T23:40:00Z,6_1,Control
a4e9,6_1,Control,2024-10-30T00:03:00Z,0.77,7.078125,7.0703125,3.58,2024-10-30T00:00:00Z,6_1,Control
a4e9,6_1,Control,2024-10-30T00:25:00Z,0.79,7.1484375,7.125,3.59,2024-10-30T00:20:00Z,6_1,Control
a4e9,6_1,Control,2024-10-30T00:46:00Z,0.79,7.203125,7.1796875,3.58,2024-10-30T00:40:00Z,6_1,Control
a4e9,6_1,Control,2024-10-30T01:08:00Z,0.78,7.1171875,7.1015625,3.58,2024-10-30T01:00:00Z,6_1,Control
a4e9,6_1,Control,2024-10-30T01:29:00Z,0.77,6.9140625,6.90625,3.58,2024-10-30T01:20:00Z,6_1,Control
a4e9,6_1,Control,2024-10-30T01:51:00Z,0.78,6.6953125,6.6953125,3.58,2024-10-30T02:00:00Z,6_1,Control
a4e9,6_1,Control,2024-10-30T02:12:00Z,0.82,6.8359375,6.796875,3.58,2024-10-30T02:20:00Z,6_1,Control
a4e9,6_1,Control,2024-10-30T02:34:00Z,0.87,7.9375,7.8046875,3.58,2024-10-30T02:40:00Z,6_1,Control
a4e9,6_1,Control,2024-10-30T02:55:00Z,0.9,9.8046875,9.4375,3.58,2024-10-30T03:00:00Z,6_1,Control
a4e9,6_1,Control,2024-10-30T03:16:00Z,0.96,12.125,11.53125,3.59,2024-10-30T03:20:00Z,6_1,Control
a4e9,6_1,Control,2024-10-30T03:38:00Z,0.96,14.09375,13.6328125,3.59,2024-10-30T03:40:00Z,6_1,Control
a4e9,6_1,Control,2024-10-30T03:59:00Z,0.98,15.3125,14.9921875,3.58,2024-10-30T04:00:00Z,6_1,Control
a4e9,6_1,Control,2024-10-30T04:21:00Z,0.96,16.2578125,16.0078125,3.59,2024-10-30T04:20:00Z,6_1,Control
a4e9,6_1,Control,2024-10-30T04:42:00Z,1.02,16.921875,16.796875,3.6,2024-10-30T04:40:00Z,6_1,Control
a4e9,6_1,Control,2024-10-30T05:04:00Z,1.1,16.9296875,16.953125,3.6,2024-10-30T05:00:00Z,6_1,Control
a4e9,6_1,Control,2024-10-30T05:25:00Z,1.1,16.6875,16.6328125,3.6,2024-10-30T05:20:00Z,6_1,Control
a4e9,6_1,Control,2024-10-30T05:47:00Z,1.13,16.875,16.8359375,3.6,2024-10-30T05:40:00Z,6_1,Control
a4e9,6_1,Control,2024-10-30T06:08:00Z,1.15,17.53125,17.5078125,3.6,2024-10-30T06:00:00Z,6_1,Control
a4e9,6_1,Control,2024-10-30T06:30:00Z,1.15,17.9921875,17.96875,3.6,2024-10-30T06:40:00Z,6_1,Control
a4e9,6_1,Control,2024-10-30T06:51:00Z,1.21,19.0234375,18.9609375,3.6,2024-10-30T07:00:00Z,6_1,Control
a4e9,6_1,Control,2024-10-30T07:13:00Z,1.28,19.578125,19.40625,3.6,2024-10-30T07:20:00Z,6_1,Control
a4e9,6_1,Control,2024-10-30T07:34:00Z,1.23,19.890625,19.6953125,3.6,2024-10-30T07:40:00Z,6_1,Control
a4e9,6_1,Control,2024-10-30T07:56:00Z,1.2,21.1171875,21.078125,3.61,2024-10-30T08:00:00Z,6_1,Control
a4e9,6_1,Control,2024-10-30T08:17:00Z,1.37,21.5078125,21.4765625,3.61,2024-10-30T08:20:00Z,6_1,Control
a4e9,6_1,Control,2024-10-30T08:38:00Z,1.34,21.625,21.546875,3.6,2024-10-30T08:40:00Z,6_1,Control
a4e9,6_1,Control,2024-10-30T09:00:00Z,1.38,22.109375,22.1484375,3.6,2024-10-30T09:00:00Z,6_1,Control
a4e9,6_1,Control,2024-10-30T09:21:00Z,1.37,22.9453125,22.9140625,3.6,2024-10-30T09:20:00Z,6_1,Control
a4e9,6_1,Control,2024-10-30T09:43:00Z,1.38,23.8125,23.9375,3.6,2024-10-30T09:40:00Z,6_1,Control
a4e9,6_1,Control,2024-10-30T10:04:00Z,1.5,23.90625,24.1640625,3.61,2024-10-30T10:00:00Z,6_1,Control
a4e9,6_1,Control,2024-10-30T10:26:00Z,1.5,24.9609375,25.28125,3.6,2024-10-30T10:20:00Z,6_1,Control
a4e9,6_1,Control,2024-10-30T10:47:00Z,1.56,24.859375,24.9140625,3.61,2024-10-30T10:40:00Z,6_1,Control
a4e9,6_1,Control,2024-10-30T11:09:00Z,1.52,25.171875,25.109375,3.61,2024-10-30T11:00:00Z,6_1,Control
a4e9,6_1,Control,2024-10-30T11:30:00Z,1.49,24.328125,24.1328125,3.61,2024-10-30T11:40:00Z,6_1,Control
a4e9,6_1,Control,2024-10-30T11:52:00Z,1.35,23.515625,23.3671875,3.61,2024-10-30T12:00:00Z,6_1,Control
a4e9,6_1,Control,2024-10-30T12:13:00Z,1.3,22.8125,22.78125,3.61,2024-10-30T12:20:00Z,6_1,Control
a4e9,6_1,Control,2024-10-30T12:35:00Z,1.31,22.234375,22.21875,3.61,2024-10-30T12:40:00Z,6_1,Control
a4e9,6_1,Control,2024-10-30T12:56:00Z,1.22,21.34375,21.3359375,3.6,2024-10-30T13:00:00Z,6_1,Control
a4e9,6_1,Control,2024-10-30T13:18:00Z,1.17,20.5859375,20.5703125,3.61,2024-10-30T13:20:00Z,6_1,Control
a4e9,6_1,Control,2024-10-30T13:39:00Z,1.09,20.3046875,20.3828125,3.61,2024-10-30T13:40:00Z,6_1,Control
a4e9,6_1,Control,2024-10-30T14:00:00Z,1,19.828125,20.265625,3.6,2024-10-30T14:00:00Z,6_1,Control
a4e9,6_1,Control,2024-10-30T14:22:00Z,1.1,19,19.375,3.6,2024-10-30T14:20:00Z,6_1,Control
a4e9,6_1,Control,2024-10-30T14:43:00Z,0.98,17.5390625,17.625,3.6,2024-10-30T14:40:00Z,6_1,Control
a4e9,6_1,Control,2024-10-30T15:05:00Z,0.86,16.0078125,16.015625,3.6,2024-10-30T15:00:00Z,6_1,Control
a4e9,6_1,Control,2024-10-30T15:26:00Z,0.85,15,15.046875,3.6,2024-10-30T15:20:00Z,6_1,Control
a4e9,6_1,Control,2024-10-30T15:48:00Z,0.79,14.3125,14.3671875,3.6,2024-10-30T15:40:00Z,6_1,Control
a4e9,6_1,Control,2024-10-30T16:09:00Z,0.81,13.8125,13.9453125,3.59,2024-10-30T16:00:00Z,6_1,Control
a4e9,6_1,Control,2024-10-30T16:31:00Z,0.85,13.421875,13.609375,3.59,2024-10-30T16:40:00Z,6_1,Control
a4e9,6_1,Control,2024-10-30T16:52:00Z,0.84,13.3125,13.53125,3.59,2024-10-30T17:00:00Z,6_1,Control
a4e9,6_1,Control,2024-10-30T17:14:00Z,0.83,13.15625,13.265625,3.59,2024-10-30T17:20:00Z,6_1,Control
a4e9,6_1,Control,2024-10-30T17:35:00Z,0.79,12.8046875,12.9765625,3.59,2024-10-30T17:40:00Z,6_1,Control
a4e9,6_1,Control,2024-10-30T17:57:00Z,0.75,12.3359375,12.4609375,3.59,2024-10-30T18:00:00Z,6_1,Control
a4e9,6_1,Control,2024-10-30T18:18:00Z,0.77,11.8984375,12.0859375,3.59,2024-10-30T18:20:00Z,6_1,Control
a4e9,6_1,Control,2024-10-30T18:40:00Z,0.65,11.390625,11.671875,3.58,2024-10-30T18:40:00Z,6_1,Control
a4e9,6_1,Control,2024-10-30T19:01:00Z,0.66,11.140625,11.453125,3.59,2024-10-30T19:00:00Z,6_1,Control
a4e9,6_1,Control,2024-10-30T19:22:00Z,0.76,10.5546875,10.8671875,3.59,2024-10-30T19:20:00Z,6_1,Control
a4e9,6_1,Control,2024-10-30T19:44:00Z,0.78,10.0234375,10.3671875,3.59,2024-10-30T19:40:00Z,6_1,Control
a4e9,6_1,Control,2024-10-30T20:05:00Z,0.77,9.671875,10.015625,3.59,2024-10-30T20:00:00Z,6_1,Control
a4e9,6_1,Control,2024-10-30T20:27:00Z,0.77,9.3828125,9.7421875,3.58,2024-10-30T20:20:00Z,6_1,Control
a4e9,6_1,Control,2024-10-30T20:48:00Z,0.76,9.125,9.46875,3.58,2024-10-30T20:40:00Z,6_1,Control
a4e9,6_1,Control,2024-10-30T21:10:00Z,0.78,9.109375,9.5546875,3.58,2024-10-30T21:00:00Z,6_1,Control
a4e9,6_1,Control,2024-10-30T21:31:00Z,1.04,9.59375,10.0390625,3.59,2024-10-30T21:40:00Z,6_1,Control
a4e9,6_1,Control,2024-10-30T21:53:00Z,0.73,9.203125,9.6328125,3.58,2024-10-30T22:00:00Z,6_1,Control
a4e9,6_1,Control,2024-10-30T22:14:00Z,0.78,8.609375,9.0625,3.58,2024-10-30T22:20:00Z,6_1,Control
a4e9,6_1,Control,2024-10-30T22:36:00Z,0.79,8.359375,8.8359375,3.58,2024-10-30T22:40:00Z,6_1,Control
a4e9,6_1,Control,2024-10-30T22:57:00Z,0.78,8.25,8.671875,3.58,2024-10-30T23:00:00Z,6_1,Control
a4e9,6_1,Control,2024-10-30T23:19:00Z,0.79,8.15625,8.6640625,3.58,2024-10-30T23:20:00Z,6_1,Control
a4e9,6_1,Control,2024-10-30T23:40:00Z,0.78,8.0703125,8.578125,3.58,2024-10-30T23:40:00Z,6_1,Control
a4e9,6_1,Control,2024-10-31T00:02:00Z,0.73,8.1875,8.59375,3.58,2024-10-31T00:00:00Z,6_1,Control
a4e9,6_1,Control,2024-10-31T00:23:00Z,0.81,8.3359375,8.546875,3.58,2024-10-31T00:20:00Z,6_1,Control
a4e9,6_1,Control,2024-10-31T00:44:00Z,0.93,8.40625,8.84375,3.58,2024-10-31T00:40:00Z,6_1,Control
a4e9,6_1,Control,2024-10-31T01:06:00Z,0.73,8.25,8.6328125,3.58,2024-10-31T01:00:00Z,6_1,Control
a4e9,6_1,Control,2024-10-31T01:27:00Z,0.73,8.2109375,8.609375,3.58,2024-10-31T01:20:00Z,6_1,Control
a4e9,6_1,Control,2024-10-31T01:49:00Z,0.71,8.0859375,8.21875,3.58,2024-10-31T01:40:00Z,6_1,Control
a4e9,6_1,Control,2024-10-31T02:10:00Z,0.93,8.4609375,8.59375,3.58,2024-10-31T02:00:00Z,6_1,Control
a4e9,6_1,Control,2024-10-31T02:32:00Z,1.11,9.84375,9.953125,3.59,2024-10-31T02:40:00Z,6_1,Control
a4e9,6_1,Control,2024-10-31T02:53:00Z,0.92,12.09375,11.8671875,3.58,2024-10-31T03:00:00Z,6_1,Control
a4e9,6_1,Control,2024-10-31T03:15:00Z,0.94,14.3984375,14.203125,3.59,2024-10-31T03:20:00Z,6_1,Control
a4e9,6_1,Control,2024-10-31T03:36:00Z,1,16.5,16.2578125,3.59,2024-10-31T03:40:00Z,6_1,Control
a4e9,6_1,Control,2024-10-31T03:58:00Z,1.04,17.5625,17.421875,3.6,2024-10-31T04:00:00Z,6_1,Control
a4e9,6_1,Control,2024-10-31T04:19:00Z,1.05,18.375,18.25,3.6,2024-10-31T04:20:00Z,6_1,Control
a4e9,6_1,Control,2024-10-31T04:41:00Z,1.07,19.1953125,19.1796875,3.6,2024-10-31T04:40:00Z,6_1,Control
a4e9,6_1,Control,2024-10-31T05:02:00Z,1.2,18.921875,19.015625,3.6,2024-10-31T05:00:00Z,6_1,Control
a4e9,6_1,Control,2024-10-31T05:24:00Z,1.21,18.921875,18.9140625,3.6,2024-10-31T05:20:00Z,6_1,Control
a4e9,6_1,Control,2024-10-31T05:45:00Z,1.24,19.4921875,19.5546875,3.6,2024-10-31T05:40:00Z,6_1,Control
a4e9,6_1,Control,2024-10-31T06:06:00Z,1.29,20.34375,20.4140625,3.6,2024-10-31T06:00:00Z,6_1,Control
a4e9,6_1,Control,2024-10-31T06:28:00Z,1.32,21.234375,21.328125,3.61,2024-10-31T06:20:00Z,6_1,Control
a4e9,6_1,Control,2024-10-31T06:49:00Z,1.39,22.125,22.15625,3.61,2024-10-31T06:40:00Z,6_1,Control
a4e9,6_1,Control,2024-10-31T07:11:00Z,1.45,23.328125,23.3046875,3.6,2024-10-31T07:20:00Z,6_1,Control
a4e9,6_1,Control,2024-10-31T07:32:00Z,1.49,24.15625,24.046875,3.61,2024-10-31T07:40:00Z,6_1,Control
a4e9,6_1,Control,2024-10-31T07:54:00Z,1.55,25.0234375,25,3.61,2024-10-31T08:00:00Z,6_1,Control
a4e9,6_1,Control,2024-10-31T08:15:00Z,1.62,25.6328125,25.7109375,3.61,2024-10-31T08:20:00Z,6_1,Control
a4e9,6_1,Control,2024-10-31T08:37:00Z,1.67,26.53125,26.5,3.61,2024-10-31T08:40:00Z,6_1,Control
a4e9,6_1,Control,2024-10-31T08:58:00Z,1.68,26.9140625,26.96875,3.61,2024-10-31T09:00:00Z,6_1,Control
a4e9,6_1,Control,2024-10-31T09:20:00Z,1.71,27.78125,27.8203125,3.61,2024-10-31T09:20:00Z,6_1,Control
a4e9,6_1,Control,2024-10-31T09:41:00Z,1.76,28.234375,28.421875,3.61,2024-10-31T09:40:00Z,6_1,Control
a4e9,6_1,Control,2024-10-31T10:03:00Z,1.61,29.3515625,29.75,3.61,2024-10-31T10:00:00Z,6_1,Control
a4e9,6_1,Control,2024-10-31T10:24:00Z,1.63,28.9921875,29.1171875,3.61,2024-10-31T10:20:00Z,6_1,Control
a4e9,6_1,Control,2024-10-31T10:46:00Z,1.71,30.140625,30.34375,3.62,2024-10-31T10:40:00Z,6_1,Control
a4e9,6_1,Control,2024-10-31T11:07:00Z,1.72,30.875,30.8203125,3.61,2024-10-31T11:00:00Z,6_1,Control
a4e9,6_1,Control,2024-10-31T11:28:00Z,1.81,30.015625,29.8203125,3.61,2024-10-31T11:20:00Z,6_1,Control
a4e9,6_1,Control,2024-10-31T11:50:00Z,1.54,28.703125,28.53125,3.61,2024-10-31T11:40:00Z,6_1,Control
a4e9,6_1,Control,2024-10-31T12:11:00Z,1.5,27.6640625,27.6015625,3.61,2024-10-31T12:20:00Z,6_1,Control
a4e9,6_1,Control,2024-10-31T12:33:00Z,1.37,26.703125,26.640625,3.61,2024-10-31T12:40:00Z,6_1,Control
a4e9,6_1,Control,2024-10-31T12:54:00Z,1.36,25.7734375,25.71875,3.62,2024-10-31T13:00:00Z,6_1,Control
a4e9,6_1,Control,2024-10-31T13:16:00Z,1.28,24.640625,24.5546875,3.61,2024-10-31T13:20:00Z,6_1,Control
a4e9,6_1,Control,2024-10-31T13:37:00Z,1.17,23.140625,23.03125,3.61,2024-10-31T13:40:00Z,6_1,Control
a4e9,6_1,Control,2024-10-31T13:59:00Z,1.06,21.9921875,21.90625,3.61,2024-10-31T14:00:00Z,6_1,Control
a4e9,6_1,Control,2024-10-31T14:20:00Z,0.96,20.71875,20.625,3.61,2024-10-31T14:20:00Z,6_1,Control
a4e9,6_1,Control,2024-10-31T14:42:00Z,0.91,19.5078125,19.4296875,3.6,2024-10-31T14:40:00Z,6_1,Control
a4e9,6_1,Control,2024-10-31T15:03:00Z,0.87,18.6328125,18.578125,3.61,2024-10-31T15:00:00Z,6_1,Control
a4e9,6_1,Control,2024-10-31T15:25:00Z,0.83,17.8203125,17.7734375,3.6,2024-10-31T15:20:00Z,6_1,Control
a4e9,6_1,Control,2024-10-31T15:46:00Z,0.84,16.9140625,16.890625,3.61,2024-10-31T15:40:00Z,6_1,Control
a4e9,6_1,Control,2024-10-31T16:08:00Z,0.82,16.15625,16.140625,3.6,2024-10-31T16:00:00Z,6_1,Control
a4e9,6_1,Control,2024-10-31T16:29:00Z,0.82,15.6953125,15.6796875,3.6,2024-10-31T16:20:00Z,6_1,Control
a4e9,6_1,Control,2024-10-31T16:50:00Z,0.82,15.3359375,15.3203125,3.6,2024-10-31T16:40:00Z,6_1,Control
a4e9,6_1,Control,2024-10-31T17:12:00Z,0.82,15.0234375,15.0078125,3.6,2024-10-31T17:20:00Z,6_1,Control
a4e9,6_1,Control,2024-10-31T17:33:00Z,0.82,14.75,14.7265625,3.6,2024-10-31T17:40:00Z,6_1,Control
a4e9,6_1,Control,2024-10-31T17:55:00Z,0.81,14.609375,14.5859375,3.6,2024-10-31T18:00:00Z,6_1,Control
a4e9,6_1,Control,2024-10-31T18:16:00Z,0.81,14.4765625,14.4609375,3.6,2024-10-31T18:20:00Z,6_1,Control
a4e9,6_1,Control,2024-10-31T18:38:00Z,0.8,14.1953125,14.1796875,3.6,2024-10-31T18:40:00Z,6_1,Control
a4e9,6_1,Control,2024-10-31T18:59:00Z,0.82,14.1953125,14.1640625,3.6,2024-10-31T19:00:00Z,6_1,Control
a4e9,6_1,Control,2024-10-31T19:21:00Z,0.79,13.703125,13.71875,3.59,2024-10-31T19:20:00Z,6_1,Control
a4e9,6_1,Control,2024-10-31T19:42:00Z,0.79,13.0234375,13.046875,3.6,2024-10-31T19:40:00Z,6_1,Control
a4e9,6_1,Control,2024-10-31T20:04:00Z,0.78,12.515625,12.5390625,3.6,2024-10-31T20:00:00Z,6_1,Control
a4e9,6_1,Control,2024-10-31T20:25:00Z,0.78,12.1328125,12.15625,3.6,2024-10-31T20:20:00Z,6_1,Control
a4e9,6_1,Control,2024-10-31T20:47:00Z,0.8,11.7890625,11.8125,3.59,2024-10-31T20:40:00Z,6_1,Control
a4e9,6_1,Control,2024-10-31T21:08:00Z,0.78,11.5078125,11.515625,3.59,2024-10-31T21:00:00Z,6_1,Control
a4e9,6_1,Control,2024-10-31T21:30:00Z,0.78,11.1328125,11.140625,3.6,2024-10-31T21:40:00Z,6_1,Control
a4e9,6_1,Control,2024-10-31T21:51:00Z,0.78,10.796875,10.8046875,3.59,2024-10-31T22:00:00Z,6_1,Control
a4e9,6_1,Control,2024-10-31T22:12:00Z,0.79,10.78125,10.78125,3.59,2024-10-31T22:20:00Z,6_1,Control
a4e9,6_1,Control,2024-10-31T22:34:00Z,0.78,10.8203125,10.8203125,3.6,2024-10-31T22:40:00Z,6_1,Control
a4e9,6_1,Control,2024-10-31T22:55:00Z,0.79,10.7734375,10.765625,3.59,2024-10-31T23:00:00Z,6_1,Control
a4e9,6_1,Control,2024-10-31T23:17:00Z,0.79,10.5390625,10.53125,3.59,2024-10-31T23:20:00Z,6_1,Control
a4e9,6_1,Control,2024-10-31T23:38:00Z,0.79,10.21875,10.2265625,3.6,2024-10-31T23:40:00Z,6_1,Control
a4e9,6_1,Control,2024-11-01T00:00:00Z,0.8,10.0546875,10.0546875,3.59,2024-11-01T00:00:00Z,6_1,Control
a4e9,6_1,Control,2024-11-01T00:21:00Z,0.77,9.90625,9.90625,3.59,2024-11-01T00:20:00Z,6_1,Control
a4e9,6_1,Control,2024-11-01T00:43:00Z,0.79,9.59375,9.6015625,3.59,2024-11-01T00:40:00Z,6_1,Control
a4e9,6_1,Control,2024-11-01T01:04:00Z,0.78,9.3359375,9.34375,3.59,2024-11-01T01:00:00Z,6_1,Control
a4e9,6_1,Control,2024-11-01T01:26:00Z,0.8,9.2578125,9.2421875,3.59,2024-11-01T01:20:00Z,6_1,Control
a4e9,6_1,Control,2024-11-01T01:47:00Z,0.81,9.5859375,9.546875,3.59,2024-11-01T01:40:00Z,6_1,Control
a4e9,6_1,Control,2024-11-01T02:09:00Z,0.83,9.84375,9.796875,3.59,2024-11-01T02:00:00Z,6_1,Control
a4e9,6_1,Control,2024-11-01T02:30:00Z,0.94,10.8671875,10.75,3.58,2024-11-01T02:40:00Z,6_1,Control
a4e9,6_1,Control,2024-11-01T02:52:00Z,0.99,13.5703125,13.1953125,3.59,2024-11-01T03:00:00Z,6_1,Control
a4e9,6_1,Control,2024-11-01T03:13:00Z,1.05,16.2421875,15.8515625,3.59,2024-11-01T03:20:00Z,6_1,Control
a4e9,6_1,Control,2024-11-01T03:34:00Z,1.1,18.5859375,18.2578125,3.6,2024-11-01T03:40:00Z,6_1,Control
a4e9,6_1,Control,2024-11-01T03:56:00Z,1.14,19.65625,19.3671875,3.6,2024-11-01T04:00:00Z,6_1,Control
a4e9,6_1,Control,2024-11-01T04:17:00Z,1.15,21.1328125,20.9140625,3.6,2024-11-01T04:20:00Z,6_1,Control
a4e9,6_1,Control,2024-11-01T04:39:00Z,1.23,22.2890625,22.1875,3.6,2024-11-01T04:40:00Z,6_1,Control
a4e9,6_1,Control,2024-11-01T05:00:00Z,1.43,22.2109375,22.265625,3.61,2024-11-01T05:00:00Z,6_1,Control
a4e9,6_1,Control,2024-11-01T05:22:00Z,1.41,22.1328125,22.1328125,3.61,2024-11-01T05:20:00Z,6_1,Control
a4e9,6_1,Control,2024-11-01T05:43:00Z,1.39,22.515625,22.5546875,3.6,2024-11-01T05:40:00Z,6_1,Control
a4e9,6_1,Control,2024-11-01T06:05:00Z,1.4,23.1875,23.2265625,3.61,2024-11-01T06:00:00Z,6_1,Control
a4e9,6_1,Control,2024-11-01T06:26:00Z,1.42,23.8203125,23.890625,3.61,2024-11-01T06:20:00Z,6_1,Control
a4e9,6_1,Control,2024-11-01T06:48:00Z,1.53,24.9765625,25.0078125,3.61,2024-11-01T06:40:00Z,6_1,Control
a4e9,6_1,Control,2024-11-01T07:09:00Z,1.55,25.8828125,25.7734375,3.61,2024-11-01T07:00:00Z,6_1,Control
a4e9,6_1,Control,2024-11-01T07:31:00Z,1.58,26.8828125,26.7890625,3.62,2024-11-01T07:40:00Z,6_1,Control
a4e9,6_1,Control,2024-11-01T07:52:00Z,1.64,28.0625,28.078125,3.61,2024-11-01T08:00:00Z,6_1,Control
a4e9,6_1,Control,2024-11-01T08:14:00Z,1.68,28.859375,28.90625,3.62,2024-11-01T08:20:00Z,6_1,Control
a4e9,6_1,Control,2024-11-01T08:35:00Z,1.85,29.7734375,29.5546875,3.61,2024-11-01T08:40:00Z,6_1,Control
a4e9,6_1,Control,2024-11-01T08:56:00Z,1.79,29.8828125,29.8125,3.62,2024-11-01T09:00:00Z,6_1,Control
a4e9,6_1,Control,2024-11-01T09:18:00Z,1.89,30.1328125,30.0859375,3.62,2024-11-01T09:20:00Z,6_1,Control
a4e9,6_1,Control,2024-11-01T09:39:00Z,1.85,30.1328125,30.015625,3.62,2024-11-01T09:40:00Z,6_1,Control
a4e9,6_1,Control,2024-11-01T10:44:00Z,1.85,30.203125,30.046875,3.62,2024-11-01T10:40:00Z,6_1,Control
a4e9,6_1,Control,2024-11-01T11:05:00Z,1.57,28.859375,28.6015625,3.61,2024-11-01T11:00:00Z,6_1,Control
a4e9,6_1,Control,2024-11-01T11:27:00Z,1.39,27.4140625,27.2265625,3.61,2024-11-01T11:20:00Z,6_1,Control
a4e9,6_1,Control,2024-11-01T11:48:00Z,1.58,26.0546875,25.8125,3.61,2024-11-01T11:40:00Z,6_1,Control
a4e9,6_1,Control,2024-11-01T12:10:00Z,1.43,26.7578125,26.828125,3.61,2024-11-01T12:00:00Z,6_1,Control
a4e9,6_1,Control,2024-11-01T12:31:00Z,1.67,28.203125,28.1953125,3.61,2024-11-01T12:40:00Z,6_1,Control
a4e9,6_1,Control,2024-11-01T12:53:00Z,1.67,27.296875,27.1484375,3.62,2024-11-01T13:00:00Z,6_1,Control
a4e9,6_1,Control,2024-11-01T13:14:00Z,1.36,26.1796875,26.0234375,3.62,2024-11-01T13:20:00Z,6_1,Control
a4e9,6_1,Control,2024-11-01T13:36:00Z,1.34,25.6875,25.59375,3.61,2024-11-01T13:40:00Z,6_1,Control
a4e9,6_1,Control,2024-11-01T13:57:00Z,1.25,25.4140625,25.359375,3.61,2024-11-01T14:00:00Z,6_1,Control
a4e9,6_1,Control,2024-11-01T14:18:00Z,1.18,24.8359375,24.765625,3.62,2024-11-01T14:20:00Z,6_1,Control
a4e9,6_1,Control,2024-11-01T14:40:00Z,1,23.578125,23.46875,3.61,2024-11-01T14:40:00Z,6_1,Control
a4e9,6_1,Control,2024-11-01T15:01:00Z,0.9,22.2265625,22.140625,3.61,2024-11-01T15:00:00Z,6_1,Control
a4e9,6_1,Control,2024-11-01T15:23:00Z,0.87,21,20.9375,3.61,2024-11-01T15:20:00Z,6_1,Control
a4e9,6_1,Control,2024-11-01T15:44:00Z,0.84,20.1171875,20.078125,3.61,2024-11-01T15:40:00Z,6_1,Control
a4e9,6_1,Control,2024-11-01T16:06:00Z,0.86,19.671875,19.6328125,3.6,2024-11-01T16:00:00Z,6_1,Control
a4e9,6_1,Control,2024-11-01T16:27:00Z,0.83,19.484375,19.4453125,3.61,2024-11-01T16:20:00Z,6_1,Control
a4e9,6_1,Control,2024-11-01T16:49:00Z,0.84,19.1015625,19.078125,3.61,2024-11-01T16:40:00Z,6_1,Control
a4e9,6_1,Control,2024-11-01T17:10:00Z,0.83,18.8984375,18.8671875,3.61,2024-11-01T17:00:00Z,6_1,Control
a4e9,6_1,Control,2024-11-01T17:32:00Z,0.84,18.65625,18.6328125,3.6,2024-11-01T17:40:00Z,6_1,Control
a4e9,6_1,Control,2024-11-01T17:53:00Z,0.82,18.3515625,18.328125,3.61,2024-11-01T18:00:00Z,6_1,Control
a4e9,6_1,Control,2024-11-01T18:15:00Z,0.82,18.125,18.109375,3.6,2024-11-01T18:20:00Z,6_1,Control
a4e9,6_1,Control,2024-11-01T18:36:00Z,0.84,17.921875,17.8984375,3.6,2024-11-01T18:40:00Z,6_1,Control
a4e9,6_1,Control,2024-11-01T18:58:00Z,0.83,17.53125,17.5234375,3.61,2024-11-01T19:00:00Z,6_1,Control
a4e9,6_1,Control,2024-11-01T19:19:00Z,0.81,17.09375,17.0859375,3.61,2024-11-01T19:20:00Z,6_1,Control
a4e9,6_1,Control,2024-11-01T19:41:00Z,0.81,16.28125,16.2890625,3.6,2024-11-01T19:40:00Z,6_1,Control
a4e9,6_1,Control,2024-11-01T20:02:00Z,0.82,15.953125,15.9453125,3.6,2024-11-01T20:00:00Z,6_1,Control
a4e9,6_1,Control,2024-11-01T20:23:00Z,0.79,15.625,15.6171875,3.6,2024-11-01T20:20:00Z,6_1,Control
a4e9,6_1,Control,2024-11-01T20:45:00Z,0.8,15.359375,15.359375,3.6,2024-11-01T20:40:00Z,6_1,Control
a4e9,6_1,Control,2024-11-01T21:06:00Z,0.81,15.2265625,15.21875,3.59,2024-11-01T21:00:00Z,6_1,Control
a4e9,6_1,Control,2024-11-01T21:28:00Z,0.8,15.1171875,15.109375,3.6,2024-11-01T21:20:00Z,6_1,Control
a4e9,6_1,Control,2024-11-01T21:49:00Z,0.78,14.59375,14.609375,3.6,2024-11-01T21:40:00Z,6_1,Control
a4e9,6_1,Control,2024-11-01T22:11:00Z,0.77,13.8359375,13.875,3.6,2024-11-01T22:20:00Z,6_1,Control
a4e9,6_1,Control,2024-11-01T22:32:00Z,0.79,13.2734375,13.2890625,3.6,2024-11-01T22:40:00Z,6_1,Control
a4e9,6_1,Control,2024-11-01T22:54:00Z,0.79,12.8828125,12.890625,3.6,2024-11-01T23:00:00Z,6_1,Control
a4e9,6_1,Control,2024-11-01T23:15:00Z,0.79,12.8046875,12.8203125,3.6,2024-11-01T23:20:00Z,6_1,Control
a4e9,6_1,Control,2024-11-01T23:37:00Z,0.8,12.5859375,12.59375,3.6,2024-11-01T23:40:00Z,6_1,Control
a4e9,6_1,Control,2024-11-01T23:58:00Z,0.8,12.6484375,12.6484375,3.59,2024-11-02T00:00:00Z,6_1,Control
a4e9,6_1,Control,2024-11-02T00:20:00Z,0.8,12.7734375,12.7734375,3.59,2024-11-02T00:20:00Z,6_1,Control
a4e9,6_1,Control,2024-11-02T00:41:00Z,0.8,12.7265625,12.7265625,3.59,2024-11-02T00:40:00Z,6_1,Control
a4e9,6_1,Control,2024-11-02T01:03:00Z,0.8,12.7421875,12.7421875,3.6,2024-11-02T01:00:00Z,6_1,Control
a4e9,6_1,Control,2024-11-02T01:24:00Z,0.79,12.7109375,12.703125,3.59,2024-11-02T01:20:00Z,6_1,Control
a4e9,6_1,Control,2024-11-02T01:45:00Z,0.8,12.5625,12.5546875,3.6,2024-11-02T01:40:00Z,6_1,Control
a4e9,6_1,Control,2024-11-02T02:07:00Z,0.8,12.6015625,12.5859375,3.6,2024-11-02T02:00:00Z,6_1,Control
a4e9,6_1,Control,2024-11-02T02:28:00Z,0.89,12.9609375,12.8828125,3.59,2024-11-02T02:20:00Z,6_1,Control
a4e9,6_1,Control,2024-11-02T02:50:00Z,1,14.9765625,14.6328125,3.59,2024-11-02T02:40:00Z,6_1,Control
a4e9,6_1,Control,2024-11-02T03:11:00Z,1.09,18.0546875,17.59375,3.59,2024-11-02T03:20:00Z,6_1,Control
a4e9,6_1,Control,2024-11-02T03:33:00Z,1.2,20.1953125,19.78125,3.6,2024-11-02T03:40:00Z,6_1,Control
a4e9,6_1,Control,2024-11-02T03:54:00Z,1.3,21.5859375,21.125,3.6,2024-11-02T04:00:00Z,6_1,Control
a4e9,6_1,Control,2024-11-02T04:16:00Z,1.26,23.0390625,22.5703125,3.61,2024-11-02T04:20:00Z,6_1,Control
a4e9,6_1,Control,2024-11-02T04:37:00Z,1.41,23.671875,23.2578125,3.61,2024-11-02T04:40:00Z,6_1,Control
a4e9,6_1,Control,2024-11-02T04:59:00Z,1.49,23.328125,23.046875,3.61,2024-11-02T05:00:00Z,6_1,Control
a4e9,6_1,Control,2024-11-02T05:20:00Z,1.4,22.953125,22.7421875,3.61,2024-11-02T05:20:00Z,6_1,Control
a4e9,6_1,Control,2024-11-02T05:42:00Z,1.49,23.265625,23.1015625,3.61,2024-11-02T05:40:00Z,6_1,Control
a4e9,6_1,Control,2024-11-02T06:03:00Z,1.46,23.7109375,23.578125,3.61,2024-11-02T06:00:00Z,6_1,Control
a4e9,6_1,Control,2024-11-02T06:25:00Z,1.49,24.4609375,24.328125,3.61,2024-11-02T06:20:00Z,6_1,Control
a4e9,6_1,Control,2024-11-02T06:46:00Z,1.44,25.359375,25.234375,3.61,2024-11-02T06:40:00Z,6_1,Control
a4e9,6_1,Control,2024-11-02T07:07:00Z,1.51,25.9609375,25.75,3.61,2024-11-02T07:00:00Z,6_1,Control
a4e9,6_1,Control,2024-11-02T07:29:00Z,1.58,26.9765625,26.8203125,3.61,2024-11-02T07:20:00Z,6_1,Control
a4e9,6_1,Control,2024-11-02T07:50:00Z,1.58,27.2734375,27.1484375,3.61,2024-11-02T07:40:00Z,6_1,Control
a4e9,6_1,Control,2024-11-02T08:12:00Z,1.67,27.9921875,27.953125,3.62,2024-11-02T08:20:00Z,6_1,Control
a4e9,6_1,Control,2024-11-02T08:33:00Z,1.8,29.140625,28.984375,3.61,2024-11-02T08:40:00Z,6_1,Control
a4e9,6_1,Control,2024-11-02T08:55:00Z,1.51,27.7890625,27.6015625,3.62,2024-11-02T09:00:00Z,6_1,Control
a4e9,6_1,Control,2024-11-02T09:16:00Z,1.69,27.6484375,27.59375,3.62,2024-11-02T09:20:00Z,6_1,Control
a4e9,6_1,Control,2024-11-02T09:38:00Z,1.74,27.7109375,27.6953125,3.61,2024-11-02T09:40:00Z,6_1,Control
a4e9,6_1,Control,2024-11-02T09:59:00Z,1.61,27.71875,27.8125,3.61,2024-11-02T10:00:00Z,6_1,Control
a4e9,6_1,Control,2024-11-02T10:21:00Z,1.82,28.28125,28.359375,3.61,2024-11-02T10:20:00Z,6_1,Control
a4e9,6_1,Control,2024-11-02T10:42:00Z,1.93,26.640625,26.390625,3.62,2024-11-02T10:40:00Z,6_1,Control
a4e9,6_1,Control,2024-11-02T11:04:00Z,1.75,25.609375,25.5078125,3.61,2024-11-02T11:00:00Z,6_1,Control
a4e9,6_1,Control,2024-11-02T11:25:00Z,1.53,24.59375,24.4296875,3.62,2024-11-02T11:20:00Z,6_1,Control
a4e9,6_1,Control,2024-11-02T11:47:00Z,1.43,25.9140625,26.0078125,3.61,2024-11-02T11:40:00Z,6_1,Control
a4e9,6_1,Control,2024-11-02T12:08:00Z,1.74,25.7109375,25.59375,3.62,2024-11-02T12:00:00Z,6_1,Control
a4e9,6_1,Control,2024-11-02T12:29:00Z,1.3,23.5625,23.3125,3.62,2024-11-02T12:20:00Z,6_1,Control
a4e9,6_1,Control,2024-11-02T12:51:00Z,1.31,23.3515625,23.3203125,3.61,2024-11-02T13:00:00Z,6_1,Control
a4e9,6_1,Control,2024-11-02T13:12:00Z,1.24,23,22.9296875,3.61,2024-11-02T13:20:00Z,6_1,Control
a4e9,6_1,Control,2024-11-02T13:34:00Z,1.07,21.453125,21.28125,3.61,2024-11-02T13:40:00Z,6_1,Control
a4e9,6_1,Control,2024-11-02T13:55:00Z,1.02,20.6796875,20.578125,3.61,2024-11-02T14:00:00Z,6_1,Control
a4e9,6_1,Control,2024-11-02T14:17:00Z,1.01,20.9140625,20.8984375,3.61,2024-11-02T14:20:00Z,6_1,Control
a4e9,6_1,Control,2024-11-02T14:38:00Z,0.94,19.921875,19.84375,3.61,2024-11-02T14:40:00Z,6_1,Control
a4e9,6_1,Control,2024-11-02T15:00:00Z,0.88,18.8671875,18.78125,3.61,2024-11-02T15:00:00Z,6_1,Control
a4e9,6_1,Control,2024-11-02T15:21:00Z,0.85,18.1171875,18.0625,3.61,2024-11-02T15:20:00Z,6_1,Control
a4e9,6_1,Control,2024-11-02T15:43:00Z,0.83,17.4765625,17.4375,3.61,2024-11-02T15:40:00Z,6_1,Control
a4e9,6_1,Control,2024-11-02T16:04:00Z,0.82,16.7421875,16.7265625,3.61,2024-11-02T16:00:00Z,6_1,Control
a4e9,6_1,Control,2024-11-02T16:26:00Z,0.83,16.1875,16.1484375,3.6,2024-11-02T16:20:00Z,6_1,Control
a4e9,6_1,Control,2024-11-02T16:47:00Z,0.82,15.78125,15.7578125,3.6,2024-11-02T16:40:00Z,6_1,Control
a4e9,6_1,Control,2024-11-02T17:09:00Z,0.84,15.390625,15.375,3.6,2024-11-02T17:00:00Z,6_1,Control
a4e9,6_1,Control,2024-11-02T17:30:00Z,0.83,15.28125,15.2578125,3.6,2024-11-02T17:40:00Z,6_1,Control
a4e9,6_1,Control,2024-11-02T17:51:00Z,0.81,15.09375,15.0625,3.6,2024-11-02T18:00:00Z,6_1,Control
a4e9,6_1,Control,2024-11-02T18:13:00Z,0.81,14.6171875,14.6171875,3.6,2024-11-02T18:20:00Z,6_1,Control
a4e9,6_1,Control,2024-11-02T18:34:00Z,0.82,14.328125,14.3203125,3.6,2024-11-02T18:40:00Z,6_1,Control
a4e9,6_1,Control,2024-11-02T18:56:00Z,0.82,14.1953125,14.1875,3.6,2024-11-02T19:00:00Z,6_1,Control
a4e9,6_1,Control,2024-11-02T19:17:00Z,0.81,14.078125,14.0625,3.6,2024-11-02T19:20:00Z,6_1,Control
a4e9,6_1,Control,2024-11-02T19:39:00Z,0.8,13.921875,13.90625,3.6,2024-11-02T19:40:00Z,6_1,Control
a4e9,6_1,Control,2024-11-02T20:00:00Z,0.81,13.2421875,13.25,3.6,2024-11-02T20:00:00Z,6_1,Control
a4e9,6_1,Control,2024-11-02T20:22:00Z,0.79,12.8125,12.8125,3.6,2024-11-02T20:20:00Z,6_1,Control
a4e9,6_1,Control,2024-11-02T20:43:00Z,0.78,12.1484375,12.1640625,3.59,2024-11-02T20:40:00Z,6_1,Control
a4e9,6_1,Control,2024-11-02T21:05:00Z,0.79,11.6015625,11.6015625,3.6,2024-11-02T21:00:00Z,6_1,Control
a4e9,6_1,Control,2024-11-02T21:26:00Z,0.8,11.375,11.3671875,3.6,2024-11-02T21:20:00Z,6_1,Control
a4e9,6_1,Control,2024-11-02T21:48:00Z,0.79,10.9609375,10.9609375,3.6,2024-11-02T21:40:00Z,6_1,Control
a4e9,6_1,Control,2024-11-02T22:09:00Z,0.81,10.6328125,10.625,3.59,2024-11-02T22:00:00Z,6_1,Control
a4e9,6_1,Control,2024-11-02T22:31:00Z,0.82,10.5703125,10.5546875,3.59,2024-11-02T22:40:00Z,6_1,Control
a4e9,6_1,Control,2024-11-02T22:52:00Z,0.8,10.484375,10.46875,3.6,2024-11-02T23:00:00Z,6_1,Control
a4e9,6_1,Control,2024-11-02T23:14:00Z,0.8,10.1640625,10.15625,3.59,2024-11-02T23:20:00Z,6_1,Control
a4e9,6_1,Control,2024-11-02T23:35:00Z,0.82,10.2890625,10.2578125,3.6,2024-11-02T23:40:00Z,6_1,Control
a4e9,6_1,Control,2024-11-02T23:56:00Z,0.8,10.421875,10.3984375,3.59,2024-11-03T00:00:00Z,6_1,Control
a4e9,6_1,Control,2024-11-03T00:18:00Z,0.81,10.0625,10.0546875,3.59,2024-11-03T00:20:00Z,6_1,Control
a4e9,6_1,Control,2024-11-03T00:39:00Z,0.82,9.9765625,9.9609375,3.59,2024-11-03T00:40:00Z,6_1,Control
a4e9,6_1,Control,2024-11-03T01:01:00Z,0.81,9.71875,9.6953125,3.59,2024-11-03T01:00:00Z,6_1,Control
a4e9,6_1,Control,2024-11-03T01:22:00Z,0.81,9.6328125,9.609375,3.58,2024-11-03T01:20:00Z,6_1,Control
a4e9,6_1,Control,2024-11-03T01:44:00Z,0.8,9.421875,9.40625,3.59,2024-11-03T01:40:00Z,6_1,Control
a4e9,6_1,Control,2024-11-03T02:05:00Z,0.83,9.3125,9.2734375,3.59,2024-11-03T02:00:00Z,6_1,Control
a4e9,6_1,Control,2024-11-03T02:27:00Z,0.9,10.0546875,9.9765625,3.58,2024-11-03T02:20:00Z,6_1,Control
a4e9,6_1,Control,2024-11-03T02:48:00Z,0.97,11.9609375,11.7265625,3.59,2024-11-03T02:40:00Z,6_1,Control
a4e9,6_1,Control,2024-11-03T03:10:00Z,1.06,14.359375,14.09375,3.59,2024-11-03T03:00:00Z,6_1,Control
a4e9,6_1,Control,2024-11-03T03:31:00Z,1.15,16.5546875,16.265625,3.6,2024-11-03T03:40:00Z,6_1,Control
a4e9,6_1,Control,2024-11-03T03:53:00Z,1.16,18.3984375,18.0234375,3.59,2024-11-03T04:00:00Z,6_1,Control
a4e9,6_1,Control,2024-11-03T04:14:00Z,1.17,20.125,19.7421875,3.6,2024-11-03T04:20:00Z,6_1,Control
a4e9,6_1,Control,2024-11-03T04:36:00Z,1.27,20.5625,20.203125,3.6,2024-11-03T04:40:00Z,6_1,Control
a4e9,6_1,Control,2024-11-03T04:57:00Z,1.32,21.0625,20.890625,3.61,2024-11-03T05:00:00Z,6_1,Control
a4e9,6_1,Control,2024-11-03T05:18:00Z,1.25,21.2578125,21.1953125,3.61,2024-11-03T05:20:00Z,6_1,Control
a4e9,6_1,Control,2024-11-03T05:40:00Z,1.33,21.359375,21.3125,3.61,2024-11-03T05:40:00Z,6_1,Control
a4e9,6_1,Control,2024-11-03T06:01:00Z,1.39,21.609375,21.625,3.61,2024-11-03T06:00:00Z,6_1,Control
a4e9,6_1,Control,2024-11-03T06:23:00Z,1.37,22.6796875,22.8125,3.61,2024-11-03T06:20:00Z,6_1,Control
a4e9,6_1,Control,2024-11-03T06:44:00Z,1.47,24.4921875,24.53125,3.61,2024-11-03T06:40:00Z,6_1,Control
a4e9,6_1,Control,2024-11-03T07:06:00Z,1.59,25.9765625,25.859375,3.61,2024-11-03T07:00:00Z,6_1,Control
a4e9,6_1,Control,2024-11-03T07:27:00Z,1.55,25.765625,25.4765625,3.61,2024-11-03T07:20:00Z,6_1,Control
a4e9,6_1,Control,2024-11-03T07:49:00Z,1.63,26.25,26.1875,3.61,2024-11-03T07:40:00Z,6_1,Control
a4e9,6_1,Control,2024-11-03T08:10:00Z,1.57,26.578125,26.5078125,3.61,2024-11-03T08:00:00Z,6_1,Control
a4e9,6_1,Control,2024-11-03T08:32:00Z,1.82,26.75,26.5234375,3.61,2024-11-03T08:40:00Z,6_1,Control
a4e9,6_1,Control,2024-11-03T08:53:00Z,1.65,26.6171875,26.5625,3.62,2024-11-03T09:00:00Z,6_1,Control
a4e9,6_1,Control,2024-11-03T09:15:00Z,1.62,26.6171875,26.640625,3.62,2024-11-03T09:20:00Z,6_1,Control
a4e9,6_1,Control,2024-11-03T09:36:00Z,1.54,26.953125,27.0625,3.61,2024-11-03T09:40:00Z,6_1,Control
a4e9,6_1,Control,2024-11-03T09:58:00Z,1.61,27.625,27.875,3.61,2024-11-03T10:00:00Z,6_1,Control
a4e9,6_1,Control,2024-11-03T10:19:00Z,1.62,28.1171875,28.359375,3.62,2024-11-03T10:20:00Z,6_1,Control
a4e9,6_1,Control,2024-11-03T10:41:00Z,1.77,27.9453125,27.9140625,3.62,2024-11-03T10:40:00Z,6_1,Control
a4e9,6_1,Control,2024-11-03T11:02:00Z,1.74,27.6015625,27.5625,3.62,2024-11-03T11:00:00Z,6_1,Control
a4e9,6_1,Control,2024-11-03T11:23:00Z,1.66,27.34375,27.2265625,3.62,2024-11-03T11:20:00Z,6_1,Control
a4e9,6_1,Control,2024-11-03T11:45:00Z,1.58,26.96875,26.875,3.61,2024-11-03T11:40:00Z,6_1,Control
a4e9,6_1,Control,2024-11-03T12:06:00Z,1.46,25.9375,25.8671875,3.62,2024-11-03T12:00:00Z,6_1,Control
a4e9,6_1,Control,2024-11-03T12:28:00Z,1.32,24.7890625,24.7421875,3.62,2024-11-03T12:20:00Z,6_1,Control
a4e9,6_1,Control,2024-11-03T12:49:00Z,1.35,24.2109375,24.1953125,3.62,2024-11-03T12:40:00Z,6_1,Control
a4e9,6_1,Control,2024-11-03T13:11:00Z,1.22,23.109375,23.0390625,3.61,2024-11-03T13:20:00Z,6_1,Control
a4e9,6_1,Control,2024-11-03T13:32:00Z,1.16,22.1015625,22.0390625,3.62,2024-11-03T13:40:00Z,6_1,Control
a4e9,6_1,Control,2024-11-03T13:54:00Z,1.1,21.3359375,21.328125,3.61,2024-11-03T14:00:00Z,6_1,Control
a4e9,6_1,Control,2024-11-03T14:15:00Z,1.03,19.9921875,19.9296875,3.61,2024-11-03T14:20:00Z,6_1,Control
a4e9,6_1,Control,2024-11-03T14:37:00Z,0.91,18.3515625,18.265625,3.61,2024-11-03T14:40:00Z,6_1,Control
a4e9,6_1,Control,2024-11-03T14:58:00Z,0.83,16.859375,16.7890625,3.61,2024-11-03T15:00:00Z,6_1,Control
a4e9,6_1,Control,2024-11-03T15:20:00Z,0.82,15.359375,15.328125,3.61,2024-11-03T15:20:00Z,6_1,Control
a4e9,6_1,Control,2024-11-03T15:41:00Z,0.82,14.34375,14.328125,3.6,2024-11-03T15:40:00Z,6_1,Control
a4e9,6_1,Control,2024-11-03T16:03:00Z,0.8,13.53125,13.5390625,3.61,2024-11-03T16:00:00Z,6_1,Control
a4e9,6_1,Control,2024-11-03T16:24:00Z,0.8,12.9609375,12.9609375,3.6,2024-11-03T16:20:00Z,6_1,Control
a4e9,6_1,Control,2024-11-03T16:45:00Z,0.82,12.578125,12.5859375,3.6,2024-11-03T16:40:00Z,6_1,Control
a4e9,6_1,Control,2024-11-03T17:07:00Z,0.82,12.1875,12.1953125,3.6,2024-11-03T17:00:00Z,6_1,Control
a4e9,6_1,Control,2024-11-03T17:28:00Z,0.81,11.6796875,11.671875,3.6,2024-11-03T17:20:00Z,6_1,Control
a4e9,6_1,Control,2024-11-03T17:50:00Z,0.8,11.3125,11.3125,3.6,2024-11-03T17:40:00Z,6_1,Control
a4e9,6_1,Control,2024-11-03T18:11:00Z,0.81,11.140625,11.1328125,3.6,2024-11-03T18:20:00Z,6_1,Control
a4e9,6_1,Control,2024-11-03T18:33:00Z,0.81,11.046875,11.046875,3.59,2024-11-03T18:40:00Z,6_1,Control
a4e9,6_1,Control,2024-11-03T18:54:00Z,0.8,10.90625,10.90625,3.6,2024-11-03T19:00:00Z,6_1,Control
a4e9,6_1,Control,2024-11-03T19:16:00Z,0.8,10.6171875,10.6171875,3.6,2024-11-03T19:20:00Z,6_1,Control
a4e9,6_1,Control,2024-11-03T19:37:00Z,0.81,10.4765625,10.484375,3.59,2024-11-03T19:40:00Z,6_1,Control
a4e9,6_1,Control,2024-11-03T19:59:00Z,0.81,10.3359375,10.3359375,3.6,2024-11-03T20:00:00Z,6_1,Control
a4e9,6_1,Control,2024-11-03T20:20:00Z,0.8,10.3203125,10.328125,3.59,2024-11-03T20:20:00Z,6_1,Control
a4e9,6_1,Control,2024-11-03T20:42:00Z,0.79,10.265625,10.265625,3.6,2024-11-03T20:40:00Z,6_1,Control
a4e9,6_1,Control,2024-11-03T21:03:00Z,0.81,10.0546875,10.0625,3.6,2024-11-03T21:00:00Z,6_1,Control
a4e9,6_1,Control,2024-11-03T21:25:00Z,0.79,9.8671875,9.8671875,3.59,2024-11-03T21:20:00Z,6_1,Control
a4e9,6_1,Control,2024-11-03T21:46:00Z,0.78,9.3359375,9.34375,3.6,2024-11-03T21:40:00Z,6_1,Control
a4e9,6_1,Control,2024-11-03T22:07:00Z,0.79,8.875,8.875,3.6,2024-11-03T22:00:00Z,6_1,Control
a4e9,6_1,Control,2024-11-03T22:29:00Z,0.8,8.5078125,8.515625,3.59,2024-11-03T22:20:00Z,6_1,Control
a4e9,6_1,Control,2024-11-03T22:50:00Z,0.77,8.109375,8.109375,3.58,2024-11-03T22:40:00Z,6_1,Control
a4e9,6_1,Control,2024-11-03T23:12:00Z,0.79,7.8046875,7.8125,3.59,2024-11-03T23:20:00Z,6_1,Control
a4e9,6_1,Control,2024-11-03T23:33:00Z,0.78,7.5390625,7.5390625,3.59,2024-11-03T23:40:00Z,6_1,Control
a4e9,6_1,Control,2024-11-03T23:55:00Z,0.8,7.34375,7.34375,3.59,2024-11-04T00:00:00Z,6_1,Control
a4e9,6_1,Control,2024-11-04T00:16:00Z,0.79,7.140625,7.140625,3.59,2024-11-04T00:20:00Z,6_1,Control
a4e9,6_1,Control,2024-11-04T00:38:00Z,0.78,6.828125,6.8359375,3.58,2024-11-04T00:40:00Z,6_1,Control
a4e9,6_1,Control,2024-11-04T00:59:00Z,0.78,6.390625,6.390625,3.59,2024-11-04T01:00:00Z,6_1,Control
a4e9,6_1,Control,2024-11-04T01:21:00Z,0.79,6.0703125,6.0703125,3.59,2024-11-04T01:20:00Z,6_1,Control
a4e9,6_1,Control,2024-11-04T01:42:00Z,0.79,5.6328125,5.640625,3.58,2024-11-04T01:40:00Z,6_1,Control
a4e9,6_1,Control,2024-11-04T02:04:00Z,0.81,5.4453125,5.4453125,3.58,2024-11-04T02:00:00Z,6_1,Control
a4e9,6_1,Control,2024-11-04T02:25:00Z,0.81,5.5703125,5.546875,3.59,2024-11-04T02:20:00Z,6_1,Control
a4e9,6_1,Control,2024-11-04T02:47:00Z,0.89,6.2109375,6.03125,3.58,2024-11-04T02:40:00Z,6_1,Control
a4e9,6_1,Control,2024-11-04T03:08:00Z,0.82,6.828125,6.65625,3.58,2024-11-04T03:00:00Z,6_1,Control
a4e9,6_1,Control,2024-11-05T07:56:00Z,0.9,10.890625,10.8359375,3.59,2024-11-05T08:00:00Z,6_1,Control
a4e9,6_1,Control,2024-11-05T08:17:00Z,0.94,12.2890625,12.21875,3.59,2024-11-05T08:20:00Z,6_1,Control
a4e9,6_1,Control,2024-11-05T08:39:00Z,0.97,13.953125,13.9765625,3.59,2024-11-05T08:40:00Z,6_1,Control
a4e9,6_1,Control,2024-11-05T09:00:00Z,0.97,13.6484375,13.6015625,3.59,2024-11-05T09:00:00Z,6_1,Control
a4e9,6_1,Control,2024-11-05T09:22:00Z,1.03,13.8828125,13.8125,3.59,2024-11-05T09:20:00Z,6_1,Control
a4e9,6_1,Control,2024-11-05T09:43:00Z,1.03,14.3515625,14.3046875,3.59,2024-11-05T09:40:00Z,6_1,Control
a4e9,6_1,Control,2024-11-05T10:05:00Z,1.05,15.46875,15.609375,3.6,2024-11-05T10:00:00Z,6_1,Control
a4e9,6_1,Control,2024-11-05T10:26:00Z,1.02,16.046875,16.15625,3.6,2024-11-05T10:20:00Z,6_1,Control
a4e9,6_1,Control,2024-11-05T10:48:00Z,0.98,14.90625,14.8671875,3.6,2024-11-05T10:40:00Z,6_1,Control
a4e9,6_1,Control,2024-11-05T11:09:00Z,1.01,14.5390625,14.453125,3.59,2024-11-05T11:00:00Z,6_1,Control
a4e9,6_1,Control,2024-11-05T11:31:00Z,1.05,15.4765625,15.390625,3.59,2024-11-05T11:40:00Z,6_1,Control
a4e9,6_1,Control,2024-11-05T11:52:00Z,1.05,14.8046875,14.7421875,3.6,2024-11-05T12:00:00Z,6_1,Control
a4e9,6_1,Control,2024-11-05T12:14:00Z,0.99,14.8359375,14.8046875,3.59,2024-11-05T12:20:00Z,6_1,Control
a4e9,6_1,Control,2024-11-05T12:35:00Z,0.91,13.703125,13.6328125,3.59,2024-11-05T12:40:00Z,6_1,Control
a4e9,6_1,Control,2024-11-05T12:57:00Z,0.92,12.921875,12.8671875,3.59,2024-11-05T13:00:00Z,6_1,Control
a4e9,6_1,Control,2024-11-05T13:18:00Z,0.89,12.40625,12.359375,3.59,2024-11-05T13:20:00Z,6_1,Control
a4e9,6_1,Control,2024-11-05T13:40:00Z,0.93,11.859375,11.8125,3.59,2024-11-05T13:40:00Z,6_1,Control
a4e9,6_1,Control,2024-11-05T14:01:00Z,0.89,12.3671875,12.375,3.58,2024-11-05T14:00:00Z,6_1,Control
a4e9,6_1,Control,2024-11-05T14:22:00Z,0.86,11.90625,11.90625,3.59,2024-11-05T14:20:00Z,6_1,Control
a4e9,6_1,Control,2024-11-05T14:44:00Z,0.83,10.921875,10.90625,3.58,2024-11-05T14:40:00Z,6_1,Control
a4e9,6_1,Control,2024-11-05T15:05:00Z,0.79,9.78125,9.7734375,3.59,2024-11-05T15:00:00Z,6_1,Control
a4e9,6_1,Control,2024-11-05T15:27:00Z,0.8,8.9140625,8.9140625,3.59,2024-11-05T15:20:00Z,6_1,Control
a4e9,6_1,Control,2024-11-05T15:48:00Z,0.8,8.5078125,8.5078125,3.58,2024-11-05T15:40:00Z,6_1,Control
a4e9,6_1,Control,2024-11-05T16:10:00Z,0.8,8.265625,8.2734375,3.59,2024-11-05T16:00:00Z,6_1,Control
a4e9,6_1,Control,2024-11-05T16:31:00Z,0.78,8.0625,8.0546875,3.58,2024-11-05T16:40:00Z,6_1,Control
a4e9,6_1,Control,2024-11-05T16:53:00Z,0.79,7.828125,7.8359375,3.58,2024-11-05T17:00:00Z,6_1,Control
a4e9,6_1,Control,2024-11-05T17:14:00Z,0.79,7.7734375,7.78125,3.58,2024-11-05T17:20:00Z,6_1,Control
a4e9,6_1,Control,2024-11-05T17:36:00Z,0.79,7.65625,7.671875,3.58,2024-11-05T17:40:00Z,6_1,Control
a4e9,6_1,Control,2024-11-05T17:57:00Z,0.79,7.578125,7.5859375,3.58,2024-11-05T18:00:00Z,6_1,Control
a4e9,6_1,Control,2024-11-05T18:19:00Z,0.8,7.671875,7.671875,3.58,2024-11-05T18:20:00Z,6_1,Control
a4e9,6_1,Control,2024-11-05T18:40:00Z,0.8,7.703125,7.71875,3.58,2024-11-05T18:40:00Z,6_1,Control
a4e9,6_1,Control,2024-11-05T19:02:00Z,0.78,7.578125,7.6015625,3.58,2024-11-05T19:00:00Z,6_1,Control
a4e9,6_1,Control,2024-11-05T19:23:00Z,0.78,7.515625,7.5234375,3.58,2024-11-05T19:20:00Z,6_1,Control
a4e9,6_1,Control,2024-11-05T19:44:00Z,0.79,7.1796875,7.2109375,3.58,2024-11-05T19:40:00Z,6_1,Control
a4e9,6_1,Control,2024-11-05T20:06:00Z,1.18,7.125,7.328125,3.58,2024-11-05T20:00:00Z,6_1,Control
a4e9,6_1,Control,2024-11-05T20:27:00Z,0.8,7.234375,7.234375,3.58,2024-11-05T20:20:00Z,6_1,Control
a4e9,6_1,Control,2024-11-05T20:49:00Z,0.79,7.328125,7.3203125,3.58,2024-11-05T20:40:00Z,6_1,Control
a4e9,6_1,Control,2024-11-05T21:10:00Z,0.79,7.2890625,7.28125,3.58,2024-11-05T21:00:00Z,6_1,Control
a4e9,6_1,Control,2024-11-05T21:32:00Z,0.78,7.2265625,7.21875,3.58,2024-11-05T21:40:00Z,6_1,Control
a4e9,6_1,Control,2024-11-05T21:53:00Z,0.78,7.203125,7.1875,3.58,2024-11-05T22:00:00Z,6_1,Control
a4e9,6_1,Control,2024-11-05T22:15:00Z,0.78,7.1171875,7.1015625,3.58,2024-11-05T22:20:00Z,6_1,Control
a4e9,6_1,Control,2024-11-05T22:36:00Z,0.79,6.984375,6.96875,3.57,2024-11-05T22:40:00Z,6_1,Control
a4e9,6_1,Control,2024-11-05T22:58:00Z,0.8,6.953125,6.9375,3.58,2024-11-05T23:00:00Z,6_1,Control
a4e9,6_1,Control,2024-11-05T23:19:00Z,0.79,7,6.9765625,3.58,2024-11-05T23:20:00Z,6_1,Control
a4e9,6_1,Control,2024-11-05T23:41:00Z,0.78,7.0390625,7.0078125,3.58,2024-11-05T23:40:00Z,6_1,Control
a4e9,6_1,Control,2024-11-06T00:02:00Z,0.78,7.046875,7.0234375,3.58,2024-11-06T00:00:00Z,6_1,Control
a4e9,6_1,Control,2024-11-06T00:24:00Z,0.79,7,6.9765625,3.57,2024-11-06T00:20:00Z,6_1,Control
a4e9,6_1,Control,2024-11-06T00:45:00Z,0.79,6.9375,6.921875,3.58,2024-11-06T00:40:00Z,6_1,Control
a4e9,6_1,Control,2024-11-06T01:06:00Z,0.79,6.921875,6.8984375,3.58,2024-11-06T01:00:00Z,6_1,Control
a4e9,6_1,Control,2024-11-06T01:28:00Z,0.78,6.890625,6.875,3.58,2024-11-06T01:20:00Z,6_1,Control
a4e9,6_1,Control,2024-11-06T01:49:00Z,0.79,6.8671875,6.84375,3.57,2024-11-06T01:40:00Z,6_1,Control
a4e9,6_1,Control,2024-11-06T02:11:00Z,0.79,6.9453125,6.921875,3.58,2024-11-06T02:20:00Z,6_1,Control
a4e9,6_1,Control,2024-11-06T02:32:00Z,0.8,7.1796875,7.1484375,3.58,2024-11-06T02:40:00Z,6_1,Control
a4e9,6_1,Control,2024-11-06T02:54:00Z,0.81,7.4375,7.3984375,3.58,2024-11-06T03:00:00Z,6_1,Control
a4e9,6_1,Control,2024-11-06T03:15:00Z,0.84,8.375,8.2734375,3.58,2024-11-06T03:20:00Z,6_1,Control
a4e9,6_1,Control,2024-11-06T03:37:00Z,0.87,9.375,9.2734375,3.58,2024-11-06T03:40:00Z,6_1,Control
a4e9,6_1,Control,2024-11-06T03:58:00Z,0.87,11.6015625,11.3984375,3.58,2024-11-06T04:00:00Z,6_1,Control
a4e9,6_1,Control,2024-11-06T04:20:00Z,0.85,11.84375,11.734375,3.58,2024-11-06T04:20:00Z,6_1,Control
a4e9,6_1,Control,2024-11-06T04:41:00Z,0.89,12.375,12.2890625,3.59,2024-11-06T04:40:00Z,6_1,Control
a4e9,6_1,Control,2024-11-06T05:03:00Z,0.95,12.921875,12.8515625,3.59,2024-11-06T05:00:00Z,6_1,Control
a4e9,6_1,Control,2024-11-06T05:24:00Z,0.99,13.8671875,13.8359375,3.59,2024-11-06T05:20:00Z,6_1,Control
a4e9,6_1,Control,2024-11-06T05:46:00Z,1.07,14.9453125,14.984375,3.6,2024-11-06T05:40:00Z,6_1,Control
a4e9,6_1,Control,2024-11-06T06:07:00Z,1.08,15.75,15.765625,3.59,2024-11-06T06:00:00Z,6_1,Control
a4e9,6_1,Control,2024-11-06T06:28:00Z,1.08,16.6328125,16.671875,3.59,2024-11-06T06:20:00Z,6_1,Control
a4e9,6_1,Control,2024-11-06T06:50:00Z,1.11,17.203125,17.1953125,3.6,2024-11-06T06:40:00Z,6_1,Control
a4e9,6_1,Control,2024-11-06T07:11:00Z,1.13,17.796875,17.7109375,3.6,2024-11-06T07:20:00Z,6_1,Control
a4e9,6_1,Control,2024-11-06T07:33:00Z,1.22,18.921875,18.8125,3.6,2024-11-06T07:40:00Z,6_1,Control
a4e9,6_1,Control,2024-11-06T07:54:00Z,1.26,19.8203125,19.796875,3.6,2024-11-06T08:00:00Z,6_1,Control
a4e9,6_1,Control,2024-11-06T08:16:00Z,1.43,20.7265625,20.7578125,3.6,2024-11-06T08:20:00Z,6_1,Control
a4e9,6_1,Control,2024-11-06T08:37:00Z,1.36,20.875,20.90625,3.6,2024-11-06T08:40:00Z,6_1,Control
a4e9,6_1,Control,2024-11-06T08:59:00Z,1.41,21.21875,21.34375,3.6,2024-11-06T09:00:00Z,6_1,Control
a4e9,6_1,Control,2024-11-06T09:20:00Z,1.35,21.6328125,21.6328125,3.6,2024-11-06T09:20:00Z,6_1,Control
a4e9,6_1,Control,2024-11-06T09:42:00Z,1.39,21.9609375,22.09375,3.61,2024-11-06T09:40:00Z,6_1,Control
a4e9,6_1,Control,2024-11-06T10:03:00Z,1.35,22.46875,22.7265625,3.61,2024-11-06T10:00:00Z,6_1,Control
a4e9,6_1,Control,2024-11-06T10:25:00Z,1.43,22.6640625,22.921875,3.6,2024-11-06T10:20:00Z,6_1,Control
a4e9,6_1,Control,2024-11-06T10:46:00Z,1.44,22.7890625,22.90625,3.61,2024-11-06T10:40:00Z,6_1,Control
a4e9,6_1,Control,2024-11-06T11:08:00Z,1.45,23.265625,23.2265625,3.61,2024-11-06T11:00:00Z,6_1,Control
a4e9,6_1,Control,2024-11-06T11:29:00Z,1.49,22.875,22.7734375,3.6,2024-11-06T11:20:00Z,6_1,Control
a4e9,6_1,Control,2024-11-06T11:50:00Z,1.36,22.6484375,22.6328125,3.61,2024-11-06T11:40:00Z,6_1,Control
a4e9,6_1,Control,2024-11-06T12:12:00Z,1.28,20.90625,20.8203125,3.61,2024-11-06T12:20:00Z,6_1,Control
a4e9,6_1,Control,2024-11-06T12:33:00Z,1.18,19.8046875,19.7265625,3.6,2024-11-06T12:40:00Z,6_1,Control
a4e9,6_1,Control,2024-11-06T12:55:00Z,1.24,20.234375,20.296875,3.61,2024-11-06T13:00:00Z,6_1,Control
a4e9,6_1,Control,2024-11-06T13:16:00Z,1.15,19.90625,19.921875,3.6,2024-11-06T13:20:00Z,6_1,Control
a4e9,6_1,Control,2024-11-06T13:38:00Z,1.07,19.0703125,19.0703125,3.6,2024-11-06T13:40:00Z,6_1,Control
a4e9,6_1,Control,2024-11-06T13:59:00Z,1.01,18.3046875,18.3359375,3.61,2024-11-06T14:00:00Z,6_1,Control
a4e9,6_1,Control,2024-11-06T14:21:00Z,0.96,17.3359375,17.3671875,3.6,2024-11-06T14:20:00Z,6_1,Control
a4e9,6_1,Control,2024-11-06T14:42:00Z,0.92,16.203125,16.125,3.6,2024-11-06T14:40:00Z,6_1,Control
a4e9,6_1,Control,2024-11-06T15:04:00Z,0.86,14.796875,14.71875,3.6,2024-11-06T15:00:00Z,6_1,Control
a4e9,6_1,Control,2024-11-06T15:25:00Z,0.83,13.796875,13.75,3.6,2024-11-06T15:20:00Z,6_1,Control
a4e9,6_1,Control,2024-11-06T15:47:00Z,0.82,13.140625,13.109375,3.6,2024-11-06T15:40:00Z,6_1,Control
a4e9,6_1,Control,2024-11-06T16:08:00Z,0.82,12.703125,12.6796875,3.6,2024-11-06T16:00:00Z,6_1,Control
a4e9,6_1,Control,2024-11-06T16:30:00Z,0.81,12.265625,12.25,3.58,2024-11-06T16:40:00Z,6_1,Control
a4e9,6_1,Control,2024-11-06T16:51:00Z,0.8,11.84375,11.8203125,3.59,2024-11-06T17:00:00Z,6_1,Control
a4e9,6_1,Control,2024-11-06T17:12:00Z,0.79,11.453125,11.4296875,3.59,2024-11-06T17:20:00Z,6_1,Control
a4e9,6_1,Control,2024-11-06T17:34:00Z,0.78,10.8359375,10.8359375,3.59,2024-11-06T17:40:00Z,6_1,Control
a4e9,6_1,Control,2024-11-06T17:55:00Z,0.8,10.453125,10.4453125,3.59,2024-11-06T18:00:00Z,6_1,Control
a4e9,6_1,Control,2024-11-06T18:17:00Z,0.79,10.203125,10.1875,3.59,2024-11-06T18:20:00Z,6_1,Control
a4e9,6_1,Control,2024-11-06T18:38:00Z,0.81,9.859375,9.859375,3.59,2024-11-06T18:40:00Z,6_1,Control
a4e9,6_1,Control,2024-11-06T19:00:00Z,0.82,9.8125,9.78125,3.59,2024-11-06T19:00:00Z,6_1,Control
a4e9,6_1,Control,2024-11-06T19:21:00Z,0.79,9.734375,9.703125,3.58,2024-11-06T19:20:00Z,6_1,Control
a4e9,6_1,Control,2024-11-06T19:43:00Z,0.81,9.5,9.46875,3.58,2024-11-06T19:40:00Z,6_1,Control
a4e9,6_1,Control,2024-11-06T20:04:00Z,0.8,9.5,9.4609375,3.58,2024-11-06T20:00:00Z,6_1,Control
a4e9,6_1,Control,2024-11-06T20:26:00Z,0.82,9.375,9.328125,3.58,2024-11-06T20:20:00Z,6_1,Control
a4e9,6_1,Control,2024-11-06T20:47:00Z,0.8,9.28125,9.234375,3.59,2024-11-06T20:40:00Z,6_1,Control
a4e9,6_1,Control,2024-11-06T21:09:00Z,0.78,9.1015625,9.0625,3.58,2024-11-06T21:00:00Z,6_1,Control
a4e9,6_1,Control,2024-11-06T21:30:00Z,0.78,8.4140625,8.4140625,3.58,2024-11-06T21:40:00Z,6_1,Control
a4e9,6_1,Control,2024-11-06T21:52:00Z,0.8,8.0625,8.046875,3.58,2024-11-06T22:00:00Z,6_1,Control
a4e9,6_1,Control,2024-11-06T22:13:00Z,0.75,7.6640625,7.6640625,3.58,2024-11-06T22:20:00Z,6_1,Control
a4e9,6_1,Control,2024-11-06T22:34:00Z,0.77,6.703125,6.734375,3.58,2024-11-06T22:40:00Z,6_1,Control
a4e9,6_1,Control,2024-11-06T22:56:00Z,0.77,6.0546875,6.078125,3.59,2024-11-06T23:00:00Z,6_1,Control
a4e9,6_1,Control,2024-11-06T23:17:00Z,0.79,5.6015625,5.6171875,3.58,2024-11-06T23:20:00Z,6_1,Control
a4e9,6_1,Control,2024-11-06T23:39:00Z,0.78,5.390625,5.3984375,3.58,2024-11-06T23:40:00Z,6_1,Control
a4e9,6_1,Control,2024-11-07T00:00:00Z,0.77,5.40625,5.421875,3.58,2024-11-07T00:00:00Z,6_1,Control
a4e9,6_1,Control,2024-11-07T00:22:00Z,0.79,5.3046875,5.3203125,3.58,2024-11-07T00:20:00Z,6_1,Control
a4e9,6_1,Control,2024-11-07T00:43:00Z,0.79,5.1953125,5.2109375,3.58,2024-11-07T00:40:00Z,6_1,Control
a4e9,6_1,Control,2024-11-07T01:05:00Z,0.79,5.1484375,5.15625,3.58,2024-11-07T01:00:00Z,6_1,Control
a4e9,6_1,Control,2024-11-07T01:26:00Z,0.78,4.9453125,4.9609375,3.58,2024-11-07T01:20:00Z,6_1,Control
a4e9,6_1,Control,2024-11-07T01:48:00Z,0.79,4.8125,4.8203125,3.57,2024-11-07T01:40:00Z,6_1,Control
a4e9,6_1,Control,2024-11-07T02:09:00Z,0.81,4.9921875,4.984375,3.58,2024-11-07T02:00:00Z,6_1,Control
a4e9,6_1,Control,2024-11-07T02:31:00Z,0.9,6.171875,6.015625,3.58,2024-11-07T02:40:00Z,6_1,Control
a4e9,6_1,Control,2024-11-07T02:52:00Z,0.92,8.546875,7.96875,3.58,2024-11-07T03:00:00Z,6_1,Control
a4e9,6_1,Control,2024-11-07T03:14:00Z,0.88,11,10.3984375,3.58,2024-11-07T03:20:00Z,6_1,Control
a4e9,6_1,Control,2024-11-07T03:35:00Z,0.91,12.6953125,12.3125,3.58,2024-11-07T03:40:00Z,6_1,Control
a4e9,6_1,Control,2024-11-07T03:56:00Z,0.94,13.8828125,13.6640625,3.59,2024-11-07T04:00:00Z,6_1,Control
a4e9,6_1,Control,2024-11-07T04:18:00Z,0.98,14.7734375,14.640625,3.59,2024-11-07T04:20:00Z,6_1,Control
a4e9,6_1,Control,2024-11-07T04:39:00Z,0.98,15.1328125,15.0859375,3.59,2024-11-07T04:40:00Z,6_1,Control
a4e9,6_1,Control,2024-11-07T05:01:00Z,1.02,15.6015625,15.671875,3.6,2024-11-07T05:00:00Z,6_1,Control
a4e9,6_1,Control,2024-11-07T05:22:00Z,1.09,15.765625,15.875,3.59,2024-11-07T05:20:00Z,6_1,Control
a4e9,6_1,Control,2024-11-07T05:44:00Z,1.11,16.0546875,16.09375,3.6,2024-11-07T05:40:00Z,6_1,Control
a4e9,6_1,Control,2024-11-07T06:05:00Z,1.15,16.71875,16.7890625,3.6,2024-11-07T06:00:00Z,6_1,Control
a4e9,6_1,Control,2024-11-07T06:27:00Z,1.16,17.4453125,17.5390625,3.6,2024-11-07T06:20:00Z,6_1,Control
a4e9,6_1,Control,2024-11-07T06:48:00Z,1.23,18.484375,18.59375,3.59,2024-11-07T06:40:00Z,6_1,Control
a4e9,6_1,Control,2024-11-07T07:10:00Z,1.27,19.21875,19.25,3.6,2024-11-07T07:00:00Z,6_1,Control
a4e9,6_1,Control,2024-11-07T07:31:00Z,1.31,19.9765625,19.9296875,3.6,2024-11-07T07:40:00Z,6_1,Control
a4e9,6_1,Control,2024-11-07T07:53:00Z,1.36,20.65625,20.7265625,3.6,2024-11-07T08:00:00Z,6_1,Control
a4e9,6_1,Control,2024-11-07T08:14:00Z,1.39,21.1953125,21.2421875,3.6,2024-11-07T08:20:00Z,6_1,Control
a4e9,6_1,Control,2024-11-07T08:36:00Z,1.48,21.65625,21.71875,3.6,2024-11-07T08:40:00Z,6_1,Control
a4e9,6_1,Control,2024-11-07T08:57:00Z,1.52,22.0390625,22.15625,3.61,2024-11-07T09:00:00Z,6_1,Control
a4e9,6_1,Control,2024-11-07T09:18:00Z,1.54,22.9453125,23.0234375,3.61,2024-11-07T09:20:00Z,6_1,Control
a4e9,6_1,Control,2024-11-07T09:40:00Z,1.58,22.9921875,23.0625,3.6,2024-11-07T09:40:00Z,6_1,Control
a4e9,6_1,Control,2024-11-07T10:01:00Z,1.57,23.2734375,23.484375,3.61,2024-11-07T10:00:00Z,6_1,Control
a4e9,6_1,Control,2024-11-07T10:23:00Z,1.65,24.125,24.3828125,3.61,2024-11-07T10:20:00Z,6_1,Control
a4e9,6_1,Control,2024-11-07T10:44:00Z,1.59,24.546875,24.6640625,3.61,2024-11-07T10:40:00Z,6_1,Control
a4e9,6_1,Control,2024-11-07T11:06:00Z,1.67,24.84375,24.90625,3.61,2024-11-07T11:00:00Z,6_1,Control
a4e9,6_1,Control,2024-11-07T11:27:00Z,1.66,24.4921875,24.4296875,3.61,2024-11-07T11:20:00Z,6_1,Control
a4e9,6_1,Control,2024-11-07T11:49:00Z,1.62,24.2109375,24.2109375,3.61,2024-11-07T11:40:00Z,6_1,Control
a4e9,6_1,Control,2024-11-07T12:10:00Z,1.51,23.96875,24.0234375,3.6,2024-11-07T12:00:00Z,6_1,Control
a4e9,6_1,Control,2024-11-07T12:32:00Z,1.55,23.828125,23.875,3.61,2024-11-07T12:40:00Z,6_1,Control
a4e9,6_1,Control,2024-11-07T12:53:00Z,1.41,22.6796875,22.59375,3.61,2024-11-07T13:00:00Z,6_1,Control
a4e9,6_1,Control,2024-11-07T13:15:00Z,1.35,21.890625,21.8203125,3.61,2024-11-07T13:20:00Z,6_1,Control
a4e9,6_1,Control,2024-11-07T13:36:00Z,1.29,21.3828125,21.3359375,3.6,2024-11-07T13:40:00Z,6_1,Control
a4e9,6_1,Control,2024-11-07T13:58:00Z,1.22,20.828125,20.7734375,3.61,2024-11-07T14:00:00Z,6_1,Control
a4e9,6_1,Control,2024-11-07T14:19:00Z,1.14,20.34375,20.328125,3.61,2024-11-07T14:20:00Z,6_1,Control
a4e9,6_1,Control,2024-11-07T14:40:00Z,1.03,19.5,19.4453125,3.61,2024-11-07T14:40:00Z,6_1,Control
a4e9,6_1,Control,2024-11-07T15:02:00Z,0.92,18.28125,18.1953125,3.6,2024-11-07T15:00:00Z,6_1,Control
a4e9,6_1,Control,2024-11-07T15:23:00Z,0.87,17.265625,17.1953125,3.6,2024-11-07T15:20:00Z,6_1,Control
a4e9,6_1,Control,2024-11-07T15:45:00Z,0.84,16.2890625,16.2421875,3.6,2024-11-07T15:40:00Z,6_1,Control
a4e9,6_1,Control,2024-11-07T16:06:00Z,0.83,15.5234375,15.4765625,3.6,2024-11-07T16:00:00Z,6_1,Control
a4e9,6_1,Control,2024-11-07T16:28:00Z,0.81,14.9609375,14.9375,3.6,2024-11-07T16:20:00Z,6_1,Control
a4e9,6_1,Control,2024-11-07T16:49:00Z,0.8,14.078125,14.078125,3.59,2024-11-07T16:40:00Z,6_1,Control
a4e9,6_1,Control,2024-11-07T17:11:00Z,0.79,13.40625,13.40625,3.59,2024-11-07T17:20:00Z,6_1,Control
a4e9,6_1,Control,2024-11-07T17:32:00Z,0.79,12.7109375,12.7109375,3.6,2024-11-07T17:40:00Z,6_1,Control
a4e9,6_1,Control,2024-11-07T17:54:00Z,0.79,12.1328125,12.140625,3.59,2024-11-07T18:00:00Z,6_1,Control
a4e9,6_1,Control,2024-11-07T18:15:00Z,0.8,11.7421875,11.7421875,3.59,2024-11-07T18:20:00Z,6_1,Control
a4e9,6_1,Control,2024-11-07T18:37:00Z,0.78,11.3203125,11.3359375,3.6,2024-11-07T18:40:00Z,6_1,Control
a4e9,6_1,Control,2024-11-07T18:58:00Z,0.8,11.109375,11.109375,3.6,2024-11-07T19:00:00Z,6_1,Control
a4e9,6_1,Control,2024-11-07T19:20:00Z,0.79,10.953125,10.9609375,3.6,2024-11-07T19:20:00Z,6_1,Control
a4e9,6_1,Control,2024-11-07T19:41:00Z,0.79,10.8359375,10.84375,3.59,2024-11-07T19:40:00Z,6_1,Control
a4e9,6_1,Control,2024-11-07T20:03:00Z,0.79,10.640625,10.6484375,3.59,2024-11-07T20:00:00Z,6_1,Control
a4e9,6_1,Control,2024-11-07T20:24:00Z,0.81,10.546875,10.5546875,3.59,2024-11-07T20:20:00Z,6_1,Control
a4e9,6_1,Control,2024-11-07T20:45:00Z,0.78,10.234375,10.25,3.59,2024-11-07T20:40:00Z,6_1,Control
a4e9,6_1,Control,2024-11-07T21:07:00Z,0.8,9.9453125,9.9453125,3.59,2024-11-07T21:00:00Z,6_1,Control
a4e9,6_1,Control,2024-11-07T21:28:00Z,0.81,9.875,9.8671875,3.58,2024-11-07T21:20:00Z,6_1,Control
a4e9,6_1,Control,2024-11-07T21:50:00Z,0.8,10.140625,10.1015625,3.6,2024-11-07T21:40:00Z,6_1,Control
a4e9,6_1,Control,2024-11-07T22:11:00Z,0.83,10.484375,10.4296875,3.59,2024-11-07T22:20:00Z,6_1,Control
a4e9,6_1,Control,2024-11-07T22:33:00Z,0.81,10.78125,10.7265625,3.58,2024-11-07T22:40:00Z,6_1,Control
a4e9,6_1,Control,2024-11-07T22:54:00Z,0.81,10.84375,10.796875,3.59,2024-11-07T23:00:00Z,6_1,Control
a4e9,6_1,Control,2024-11-07T23:16:00Z,0.81,10.8125,10.7734375,3.59,2024-11-07T23:20:00Z,6_1,Control
a4e9,6_1,Control,2024-11-07T23:37:00Z,0.8,10.6171875,10.6015625,3.59,2024-11-07T23:40:00Z,6_1,Control
a4e9,6_1,Control,2024-11-07T23:59:00Z,0.8,10.4921875,10.4609375,3.59,2024-11-08T00:00:00Z,6_1,Control
a4e9,6_1,Control,2024-11-08T00:20:00Z,0.8,10.2734375,10.2578125,3.58,2024-11-08T00:20:00Z,6_1,Control
a4e9,6_1,Control,2024-11-08T00:42:00Z,0.82,10.2265625,10.1875,3.59,2024-11-08T00:40:00Z,6_1,Control
a4e9,6_1,Control,2024-11-08T01:03:00Z,0.81,10.34375,10.296875,3.59,2024-11-08T01:00:00Z,6_1,Control
a4e9,6_1,Control,2024-11-08T01:25:00Z,0.81,10.2421875,10.21875,3.59,2024-11-08T01:20:00Z,6_1,Control
a4e9,6_1,Control,2024-11-08T01:46:00Z,0.8,10.1875,10.15625,3.59,2024-11-08T01:40:00Z,6_1,Control
a4e9,6_1,Control,2024-11-08T02:08:00Z,0.81,10.3359375,10.296875,3.59,2024-11-08T02:00:00Z,6_1,Control
a4e9,6_1,Control,2024-11-08T02:29:00Z,0.84,10.7109375,10.6484375,3.58,2024-11-08T02:20:00Z,6_1,Control
a4e9,6_1,Control,2024-11-08T02:50:00Z,0.88,11.6484375,11.5234375,3.59,2024-11-08T02:40:00Z,6_1,Control
a4e9,6_1,Control,2024-11-08T03:12:00Z,0.88,12.4609375,12.3359375,3.59,2024-11-08T03:20:00Z,6_1,Control
a4e9,6_1,Control,2024-11-08T03:33:00Z,0.91,13.71875,13.6015625,3.59,2024-11-08T03:40:00Z,6_1,Control
a4e9,6_1,Control,2024-11-08T03:55:00Z,0.98,15.2265625,15.0390625,3.6,2024-11-08T04:00:00Z,6_1,Control
a4e9,6_1,Control,2024-11-08T04:16:00Z,1.02,15.9453125,15.8359375,3.59,2024-11-08T04:20:00Z,6_1,Control
a4e9,6_1,Control,2024-11-08T04:38:00Z,1.2,17.5,17.34375,3.59,2024-11-08T04:40:00Z,6_1,Control
a4e9,6_1,Control,2024-11-08T04:59:00Z,1.24,20.4375,20.3828125,3.6,2024-11-08T05:00:00Z,6_1,Control
a4e9,6_1,Control,2024-11-08T05:21:00Z,1.5,21.984375,22.0078125,3.6,2024-11-08T05:20:00Z,6_1,Control
a4e9,6_1,Control,2024-11-08T05:42:00Z,1.42,22.765625,22.7421875,3.61,2024-11-08T05:40:00Z,6_1,Control
a4e9,6_1,Control,2024-11-08T06:04:00Z,1.56,23.4453125,23.421875,3.61,2024-11-08T06:00:00Z,6_1,Control
a4e9,6_1,Control,2024-11-08T06:25:00Z,1.54,24.2265625,24.2265625,3.61,2024-11-08T06:20:00Z,6_1,Control
a4e9,6_1,Control,2024-11-08T06:47:00Z,1.55,25.3203125,25.328125,3.61,2024-11-08T06:40:00Z,6_1,Control
a4e9,6_1,Control,2024-11-08T07:08:00Z,1.52,25.515625,25.4765625,3.61,2024-11-08T07:00:00Z,6_1,Control
a4e9,6_1,Control,2024-11-08T07:30:00Z,1.6,25.6484375,25.578125,3.6,2024-11-08T07:40:00Z,6_1,Control
a4e9,6_1,Control,2024-11-08T07:51:00Z,1.55,25.59375,25.5234375,3.61,2024-11-08T08:00:00Z,6_1,Control
a4e9,6_1,Control,2024-11-08T08:12:00Z,1.43,27.9765625,28.2734375,3.61,2024-11-08T08:20:00Z,6_1,Control
a4e9,6_1,Control,2024-11-08T08:34:00Z,1.96,28.078125,27.9921875,3.61,2024-11-08T08:40:00Z,6_1,Control
a4e9,6_1,Control,2024-11-08T08:55:00Z,1.72,28.5546875,28.5390625,3.62,2024-11-08T09:00:00Z,6_1,Control
a4e9,6_1,Control,2024-11-08T09:17:00Z,1.96,30.2265625,30.1796875,3.62,2024-11-08T09:20:00Z,6_1,Control
a4e9,6_1,Control,2024-11-08T09:38:00Z,1.81,30.5703125,30.546875,3.61,2024-11-08T09:40:00Z,6_1,Control
a4e9,6_1,Control,2024-11-08T10:43:00Z,1.75,27.046875,26.8046875,3.61,2024-11-08T10:40:00Z,6_1,Control
a4e9,6_1,Control,2024-11-08T11:04:00Z,1.69,27.1328125,27.0546875,3.61,2024-11-08T11:00:00Z,6_1,Control
a4e9,6_1,Control,2024-11-08T11:26:00Z,1.5,26.546875,26.390625,3.61,2024-11-08T11:20:00Z,6_1,Control
a4e9,6_1,Control,2024-11-08T11:47:00Z,1.63,26.8046875,26.71875,3.61,2024-11-08T11:40:00Z,6_1,Control
a4e9,6_1,Control,2024-11-08T12:09:00Z,1.63,26.328125,26.1875,3.62,2024-11-08T12:00:00Z,6_1,Control
a4e9,6_1,Control,2024-11-08T12:30:00Z,1.4,26.2265625,26.1640625,3.61,2024-11-08T12:40:00Z,6_1,Control
a4e9,6_1,Control,2024-11-08T12:52:00Z,1.27,25.0390625,24.9453125,3.61,2024-11-08T13:00:00Z,6_1,Control
a4e9,6_1,Control,2024-11-08T13:13:00Z,1.17,23.8359375,23.7578125,3.61,2024-11-08T13:20:00Z,6_1,Control
a4e9,6_1,Control,2024-11-08T13:34:00Z,1.09,22.2578125,22.140625,3.61,2024-11-08T13:40:00Z,6_1,Control
a4e9,6_1,Control,2024-11-08T13:56:00Z,0.98,20.8515625,20.7421875,3.61,2024-11-08T14:00:00Z,6_1,Control
a4e9,6_1,Control,2024-11-08T14:17:00Z,0.93,19.4140625,19.3515625,3.61,2024-11-08T14:20:00Z,6_1,Control
a4e9,6_1,Control,2024-11-08T14:39:00Z,0.89,18.0546875,17.984375,3.61,2024-11-08T14:40:00Z,6_1,Control
a4e9,6_1,Control,2024-11-08T15:00:00Z,0.86,17.046875,17,3.61,2024-11-08T15:00:00Z,6_1,Control
a4e9,6_1,Control,2024-11-08T15:22:00Z,0.82,15.6328125,15.6171875,3.6,2024-11-08T15:20:00Z,6_1,Control
a4e9,6_1,Control,2024-11-08T15:43:00Z,0.8,14.484375,14.484375,3.61,2024-11-08T15:40:00Z,6_1,Control
a4e9,6_1,Control,2024-11-08T16:05:00Z,0.8,13.703125,13.7109375,3.6,2024-11-08T16:00:00Z,6_1,Control
a4e9,6_1,Control,2024-11-08T16:26:00Z,0.8,13.2734375,13.2890625,3.6,2024-11-08T16:20:00Z,6_1,Control
a4e9,6_1,Control,2024-11-08T16:48:00Z,0.79,12.984375,13,3.6,2024-11-08T16:40:00Z,6_1,Control
a4e9,6_1,Control,2024-11-08T17:09:00Z,0.8,12.6953125,12.7109375,3.59,2024-11-08T17:00:00Z,6_1,Control
a4e9,6_1,Control,2024-11-08T17:31:00Z,0.79,12.46875,12.4765625,3.59,2024-11-08T17:40:00Z,6_1,Control
a4e9,6_1,Control,2024-11-08T17:52:00Z,0.81,12.2421875,12.2421875,3.59,2024-11-08T18:00:00Z,6_1,Control
a4e9,6_1,Control,2024-11-08T18:14:00Z,0.79,12.21875,12.2109375,3.6,2024-11-08T18:20:00Z,6_1,Control
a4e9,6_1,Control,2024-11-08T18:35:00Z,0.8,12.046875,12.0390625,3.6,2024-11-08T18:40:00Z,6_1,Control
a4e9,6_1,Control,2024-11-08T18:56:00Z,0.8,11.953125,11.9453125,3.59,2024-11-08T19:00:00Z,6_1,Control
a4e9,6_1,Control,2024-11-08T19:18:00Z,0.81,11.984375,11.984375,3.59,2024-11-08T19:20:00Z,6_1,Control
a4e9,6_1,Control,2024-11-08T19:39:00Z,0.8,12.0078125,12,3.59,2024-11-08T19:40:00Z,6_1,Control
a4e9,6_1,Control,2024-11-08T20:01:00Z,0.8,11.921875,11.9140625,3.6,2024-11-08T20:00:00Z,6_1,Control
a4e9,6_1,Control,2024-11-08T20:22:00Z,0.8,11.84375,11.8359375,3.59,2024-11-08T20:20:00Z,6_1,Control
a4e9,6_1,Control,2024-11-08T20:44:00Z,0.8,11.7578125,11.7578125,3.59,2024-11-08T20:40:00Z,6_1,Control
a4e9,6_1,Control,2024-11-08T21:05:00Z,0.79,11.65625,11.6484375,3.6,2024-11-08T21:00:00Z,6_1,Control
a4e9,6_1,Control,2024-11-08T21:27:00Z,0.8,11.4921875,11.4921875,3.59,2024-11-08T21:20:00Z,6_1,Control
a4e9,6_1,Control,2024-11-08T21:48:00Z,0.79,11.484375,11.4765625,3.59,2024-11-08T21:40:00Z,6_1,Control
a4e9,6_1,Control,2024-11-08T22:10:00Z,0.79,11.375,11.3828125,3.6,2024-11-08T22:00:00Z,6_1,Control
a4e9,6_1,Control,2024-11-08T22:31:00Z,0.8,11.453125,11.4609375,3.59,2024-11-08T22:40:00Z,6_1,Control
a4e9,6_1,Control,2024-11-08T22:53:00Z,0.79,11.5078125,11.5078125,3.59,2024-11-08T23:00:00Z,6_1,Control
a4e9,6_1,Control,2024-11-08T23:14:00Z,0.8,11.484375,11.5,3.59,2024-11-08T23:20:00Z,6_1,Control
a4e9,6_1,Control,2024-11-08T23:36:00Z,0.78,11.4140625,11.4375,3.6,2024-11-08T23:40:00Z,6_1,Control
a4e9,6_1,Control,2024-11-08T23:57:00Z,0.8,11.265625,11.28125,3.59,2024-11-09T00:00:00Z,6_1,Control
a4e9,6_1,Control,2024-11-09T00:18:00Z,0.79,11.25,11.2734375,3.59,2024-11-09T00:20:00Z,6_1,Control
a4e9,6_1,Control,2024-11-09T00:40:00Z,0.8,11.203125,11.234375,3.59,2024-11-09T00:40:00Z,6_1,Control
a4e9,6_1,Control,2024-11-09T01:01:00Z,0.79,11.234375,11.2421875,3.59,2024-11-09T01:00:00Z,6_1,Control
a4e9,6_1,Control,2024-11-09T01:23:00Z,0.78,11.28125,11.296875,3.59,2024-11-09T01:20:00Z,6_1,Control
a4e9,6_1,Control,2024-11-09T01:44:00Z,0.79,11.3046875,11.3125,3.59,2024-11-09T01:40:00Z,6_1,Control
a4e9,6_1,Control,2024-11-09T02:06:00Z,0.8,11.34375,11.3515625,3.59,2024-11-09T02:00:00Z,6_1,Control
a4e9,6_1,Control,2024-11-09T02:27:00Z,0.8,11.4609375,11.453125,3.59,2024-11-09T02:20:00Z,6_1,Control
a4e9,6_1,Control,2024-11-09T02:49:00Z,0.8,11.5859375,11.578125,3.59,2024-11-09T02:40:00Z,6_1,Control
a4e9,6_1,Control,2024-11-09T03:10:00Z,0.81,11.625,11.6171875,3.59,2024-11-09T03:00:00Z,6_1,Control
a4e9,6_1,Control,2024-11-09T03:32:00Z,0.83,12.3984375,12.359375,3.59,2024-11-09T03:40:00Z,6_1,Control
a4e9,6_1,Control,2024-11-09T03:53:00Z,0.82,12.9609375,12.9453125,3.59,2024-11-09T04:00:00Z,6_1,Control
a4e9,6_1,Control,2024-11-09T04:15:00Z,0.86,12.953125,12.9453125,3.59,2024-11-09T04:20:00Z,6_1,Control
a4e9,6_1,Control,2024-11-09T04:36:00Z,0.88,13.1953125,13.203125,3.59,2024-11-09T04:40:00Z,6_1,Control
a4e9,6_1,Control,2024-11-09T04:58:00Z,0.88,13.296875,13.3046875,3.6,2024-11-09T05:00:00Z,6_1,Control
a4e9,6_1,Control,2024-11-09T05:19:00Z,0.84,13.265625,13.2890625,3.59,2024-11-09T05:20:00Z,6_1,Control
a4e9,6_1,Control,2024-11-09T05:40:00Z,0.82,13.109375,13.125,3.59,2024-11-09T05:40:00Z,6_1,Control
a4e9,6_1,Control,2024-11-09T06:02:00Z,0.81,12.859375,12.890625,3.59,2024-11-09T06:00:00Z,6_1,Control
a4e9,6_1,Control,2024-11-09T06:23:00Z,0.94,13.453125,13.484375,3.6,2024-11-09T06:20:00Z,6_1,Control
a4e9,6_1,Control,2024-11-09T06:45:00Z,1.11,16.078125,16.234375,3.6,2024-11-09T06:40:00Z,6_1,Control
a4e9,6_1,Control,2024-11-09T07:06:00Z,1.22,18.171875,18.34375,3.6,2024-11-09T07:00:00Z,6_1,Control
a4e9,6_1,Control,2024-11-09T07:28:00Z,1.23,19.3046875,19.296875,3.61,2024-11-09T07:20:00Z,6_1,Control
a4e9,6_1,Control,2024-11-09T07:49:00Z,1.28,19.4765625,19.453125,3.6,2024-11-09T07:40:00Z,6_1,Control
a4e9,6_1,Control,2024-11-09T08:11:00Z,1.25,20.828125,20.9609375,3.6,2024-11-09T08:20:00Z,6_1,Control
a4e9,6_1,Control,2024-11-09T08:32:00Z,1.42,22.2109375,22.2421875,3.61,2024-11-09T08:40:00Z,6_1,Control
a4e9,6_1,Control,2024-11-09T08:54:00Z,1.42,22.8125,22.953125,3.61,2024-11-09T09:00:00Z,6_1,Control
a4e9,6_1,Control,2024-11-09T09:15:00Z,1.46,23.296875,23.3515625,3.6,2024-11-09T09:20:00Z,6_1,Control
a4e9,6_1,Control,2024-11-09T09:37:00Z,1.48,23.59375,23.6875,3.61,2024-11-09T09:40:00Z,6_1,Control
a4e9,6_1,Control,2024-11-09T09:58:00Z,1.45,24.359375,24.6796875,3.61,2024-11-09T10:00:00Z,6_1,Control
a4e9,6_1,Control,2024-11-09T10:20:00Z,1.48,25.03125,25.2890625,3.61,2024-11-09T10:20:00Z,6_1,Control
a4e9,6_1,Control,2024-11-09T10:41:00Z,1.5,25.234375,25.34375,3.61,2024-11-09T10:40:00Z,6_1,Control
a4e9,6_1,Control,2024-11-09T11:02:00Z,1.47,24.6953125,24.6796875,3.61,2024-11-09T11:00:00Z,6_1,Control
a4e9,6_1,Control,2024-11-09T11:24:00Z,1.43,24.1796875,24.1171875,3.61,2024-11-09T11:20:00Z,6_1,Control
a4e9,6_1,Control,2024-11-09T11:45:00Z,1.34,23.421875,23.3828125,3.61,2024-11-09T11:40:00Z,6_1,Control
a4e9,6_1,Control,2024-11-09T12:07:00Z,1.31,23.3359375,23.421875,3.62,2024-11-09T12:00:00Z,6_1,Control
a4e9,6_1,Control,2024-11-09T12:28:00Z,1.32,22.984375,23.03125,3.61,2024-11-09T12:20:00Z,6_1,Control
a4e9,6_1,Control,2024-11-09T12:50:00Z,1.23,22.2421875,22.234375,3.61,2024-11-09T12:40:00Z,6_1,Control
a4e9,6_1,Control,2024-11-09T13:11:00Z,1.16,21.59375,21.609375,3.61,2024-11-09T13:20:00Z,6_1,Control
a4e9,6_1,Control,2024-11-09T13:33:00Z,1.08,20.6484375,20.65625,3.61,2024-11-09T13:40:00Z,6_1,Control
a4e9,6_1,Control,2024-11-09T13:54:00Z,0.99,19.75,19.796875,3.61,2024-11-09T14:00:00Z,6_1,Control
a4e9,6_1,Control,2024-11-09T14:16:00Z,0.91,18.4140625,18.40625,3.61,2024-11-09T14:20:00Z,6_1,Control
a4e9,6_1,Control,2024-11-09T14:37:00Z,0.87,16.8828125,16.8359375,3.6,2024-11-09T14:40:00Z,6_1,Control
a4e9,6_1,Control,2024-11-09T14:59:00Z,0.85,15.8828125,15.8515625,3.61,2024-11-09T15:00:00Z,6_1,Control
a4e9,6_1,Control,2024-11-09T15:20:00Z,0.83,15.1796875,15.1640625,3.6,2024-11-09T15:20:00Z,6_1,Control
a4e9,6_1,Control,2024-11-09T15:42:00Z,0.81,14.734375,14.71875,3.6,2024-11-09T15:40:00Z,6_1,Control
a4e9,6_1,Control,2024-11-09T16:03:00Z,0.82,14.4453125,14.4453125,3.6,2024-11-09T16:00:00Z,6_1,Control
a4e9,6_1,Control,2024-11-09T16:24:00Z,0.81,14.171875,14.171875,3.6,2024-11-09T16:20:00Z,6_1,Control
a4e9,6_1,Control,2024-11-09T16:46:00Z,0.81,13.8671875,13.8671875,3.6,2024-11-09T16:40:00Z,6_1,Control
a4e9,6_1,Control,2024-11-09T17:07:00Z,0.83,13.6328125,13.6328125,3.59,2024-11-09T17:00:00Z,6_1,Control
a4e9,6_1,Control,2024-11-09T17:29:00Z,0.81,13.5,13.4921875,3.6,2024-11-09T17:20:00Z,6_1,Control
a4e9,6_1,Control,2024-11-09T17:50:00Z,0.8,13.5078125,13.5,3.59,2024-11-09T17:40:00Z,6_1,Control
a4e9,6_1,Control,2024-11-09T18:12:00Z,0.8,13.4609375,13.453125,3.59,2024-11-09T18:20:00Z,6_1,Control
a4e9,6_1,Control,2024-11-09T18:33:00Z,0.8,13.34375,13.328125,3.6,2024-11-09T18:40:00Z,6_1,Control
a4e9,6_1,Control,2024-11-09T18:55:00Z,0.79,13.109375,13.1015625,3.6,2024-11-09T19:00:00Z,6_1,Control
a4e9,6_1,Control,2024-11-09T19:16:00Z,0.8,12.890625,12.8828125,3.6,2024-11-09T19:20:00Z,6_1,Control
a4e9,6_1,Control,2024-11-09T19:38:00Z,0.8,12.921875,12.90625,3.6,2024-11-09T19:40:00Z,6_1,Control
a4e9,6_1,Control,2024-11-09T19:59:00Z,0.8,12.8984375,12.8828125,3.59,2024-11-09T20:00:00Z,6_1,Control
a4e9,6_1,Control,2024-11-09T20:21:00Z,0.8,12.8046875,12.796875,3.6,2024-11-09T20:20:00Z,6_1,Control
a4e9,6_1,Control,2024-11-09T20:42:00Z,0.79,12.6640625,12.6484375,3.6,2024-11-09T20:40:00Z,6_1,Control
a4e9,6_1,Control,2024-11-09T21:04:00Z,0.8,12.5625,12.546875,3.6,2024-11-09T21:00:00Z,6_1,Control
a4e9,6_1,Control,2024-11-09T21:25:00Z,0.8,12.46875,12.453125,3.59,2024-11-09T21:20:00Z,6_1,Control
a4e9,6_1,Control,2024-11-09T21:46:00Z,0.79,12.4140625,12.3984375,3.6,2024-11-09T21:40:00Z,6_1,Control
a4e9,6_1,Control,2024-11-09T22:08:00Z,0.8,12.4140625,12.3984375,3.59,2024-11-09T22:00:00Z,6_1,Control
a4e9,6_1,Control,2024-11-09T22:29:00Z,0.8,12.3671875,12.3515625,3.59,2024-11-09T22:20:00Z,6_1,Control
a4e9,6_1,Control,2024-11-09T22:51:00Z,0.79,12.3203125,12.3046875,3.59,2024-11-09T23:00:00Z,6_1,Control
a4e9,6_1,Control,2024-11-09T23:12:00Z,0.79,12.3046875,12.2890625,3.59,2024-11-09T23:20:00Z,6_1,Control
a4e9,6_1,Control,2024-11-09T23:34:00Z,0.79,12.28125,12.265625,3.6,2024-11-09T23:40:00Z,6_1,Control
a4e9,6_1,Control,2024-11-09T23:55:00Z,0.79,12.2890625,12.2734375,3.6,2024-11-10T00:00:00Z,6_1,Control
a4e9,6_1,Control,2024-11-10T00:17:00Z,0.81,12.28125,12.2734375,3.59,2024-11-10T00:20:00Z,6_1,Control
a4e9,6_1,Control,2024-11-10T00:38:00Z,0.8,12.3046875,12.296875,3.59,2024-11-10T00:40:00Z,6_1,Control
a4e9,6_1,Control,2024-11-10T01:00:00Z,0.8,12.3984375,12.3828125,3.59,2024-11-10T01:00:00Z,6_1,Control
a4e9,6_1,Control,2024-11-10T01:21:00Z,0.81,12.5546875,12.53125,3.59,2024-11-10T01:20:00Z,6_1,Control
a4e9,6_1,Control,2024-11-10T01:43:00Z,0.78,12.3046875,12.3046875,3.59,2024-11-10T01:40:00Z,6_1,Control
a4e9,6_1,Control,2024-11-10T02:04:00Z,0.82,11.9375,11.9375,3.59,2024-11-10T02:00:00Z,6_1,Control
a4e9,6_1,Control,2024-11-10T02:26:00Z,0.8,11.875,11.8515625,3.6,2024-11-10T02:20:00Z,6_1,Control
a4e9,6_1,Control,2024-11-10T02:47:00Z,0.81,11.90625,11.875,3.59,2024-11-10T02:40:00Z,6_1,Control
a4e9,6_1,Control,2024-11-10T03:08:00Z,0.83,12.15625,12.1171875,3.59,2024-11-10T03:00:00Z,6_1,Control
a4e9,6_1,Control,2024-11-10T03:30:00Z,0.87,12.734375,12.6875,3.59,2024-11-10T03:40:00Z,6_1,Control
a4e9,6_1,Control,2024-11-10T03:51:00Z,0.89,13.625,13.5859375,3.59,2024-11-10T04:00:00Z,6_1,Control
a4e9,6_1,Control,2024-11-10T04:13:00Z,0.88,14.5,14.46875,3.6,2024-11-10T04:20:00Z,6_1,Control
a4e9,6_1,Control,2024-11-10T04:34:00Z,0.9,14.53125,14.515625,3.59,2024-11-10T04:40:00Z,6_1,Control
a4e9,6_1,Control,2024-11-10T04:56:00Z,0.95,14.8671875,14.828125,3.59,2024-11-10T05:00:00Z,6_1,Control
a4e9,6_1,Control,2024-11-10T05:17:00Z,0.9,15.0078125,14.9921875,3.6,2024-11-10T05:20:00Z,6_1,Control
a4e9,6_1,Control,2024-11-10T05:39:00Z,0.98,15.390625,15.34375,3.59,2024-11-10T05:40:00Z,6_1,Control
a4e9,6_1,Control,2024-11-10T06:00:00Z,1.02,16.578125,16.6015625,3.6,2024-11-10T06:00:00Z,6_1,Control
a4e9,6_1,Control,2024-11-10T06:22:00Z,0.96,17.015625,17.0234375,3.59,2024-11-10T06:20:00Z,6_1,Control
a4e9,6_1,Control,2024-11-10T06:43:00Z,0.92,16.1875,16.1328125,3.6,2024-11-10T06:40:00Z,6_1,Control
a4e9,6_1,Control,2024-11-10T07:05:00Z,0.94,15.9921875,15.921875,3.6,2024-11-10T07:00:00Z,6_1,Control
a4e9,6_1,Control,2024-11-10T07:26:00Z,0.98,15.78125,15.6953125,3.6,2024-11-10T07:20:00Z,6_1,Control
a4e9,6_1,Control,2024-11-10T07:48:00Z,0.89,15.859375,15.8125,3.59,2024-11-10T07:40:00Z,6_1,Control
a4e9,6_1,Control,2024-11-10T08:09:00Z,0.86,15.109375,15.0703125,3.59,2024-11-10T08:00:00Z,6_1,Control
a4e9,6_1,Control,2024-11-10T08:31:00Z,0.93,15.0625,15.0078125,3.6,2024-11-10T08:40:00Z,6_1,Control
a4e9,6_1,Control,2024-11-10T08:52:00Z,0.91,15.6328125,15.6015625,3.6,2024-11-10T09:00:00Z,6_1,Control
a4e9,6_1,Control,2024-11-10T09:13:00Z,0.89,15.546875,15.5078125,3.6,2024-11-10T09:20:00Z,6_1,Control
a4e9,6_1,Control,2024-11-10T09:35:00Z,0.89,15.109375,15.078125,3.6,2024-11-10T09:40:00Z,6_1,Control
a4e9,6_1,Control,2024-11-10T09:56:00Z,0.91,15.40625,15.3515625,3.6,2024-11-10T10:00:00Z,6_1,Control
a4e9,6_1,Control,2024-11-10T10:18:00Z,1,15.609375,15.5546875,3.6,2024-11-10T10:20:00Z,6_1,Control
a4e9,6_1,Control,2024-11-10T10:39:00Z,1.03,17.4453125,17.5703125,3.6,2024-11-10T10:40:00Z,6_1,Control
a4e9,6_1,Control,2024-11-10T11:01:00Z,1.05,18.0703125,18.1171875,3.6,2024-11-10T11:00:00Z,6_1,Control
a4e9,6_1,Control,2024-11-10T11:22:00Z,1,16.8984375,16.8203125,3.61,2024-11-10T11:20:00Z,6_1,Control
a4e9,6_1,Control,2024-11-10T11:44:00Z,0.92,16.1484375,16.0625,3.6,2024-11-10T11:40:00Z,6_1,Control
a4e9,6_1,Control,2024-11-10T12:05:00Z,0.95,15.734375,15.671875,3.61,2024-11-10T12:00:00Z,6_1,Control
a4e9,6_1,Control,2024-11-10T12:27:00Z,0.88,15.0078125,14.9375,3.59,2024-11-10T12:20:00Z,6_1,Control
a4e9,6_1,Control,2024-11-10T12:48:00Z,0.86,13.9609375,13.890625,3.59,2024-11-10T12:40:00Z,6_1,Control
a4e9,6_1,Control,2024-11-10T13:10:00Z,0.83,13.25,13.1875,3.6,2024-11-10T13:00:00Z,6_1,Control
a4e9,6_1,Control,2024-11-10T13:31:00Z,0.81,12.4921875,12.453125,3.6,2024-11-10T13:40:00Z,6_1,Control
a4e9,6_1,Control,2024-11-10T13:53:00Z,0.78,11.8984375,11.890625,3.6,2024-11-10T14:00:00Z,6_1,Control
a4e9,6_1,Control,2024-11-10T14:14:00Z,0.78,11.3359375,11.34375,3.59,2024-11-10T14:20:00Z,6_1,Control
a4e9,6_1,Control,2024-11-10T14:35:00Z,0.81,11.0234375,11.0234375,3.59,2024-11-10T14:40:00Z,6_1,Control
a4e9,6_1,Control,2024-11-10T14:57:00Z,0.8,10.9296875,10.921875,3.59,2024-11-10T15:00:00Z,6_1,Control
a4e9,6_1,Control,2024-11-10T15:18:00Z,0.8,10.765625,10.75,3.59,2024-11-10T15:20:00Z,6_1,Control
a4e9,6_1,Control,2024-11-10T15:40:00Z,0.8,10.6953125,10.6796875,3.59,2024-11-10T15:40:00Z,6_1,Control
a4e9,6_1,Control,2024-11-10T16:01:00Z,0.79,10.671875,10.6640625,3.59,2024-11-10T16:00:00Z,6_1,Control
a4e9,6_1,Control,2024-11-10T16:23:00Z,0.8,10.71875,10.7109375,3.59,2024-11-10T16:20:00Z,6_1,Control
a4e9,6_1,Control,2024-11-10T16:44:00Z,0.8,10.7109375,10.71875,3.58,2024-11-10T16:40:00Z,6_1,Control
a4e9,6_1,Control,2024-11-10T17:06:00Z,0.8,10.59375,10.6015625,3.59,2024-11-10T17:00:00Z,6_1,Control
a4e9,6_1,Control,2024-11-10T17:27:00Z,0.8,10.421875,10.4296875,3.59,2024-11-10T17:20:00Z,6_1,Control
a4e9,6_1,Control,2024-11-10T17:49:00Z,0.81,10.421875,10.4140625,3.59,2024-11-10T17:40:00Z,6_1,Control
a4e9,6_1,Control,2024-11-10T18:10:00Z,0.81,10.4375,10.4375,3.59,2024-11-10T18:00:00Z,6_1,Control
a4e9,6_1,Control,2024-11-10T18:32:00Z,0.81,10.5390625,10.53125,3.59,2024-11-10T18:40:00Z,6_1,Control
a4e9,6_1,Control,2024-11-10T18:53:00Z,0.81,10.6171875,10.6015625,3.59,2024-11-10T19:00:00Z,6_1,Control
a4e9,6_1,Control,2024-11-10T19:15:00Z,0.8,10.703125,10.6796875,3.59,2024-11-10T19:20:00Z,6_1,Control
a4e9,6_1,Control,2024-11-10T19:36:00Z,0.8,10.6953125,10.671875,3.58,2024-11-10T19:40:00Z,6_1,Control
a4e9,6_1,Control,2024-11-10T19:57:00Z,0.8,10.609375,10.59375,3.59,2024-11-10T20:00:00Z,6_1,Control
a4e9,6_1,Control,2024-11-10T20:19:00Z,0.79,10.4140625,10.3984375,3.59,2024-11-10T20:20:00Z,6_1,Control
a4e9,6_1,Control,2024-11-10T20:40:00Z,0.81,10.21875,10.2109375,3.59,2024-11-10T20:40:00Z,6_1,Control
a4e9,6_1,Control,2024-11-10T21:02:00Z,0.8,10.03125,10.015625,3.59,2024-11-10T21:00:00Z,6_1,Control
a4e9,6_1,Control,2024-11-10T21:23:00Z,0.79,9.7578125,9.7421875,3.59,2024-11-10T21:20:00Z,6_1,Control
a4e9,6_1,Control,2024-11-10T21:45:00Z,0.8,9.625,9.609375,3.59,2024-11-10T21:40:00Z,6_1,Control
a4e9,6_1,Control,2024-11-10T22:06:00Z,0.79,9.453125,9.4375,3.58,2024-11-10T22:00:00Z,6_1,Control
a4e9,6_1,Control,2024-11-10T22:28:00Z,0.8,9.3125,9.3046875,3.58,2024-11-10T22:20:00Z,6_1,Control
a4e9,6_1,Control,2024-11-10T22:49:00Z,0.79,9.0625,9.0546875,3.59,2024-11-10T22:40:00Z,6_1,Control
a4e9,6_1,Control,2024-11-10T23:11:00Z,0.8,8.8984375,8.8828125,3.59,2024-11-10T23:20:00Z,6_1,Control
a4e9,6_1,Control,2024-11-10T23:32:00Z,0.8,8.5625,8.5625,3.58,2024-11-10T23:40:00Z,6_1,Control
a4e9,6_1,Control,2024-11-10T23:54:00Z,0.8,8.53125,8.5234375,3.58,2024-11-11T00:00:00Z,6_1,Control
a4e9,6_1,Control,2024-11-11T00:15:00Z,0.8,8.6328125,8.65625,3.59,2024-11-11T00:20:00Z,6_1,Control
a4e9,6_1,Control,2024-11-11T00:37:00Z,0.79,8.5703125,8.5859375,3.58,2024-11-11T00:40:00Z,6_1,Control
a4e9,6_1,Control,2024-11-11T00:58:00Z,0.8,8.5703125,8.5859375,3.59,2024-11-11T01:00:00Z,6_1,Control
a4e9,6_1,Control,2024-11-11T01:19:00Z,0.8,8.765625,8.765625,3.58,2024-11-11T01:20:00Z,6_1,Control
a4e9,6_1,Control,2024-11-11T01:41:00Z,0.8,8.875,8.8671875,3.59,2024-11-11T01:40:00Z,6_1,Control
a4e9,6_1,Control,2024-11-11T02:02:00Z,0.8,8.90625,8.875,3.58,2024-11-11T02:00:00Z,6_1,Control
a4e9,6_1,Control,2024-11-11T02:24:00Z,0.88,9.2421875,9.15625,3.58,2024-11-11T02:20:00Z,6_1,Control
a4e9,6_1,Control,2024-11-11T02:45:00Z,0.89,10.9765625,10.71875,3.59,2024-11-11T02:40:00Z,6_1,Control
a4e9,6_1,Control,2024-11-11T03:07:00Z,0.85,12.4921875,12.2734375,3.59,2024-11-11T03:00:00Z,6_1,Control
a4e9,6_1,Control,2024-11-11T03:28:00Z,0.84,12.109375,12.0390625,3.59,2024-11-11T03:20:00Z,6_1,Control
a4e9,6_1,Control,2024-11-11T03:50:00Z,0.88,11.8203125,11.7734375,3.59,2024-11-11T03:40:00Z,6_1,Control
a4e9,6_1,Control,2024-11-11T04:11:00Z,0.91,12.828125,12.7734375,3.59,2024-11-11T04:20:00Z,6_1,Control
a4e9,6_1,Control,2024-11-11T04:33:00Z,0.98,14.28125,14.2109375,3.59,2024-11-11T04:40:00Z,6_1,Control
a4e9,6_1,Control,2024-11-11T04:54:00Z,1.04,15.125,15.1171875,3.6,2024-11-11T05:00:00Z,6_1,Control
a4e9,6_1,Control,2024-11-11T05:16:00Z,1.08,15.96875,16.015625,3.59,2024-11-11T05:20:00Z,6_1,Control
a4e9,6_1,Control,2024-11-11T05:37:00Z,1.14,16.84375,16.8984375,3.59,2024-11-11T05:40:00Z,6_1,Control
a4e9,6_1,Control,2024-11-11T05:59:00Z,1.22,17.6484375,17.71875,3.6,2024-11-11T06:00:00Z,6_1,Control
a4e9,6_1,Control,2024-11-11T06:20:00Z,1.23,18.421875,18.5078125,3.6,2024-11-11T06:20:00Z,6_1,Control
a4e9,6_1,Control,2024-11-11T06:41:00Z,1.26,18.953125,19.0546875,3.6,2024-11-11T06:40:00Z,6_1,Control
a4e9,6_1,Control,2024-11-11T07:03:00Z,1.31,19.8125,19.921875,3.61,2024-11-11T07:00:00Z,6_1,Control
a4e9,6_1,Control,2024-11-11T07:24:00Z,1.4,20.78125,20.7578125,3.61,2024-11-11T07:20:00Z,6_1,Control
a4e9,6_1,Control,2024-11-11T07:46:00Z,1.4,21.5859375,21.5859375,3.6,2024-11-11T07:40:00Z,6_1,Control
a4e9,6_1,Control,2024-11-11T08:07:00Z,1.47,22.15625,22.25,3.61,2024-11-11T08:00:00Z,6_1,Control
a4e9,6_1,Control,2024-11-11T08:29:00Z,1.55,22.875,22.9453125,3.61,2024-11-11T08:20:00Z,6_1,Control
a4e9,6_1,Control,2024-11-11T08:50:00Z,1.43,23,23.078125,3.61,2024-11-11T08:40:00Z,6_1,Control
a4e9,6_1,Control,2024-11-11T09:12:00Z,1.5,23.546875,23.671875,3.61,2024-11-11T09:20:00Z,6_1,Control
a4e9,6_1,Control,2024-11-11T09:33:00Z,1.56,23.84375,23.9296875,3.61,2024-11-11T09:40:00Z,6_1,Control
a4e9,6_1,Control,2024-11-11T09:55:00Z,1.42,24.1875,24.5,3.61,2024-11-11T10:00:00Z,6_1,Control
a4e9,6_1,Control,2024-11-11T10:16:00Z,1.67,24.7421875,25.34375,3.61,2024-11-11T10:20:00Z,6_1,Control
a4e9,6_1,Control,2024-11-11T10:38:00Z,1.53,25.359375,25.6015625,3.61,2024-11-11T10:40:00Z,6_1,Control
a4e9,6_1,Control,2024-11-11T10:59:00Z,1.7,25.8046875,25.96875,3.61,2024-11-11T11:00:00Z,6_1,Control
a4e9,6_1,Control,2024-11-11T11:21:00Z,1.55,25.515625,25.4765625,3.61,2024-11-11T11:20:00Z,6_1,Control
a4e9,6_1,Control,2024-11-11T11:42:00Z,1.42,24.984375,24.984375,3.61,2024-11-11T11:40:00Z,6_1,Control
a4e9,6_1,Control,2024-11-11T12:03:00Z,1.36,24.796875,24.921875,3.61,2024-11-11T12:00:00Z,6_1,Control
a4e9,6_1,Control,2024-11-11T12:25:00Z,1.42,24.6875,24.859375,3.61,2024-11-11T12:20:00Z,6_1,Control
a4e9,6_1,Control,2024-11-11T12:46:00Z,1.45,24.1953125,24.390625,3.61,2024-11-11T12:40:00Z,6_1,Control
a4e9,6_1,Control,2024-11-11T13:08:00Z,1.31,23.921875,24.1953125,3.6,2024-11-11T13:00:00Z,6_1,Control
a4e9,6_1,Control,2024-11-11T13:29:00Z,1.21,23.34375,23.46875,3.61,2024-11-11T13:20:00Z,6_1,Control
a4e9,6_1,Control,2024-11-11T13:51:00Z,1.19,22.6328125,22.8203125,3.61,2024-11-11T14:00:00Z,6_1,Control
a4e9,6_1,Control,2024-11-11T14:12:00Z,1.1,21.8046875,21.9609375,3.61,2024-11-11T14:20:00Z,6_1,Control
a4e9,6_1,Control,2024-11-11T14:34:00Z,1.07,20.7890625,20.8828125,3.61,2024-11-11T14:40:00Z,6_1,Control
a4e9,6_1,Control,2024-11-11T14:55:00Z,0.96,19.3828125,19.421875,3.61,2024-11-11T15:00:00Z,6_1,Control
a4e9,6_1,Control,2024-11-11T15:17:00Z,0.91,18.0546875,18.1640625,3.61,2024-11-11T15:20:00Z,6_1,Control
a4e9,6_1,Control,2024-11-11T15:38:00Z,0.84,17.1484375,17.265625,3.6,2024-11-11T15:40:00Z,6_1,Control
a4e9,6_1,Control,2024-11-11T16:00:00Z,0.86,16.4765625,16.625,3.6,2024-11-11T16:00:00Z,6_1,Control
a4e9,6_1,Control,2024-11-11T16:21:00Z,0.84,16.0703125,16.2265625,3.6,2024-11-11T16:20:00Z,6_1,Control
a4e9,6_1,Control,2024-11-11T16:43:00Z,0.82,15.71875,15.8671875,3.6,2024-11-11T16:40:00Z,6_1,Control
a4e9,6_1,Control,2024-11-11T17:04:00Z,0.84,15.390625,15.578125,3.6,2024-11-11T17:00:00Z,6_1,Control
a4e9,6_1,Control,2024-11-11T17:26:00Z,0.81,15.1171875,15.296875,3.59,2024-11-11T17:20:00Z,6_1,Control
a4e9,6_1,Control,2024-11-11T17:47:00Z,0.85,14.875,15.09375,3.6,2024-11-11T17:40:00Z,6_1,Control
a4e9,6_1,Control,2024-11-11T18:08:00Z,0.81,14.578125,14.8125,3.6,2024-11-11T18:00:00Z,6_1,Control
a4e9,6_1,Control,2024-11-11T18:30:00Z,0.87,14.328125,14.5703125,3.59,2024-11-11T18:40:00Z,6_1,Control
a4e9,6_1,Control,2024-11-11T18:51:00Z,0.98,14.125,14.34375,3.59,2024-11-11T19:00:00Z,6_1,Control
a4e9,6_1,Control,2024-11-11T19:13:00Z,0.77,13.375,13.53125,3.59,2024-11-11T19:20:00Z,6_1,Control
a4e9,6_1,Control,2024-11-11T19:34:00Z,0.82,12.9921875,13.078125,3.6,2024-11-11T19:40:00Z,6_1,Control
a4e9,6_1,Control,2024-11-11T19:56:00Z,0.81,12.7109375,12.7734375,3.6,2024-11-11T20:00:00Z,6_1,Control
a4e9,6_1,Control,2024-11-11T20:17:00Z,0.79,12.7265625,12.7734375,3.59,2024-11-11T20:20:00Z,6_1,Control
a4e9,6_1,Control,2024-11-11T20:39:00Z,0.78,12.09375,12.1640625,3.59,2024-11-11T20:40:00Z,6_1,Control
a4e9,6_1,Control,2024-11-11T21:00:00Z,0.78,11.4375,11.5078125,3.59,2024-11-11T21:00:00Z,6_1,Control
a4e9,6_1,Control,2024-11-11T21:22:00Z,0.79,10.8828125,10.9375,3.59,2024-11-11T21:20:00Z,6_1,Control
a4e9,6_1,Control,2024-11-11T21:43:00Z,0.79,10.765625,10.8203125,3.59,2024-11-11T21:40:00Z,6_1,Control
a4e9,6_1,Control,2024-11-11T22:05:00Z,0.79,10.4609375,10.515625,3.6,2024-11-11T22:00:00Z,6_1,Control
a4e9,6_1,Control,2024-11-11T22:26:00Z,0.8,10.53125,10.578125,3.59,2024-11-11T22:20:00Z,6_1,Control
a4e9,6_1,Control,2024-11-11T22:48:00Z,0.8,10.515625,10.5625,3.59,2024-11-11T22:40:00Z,6_1,Control
a4e9,6_1,Control,2024-11-11T23:09:00Z,0.78,10.265625,10.3203125,3.59,2024-11-11T23:00:00Z,6_1,Control
a4e9,6_1,Control,2024-11-11T23:30:00Z,0.79,10.0625,10.109375,3.59,2024-11-11T23:40:00Z,6_1,Control
a4e9,6_1,Control,2024-11-11T23:52:00Z,0.8,10.0390625,10.0625,3.59,2024-11-12T00:00:00Z,6_1,Control
a4e9,6_1,Control,2024-11-12T00:13:00Z,0.81,10.3515625,10.3359375,3.59,2024-11-12T00:20:00Z,6_1,Control
a4e9,6_1,Control,2024-11-12T00:35:00Z,0.79,10.421875,10.40625,3.59,2024-11-12T00:40:00Z,6_1,Control
a4e9,6_1,Control,2024-11-12T00:56:00Z,0.78,10.3125,10.3046875,3.59,2024-11-12T01:00:00Z,6_1,Control
a4e9,6_1,Control,2024-11-12T01:18:00Z,0.8,10.0859375,10.0859375,3.59,2024-11-12T01:20:00Z,6_1,Control
a4e9,6_1,Control,2024-11-12T01:39:00Z,0.8,10.078125,10.0703125,3.58,2024-11-12T01:40:00Z,6_1,Control
a4e9,6_1,Control,2024-11-12T02:01:00Z,0.81,10.3046875,10.2734375,3.59,2024-11-12T02:00:00Z,6_1,Control
a4e9,6_1,Control,2024-11-12T02:22:00Z,0.92,11.125,11.0234375,3.59,2024-11-12T02:20:00Z,6_1,Control
a4e9,6_1,Control,2024-11-12T02:44:00Z,1.02,13.46875,13.1640625,3.59,2024-11-12T02:40:00Z,6_1,Control
a4e9,6_1,Control,2024-11-12T03:05:00Z,1.11,16.3671875,16,3.59,2024-11-12T03:00:00Z,6_1,Control
a4e9,6_1,Control,2024-11-12T03:27:00Z,1.15,18.8203125,18.4921875,3.6,2024-11-12T03:20:00Z,6_1,Control
a4e9,6_1,Control,2024-11-12T03:48:00Z,1.25,20.5625,20.2421875,3.6,2024-11-12T03:40:00Z,6_1,Control
a4e9,6_1,Control,2024-11-12T04:10:00Z,1.25,21.515625,21.21875,3.6,2024-11-12T04:00:00Z,6_1,Control
a4e9,6_1,Control,2024-11-12T04:31:00Z,1.25,21.8984375,21.7109375,3.6,2024-11-12T04:40:00Z,6_1,Control
a4e9,6_1,Control,2024-11-12T04:52:00Z,1.27,22.7734375,22.671875,3.6,2024-11-12T05:00:00Z,6_1,Control
a4e9,6_1,Control,2024-11-12T05:14:00Z,1.45,22.9453125,22.859375,3.61,2024-11-12T05:20:00Z,6_1,Control
a4e9,6_1,Control,2024-11-12T05:35:00Z,1.44,22.6484375,22.609375,3.61,2024-11-12T05:40:00Z,6_1,Control
a4e9,6_1,Control,2024-11-12T05:57:00Z,1.48,23,23.015625,3.61,2024-11-12T06:00:00Z,6_1,Control
a4e9,6_1,Control,2024-11-12T06:18:00Z,1.44,23.9140625,23.9296875,3.61,2024-11-12T06:20:00Z,6_1,Control
a4e9,6_1,Control,2024-11-12T06:40:00Z,1.47,24.875,24.9609375,3.61,2024-11-12T06:40:00Z,6_1,Control
a4e9,6_1,Control,2024-11-12T07:01:00Z,1.5,25.734375,25.71875,3.61,2024-11-12T07:00:00Z,6_1,Control
a4e9,6_1,Control,2024-11-12T07:23:00Z,1.65,27.5390625,27.40625,3.61,2024-11-12T07:20:00Z,6_1,Control
a4e9,6_1,Control,2024-11-12T07:44:00Z,1.68,28.03125,27.8125,3.61,2024-11-12T07:40:00Z,6_1,Control
a4e9,6_1,Control,2024-11-12T08:06:00Z,1.63,28.359375,28.234375,3.61,2024-11-12T08:00:00Z,6_1,Control
a4e9,6_1,Control,2024-11-12T08:27:00Z,1.73,29.21875,29.09375,3.61,2024-11-12T08:20:00Z,6_1,Control
a4e9,6_1,Control,2024-11-12T08:49:00Z,1.64,29.5703125,29.5078125,3.61,2024-11-12T08:40:00Z,6_1,Control
a4e9,6_1,Control,2024-11-12T09:10:00Z,1.88,30.328125,30.3125,3.62,2024-11-12T09:00:00Z,6_1,Control
a4e9,6_1,Control,2024-11-12T09:32:00Z,1.73,29.71875,29.6171875,3.61,2024-11-12T09:40:00Z,6_1,Control
a4e9,6_1,Control,2024-11-12T09:53:00Z,1.74,29.3515625,29.375,3.61,2024-11-12T10:00:00Z,6_1,Control
a4e9,6_1,Control,2024-11-12T10:14:00Z,1.75,29.140625,29.1796875,3.62,2024-11-12T10:20:00Z,6_1,Control
a4e9,6_1,Control,2024-11-12T10:36:00Z,1.74,28.9921875,28.9375,3.62,2024-11-12T10:40:00Z,6_1,Control
a4e9,6_1,Control,2024-11-12T10:57:00Z,1.81,28.453125,28.3046875,3.62,2024-11-12T11:00:00Z,6_1,Control
a4e9,6_1,Control,2024-11-12T11:19:00Z,1.55,27.6953125,27.5390625,3.62,2024-11-12T11:20:00Z,6_1,Control
a4e9,6_1,Control,2024-11-12T11:40:00Z,1.61,27.625,27.5625,3.61,2024-11-12T11:40:00Z,6_1,Control
a4e9,6_1,Control,2024-11-12T12:02:00Z,1.59,27.296875,27.28125,3.63,2024-11-12T12:00:00Z,6_1,Control
a4e9,6_1,Control,2024-11-12T12:23:00Z,1.42,26.71875,26.6640625,3.62,2024-11-12T12:20:00Z,6_1,Control
a4e9,6_1,Control,2024-11-12T12:45:00Z,1.31,26.5625,26.5625,3.62,2024-11-12T12:40:00Z,6_1,Control
a4e9,6_1,Control,2024-11-12T13:06:00Z,1.31,25.671875,25.6484375,3.62,2024-11-12T13:00:00Z,6_1,Control
a4e9,6_1,Control,2024-11-12T13:28:00Z,1.18,24.140625,24.1171875,3.62,2024-11-12T13:20:00Z,6_1,Control
a4e9,6_1,Control,2024-11-12T13:49:00Z,1.08,23.0390625,23.0625,3.62,2024-11-12T13:40:00Z,6_1,Control
a4e9,6_1,Control,2024-11-12T14:11:00Z,1.01,21.8515625,21.875,3.62,2024-11-12T14:20:00Z,6_1,Control
a4e9,6_1,Control,2024-11-12T14:32:00Z,0.93,20.7578125,20.6953125,3.61,2024-11-12T14:40:00Z,6_1,Control
a4e9,6_1,Control,2024-11-12T14:54:00Z,0.83,18.890625,18.8046875,3.61,2024-11-12T15:00:00Z,6_1,Control
a4e9,6_1,Control,2024-11-12T15:15:00Z,0.8,16.7734375,16.7421875,3.61,2024-11-12T15:20:00Z,6_1,Control
a4e9,6_1,Control,2024-11-12T15:36:00Z,0.81,15.2890625,15.2890625,3.61,2024-11-12T15:40:00Z,6_1,Control
a4e9,6_1,Control,2024-11-12T15:58:00Z,0.8,14.40625,14.4375,3.61,2024-11-12T16:00:00Z,6_1,Control
a4e9,6_1,Control,2024-11-12T16:19:00Z,0.78,13.4765625,13.515625,3.61,2024-11-12T16:20:00Z,6_1,Control
a4e9,6_1,Control,2024-11-12T16:41:00Z,0.8,13.0546875,13.0859375,3.61,2024-11-12T16:40:00Z,6_1,Control
a4e9,6_1,Control,2024-11-12T17:02:00Z,0.81,12.796875,12.828125,3.6,2024-11-12T17:00:00Z,6_1,Control
a4e9,6_1,Control,2024-11-12T17:24:00Z,0.79,12.4375,12.453125,3.6,2024-11-12T17:20:00Z,6_1,Control
a4e9,6_1,Control,2024-11-12T17:45:00Z,0.79,12.0546875,12.078125,3.6,2024-11-12T17:40:00Z,6_1,Control
a4e9,6_1,Control,2024-11-12T18:07:00Z,0.79,11.5859375,11.609375,3.6,2024-11-12T18:00:00Z,6_1,Control
a4e9,6_1,Control,2024-11-12T18:28:00Z,0.81,11.046875,11.078125,3.6,2024-11-12T18:20:00Z,6_1,Control
a4e9,6_1,Control,2024-11-12T18:50:00Z,0.8,11.0078125,11.015625,3.6,2024-11-12T18:40:00Z,6_1,Control
a4e9,6_1,Control,2024-11-12T19:11:00Z,0.81,10.796875,10.8125,3.6,2024-11-12T19:20:00Z,6_1,Control
a4e9,6_1,Control,2024-11-12T19:33:00Z,0.79,10.578125,10.59375,3.59,2024-11-12T19:40:00Z,6_1,Control
a4e9,6_1,Control,2024-11-12T19:54:00Z,0.79,10.3359375,10.34375,3.59,2024-11-12T20:00:00Z,6_1,Control
a4e9,6_1,Control,2024-11-12T20:16:00Z,0.8,10.0546875,10.0625,3.59,2024-11-12T20:20:00Z,6_1,Control
a4e9,6_1,Control,2024-11-12T20:37:00Z,0.79,9.828125,9.84375,3.59,2024-11-12T20:40:00Z,6_1,Control
a4e9,6_1,Control,2024-11-12T20:58:00Z,0.78,9.75,9.7578125,3.59,2024-11-12T21:00:00Z,6_1,Control
a4e9,6_1,Control,2024-11-12T21:20:00Z,0.79,9.75,9.75,3.6,2024-11-12T21:20:00Z,6_1,Control
a4e9,6_1,Control,2024-11-12T21:41:00Z,0.79,9.7578125,9.75,3.6,2024-11-12T21:40:00Z,6_1,Control
a4e9,6_1,Control,2024-11-12T22:03:00Z,0.8,9.859375,9.8359375,3.6,2024-11-12T22:00:00Z,6_1,Control
a4e9,6_1,Control,2024-11-12T22:24:00Z,0.8,10.0078125,9.9921875,3.59,2024-11-12T22:20:00Z,6_1,Control
a4e9,6_1,Control,2024-11-12T22:46:00Z,0.8,10.1484375,10.1484375,3.59,2024-11-12T22:40:00Z,6_1,Control
a4e9,6_1,Control,2024-11-12T23:07:00Z,0.79,10.234375,10.2421875,3.59,2024-11-12T23:00:00Z,6_1,Control
a4e9,6_1,Control,2024-11-12T23:29:00Z,0.81,10.203125,10.203125,3.59,2024-11-12T23:20:00Z,6_1,Control
a4e9,6_1,Control,2024-11-12T23:50:00Z,0.8,10.28125,10.2734375,3.59,2024-11-12T23:40:00Z,6_1,Control
a4e9,6_1,Control,2024-11-13T00:12:00Z,0.79,10.28125,10.28125,3.59,2024-11-13T00:20:00Z,6_1,Control
a4e9,6_1,Control,2024-11-13T00:33:00Z,0.81,10.359375,10.3515625,3.59,2024-11-13T00:40:00Z,6_1,Control
a4e9,6_1,Control,2024-11-13T00:55:00Z,0.78,10.265625,10.2734375,3.6,2024-11-13T01:00:00Z,6_1,Control
a4e9,6_1,Control,2024-11-13T01:16:00Z,0.79,10.1484375,10.15625,3.59,2024-11-13T01:20:00Z,6_1,Control
a4e9,6_1,Control,2024-11-13T01:38:00Z,0.79,10.1171875,10.125,3.59,2024-11-13T01:40:00Z,6_1,Control
a4e9,6_1,Control,2024-11-13T01:59:00Z,0.79,10.1171875,10.109375,3.59,2024-11-13T02:00:00Z,6_1,Control
a4e9,6_1,Control,2024-11-13T02:21:00Z,0.79,10.1171875,10.1015625,3.59,2024-11-13T02:20:00Z,6_1,Control
a4e9,6_1,Control,2024-11-13T02:42:00Z,0.79,10.359375,10.3359375,3.59,2024-11-13T02:40:00Z,6_1,Control
a4e9,6_1,Control,2024-11-13T03:03:00Z,0.79,10.7109375,10.6953125,3.59,2024-11-13T03:00:00Z,6_1,Control
a4e9,6_1,Control,2024-11-13T03:25:00Z,0.81,11.09375,11.078125,3.6,2024-11-13T03:20:00Z,6_1,Control
a4e9,6_1,Control,2024-11-13T03:46:00Z,0.78,11.3046875,11.3125,3.6,2024-11-13T03:40:00Z,6_1,Control
a4e9,6_1,Control,2024-11-13T04:08:00Z,0.79,11.4296875,11.4375,3.59,2024-11-13T04:00:00Z,6_1,Control
a4e9,6_1,Control,2024-11-13T04:29:00Z,0.78,11.3671875,11.3828125,3.59,2024-11-13T04:20:00Z,6_1,Control
a4e9,6_1,Control,2024-11-13T04:51:00Z,0.82,11.8125,11.7890625,3.6,2024-11-13T05:00:00Z,6_1,Control
a4e9,6_1,Control,2024-11-13T05:12:00Z,0.87,12.6796875,12.6796875,3.59,2024-11-13T05:20:00Z,6_1,Control
a4e9,6_1,Control,2024-11-13T05:34:00Z,0.98,14.3828125,14.34375,3.6,2024-11-13T05:40:00Z,6_1,Control
a4e9,6_1,Control,2024-11-13T05:55:00Z,0.91,16.0234375,16.09375,3.6,2024-11-13T06:00:00Z,6_1,Control
a4e9,6_1,Control,2024-11-13T06:17:00Z,1.11,17.625,17.7890625,3.61,2024-11-13T06:20:00Z,6_1,Control
a4e9,6_1,Control,2024-11-13T06:38:00Z,1.18,18.921875,19.109375,3.61,2024-11-13T06:40:00Z,6_1,Control
a4e9,6_1,Control,2024-11-13T07:00:00Z,1.24,19.6015625,19.75,3.6,2024-11-13T07:00:00Z,6_1,Control
a4e9,6_1,Control,2024-11-13T07:21:00Z,1.29,21.171875,21.1796875,3.61,2024-11-13T07:20:00Z,6_1,Control
a4e9,6_1,Control,2024-11-13T07:43:00Z,1.26,22.0390625,21.9921875,3.61,2024-11-13T07:40:00Z,6_1,Control
a4e9,6_1,Control,2024-11-13T08:04:00Z,1.26,22.015625,22.015625,3.61,2024-11-13T08:00:00Z,6_1,Control
a4e9,6_1,Control,2024-11-13T08:25:00Z,1.36,22.6953125,22.765625,3.61,2024-11-13T08:20:00Z,6_1,Control
a4e9,6_1,Control,2024-11-13T08:47:00Z,1.36,23.03125,23.0234375,3.61,2024-11-13T08:40:00Z,6_1,Control
a4e9,6_1,Control,2024-11-13T09:08:00Z,1.45,22.734375,22.828125,3.61,2024-11-13T09:00:00Z,6_1,Control
a4e9,6_1,Control,2024-11-13T09:30:00Z,1.43,23.2734375,23.4140625,3.62,2024-11-13T09:40:00Z,6_1,Control
a4e9,6_1,Control,2024-11-13T09:51:00Z,1.56,23.2890625,23.4296875,3.61,2024-11-13T10:00:00Z,6_1,Control
a4e9,6_1,Control,2024-11-13T10:13:00Z,1.43,22.7421875,22.8515625,3.61,2024-11-13T10:20:00Z,6_1,Control
a4e9,6_1,Control,2024-11-13T10:34:00Z,1.29,22.2109375,22.2734375,3.61,2024-11-13T10:40:00Z,6_1,Control
a4e9,6_1,Control,2024-11-13T10:56:00Z,1.33,22.6484375,22.71875,3.61,2024-11-13T11:00:00Z,6_1,Control
a4e9,6_1,Control,2024-11-13T11:17:00Z,1.36,22.4140625,22.3515625,3.61,2024-11-13T11:20:00Z,6_1,Control
a4e9,6_1,Control,2024-11-13T11:39:00Z,1.28,22.109375,22.078125,3.61,2024-11-13T11:40:00Z,6_1,Control
a4e9,6_1,Control,2024-11-13T12:00:00Z,1.25,21.5625,21.6015625,3.61,2024-11-13T12:00:00Z,6_1,Control
a4e9,6_1,Control,2024-11-13T12:22:00Z,1.21,21.265625,21.328125,3.61,2024-11-13T12:20:00Z,6_1,Control
a4e9,6_1,Control,2024-11-13T12:43:00Z,1.16,20.6640625,20.671875,3.61,2024-11-13T12:40:00Z,6_1,Control
a4e9,6_1,Control,2024-11-13T13:05:00Z,1.09,19.9765625,19.9921875,3.61,2024-11-13T13:00:00Z,6_1,Control
a4e9,6_1,Control,2024-11-13T13:26:00Z,1.04,18.9765625,18.9765625,3.61,2024-11-13T13:20:00Z,6_1,Control
a4e9,6_1,Control,2024-11-13T13:47:00Z,0.99,17.8984375,17.9140625,3.61,2024-11-13T13:40:00Z,6_1,Control
a4e9,6_1,Control,2024-11-13T13:57:00Z,0.9,17.7109375,17.609375,3.6,2024-11-13T14:00:00Z,6_1,Control
a4e9,6_1,Control,2024-11-13T14:18:00Z,0.92,16.4296875,16.421875,3.61,2024-11-13T14:20:00Z,6_1,Control
a4e9,6_1,Control,2024-11-13T14:40:00Z,0.88,15.453125,15.421875,3.61,2024-11-13T14:40:00Z,6_1,Control
a4e9,6_1,Control,2024-11-13T15:01:00Z,0.84,14.1484375,14.109375,3.61,2024-11-13T15:00:00Z,6_1,Control
a4e9,6_1,Control,2024-11-13T15:23:00Z,0.81,13.2421875,13.2109375,3.6,2024-11-13T15:20:00Z,6_1,Control
a4e9,6_1,Control,2024-11-13T15:44:00Z,0.79,12.515625,12.5078125,3.6,2024-11-13T15:40:00Z,6_1,Control
a4e9,6_1,Control,2024-11-13T16:06:00Z,0.8,11.9609375,11.96875,3.6,2024-11-13T16:00:00Z,6_1,Control
a4e9,6_1,Control,2024-11-13T16:27:00Z,0.81,11.6875,11.6875,3.6,2024-11-13T16:20:00Z,6_1,Control
a4e9,6_1,Control,2024-11-13T16:49:00Z,0.83,11.6171875,11.609375,3.6,2024-11-13T16:40:00Z,6_1,Control
a4e9,6_1,Control,2024-11-13T17:10:00Z,0.8,11.5546875,11.5546875,3.6,2024-11-13T17:00:00Z,6_1,Control
a4e9,6_1,Control,2024-11-13T17:32:00Z,0.8,11.484375,11.484375,3.6,2024-11-13T17:40:00Z,6_1,Control
a4e9,6_1,Control,2024-11-13T17:53:00Z,0.8,11.40625,11.40625,3.59,2024-11-13T18:00:00Z,6_1,Control
a4e9,6_1,Control,2024-11-13T18:15:00Z,0.8,11.2734375,11.2734375,3.6,2024-11-13T18:20:00Z,6_1,Control
a4e9,6_1,Control,2024-11-13T18:36:00Z,0.8,11.078125,11.0703125,3.6,2024-11-13T18:40:00Z,6_1,Control
a4e9,6_1,Control,2024-11-13T18:57:00Z,0.79,10.9375,10.9375,3.59,2024-11-13T19:00:00Z,6_1,Control
a4e9,6_1,Control,2024-11-13T19:19:00Z,0.8,10.8046875,10.796875,3.59,2024-11-13T19:20:00Z,6_1,Control
a4e9,6_1,Control,2024-11-13T19:40:00Z,0.8,10.7265625,10.7109375,3.59,2024-11-13T19:40:00Z,6_1,Control
a4e9,6_1,Control,2024-11-13T20:02:00Z,0.8,10.6328125,10.6171875,3.59,2024-11-13T20:00:00Z,6_1,Control
a4e9,6_1,Control,2024-11-13T20:23:00Z,0.79,10.4296875,10.421875,3.59,2024-11-13T20:20:00Z,6_1,Control
a4e9,6_1,Control,2024-11-13T20:45:00Z,0.8,10.3046875,10.2890625,3.59,2024-11-13T20:40:00Z,6_1,Control
a4e9,6_1,Control,2024-11-13T21:06:00Z,0.79,10.3046875,10.28125,3.59,2024-11-13T21:00:00Z,6_1,Control
a4e9,6_1,Control,2024-11-13T21:28:00Z,0.79,10.2109375,10.1953125,3.59,2024-11-13T21:20:00Z,6_1,Control
a4e9,6_1,Control,2024-11-13T21:49:00Z,0.8,9.9765625,9.96875,3.59,2024-11-13T21:40:00Z,6_1,Control
a4e9,6_1,Control,2024-11-13T22:11:00Z,0.79,9.875,9.8515625,3.59,2024-11-13T22:20:00Z,6_1,Control
a4e9,6_1,Control,2024-11-13T22:32:00Z,0.81,9.8515625,9.828125,3.59,2024-11-13T22:40:00Z,6_1,Control
a4e9,6_1,Control,2024-11-13T22:54:00Z,0.78,9.7109375,9.6953125,3.59,2024-11-13T23:00:00Z,6_1,Control
a4e9,6_1,Control,2024-11-13T23:15:00Z,0.78,9.3515625,9.3515625,3.59,2024-11-13T23:20:00Z,6_1,Control
a4e9,6_1,Control,2024-11-13T23:36:00Z,0.77,8.65625,8.6796875,3.59,2024-11-13T23:40:00Z,6_1,Control
a4e9,6_1,Control,2024-11-13T23:58:00Z,0.8,8.390625,8.3984375,3.58,2024-11-14T00:00:00Z,6_1,Control
a4e9,6_1,Control,2024-11-14T00:19:00Z,0.81,8.640625,8.6171875,3.59,2024-11-14T00:20:00Z,6_1,Control
a4e9,6_1,Control,2024-11-14T00:41:00Z,0.81,8.9765625,8.9375,3.59,2024-11-14T00:40:00Z,6_1,Control
a4e9,6_1,Control,2024-11-14T01:02:00Z,0.79,9.234375,9.1953125,3.59,2024-11-14T01:00:00Z,6_1,Control
a4e9,6_1,Control,2024-11-14T01:24:00Z,0.8,9.3046875,9.28125,3.58,2024-11-14T01:20:00Z,6_1,Control
a4e9,6_1,Control,2024-11-14T01:45:00Z,0.81,9.328125,9.296875,3.59,2024-11-14T01:40:00Z,6_1,Control
a4e9,6_1,Control,2024-11-14T02:07:00Z,0.81,9.4375,9.40625,3.59,2024-11-14T02:00:00Z,6_1,Control
a4e9,6_1,Control,2024-11-14T02:28:00Z,0.81,9.625,9.5859375,3.59,2024-11-14T02:20:00Z,6_1,Control
a4e9,6_1,Control,2024-11-14T02:50:00Z,0.83,9.8671875,9.828125,3.59,2024-11-14T02:40:00Z,6_1,Control
a4e9,6_1,Control,2024-11-14T03:11:00Z,0.84,10.4140625,10.375,3.59,2024-11-14T03:20:00Z,6_1,Control
a4e9,6_1,Control,2024-11-14T03:33:00Z,0.87,11.0859375,11.0390625,3.59,2024-11-14T03:40:00Z,6_1,Control
a4e9,6_1,Control,2024-11-14T03:54:00Z,0.88,12.078125,12,3.59,2024-11-14T04:00:00Z,6_1,Control
a4e9,6_1,Control,2024-11-14T04:16:00Z,0.9,12.4453125,12.4140625,3.59,2024-11-14T04:20:00Z,6_1,Control
a4e9,6_1,Control,2024-11-14T04:37:00Z,0.94,13.4375,13.3828125,3.59,2024-11-14T04:40:00Z,6_1,Control
a4e9,6_1,Control,2024-11-14T04:59:00Z,0.99,15.609375,15.609375,3.6,2024-11-14T05:00:00Z,6_1,Control
a4e9,6_1,Control,2024-11-14T05:20:00Z,1.08,16.640625,16.75,3.6,2024-11-14T05:20:00Z,6_1,Control
a4e9,6_1,Control,2024-11-14T05:41:00Z,1.13,17.3203125,17.3671875,3.6,2024-11-14T05:40:00Z,6_1,Control
a4e9,6_1,Control,2024-11-14T06:03:00Z,1.2,18.2734375,18.3671875,3.61,2024-11-14T06:00:00Z,6_1,Control
a4e9,6_1,Control,2024-11-14T06:24:00Z,1.24,19.078125,19.1796875,3.61,2024-11-14T06:20:00Z,6_1,Control
a4e9,6_1,Control,2024-11-14T06:46:00Z,1.31,20.0078125,20.15625,3.6,2024-11-14T06:40:00Z,6_1,Control
a4e9,6_1,Control,2024-11-14T07:07:00Z,1.32,21.109375,21.25,3.61,2024-11-14T07:00:00Z,6_1,Control
a4e9,6_1,Control,2024-11-14T07:29:00Z,1.43,22.234375,22.2265625,3.61,2024-11-14T07:20:00Z,6_1,Control
a4e9,6_1,Control,2024-11-14T07:50:00Z,1.39,23.2734375,23.328125,3.61,2024-11-14T07:40:00Z,6_1,Control
a4e9,6_1,Control,2024-11-14T08:12:00Z,1.43,24.1484375,24.2734375,3.61,2024-11-14T08:20:00Z,6_1,Control
a4e9,6_1,Control,2024-11-14T08:33:00Z,1.63,25.046875,25.125,3.61,2024-11-14T08:40:00Z,6_1,Control
a4e9,6_1,Control,2024-11-14T08:55:00Z,1.52,24.9453125,25,3.61,2024-11-14T09:00:00Z,6_1,Control
a4e9,6_1,Control,2024-11-14T09:16:00Z,1.59,25.421875,25.546875,3.62,2024-11-14T09:20:00Z,6_1,Control
a4e9,6_1,Control,2024-11-14T09:38:00Z,1.66,25.7578125,25.875,3.61,2024-11-14T09:40:00Z,6_1,Control
a4e9,6_1,Control,2024-11-14T09:59:00Z,1.54,26.171875,26.421875,3.61,2024-11-14T10:00:00Z,6_1,Control
a4e9,6_1,Control,2024-11-14T10:21:00Z,1.7,26.859375,27.15625,3.61,2024-11-14T10:20:00Z,6_1,Control
a4e9,6_1,Control,2024-11-14T10:42:00Z,1.61,27.1328125,27.3125,3.61,2024-11-14T10:40:00Z,6_1,Control
a4e9,6_1,Control,2024-11-14T11:03:00Z,1.6,27.3125,27.34375,3.62,2024-11-14T11:00:00Z,6_1,Control
a4e9,6_1,Control,2024-11-14T11:25:00Z,1.54,27.4375,27.4140625,3.61,2024-11-14T11:20:00Z,6_1,Control
a4e9,6_1,Control,2024-11-14T11:46:00Z,1.53,27.1328125,27.125,3.61,2024-11-14T11:40:00Z,6_1,Control
a4e9,6_1,Control,2024-11-14T12:08:00Z,1.46,26.546875,26.578125,3.61,2024-11-14T12:00:00Z,6_1,Control
a4e9,6_1,Control,2024-11-14T12:29:00Z,1.42,25.984375,25.96875,3.62,2024-11-14T12:20:00Z,6_1,Control
a4e9,6_1,Control,2024-11-14T12:51:00Z,1.34,25.4609375,25.4296875,3.62,2024-11-14T13:00:00Z,6_1,Control
a4e9,6_1,Control,2024-11-14T13:12:00Z,1.29,24.8125,24.7890625,3.61,2024-11-14T13:20:00Z,6_1,Control
a4e9,6_1,Control,2024-11-14T13:34:00Z,1.23,23.9765625,23.96875,3.62,2024-11-14T13:40:00Z,6_1,Control
a4e9,6_1,Control,2024-11-14T13:55:00Z,1.15,23.1796875,23.1875,3.61,2024-11-14T14:00:00Z,6_1,Control
a4e9,6_1,Control,2024-11-14T14:17:00Z,1.12,22.2734375,22.25,3.61,2024-11-14T14:20:00Z,6_1,Control
a4e9,6_1,Control,2024-11-14T14:38:00Z,1.05,21.5390625,21.453125,3.61,2024-11-14T14:40:00Z,6_1,Control
a4e9,6_1,Control,2024-11-14T15:00:00Z,0.93,20.0859375,19.9609375,3.61,2024-11-14T15:00:00Z,6_1,Control
a4e9,6_1,Control,2024-11-14T15:21:00Z,0.89,18.7265625,18.625,3.6,2024-11-14T15:20:00Z,6_1,Control
a4e9,6_1,Control,2024-11-14T15:43:00Z,0.86,17.8125,17.7421875,3.61,2024-11-14T15:40:00Z,6_1,Control
a4e9,6_1,Control,2024-11-14T16:04:00Z,0.84,17.1328125,17.078125,3.61,2024-11-14T16:00:00Z,6_1,Control
a4e9,6_1,Control,2024-11-14T16:25:00Z,0.84,16.625,16.59375,3.61,2024-11-14T16:20:00Z,6_1,Control
a4e9,6_1,Control,2024-11-14T16:47:00Z,0.82,16.25,16.21875,3.6,2024-11-14T16:40:00Z,6_1,Control
a4e9,6_1,Control,2024-11-14T17:08:00Z,0.83,15.984375,15.9609375,3.61,2024-11-14T17:00:00Z,6_1,Control
a4e9,6_1,Control,2024-11-14T17:30:00Z,0.82,15.84375,15.8203125,3.6,2024-11-14T17:40:00Z,6_1,Control
a4e9,6_1,Control,2024-11-14T17:51:00Z,0.81,15.6015625,15.5859375,3.6,2024-11-14T18:00:00Z,6_1,Control
a4e9,6_1,Control,2024-11-14T18:13:00Z,0.82,15.2890625,15.2734375,3.6,2024-11-14T18:20:00Z,6_1,Control
a4e9,6_1,Control,2024-11-14T18:34:00Z,0.81,14.8828125,14.875,3.6,2024-11-14T18:40:00Z,6_1,Control
a4e9,6_1,Control,2024-11-14T18:56:00Z,0.81,14.671875,14.65625,3.6,2024-11-14T19:00:00Z,6_1,Control
a4e9,6_1,Control,2024-11-14T19:17:00Z,0.81,14.6015625,14.5859375,3.6,2024-11-14T19:20:00Z,6_1,Control
a4e9,6_1,Control,2024-11-14T19:39:00Z,0.81,14.5234375,14.5,3.6,2024-11-14T19:40:00Z,6_1,Control
a4e9,6_1,Control,2024-11-14T20:00:00Z,0.81,14.4140625,14.390625,3.6,2024-11-14T20:00:00Z,6_1,Control
a4e9,6_1,Control,2024-11-14T20:22:00Z,0.83,14.3359375,14.3203125,3.6,2024-11-14T20:20:00Z,6_1,Control
a4e9,6_1,Control,2024-11-14T20:43:00Z,0.81,14.3203125,14.296875,3.6,2024-11-14T20:40:00Z,6_1,Control
a4e9,6_1,Control,2024-11-14T21:05:00Z,0.78,13.625,13.640625,3.6,2024-11-14T21:00:00Z,6_1,Control
a4e9,6_1,Control,2024-11-14T21:26:00Z,0.78,12.734375,12.75,3.6,2024-11-14T21:20:00Z,6_1,Control
a4e9,6_1,Control,2024-11-14T21:47:00Z,0.78,12.046875,12.0703125,3.59,2024-11-14T21:40:00Z,6_1,Control
a4e9,6_1,Control,2024-11-14T22:09:00Z,0.79,11.59375,11.6171875,3.59,2024-11-14T22:00:00Z,6_1,Control
a4e9,6_1,Control,2024-11-14T22:30:00Z,0.79,11.59375,11.59375,3.59,2024-11-14T22:40:00Z,6_1,Control
a4e9,6_1,Control,2024-11-14T22:52:00Z,0.8,11.21875,11.234375,3.6,2024-11-14T23:00:00Z,6_1,Control
a4e9,6_1,Control,2024-11-14T23:13:00Z,0.78,10.8203125,10.828125,3.59,2024-11-14T23:20:00Z,6_1,Control
a4e9,6_1,Control,2024-11-14T23:35:00Z,0.81,10.515625,10.515625,3.6,2024-11-14T23:40:00Z,6_1,Control
a4e9,6_1,Control,2024-11-14T23:56:00Z,0.81,10.9140625,10.890625,3.6,2024-11-15T00:00:00Z,6_1,Control
a4e9,6_1,Control,2024-11-15T00:18:00Z,0.81,11.5234375,11.484375,3.6,2024-11-15T00:20:00Z,6_1,Control
a4e9,6_1,Control,2024-11-15T00:39:00Z,0.8,11.609375,11.59375,3.59,2024-11-15T00:40:00Z,6_1,Control
a4e9,6_1,Control,2024-11-15T01:01:00Z,0.81,11.515625,11.5,3.6,2024-11-15T01:00:00Z,6_1,Control
a4e9,6_1,Control,2024-11-15T01:22:00Z,0.8,11.2421875,11.21875,3.59,2024-11-15T01:20:00Z,6_1,Control
a4e9,6_1,Control,2024-11-15T01:44:00Z,0.81,11.1953125,11.15625,3.59,2024-11-15T01:40:00Z,6_1,Control
a4e9,6_1,Control,2024-11-15T02:05:00Z,0.86,11.4140625,11.3515625,3.59,2024-11-15T02:00:00Z,6_1,Control
a4e9,6_1,Control,2024-11-15T02:27:00Z,0.96,12.6171875,12.453125,3.59,2024-11-15T02:20:00Z,6_1,Control
a4e9,6_1,Control,2024-11-15T02:48:00Z,1.05,15.3515625,15.0859375,3.6,2024-11-15T02:40:00Z,6_1,Control
a4e9,6_1,Control,2024-11-15T03:09:00Z,1.09,18.3828125,18.1484375,3.59,2024-11-15T03:00:00Z,6_1,Control
a4e9,6_1,Control,2024-11-15T03:31:00Z,1.22,20.4296875,20.2890625,3.6,2024-11-15T03:40:00Z,6_1,Control
a4e9,6_1,Control,2024-11-15T03:52:00Z,1.33,21.7734375,21.6640625,3.6,2024-11-15T04:00:00Z,6_1,Control
a4e9,6_1,Control,2024-11-15T04:14:00Z,1.33,22.328125,22.265625,3.6,2024-11-15T04:20:00Z,6_1,Control
a4e9,6_1,Control,2024-11-15T04:35:00Z,1.26,23.0625,23.0625,3.61,2024-11-15T04:40:00Z,6_1,Control
a4e9,6_1,Control,2024-11-15T04:57:00Z,1.3,23.671875,23.734375,3.61,2024-11-15T05:00:00Z,6_1,Control
a4e9,6_1,Control,2024-11-15T05:18:00Z,1.49,23.640625,23.7421875,3.62,2024-11-15T05:20:00Z,6_1,Control
a4e9,6_1,Control,2024-11-15T05:40:00Z,1.4,23.9296875,23.9609375,3.61,2024-11-15T05:40:00Z,6_1,Control
a4e9,6_1,Control,2024-11-15T06:01:00Z,1.43,24.671875,24.7578125,3.61,2024-11-15T06:00:00Z,6_1,Control
a4e9,6_1,Control,2024-11-15T06:23:00Z,1.46,25.3984375,25.484375,3.61,2024-11-15T06:20:00Z,6_1,Control
a4e9,6_1,Control,2024-11-15T06:44:00Z,1.44,26.34375,26.453125,3.62,2024-11-15T06:40:00Z,6_1,Control
a4e9,6_1,Control,2024-11-15T07:06:00Z,1.48,27.53125,27.671875,3.61,2024-11-15T07:00:00Z,6_1,Control
a4e9,6_1,Control,2024-11-15T07:27:00Z,1.58,28.65625,28.5703125,3.62,2024-11-15T07:20:00Z,6_1,Control
a4e9,6_1,Control,2024-11-15T07:49:00Z,1.52,29.5703125,29.59375,3.62,2024-11-15T07:40:00Z,6_1,Control
a4e9,6_1,Control,2024-11-15T08:10:00Z,1.62,30.2421875,30.328125,3.62,2024-11-15T08:00:00Z,6_1,Control
a4e9,6_1,Control,2024-11-15T08:31:00Z,1.83,30.9609375,31.0390625,3.62,2024-11-15T08:40:00Z,6_1,Control
a4e9,6_1,Control,2024-11-15T08:53:00Z,1.73,30.984375,30.9921875,3.62,2024-11-15T09:00:00Z,6_1,Control
a4e9,6_1,Control,2024-11-15T09:14:00Z,1.62,31.4453125,31.5703125,3.62,2024-11-15T09:20:00Z,6_1,Control
a4e9,6_1,Control,2024-11-15T09:36:00Z,1.72,32.265625,32.453125,3.62,2024-11-15T09:40:00Z,6_1,Control
a4e9,6_1,Control,2024-11-15T09:57:00Z,1.7,32.7109375,32.890625,3.62,2024-11-15T10:00:00Z,6_1,Control
a4e9,6_1,Control,2024-11-15T10:19:00Z,1.89,32.3203125,32.265625,3.62,2024-11-15T10:20:00Z,6_1,Control
a4e9,6_1,Control,2024-11-15T10:40:00Z,1.68,31.78125,31.7578125,3.61,2024-11-15T10:40:00Z,6_1,Control
a4e9,6_1,Control,2024-11-15T11:02:00Z,1.67,31.8828125,31.796875,3.62,2024-11-15T11:00:00Z,6_1,Control
a4e9,6_1,Control,2024-11-15T11:23:00Z,1.53,31.359375,31.1875,3.63,2024-11-15T11:20:00Z,6_1,Control
a4e9,6_1,Control,2024-11-15T11:45:00Z,1.6,30.5078125,30.40625,3.62,2024-11-15T11:40:00Z,6_1,Control
a4e9,6_1,Control,2024-11-15T12:06:00Z,1.5,29.4375,29.390625,3.62,2024-11-15T12:00:00Z,6_1,Control
a4e9,6_1,Control,2024-11-15T12:28:00Z,1.42,28.15625,28.0625,3.62,2024-11-15T12:20:00Z,6_1,Control
a4e9,6_1,Control,2024-11-15T12:49:00Z,1.36,27.28125,27.2265625,3.62,2024-11-15T12:40:00Z,6_1,Control
a4e9,6_1,Control,2024-11-15T13:11:00Z,1.26,26.6328125,26.609375,3.62,2024-11-15T13:20:00Z,6_1,Control
a4e9,6_1,Control,2024-11-15T13:32:00Z,1.22,25.7421875,25.7109375,3.62,2024-11-15T13:40:00Z,6_1,Control
a4e9,6_1,Control,2024-11-15T13:53:00Z,1.14,24.8828125,24.875,3.61,2024-11-15T14:00:00Z,6_1,Control
a4e9,6_1,Control,2024-11-15T14:15:00Z,1.09,23.96875,23.96875,3.62,2024-11-15T14:20:00Z,6_1,Control
a4e9,6_1,Control,2024-11-15T14:36:00Z,1.01,23.296875,23.2265625,3.62,2024-11-15T14:40:00Z,6_1,Control
a4e9,6_1,Control,2024-11-15T14:58:00Z,0.94,21.9609375,21.8125,3.62,2024-11-15T15:00:00Z,6_1,Control
a4e9,6_1,Control,2024-11-15T15:19:00Z,0.92,20.9296875,20.8125,3.62,2024-11-15T15:20:00Z,6_1,Control
a4e9,6_1,Control,2024-11-15T15:41:00Z,0.89,20.6015625,20.5234375,3.61,2024-11-15T15:40:00Z,6_1,Control
a4e9,6_1,Control,2024-11-15T16:02:00Z,0.89,20.4921875,20.4375,3.61,2024-11-15T16:00:00Z,6_1,Control
a4e9,6_1,Control,2024-11-15T16:24:00Z,0.83,20.0078125,19.953125,3.62,2024-11-15T16:20:00Z,6_1,Control
a4e9,6_1,Control,2024-11-15T16:45:00Z,0.84,19.265625,19.21875,3.61,2024-11-15T16:40:00Z,6_1,Control
a4e9,6_1,Control,2024-11-15T17:07:00Z,0.81,18.703125,18.6796875,3.61,2024-11-15T17:00:00Z,6_1,Control
a4e9,6_1,Control,2024-11-15T17:28:00Z,0.82,18.234375,18.203125,3.61,2024-11-15T17:20:00Z,6_1,Control
a4e9,6_1,Control,2024-11-15T17:50:00Z,0.82,17.8671875,17.8359375,3.61,2024-11-15T17:40:00Z,6_1,Control
a4e9,6_1,Control,2024-11-15T18:11:00Z,0.81,17.5,17.46875,3.61,2024-11-15T18:20:00Z,6_1,Control
a4e9,6_1,Control,2024-11-15T18:33:00Z,0.8,17.0703125,17.0546875,3.61,2024-11-15T18:40:00Z,6_1,Control
a4e9,6_1,Control,2024-11-15T18:54:00Z,0.81,16.4375,16.4296875,3.6,2024-11-15T19:00:00Z,6_1,Control
a4e9,6_1,Control,2024-11-15T19:15:00Z,0.81,16.34375,16.3203125,3.6,2024-11-15T19:20:00Z,6_1,Control
a4e9,6_1,Control,2024-11-15T19:37:00Z,0.79,16.0078125,16.0078125,3.6,2024-11-15T19:40:00Z,6_1,Control
a4e9,6_1,Control,2024-11-15T19:58:00Z,0.78,15.6484375,15.6484375,3.61,2024-11-15T20:00:00Z,6_1,Control
a4e9,6_1,Control,2024-11-15T20:20:00Z,0.77,14.8203125,14.84375,3.6,2024-11-15T20:20:00Z,6_1,Control
a4e9,6_1,Control,2024-11-15T20:41:00Z,0.79,14.265625,14.28125,3.6,2024-11-15T20:40:00Z,6_1,Control
a4e9,6_1,Control,2024-11-15T21:03:00Z,0.82,13.859375,13.8671875,3.61,2024-11-15T21:00:00Z,6_1,Control
a4e9,6_1,Control,2024-11-15T21:24:00Z,0.83,14.3984375,14.359375,3.6,2024-11-15T21:20:00Z,6_1,Control
a4e9,6_1,Control,2024-11-15T21:46:00Z,0.79,14.65625,14.6328125,3.6,2024-11-15T21:40:00Z,6_1,Control
a4e9,6_1,Control,2024-11-15T22:07:00Z,0.81,14.5234375,14.5078125,3.6,2024-11-15T22:00:00Z,6_1,Control
a4e9,6_1,Control,2024-11-15T22:29:00Z,0.78,14.375,14.3671875,3.6,2024-11-15T22:20:00Z,6_1,Control
a4e9,6_1,Control,2024-11-15T22:50:00Z,0.78,13.6953125,13.71875,3.6,2024-11-15T22:40:00Z,6_1,Control
a4e9,6_1,Control,2024-11-15T23:12:00Z,0.8,13.4765625,13.46875,3.61,2024-11-15T23:20:00Z,6_1,Control
a4e9,6_1,Control,2024-11-15T23:33:00Z,0.8,13.1015625,13.109375,3.6,2024-11-15T23:40:00Z,6_1,Control
a4e9,6_1,Control,2024-11-15T23:55:00Z,0.82,13.234375,13.203125,3.6,2024-11-16T00:00:00Z,6_1,Control
a4e9,6_1,Control,2024-11-16T00:16:00Z,0.78,12.875,12.8828125,3.6,2024-11-16T00:20:00Z,6_1,Control
a4e9,6_1,Control,2024-11-16T00:37:00Z,0.79,12.0234375,12.03125,3.6,2024-11-16T00:40:00Z,6_1,Control
a4e9,6_1,Control,2024-11-16T00:59:00Z,0.8,11.2578125,11.25,3.6,2024-11-16T01:00:00Z,6_1,Control
a4e9,6_1,Control,2024-11-16T01:20:00Z,0.85,11.6015625,11.5625,3.59,2024-11-16T01:20:00Z,6_1,Control
a4e9,6_1,Control,2024-11-16T01:42:00Z,0.82,12.2265625,12.1875,3.6,2024-11-16T01:40:00Z,6_1,Control
a4e9,6_1,Control,2024-11-16T02:03:00Z,0.86,12.0625,12.0234375,3.59,2024-11-16T02:00:00Z,6_1,Control
a4e9,6_1,Control,2024-11-16T02:25:00Z,0.95,12.7734375,12.6484375,3.6,2024-11-16T02:20:00Z,6_1,Control
a4e9,6_1,Control,2024-11-16T02:46:00Z,1.03,15.6796875,15.46875,3.6,2024-11-16T02:40:00Z,6_1,Control
a4e9,6_1,Control,2024-11-16T03:08:00Z,1.1,18.6796875,18.484375,3.6,2024-11-16T03:00:00Z,6_1,Control
a4e9,6_1,Control,2024-11-16T03:29:00Z,1.16,20.9296875,20.71875,3.6,2024-11-16T03:20:00Z,6_1,Control
a4e9,6_1,Control,2024-11-16T03:51:00Z,1.24,22.6875,22.5546875,3.61,2024-11-16T04:00:00Z,6_1,Control
a4e9,6_1,Control,2024-11-16T04:12:00Z,1.32,24.5625,24.4375,3.6,2024-11-16T04:20:00Z,6_1,Control
a4e9,6_1,Control,2024-11-16T04:34:00Z,1.24,25.5625,25.28125,3.61,2024-11-16T04:40:00Z,6_1,Control
a4e9,6_1,Control,2024-11-16T04:55:00Z,1.3,26.078125,26.03125,3.61,2024-11-16T05:00:00Z,6_1,Control
a4e9,6_1,Control,2024-11-16T05:17:00Z,1.47,25.875,25.9375,3.61,2024-11-16T05:20:00Z,6_1,Control
a4e9,6_1,Control,2024-11-16T05:38:00Z,1.4,26.015625,26.0390625,3.62,2024-11-16T05:40:00Z,6_1,Control
a4e9,6_1,Control,2024-11-16T05:59:00Z,1.58,26.90625,26.875,3.62,2024-11-16T06:00:00Z,6_1,Control
a4e9,6_1,Control,2024-11-16T06:21:00Z,1.48,27.3359375,27.2421875,3.62,2024-11-16T06:20:00Z,6_1,Control
a4e9,6_1,Control,2024-11-16T06:42:00Z,1.45,28,27.984375,3.62,2024-11-16T06:40:00Z,6_1,Control
a4e9,6_1,Control,2024-11-16T07:04:00Z,1.53,29.0703125,29.0390625,3.62,2024-11-16T07:00:00Z,6_1,Control
a4e9,6_1,Control,2024-11-16T07:25:00Z,1.62,29.0078125,28.7109375,3.62,2024-11-16T07:20:00Z,6_1,Control
a4e9,6_1,Control,2024-11-16T07:47:00Z,1.5,28.9140625,28.75,3.62,2024-11-16T07:40:00Z,6_1,Control
a4e9,6_1,Control,2024-11-16T08:08:00Z,1.69,29.1953125,29.1015625,3.62,2024-11-16T08:00:00Z,6_1,Control
a4e9,6_1,Control,2024-11-16T08:30:00Z,1.74,28.8125,28.6953125,3.62,2024-11-16T08:40:00Z,6_1,Control
a4e9,6_1,Control,2024-11-16T08:51:00Z,1.55,28.421875,28.3125,3.62,2024-11-16T09:00:00Z,6_1,Control
a4e9,6_1,Control,2024-11-16T09:13:00Z,1.7,28.84375,28.8203125,3.62,2024-11-16T09:20:00Z,6_1,Control
a4e9,6_1,Control,2024-11-16T09:34:00Z,1.53,29,29.046875,3.62,2024-11-16T09:40:00Z,6_1,Control
a4e9,6_1,Control,2024-11-16T09:56:00Z,1.56,29.75,29.859375,3.62,2024-11-16T10:00:00Z,6_1,Control
a4e9,6_1,Control,2024-11-16T10:17:00Z,1.71,30.0625,30.21875,3.62,2024-11-16T10:20:00Z,6_1,Control
a4e9,6_1,Control,2024-11-16T10:39:00Z,1.69,29.7265625,29.7265625,3.62,2024-11-16T10:40:00Z,6_1,Control
a4e9,6_1,Control,2024-11-16T11:00:00Z,1.63,28.9375,28.84375,3.62,2024-11-16T11:00:00Z,6_1,Control
a4e9,6_1,Control,2024-11-16T11:21:00Z,1.51,28.140625,28.015625,3.62,2024-11-16T11:20:00Z,6_1,Control
a4e9,6_1,Control,2024-11-16T11:43:00Z,1.41,27.46875,27.4375,3.62,2024-11-16T11:40:00Z,6_1,Control
a4e9,6_1,Control,2024-11-16T12:04:00Z,1.4,27.1015625,27.15625,3.62,2024-11-16T12:00:00Z,6_1,Control
a4e9,6_1,Control,2024-11-16T12:26:00Z,1.4,26.484375,26.453125,3.62,2024-11-16T12:20:00Z,6_1,Control
a4e9,6_1,Control,2024-11-16T12:47:00Z,1.31,26.0078125,25.9921875,3.62,2024-11-16T12:40:00Z,6_1,Control
a4e9,6_1,Control,2024-11-16T13:09:00Z,1.24,25.4921875,25.4921875,3.62,2024-11-16T13:00:00Z,6_1,Control
a4e9,6_1,Control,2024-11-16T13:30:00Z,1.17,24.59375,24.5859375,3.62,2024-11-16T13:40:00Z,6_1,Control
a4e9,6_1,Control,2024-11-16T13:52:00Z,1.12,23.546875,23.546875,3.62,2024-11-16T14:00:00Z,6_1,Control
a4e9,6_1,Control,2024-11-16T14:13:00Z,1.04,22.625,22.6328125,3.62,2024-11-16T14:20:00Z,6_1,Control
a4e9,6_1,Control,2024-11-16T14:35:00Z,0.98,21.5390625,21.4921875,3.62,2024-11-16T14:40:00Z,6_1,Control
a4e9,6_1,Control,2024-11-16T14:56:00Z,0.9,20.0390625,19.953125,3.62,2024-11-16T15:00:00Z,6_1,Control
a4e9,6_1,Control,2024-11-16T15:18:00Z,0.85,18.6484375,18.5859375,3.61,2024-11-16T15:20:00Z,6_1,Control
a4e9,6_1,Control,2024-11-16T15:39:00Z,0.82,17.6875,17.6484375,3.61,2024-11-16T15:40:00Z,6_1,Control
a4e9,6_1,Control,2024-11-16T16:01:00Z,0.82,17.0234375,17.015625,3.61,2024-11-16T16:00:00Z,6_1,Control
a4e9,6_1,Control,2024-11-16T16:22:00Z,0.81,16.578125,16.5703125,3.61,2024-11-16T16:20:00Z,6_1,Control
a4e9,6_1,Control,2024-11-16T16:43:00Z,0.82,16.2421875,16.234375,3.61,2024-11-16T16:40:00Z,6_1,Control
a4e9,6_1,Control,2024-11-16T17:05:00Z,0.81,16.0703125,16.0625,3.61,2024-11-16T17:00:00Z,6_1,Control
a4e9,6_1,Control,2024-11-16T17:26:00Z,0.81,15.703125,15.7109375,3.61,2024-11-16T17:20:00Z,6_1,Control
a4e9,6_1,Control,2024-11-16T17:48:00Z,0.8,15.3125,15.3125,3.61,2024-11-16T17:40:00Z,6_1,Control
a4e9,6_1,Control,2024-11-16T18:09:00Z,0.79,15.0625,15.0703125,3.61,2024-11-16T18:00:00Z,6_1,Control
a4e9,6_1,Control,2024-11-16T18:31:00Z,0.79,14.7421875,14.75,3.6,2024-11-16T18:40:00Z,6_1,Control
a4e9,6_1,Control,2024-11-16T18:52:00Z,0.8,14.5546875,14.5546875,3.61,2024-11-16T19:00:00Z,6_1,Control
a4e9,6_1,Control,2024-11-16T19:14:00Z,0.79,14.328125,14.34375,3.61,2024-11-16T19:20:00Z,6_1,Control
a4e9,6_1,Control,2024-11-16T19:35:00Z,0.77,13.6328125,13.6875,3.6,2024-11-16T19:40:00Z,6_1,Control
a4e9,6_1,Control,2024-11-16T19:57:00Z,0.77,12.625,12.6796875,3.6,2024-11-16T20:00:00Z,6_1,Control
a4e9,6_1,Control,2024-11-16T20:18:00Z,0.78,11.8984375,11.9296875,3.6,2024-11-16T20:20:00Z,6_1,Control
a4e9,6_1,Control,2024-11-16T20:40:00Z,0.79,11.53125,11.5546875,3.6,2024-11-16T20:40:00Z,6_1,Control
a4e9,6_1,Control,2024-11-16T21:01:00Z,0.79,11.140625,11.1640625,3.6,2024-11-16T21:00:00Z,6_1,Control
a4e9,6_1,Control,2024-11-16T21:23:00Z,0.78,10.78125,10.8046875,3.6,2024-11-16T21:20:00Z,6_1,Control
a4e9,6_1,Control,2024-11-16T21:44:00Z,0.79,10.53125,10.546875,3.6,2024-11-16T21:40:00Z,6_1,Control
a4e9,6_1,Control,2024-11-16T22:05:00Z,0.78,10.2109375,10.2265625,3.6,2024-11-16T22:00:00Z,6_1,Control
a4e9,6_1,Control,2024-11-16T22:27:00Z,0.79,10.1640625,10.1796875,3.6,2024-11-16T22:20:00Z,6_1,Control
a4e9,6_1,Control,2024-11-16T22:48:00Z,0.79,10.0234375,10.0390625,3.6,2024-11-16T22:40:00Z,6_1,Control
a4e9,6_1,Control,2024-11-16T23:10:00Z,0.8,9.9765625,9.984375,3.6,2024-11-16T23:00:00Z,6_1,Control
a4e9,6_1,Control,2024-11-16T23:31:00Z,0.78,9.921875,9.9296875,3.6,2024-11-16T23:40:00Z,6_1,Control
a4e9,6_1,Control,2024-11-16T23:53:00Z,0.78,9.765625,9.78125,3.6,2024-11-17T00:00:00Z,6_1,Control
a4e9,6_1,Control,2024-11-17T00:14:00Z,0.8,9.8046875,9.796875,3.6,2024-11-17T00:20:00Z,6_1,Control
a4e9,6_1,Control,2024-11-17T00:36:00Z,0.81,10.0078125,9.9921875,3.6,2024-11-17T00:40:00Z,6_1,Control
a4e9,6_1,Control,2024-11-17T00:57:00Z,0.81,10.1953125,10.171875,3.59,2024-11-17T01:00:00Z,6_1,Control
a4e9,6_1,Control,2024-11-17T01:19:00Z,0.81,10.265625,10.2421875,3.6,2024-11-17T01:20:00Z,6_1,Control
a4e9,6_1,Control,2024-11-17T01:40:00Z,0.8,10.453125,10.421875,3.6,2024-11-17T01:40:00Z,6_1,Control
a4e9,6_1,Control,2024-11-17T02:02:00Z,0.82,10.3828125,10.3515625,3.59,2024-11-17T02:00:00Z,6_1,Control
a4e9,6_1,Control,2024-11-17T02:23:00Z,0.94,11.4765625,11.328125,3.6,2024-11-17T02:20:00Z,6_1,Control
a4e9,6_1,Control,2024-11-17T02:45:00Z,1.01,13.9375,13.6484375,3.6,2024-11-17T02:40:00Z,6_1,Control
a4e9,6_1,Control,2024-11-17T03:06:00Z,1.04,17.1796875,16.9375,3.6,2024-11-17T03:00:00Z,6_1,Control
a4e9,6_1,Control,2024-11-17T03:27:00Z,1.11,19.265625,19.125,3.6,2024-11-17T03:20:00Z,6_1,Control
a4e9,6_1,Control,2024-11-17T03:49:00Z,1.15,20.8203125,20.7421875,3.6,2024-11-17T03:40:00Z,6_1,Control
a4e9,6_1,Control,2024-11-17T04:10:00Z,1.19,21.84375,21.796875,3.6,2024-11-17T04:00:00Z,6_1,Control
a4e9,6_1,Control,2024-11-17T04:32:00Z,1.16,23.2109375,23.2109375,3.61,2024-11-17T04:40:00Z,6_1,Control
a4e9,6_1,Control,2024-11-17T04:53:00Z,1.24,24.2734375,24.1796875,3.61,2024-11-17T05:00:00Z,6_1,Control
a4e9,6_1,Control,2024-11-17T05:15:00Z,1.45,24.3125,24.2265625,3.61,2024-11-17T05:20:00Z,6_1,Control
a4e9,6_1,Control,2024-11-17T05:36:00Z,1.35,24.15625,24.0859375,3.62,2024-11-17T05:40:00Z,6_1,Control
a4e9,6_1,Control,2024-11-17T05:58:00Z,1.37,24.671875,24.6640625,3.62,2024-11-17T06:00:00Z,6_1,Control
a4e9,6_1,Control,2024-11-17T06:19:00Z,1.37,25.9140625,26.0625,3.62,2024-11-17T06:20:00Z,6_1,Control
a4e9,6_1,Control,2024-11-17T06:41:00Z,1.48,27.078125,27.203125,3.62,2024-11-17T06:40:00Z,6_1,Control
a4e9,6_1,Control,2024-11-17T07:02:00Z,1.46,28.1875,28.2265625,3.62,2024-11-17T07:00:00Z,6_1,Control
a4e9,6_1,Control,2024-11-17T07:24:00Z,1.6,29.4453125,29.328125,3.62,2024-11-17T07:20:00Z,6_1,Control
a4e9,6_1,Control,2024-11-17T07:45:00Z,1.49,30.671875,30.7109375,3.62,2024-11-17T07:40:00Z,6_1,Control
a4e9,6_1,Control,2024-11-17T08:07:00Z,1.54,32.0078125,32.0078125,3.62,2024-11-17T08:00:00Z,6_1,Control
a4e9,6_1,Control,2024-11-17T08:28:00Z,1.66,32.859375,32.8515625,3.62,2024-11-17T08:20:00Z,6_1,Control
a4e9,6_1,Control,2024-11-17T08:49:00Z,1.7,33.2265625,33.015625,3.62,2024-11-17T08:40:00Z,6_1,Control
a4e9,6_1,Control,2024-11-17T09:11:00Z,1.63,33.7265625,33.7265625,3.62,2024-11-17T09:20:00Z,6_1,Control
a4e9,6_1,Control,2024-11-17T09:32:00Z,1.68,34.6171875,34.765625,3.63,2024-11-17T09:40:00Z,6_1,Control
a4e9,6_1,Control,2024-11-17T09:54:00Z,1.62,34.75,34.8125,3.62,2024-11-17T10:00:00Z,6_1,Control
a4e9,6_1,Control,2024-11-17T10:15:00Z,1.71,34.671875,34.7578125,3.63,2024-11-17T10:20:00Z,6_1,Control
a4e9,6_1,Control,2024-11-17T10:37:00Z,1.72,34.1015625,34.1015625,3.63,2024-11-17T10:40:00Z,6_1,Control
a4e9,6_1,Control,2024-11-17T10:58:00Z,1.65,33.640625,33.5859375,3.63,2024-11-17T11:00:00Z,6_1,Control
a4e9,6_1,Control,2024-11-17T11:20:00Z,1.56,32.890625,32.75,3.63,2024-11-17T11:20:00Z,6_1,Control
a4e9,6_1,Control,2024-11-17T11:41:00Z,1.41,32.921875,32.921875,3.63,2024-11-17T11:40:00Z,6_1,Control
a4e9,6_1,Control,2024-11-17T12:03:00Z,1.6,32.7265625,32.703125,3.62,2024-11-17T12:00:00Z,6_1,Control
a4e9,6_1,Control,2024-11-17T12:24:00Z,1.52,32.1484375,32.0859375,3.63,2024-11-17T12:20:00Z,6_1,Control
a4e9,6_1,Control,2024-11-17T12:46:00Z,1.45,31.5390625,31.46875,3.63,2024-11-17T12:40:00Z,6_1,Control
a4e9,6_1,Control,2024-11-17T13:07:00Z,1.38,30.859375,30.7890625,3.63,2024-11-17T13:00:00Z,6_1,Control
a4e9,6_1,Control,2024-11-17T13:29:00Z,1.35,29.8984375,29.8203125,3.63,2024-11-17T13:20:00Z,6_1,Control
a4e9,6_1,Control,2024-11-17T13:50:00Z,1.21,28.7734375,28.6796875,3.63,2024-11-17T13:40:00Z,6_1,Control
a4e9,6_1,Control,2024-11-17T14:11:00Z,1.16,27.6015625,27.5234375,3.62,2024-11-17T14:20:00Z,6_1,Control
a4e9,6_1,Control,2024-11-17T14:33:00Z,1.07,26.2734375,26.109375,3.62,2024-11-17T14:40:00Z,6_1,Control
a4e9,6_1,Control,2024-11-17T14:54:00Z,0.99,24.609375,24.421875,3.62,2024-11-17T15:00:00Z,6_1,Control
a4e9,6_1,Control,2024-11-17T15:16:00Z,0.91,22.9453125,22.8125,3.62,2024-11-17T15:20:00Z,6_1,Control
a4e9,6_1,Control,2024-11-17T15:37:00Z,0.86,22.140625,22.0625,3.61,2024-11-17T15:40:00Z,6_1,Control
a4e9,6_1,Control,2024-11-17T15:59:00Z,0.83,21.4296875,21.3828125,3.62,2024-11-17T16:00:00Z,6_1,Control
a4e9,6_1,Control,2024-11-17T16:20:00Z,0.81,20.625,20.59375,3.61,2024-11-17T16:20:00Z,6_1,Control
a4e9,6_1,Control,2024-11-17T16:42:00Z,0.8,19.8046875,19.78125,3.61,2024-11-17T16:40:00Z,6_1,Control
a4e9,6_1,Control,2024-11-17T17:03:00Z,0.79,18.9296875,18.9375,3.61,2024-11-17T17:00:00Z,6_1,Control
a4e9,6_1,Control,2024-11-17T17:25:00Z,0.76,17.84375,17.8828125,3.61,2024-11-17T17:20:00Z,6_1,Control
a4e9,6_1,Control,2024-11-17T17:46:00Z,0.76,16.703125,16.7734375,3.61,2024-11-17T17:40:00Z,6_1,Control
a4e9,6_1,Control,2024-11-17T18:08:00Z,0.8,16.15625,16.1875,3.61,2024-11-17T18:00:00Z,6_1,Control
a4e9,6_1,Control,2024-11-17T18:29:00Z,0.82,16.3125,16.3046875,3.61,2024-11-17T18:20:00Z,6_1,Control
a4e9,6_1,Control,2024-11-17T18:51:00Z,0.81,16.5234375,16.515625,3.61,2024-11-17T19:00:00Z,6_1,Control
a4e9,6_1,Control,2024-11-17T19:12:00Z,0.79,16.484375,16.484375,3.61,2024-11-17T19:20:00Z,6_1,Control
a4e9,6_1,Control,2024-11-17T19:33:00Z,0.79,16.1171875,16.1328125,3.61,2024-11-17T19:40:00Z,6_1,Control
a4e9,6_1,Control,2024-11-17T19:55:00Z,0.78,15.6796875,15.6953125,3.61,2024-11-17T20:00:00Z,6_1,Control
a4e9,6_1,Control,2024-11-17T20:16:00Z,0.79,15.359375,15.3671875,3.61,2024-11-17T20:20:00Z,6_1,Control
a4e9,6_1,Control,2024-11-17T20:38:00Z,0.79,15.1171875,15.125,3.61,2024-11-17T20:40:00Z,6_1,Control
a4e9,6_1,Control,2024-11-17T20:59:00Z,0.8,14.9453125,14.9453125,3.61,2024-11-17T21:00:00Z,6_1,Control
a4e9,6_1,Control,2024-11-17T21:21:00Z,0.8,14.7109375,14.71875,3.6,2024-11-17T21:20:00Z,6_1,Control
a4e9,6_1,Control,2024-11-17T21:42:00Z,0.8,14.625,14.6171875,3.61,2024-11-17T21:40:00Z,6_1,Control
a4e9,6_1,Control,2024-11-17T22:04:00Z,0.8,14.5078125,14.5078125,3.6,2024-11-17T22:00:00Z,6_1,Control
a4e9,6_1,Control,2024-11-17T22:25:00Z,0.8,14.4375,14.4296875,3.6,2024-11-17T22:20:00Z,6_1,Control
a4e9,6_1,Control,2024-11-17T22:47:00Z,0.79,14.2265625,14.21875,3.6,2024-11-17T22:40:00Z,6_1,Control
a4e9,6_1,Control,2024-11-17T23:08:00Z,0.8,13.921875,13.921875,3.61,2024-11-17T23:00:00Z,6_1,Control
a4e9,6_1,Control,2024-11-17T23:30:00Z,0.79,13.5,13.5078125,3.6,2024-11-17T23:40:00Z,6_1,Control
a4e9,6_1,Control,2024-11-17T23:51:00Z,0.81,13.234375,13.2265625,3.6,2024-11-18T00:00:00Z,6_1,Control
a4e9,6_1,Control,2024-11-18T00:13:00Z,0.82,12.9765625,12.96875,3.6,2024-11-18T00:20:00Z,6_1,Control
a4e9,6_1,Control,2024-11-18T00:34:00Z,0.82,13.3203125,13.2890625,3.6,2024-11-18T00:40:00Z,6_1,Control
a4e9,6_1,Control,2024-11-18T00:55:00Z,0.78,12.984375,12.984375,3.61,2024-11-18T01:00:00Z,6_1,Control
a4e9,6_1,Control,2024-11-18T01:17:00Z,0.8,12.5546875,12.5546875,3.6,2024-11-18T01:20:00Z,6_1,Control
a4e9,6_1,Control,2024-11-18T01:38:00Z,0.83,12.8515625,12.8125,3.61,2024-11-18T01:40:00Z,6_1,Control
a4e9,6_1,Control,2024-11-18T02:00:00Z,0.82,12.78125,12.7578125,3.6,2024-11-18T02:00:00Z,6_1,Control
a4e9,6_1,Control,2024-11-18T02:21:00Z,0.96,13.484375,13.359375,3.6,2024-11-18T02:20:00Z,6_1,Control
a4e9,6_1,Control,2024-11-18T02:43:00Z,1.01,15.953125,15.71875,3.6,2024-11-18T02:40:00Z,6_1,Control
a4e9,6_1,Control,2024-11-18T03:04:00Z,1.01,18.3359375,18.09375,3.61,2024-11-18T03:00:00Z,6_1,Control
a4e9,6_1,Control,2024-11-18T03:26:00Z,1.06,20.6328125,20.3671875,3.6,2024-11-18T03:20:00Z,6_1,Control
a4e9,6_1,Control,2024-11-18T03:47:00Z,1.13,22.171875,21.984375,3.6,2024-11-18T03:40:00Z,6_1,Control
a4e9,6_1,Control,2024-11-18T04:09:00Z,1.17,23.203125,23.0390625,3.61,2024-11-18T04:00:00Z,6_1,Control
a4e9,6_1,Control,2024-11-18T04:30:00Z,1.16,24.203125,24.078125,3.62,2024-11-18T04:40:00Z,6_1,Control
a4e9,6_1,Control,2024-11-18T04:52:00Z,1.19,25.078125,25.0078125,3.61,2024-11-18T05:00:00Z,6_1,Control
a4e9,6_1,Control,2024-11-18T05:13:00Z,1.36,25.3515625,25.4609375,3.62,2024-11-18T05:20:00Z,6_1,Control
a4e9,6_1,Control,2024-11-18T05:35:00Z,1.35,25.3984375,25.3828125,3.62,2024-11-18T05:40:00Z,6_1,Control
a4e9,6_1,Control,2024-11-18T05:56:00Z,1.34,25.90625,25.953125,3.62,2024-11-18T06:00:00Z,6_1,Control
a4e9,6_1,Control,2024-11-18T06:18:00Z,1.33,26.7890625,26.875,3.61,2024-11-18T06:20:00Z,6_1,Control
a4e9,6_1,Control,2024-11-18T06:39:00Z,1.36,28.3671875,28.546875,3.62,2024-11-18T06:40:00Z,6_1,Control
a4e9,6_1,Control,2024-11-18T07:00:00Z,1.5,29.5625,29.6484375,3.62,2024-11-18T07:00:00Z,6_1,Control
a4e9,6_1,Control,2024-11-18T07:22:00Z,1.47,30.5234375,30.3515625,3.62,2024-11-18T07:20:00Z,6_1,Control
a4e9,6_1,Control,2024-11-18T07:43:00Z,1.51,31.2265625,31.0546875,3.62,2024-11-18T07:40:00Z,6_1,Control
a4e9,6_1,Control,2024-11-18T08:05:00Z,1.64,31.9765625,31.8125,3.62,2024-11-18T08:00:00Z,6_1,Control
a4e9,6_1,Control,2024-11-18T08:26:00Z,1.52,32.1640625,32.0234375,3.63,2024-11-18T08:20:00Z,6_1,Control
a4e9,6_1,Control,2024-11-18T08:48:00Z,1.76,31.4609375,31.1875,3.63,2024-11-18T08:40:00Z,6_1,Control
a4e9,6_1,Control,2024-11-18T09:09:00Z,1.54,30.71875,30.6015625,3.62,2024-11-18T09:00:00Z,6_1,Control
a4e9,6_1,Control,2024-11-18T09:31:00Z,1.49,30.5859375,30.5625,3.62,2024-11-18T09:40:00Z,6_1,Control
a4e9,6_1,Control,2024-11-18T09:52:00Z,1.6,30.4453125,30.421875,3.62,2024-11-18T10:00:00Z,6_1,Control
a4e9,6_1,Control,2024-11-18T10:14:00Z,1.5,30.1171875,30.1953125,3.63,2024-11-18T10:20:00Z,6_1,Control
a4e9,6_1,Control,2024-11-18T10:35:00Z,1.53,29.9296875,29.9296875,3.63,2024-11-18T10:40:00Z,6_1,Control
a4e9,6_1,Control,2024-11-18T10:57:00Z,1.48,29.5859375,29.53125,3.62,2024-11-18T11:00:00Z,6_1,Control
a4e9,6_1,Control,2024-11-18T11:18:00Z,1.44,29.0859375,28.9921875,3.62,2024-11-18T11:20:00Z,6_1,Control
a4e9,6_1,Control,2024-11-18T11:40:00Z,1.32,28.5390625,28.515625,3.62,2024-11-18T11:40:00Z,6_1,Control
a4e9,6_1,Control,2024-11-18T12:01:00Z,1.31,27.8984375,27.890625,3.62,2024-11-18T12:00:00Z,6_1,Control
a4e9,6_1,Control,2024-11-18T12:22:00Z,1.34,26.6875,26.6171875,3.63,2024-11-18T12:20:00Z,6_1,Control
a4e9,6_1,Control,2024-11-18T12:44:00Z,1.18,25.1484375,25.0625,3.62,2024-11-18T12:40:00Z,6_1,Control
a4e9,6_1,Control,2024-11-18T13:05:00Z,1.1,24.265625,24.1796875,3.62,2024-11-18T13:00:00Z,6_1,Control
a4e9,6_1,Control,2024-11-18T13:27:00Z,1.09,24.8046875,24.9140625,3.62,2024-11-18T13:20:00Z,6_1,Control
a4e9,6_1,Control,2024-11-18T13:48:00Z,1.05,23.859375,23.875,3.62,2024-11-18T13:40:00Z,6_1,Control
a4e9,6_1,Control,2024-11-18T14:10:00Z,0.99,23.0390625,23.046875,3.62,2024-11-18T14:00:00Z,6_1,Control
a4e9,6_1,Control,2024-11-18T14:31:00Z,0.91,22.03125,21.984375,3.62,2024-11-18T14:40:00Z,6_1,Control
a4e9,6_1,Control,2024-11-18T14:53:00Z,0.85,20.25,20.1875,3.62,2024-11-18T15:00:00Z,6_1,Control
a4e9,6_1,Control,2024-11-18T15:14:00Z,0.83,18.4140625,18.3671875,3.61,2024-11-18T15:20:00Z,6_1,Control
a4e9,6_1,Control,2024-11-18T15:36:00Z,0.82,17.359375,17.34375,3.61,2024-11-18T15:40:00Z,6_1,Control
a4e9,6_1,Control,2024-11-18T15:57:00Z,0.8,16.5390625,16.5546875,3.61,2024-11-18T16:00:00Z,6_1,Control
a4e9,6_1,Control,2024-11-18T16:19:00Z,0.79,15.8359375,15.8515625,3.61,2024-11-18T16:20:00Z,6_1,Control
a4e9,6_1,Control,2024-11-18T16:40:00Z,0.8,15.375,15.390625,3.61,2024-11-18T16:40:00Z,6_1,Control
a4e9,6_1,Control,2024-11-18T17:02:00Z,0.79,15.0390625,15.0546875,3.61,2024-11-18T17:00:00Z,6_1,Control
a4e9,6_1,Control,2024-11-18T17:23:00Z,0.8,14.84375,14.8515625,3.61,2024-11-18T17:20:00Z,6_1,Control
a4e9,6_1,Control,2024-11-18T17:44:00Z,0.8,14.75,14.765625,3.61,2024-11-18T17:40:00Z,6_1,Control
a4e9,6_1,Control,2024-11-18T18:06:00Z,0.79,14.53125,14.546875,3.61,2024-11-18T18:00:00Z,6_1,Control
a4e9,6_1,Control,2024-11-18T18:27:00Z,0.81,14.3828125,14.390625,3.61,2024-11-18T18:20:00Z,6_1,Control
a4e9,6_1,Control,2024-11-18T18:49:00Z,0.8,14.3515625,14.359375,3.6,2024-11-18T18:40:00Z,6_1,Control
a4e9,6_1,Control,2024-11-18T19:10:00Z,0.79,14.140625,14.15625,3.61,2024-11-18T19:00:00Z,6_1,Control
a4e9,6_1,Control,2024-11-18T19:32:00Z,0.8,13.8984375,13.9140625,3.6,2024-11-18T19:40:00Z,6_1,Control
a4e9,6_1,Control,2024-11-18T19:53:00Z,0.8,13.703125,13.71875,3.6,2024-11-18T20:00:00Z,6_1,Control
a4e9,6_1,Control,2024-11-18T20:15:00Z,0.79,13.4921875,13.5078125,3.6,2024-11-18T20:20:00Z,6_1,Control
a4e9,6_1,Control,2024-11-18T20:36:00Z,0.79,13.3828125,13.390625,3.6,2024-11-18T20:40:00Z,6_1,Control
a4e9,6_1,Control,2024-11-18T20:58:00Z,0.8,13.28125,13.2890625,3.6,2024-11-18T21:00:00Z,6_1,Control
a4e9,6_1,Control,2024-11-18T21:19:00Z,0.8,13.1640625,13.1796875,3.6,2024-11-18T21:20:00Z,6_1,Control
a4e9,6_1,Control,2024-11-18T21:41:00Z,0.77,12.953125,12.9765625,3.6,2024-11-18T21:40:00Z,6_1,Control
a4e9,6_1,Control,2024-11-18T22:02:00Z,0.8,12.578125,12.609375,3.6,2024-11-18T22:00:00Z,6_1,Control
a4e9,6_1,Control,2024-11-18T22:24:00Z,0.8,12.734375,12.765625,3.6,2024-11-18T22:20:00Z,6_1,Control
a4e9,6_1,Control,2024-11-18T22:45:00Z,0.8,12.9140625,12.9296875,3.6,2024-11-18T22:40:00Z,6_1,Control
a4e9,6_1,Control,2024-11-18T23:06:00Z,0.79,12.9921875,12.9921875,3.61,2024-11-18T23:00:00Z,6_1,Control
a4e9,6_1,Control,2024-11-18T23:28:00Z,0.8,13.0234375,13.015625,3.6,2024-11-18T23:20:00Z,6_1,Control
a4e9,6_1,Control,2024-11-18T23:49:00Z,0.78,12.96875,12.9609375,3.6,2024-11-18T23:40:00Z,6_1,Control
a4e9,6_1,Control,2024-11-19T00:11:00Z,0.79,12.8984375,12.8984375,3.61,2024-11-19T00:20:00Z,6_1,Control
a4e9,6_1,Control,2024-11-19T00:32:00Z,0.81,12.8671875,12.8671875,3.6,2024-11-19T00:40:00Z,6_1,Control
a4e9,6_1,Control,2024-11-19T00:54:00Z,0.81,12.8359375,12.828125,3.6,2024-11-19T01:00:00Z,6_1,Control
a4e9,6_1,Control,2024-11-19T01:15:00Z,0.8,12.8125,12.796875,3.6,2024-11-19T01:20:00Z,6_1,Control
a4e9,6_1,Control,2024-11-19T01:37:00Z,0.8,12.7734375,12.7578125,3.61,2024-11-19T01:40:00Z,6_1,Control
a4e9,6_1,Control,2024-11-19T01:58:00Z,0.81,12.765625,12.765625,3.6,2024-11-19T02:00:00Z,6_1,Control
a4e9,6_1,Control,2024-11-19T02:20:00Z,0.81,12.875,12.8671875,3.6,2024-11-19T02:20:00Z,6_1,Control
a4e9,6_1,Control,2024-11-19T02:41:00Z,0.83,13.1015625,13.078125,3.59,2024-11-19T02:40:00Z,6_1,Control
a4e9,6_1,Control,2024-11-19T03:03:00Z,0.85,13.6796875,13.640625,3.6,2024-11-19T03:00:00Z,6_1,Control
a4e9,6_1,Control,2024-11-19T03:24:00Z,0.98,15.7578125,15.578125,3.6,2024-11-19T03:20:00Z,6_1,Control
a4e9,6_1,Control,2024-11-19T03:46:00Z,0.98,18.09375,17.921875,3.6,2024-11-19T03:40:00Z,6_1,Control
a4e9,6_1,Control,2024-11-19T04:07:00Z,1.02,19.2265625,19.1171875,3.61,2024-11-19T04:00:00Z,6_1,Control
a4e9,6_1,Control,2024-11-19T04:28:00Z,1.04,20.265625,20.234375,3.61,2024-11-19T04:20:00Z,6_1,Control
a4e9,6_1,Control,2024-11-19T04:50:00Z,1.06,21.140625,21.1796875,3.61,2024-11-19T04:40:00Z,6_1,Control
a4e9,6_1,Control,2024-11-19T05:11:00Z,1.17,21.390625,21.5234375,3.62,2024-11-19T05:20:00Z,6_1,Control
a4e9,6_1,Control,2024-11-19T05:33:00Z,1.2,21.703125,21.7734375,3.61,2024-11-19T05:40:00Z,6_1,Control
a4e9,6_1,Control,2024-11-19T05:54:00Z,1.25,22.1796875,22.25,3.61,2024-11-19T06:00:00Z,6_1,Control
a4e9,6_1,Control,2024-11-19T06:16:00Z,1.23,23.03125,23.125,3.61,2024-11-19T06:20:00Z,6_1,Control
a4e9,6_1,Control,2024-11-19T06:37:00Z,1.29,24.0703125,24.2421875,3.61,2024-11-19T06:40:00Z,6_1,Control
a4e9,6_1,Control,2024-11-19T06:59:00Z,1.33,25.2734375,25.4296875,3.61,2024-11-19T07:00:00Z,6_1,Control
a4e9,6_1,Control,2024-11-19T07:20:00Z,1.36,26.6875,26.7265625,3.62,2024-11-19T07:20:00Z,6_1,Control
a4e9,6_1,Control,2024-11-19T07:42:00Z,1.41,27.6484375,27.65625,3.62,2024-11-19T07:40:00Z,6_1,Control
a4e9,6_1,Control,2024-11-19T08:03:00Z,1.44,28.4375,28.53125,3.62,2024-11-19T08:00:00Z,6_1,Control
a4e9,6_1,Control,2024-11-19T08:25:00Z,1.49,28.90625,28.9921875,3.62,2024-11-19T08:20:00Z,6_1,Control
a4e9,6_1,Control,2024-11-19T08:46:00Z,1.51,29.40625,29.40625,3.62,2024-11-19T08:40:00Z,6_1,Control
a4e9,6_1,Control,2024-11-19T09:08:00Z,1.53,30.2421875,30.3671875,3.63,2024-11-19T09:00:00Z,6_1,Control
a4e9,6_1,Control,2024-11-19T09:29:00Z,1.48,30.828125,30.953125,3.62,2024-11-19T09:20:00Z,6_1,Control
a4e9,6_1,Control,2024-11-19T09:50:00Z,1.66,30.546875,30.6328125,3.62,2024-11-19T09:40:00Z,6_1,Control
a4e9,6_1,Control,2024-11-19T10:12:00Z,1.49,31.109375,31.328125,3.62,2024-11-19T10:20:00Z,6_1,Control
a4e9,6_1,Control,2024-11-19T10:33:00Z,1.6,30.0078125,29.953125,3.62,2024-11-19T10:40:00Z,6_1,Control
a4e9,6_1,Control,2024-11-19T10:55:00Z,1.36,29.484375,29.40625,3.62,2024-11-19T11:00:00Z,6_1,Control
a4e9,6_1,Control,2024-11-19T11:16:00Z,1.45,29.3359375,29.2578125,3.61,2024-11-19T11:20:00Z,6_1,Control
a4e9,6_1,Control,2024-11-19T11:38:00Z,1.34,28.7109375,28.640625,3.62,2024-11-19T11:40:00Z,6_1,Control
a4e9,6_1,Control,2024-11-19T11:59:00Z,1.31,27.0546875,26.8984375,3.62,2024-11-19T12:00:00Z,6_1,Control
a4e9,6_1,Control,2024-11-19T12:21:00Z,1.17,25.4453125,25.2890625,3.61,2024-11-19T12:20:00Z,6_1,Control
a4e9,6_1,Control,2024-11-19T12:42:00Z,1.16,24.796875,24.734375,3.62,2024-11-19T12:40:00Z,6_1,Control
a4e9,6_1,Control,2024-11-19T13:04:00Z,1.14,24.265625,24.234375,3.62,2024-11-19T13:00:00Z,6_1,Control
a4e9,6_1,Control,2024-11-19T13:25:00Z,1.06,23.703125,23.6953125,3.61,2024-11-19T13:20:00Z,6_1,Control
a4e9,6_1,Control,2024-11-19T13:47:00Z,0.94,21.8828125,21.8046875,3.62,2024-11-19T13:40:00Z,6_1,Control
a4e9,6_1,Control,2024-11-19T14:08:00Z,0.89,20.1640625,20.09375,3.62,2024-11-19T14:00:00Z,6_1,Control
a4e9,6_1,Control,2024-11-19T14:30:00Z,0.86,18.890625,18.8515625,3.61,2024-11-19T14:40:00Z,6_1,Control
a4e9,6_1,Control,2024-11-19T14:51:00Z,0.84,17.8671875,17.8359375,3.61,2024-11-19T15:00:00Z,6_1,Control
a4e9,6_1,Control,2024-11-19T15:13:00Z,0.82,17.171875,17.15625,3.61,2024-11-19T15:20:00Z,6_1,Control
a4e9,6_1,Control,2024-11-19T15:34:00Z,0.81,16.734375,16.7265625,3.61,2024-11-19T15:40:00Z,6_1,Control
a4e9,6_1,Control,2024-11-19T15:55:00Z,0.83,16.7734375,16.7578125,3.61,2024-11-19T16:00:00Z,6_1,Control
a4e9,6_1,Control,2024-11-19T16:17:00Z,0.83,17.0390625,17.03125,3.61,2024-11-19T16:20:00Z,6_1,Control
a4e9,6_1,Control,2024-11-19T16:38:00Z,0.81,16.953125,16.953125,3.61,2024-11-19T16:40:00Z,6_1,Control
a4e9,6_1,Control,2024-11-19T17:00:00Z,0.83,17.0703125,17.0390625,3.6,2024-11-19T17:00:00Z,6_1,Control
a4e9,6_1,Control,2024-11-19T17:21:00Z,0.79,17.1953125,17.1796875,3.6,2024-11-19T17:20:00Z,6_1,Control
a4e9,6_1,Control,2024-11-19T17:43:00Z,0.81,16.921875,16.921875,3.6,2024-11-19T17:40:00Z,6_1,Control
a4e9,6_1,Control,2024-11-19T18:04:00Z,0.8,16.578125,16.5859375,3.6,2024-11-19T18:00:00Z,6_1,Control
a4e9,6_1,Control,2024-11-19T18:26:00Z,0.8,16.046875,16.0703125,3.61,2024-11-19T18:20:00Z,6_1,Control
a4e9,6_1,Control,2024-11-19T18:47:00Z,0.81,15.9765625,15.96875,3.61,2024-11-19T18:40:00Z,6_1,Control
a4e9,6_1,Control,2024-11-19T19:09:00Z,0.79,15.8203125,15.828125,3.61,2024-11-19T19:00:00Z,6_1,Control
a4e9,6_1,Control,2024-11-19T19:30:00Z,0.79,15.21875,15.25,3.6,2024-11-19T19:40:00Z,6_1,Control
a4e9,6_1,Control,2024-11-19T19:52:00Z,0.78,14.8671875,14.8828125,3.6,2024-11-19T20:00:00Z,6_1,Control
a4e9,6_1,Control,2024-11-19T20:13:00Z,0.78,14.3671875,14.3984375,3.6,2024-11-19T20:20:00Z,6_1,Control
a4e9,6_1,Control,2024-11-19T20:35:00Z,0.79,13.984375,14.0234375,3.61,2024-11-19T20:40:00Z,6_1,Control
a4e9,6_1,Control,2024-11-19T20:56:00Z,0.8,13.7421875,13.7734375,3.6,2024-11-19T21:00:00Z,6_1,Control
a4e9,6_1,Control,2024-11-19T21:17:00Z,0.79,13.6875,13.703125,3.6,2024-11-19T21:20:00Z,6_1,Control
a4e9,6_1,Control,2024-11-19T21:39:00Z,0.8,13.6640625,13.6875,3.6,2024-11-19T21:40:00Z,6_1,Control
a4e9,6_1,Control,2024-11-19T22:00:00Z,0.8,13.7890625,13.8125,3.61,2024-11-19T22:00:00Z,6_1,Control
a4e9,6_1,Control,2024-11-19T22:22:00Z,0.81,13.84375,13.859375,3.61,2024-11-19T22:20:00Z,6_1,Control
a4e9,6_1,Control,2024-11-19T22:43:00Z,0.79,13.7734375,13.7890625,3.61,2024-11-19T22:40:00Z,6_1,Control
a4e9,6_1,Control,2024-11-19T23:05:00Z,0.8,13.6328125,13.65625,3.6,2024-11-19T23:00:00Z,6_1,Control
a4e9,6_1,Control,2024-11-19T23:26:00Z,0.82,13.828125,13.8359375,3.61,2024-11-19T23:20:00Z,6_1,Control
a4e9,6_1,Control,2024-11-19T23:48:00Z,0.82,14.28125,14.2734375,3.6,2024-11-19T23:40:00Z,6_1,Control
a4e9,6_1,Control,2024-11-20T00:09:00Z,0.81,14.71875,14.6953125,3.6,2024-11-20T00:00:00Z,6_1,Control
a4e9,6_1,Control,2024-11-20T00:31:00Z,0.82,15.1640625,15.1328125,3.6,2024-11-20T00:40:00Z,6_1,Control
a4e9,6_1,Control,2024-11-20T00:52:00Z,0.82,15.59375,15.5546875,3.6,2024-11-20T01:00:00Z,6_1,Control
a4e9,6_1,Control,2024-11-20T01:14:00Z,0.83,15.9375,15.9140625,3.6,2024-11-20T01:20:00Z,6_1,Control
a4e9,6_1,Control,2024-11-20T01:35:00Z,0.81,16.125,16.1015625,3.6,2024-11-20T01:40:00Z,6_1,Control
a4e9,6_1,Control,2024-11-20T01:57:00Z,0.82,15.75,15.75,3.6,2024-11-20T02:00:00Z,6_1,Control
a4e9,6_1,Control,2024-11-20T02:18:00Z,0.87,15.7890625,15.7421875,3.61,2024-11-20T02:20:00Z,6_1,Control
a4e9,6_1,Control,2024-11-20T02:39:00Z,0.94,16.4296875,16.2734375,3.6,2024-11-20T02:40:00Z,6_1,Control
a4e9,6_1,Control,2024-11-20T03:01:00Z,0.99,18.3359375,18.0703125,3.6,2024-11-20T03:00:00Z,6_1,Control
a4e9,6_1,Control,2024-11-20T03:22:00Z,1.01,20.015625,19.90625,3.61,2024-11-20T03:20:00Z,6_1,Control
a4e9,6_1,Control,2024-11-20T03:44:00Z,1.07,19.8984375,19.8046875,3.6,2024-11-20T03:40:00Z,6_1,Control
a4e9,6_1,Control,2024-11-20T04:05:00Z,1.12,22.1015625,22.015625,3.61,2024-11-20T04:00:00Z,6_1,Control
a4e9,6_1,Control,2024-11-20T04:27:00Z,1.16,24.1015625,23.90625,3.61,2024-11-20T04:20:00Z,6_1,Control
a4e9,6_1,Control,2024-11-20T04:48:00Z,1.18,25.625,25.578125,3.61,2024-11-20T04:40:00Z,6_1,Control
a4e9,6_1,Control,2024-11-20T05:10:00Z,1.35,26.3828125,26.390625,3.61,2024-11-20T05:00:00Z,6_1,Control
a4e9,6_1,Control,2024-11-20T05:31:00Z,1.34,26.6328125,26.515625,3.61,2024-11-20T05:40:00Z,6_1,Control
a4e9,6_1,Control,2024-11-20T05:53:00Z,1.39,27.328125,27.359375,3.62,2024-11-20T06:00:00Z,6_1,Control
a4e9,6_1,Control,2024-11-20T06:14:00Z,1.39,28.203125,28.2421875,3.62,2024-11-20T06:20:00Z,6_1,Control
a4e9,6_1,Control,2024-11-20T06:36:00Z,1.39,29.1796875,29.3203125,3.62,2024-11-20T06:40:00Z,6_1,Control
a4e9,6_1,Control,2024-11-20T06:57:00Z,1.43,30.484375,30.5859375,3.62,2024-11-20T07:00:00Z,6_1,Control
a4e9,6_1,Control,2024-11-20T07:19:00Z,1.42,31.9921875,31.890625,3.62,2024-11-20T07:20:00Z,6_1,Control
a4e9,6_1,Control,2024-11-20T07:40:00Z,1.43,32.875,32.734375,3.62,2024-11-20T07:40:00Z,6_1,Control
a4e9,6_1,Control,2024-11-20T08:02:00Z,1.42,33.8125,33.8671875,3.62,2024-11-20T08:00:00Z,6_1,Control
a4e9,6_1,Control,2024-11-20T08:23:00Z,1.7,33.2578125,33.1328125,3.62,2024-11-20T08:20:00Z,6_1,Control
a4e9,6_1,Control,2024-11-20T08:44:00Z,1.2,29.6875,29.3671875,3.62,2024-11-20T08:40:00Z,6_1,Control
a4e9,6_1,Control,2024-11-20T09:06:00Z,1.02,27.015625,26.7578125,3.62,2024-11-20T09:00:00Z,6_1,Control
a4e9,6_1,Control,2024-11-20T09:27:00Z,0.52,22.609375,22.578125,3.62,2024-11-20T09:20:00Z,6_1,Control
a4e9,6_1,Control,2024-11-20T09:49:00Z,0.75,19.671875,19.6875,3.61,2024-11-20T09:40:00Z,6_1,Control
a4e9,6_1,Control,2024-11-20T10:10:00Z,0.91,20.7109375,20.71875,3.62,2024-11-20T10:00:00Z,6_1,Control
a4e9,6_1,Control,2024-11-20T10:32:00Z,1.13,22.53125,22.6171875,3.62,2024-11-20T10:40:00Z,6_1,Control
a4e9,6_1,Control,2024-11-20T10:53:00Z,1.04,23.0390625,22.9765625,3.62,2024-11-20T11:00:00Z,6_1,Control
a4e9,6_1,Control,2024-11-20T11:15:00Z,1.05,22.8046875,22.65625,3.61,2024-11-20T11:20:00Z,6_1,Control
a4e9,6_1,Control,2024-11-20T11:36:00Z,0.97,22.8828125,22.7578125,3.62,2024-11-20T11:40:00Z,6_1,Control
a4e9,6_1,Control,2024-11-20T11:58:00Z,0.99,22.3203125,22.1796875,3.61,2024-11-20T12:00:00Z,6_1,Control
a4e9,6_1,Control,2024-11-20T12:19:00Z,1.02,22.4921875,22.40625,3.61,2024-11-20T12:20:00Z,6_1,Control
a4e9,6_1,Control,2024-11-20T12:41:00Z,1.01,22.5546875,22.484375,3.62,2024-11-20T12:40:00Z,6_1,Control
a4e9,6_1,Control,2024-11-20T13:02:00Z,0.97,22.203125,22.140625,3.61,2024-11-20T13:00:00Z,6_1,Control
a4e9,6_1,Control,2024-11-20T13:24:00Z,0.82,20.828125,20.7734375,3.62,2024-11-20T13:20:00Z,6_1,Control
a4e9,6_1,Control,2024-11-20T13:45:00Z,0.83,19.453125,19.375,3.61,2024-11-20T13:40:00Z,6_1,Control
a4e9,6_1,Control,2024-11-20T14:06:00Z,0.78,18.6484375,18.6171875,3.61,2024-11-20T14:00:00Z,6_1,Control
a4e9,6_1,Control,2024-11-20T14:28:00Z,0.81,17.5703125,17.5625,3.61,2024-11-20T14:20:00Z,6_1,Control
a4e9,6_1,Control,2024-11-20T14:49:00Z,0.8,16.921875,16.90625,3.61,2024-11-20T14:40:00Z,6_1,Control
a4e9,6_1,Control,2024-11-20T15:11:00Z,0.79,16.2578125,16.265625,3.61,2024-11-20T15:20:00Z,6_1,Control
a4e9,6_1,Control,2024-11-20T15:32:00Z,0.79,15.75,15.75,3.61,2024-11-20T15:40:00Z,6_1,Control
a4e9,6_1,Control,2024-11-20T15:54:00Z,0.81,15.5234375,15.5234375,3.6,2024-11-20T16:00:00Z,6_1,Control
a4e9,6_1,Control,2024-11-20T16:15:00Z,0.8,15.453125,15.453125,3.6,2024-11-20T16:20:00Z,6_1,Control
a4e9,6_1,Control,2024-11-20T16:37:00Z,0.78,15.46875,15.46875,3.6,2024-11-20T16:40:00Z,6_1,Control
a4e9,6_1,Control,2024-11-20T16:58:00Z,0.78,15.046875,15.0546875,3.6,2024-11-20T17:00:00Z,6_1,Control
a4e9,6_1,Control,2024-11-20T17:20:00Z,0.79,14.8203125,14.8203125,3.6,2024-11-20T17:20:00Z,6_1,Control
a4e9,6_1,Control,2024-11-20T17:41:00Z,0.79,14.796875,14.7890625,3.6,2024-11-20T17:40:00Z,6_1,Control
a4e9,6_1,Control,2024-11-20T18:03:00Z,0.79,14.6796875,14.671875,3.6,2024-11-20T18:00:00Z,6_1,Control
a4e9,6_1,Control,2024-11-20T18:24:00Z,0.78,14.5625,14.5625,3.6,2024-11-20T18:20:00Z,6_1,Control
a4e9,6_1,Control,2024-11-20T18:46:00Z,0.8,14.4765625,14.46875,3.6,2024-11-20T18:40:00Z,6_1,Control
a4e9,6_1,Control,2024-11-20T19:07:00Z,0.78,14.4453125,14.4296875,3.6,2024-11-20T19:00:00Z,6_1,Control
a4e9,6_1,Control,2024-11-20T19:28:00Z,0.78,14.4296875,14.4140625,3.6,2024-11-20T19:20:00Z,6_1,Control
a4e9,6_1,Control,2024-11-20T19:50:00Z,0.79,14.4453125,14.4296875,3.6,2024-11-20T19:40:00Z,6_1,Control
a4e9,6_1,Control,2024-11-20T20:11:00Z,0.8,14.6484375,14.6171875,3.6,2024-11-20T20:20:00Z,6_1,Control
a4e9,6_1,Control,2024-11-20T20:33:00Z,0.8,14.8125,14.7890625,3.61,2024-11-20T20:40:00Z,6_1,Control
a4e9,6_1,Control,2024-11-20T20:54:00Z,0.8,14.8515625,14.859375,3.6,2024-11-20T21:00:00Z,6_1,Control
a4e9,6_1,Control,2024-11-20T21:16:00Z,0.79,14.8671875,14.875,3.61,2024-11-20T21:20:00Z,6_1,Control
a4e9,6_1,Control,2024-11-20T21:37:00Z,0.79,14.828125,14.84375,3.6,2024-11-20T21:40:00Z,6_1,Control
a4e9,6_1,Control,2024-11-20T21:59:00Z,0.79,14.953125,14.9375,3.6,2024-11-20T22:00:00Z,6_1,Control
a4e9,6_1,Control,2024-11-20T22:20:00Z,0.78,14.90625,14.890625,3.61,2024-11-20T22:20:00Z,6_1,Control
a4e9,6_1,Control,2024-11-20T22:42:00Z,0.8,14.7890625,14.78125,3.6,2024-11-20T22:40:00Z,6_1,Control
a4e9,6_1,Control,2024-11-20T23:03:00Z,0.78,14.6875,14.6796875,3.6,2024-11-20T23:00:00Z,6_1,Control
a4e9,6_1,Control,2024-11-20T23:25:00Z,0.79,14.3203125,14.328125,3.6,2024-11-20T23:20:00Z,6_1,Control
a4e9,6_1,Control,2024-11-20T23:46:00Z,0.8,14.1875,14.1796875,3.61,2024-11-20T23:40:00Z,6_1,Control
a4e9,6_1,Control,2024-11-21T00:08:00Z,0.8,14.21875,14.2109375,3.6,2024-11-21T00:00:00Z,6_1,Control
a4e9,6_1,Control,2024-11-21T00:29:00Z,0.8,14.171875,14.1640625,3.59,2024-11-21T00:20:00Z,6_1,Control
a4e9,6_1,Control,2024-11-21T00:50:00Z,0.8,14.1484375,14.1484375,3.6,2024-11-21T00:40:00Z,6_1,Control
a4e9,6_1,Control,2024-11-21T01:12:00Z,0.8,14.140625,14.140625,3.6,2024-11-21T01:20:00Z,6_1,Control
a4e9,6_1,Control,2024-11-21T01:33:00Z,0.8,14.25,14.2421875,3.6,2024-11-21T01:40:00Z,6_1,Control
a4e9,6_1,Control,2024-11-21T01:55:00Z,0.81,14.3671875,14.359375,3.6,2024-11-21T02:00:00Z,6_1,Control
a4e9,6_1,Control,2024-11-21T02:16:00Z,0.83,14.84375,14.8203125,3.6,2024-11-21T02:20:00Z,6_1,Control
a4e9,6_1,Control,2024-11-21T02:38:00Z,0.81,15.078125,15.0625,3.59,2024-11-21T02:40:00Z,6_1,Control
a4e9,6_1,Control,2024-11-21T02:59:00Z,0.85,15.46875,15.4140625,3.6,2024-11-21T03:00:00Z,6_1,Control
a4e9,6_1,Control,2024-11-21T03:21:00Z,0.83,15.8046875,15.78125,3.59,2024-11-21T03:20:00Z,6_1,Control
a4e9,6_1,Control,2024-11-21T03:42:00Z,0.82,15.890625,15.8671875,3.6,2024-11-21T03:40:00Z,6_1,Control
a4e9,6_1,Control,2024-11-21T04:04:00Z,0.83,15.890625,15.875,3.6,2024-11-21T04:00:00Z,6_1,Control
a4e9,6_1,Control,2024-11-21T04:25:00Z,0.82,16.03125,16.015625,3.6,2024-11-21T04:20:00Z,6_1,Control
a4e9,6_1,Control,2024-11-21T04:47:00Z,0.87,16.125,16.09375,3.6,2024-11-21T04:40:00Z,6_1,Control
a4e9,6_1,Control,2024-11-21T05:08:00Z,0.85,16.765625,16.7265625,3.6,2024-11-21T05:00:00Z,6_1,Control
a4e9,6_1,Control,2024-11-21T05:29:00Z,0.87,16.8515625,16.7890625,3.6,2024-11-21T05:20:00Z,6_1,Control
a4e9,6_1,Control,2024-11-21T05:51:00Z,0.88,17.359375,17.265625,3.59,2024-11-21T06:00:00Z,6_1,Control
a4e9,6_1,Control,2024-11-21T06:12:00Z,0.91,17.21875,17.1484375,3.6,2024-11-21T06:20:00Z,6_1,Control
a4e9,6_1,Control,2024-11-21T06:34:00Z,0.91,18.2421875,18.125,3.6,2024-11-21T06:40:00Z,6_1,Control
a4e9,6_1,Control,2024-11-21T06:55:00Z,1,18.9609375,18.859375,3.6,2024-11-21T07:00:00Z,6_1,Control
a4e9,6_1,Control,2024-11-21T07:17:00Z,1.02,20.5703125,20.46875,3.61,2024-11-21T07:20:00Z,6_1,Control
a4e9,6_1,Control,2024-11-21T07:38:00Z,1.1,20.828125,20.6875,3.6,2024-11-21T07:40:00Z,6_1,Control
a4e9,6_1,Control,2024-11-21T08:00:00Z,1.11,22.1796875,22.09375,3.61,2024-11-21T08:00:00Z,6_1,Control
a4e9,6_1,Control,2024-11-21T08:21:00Z,1.27,23.5625,23.4609375,3.61,2024-11-21T08:20:00Z,6_1,Control
a4e9,6_1,Control,2024-11-21T08:43:00Z,1.36,25.1953125,25.1015625,3.61,2024-11-21T08:40:00Z,6_1,Control
a4e9,6_1,Control,2024-11-21T09:04:00Z,1.43,25.8359375,25.7109375,3.61,2024-11-21T09:00:00Z,6_1,Control
a4e9,6_1,Control,2024-11-21T09:26:00Z,1.39,26.078125,26.0390625,3.61,2024-11-21T09:20:00Z,6_1,Control
a4e9,6_1,Control,2024-11-21T09:47:00Z,1.46,25.96875,25.9375,3.62,2024-11-21T09:40:00Z,6_1,Control
a4e9,6_1,Control,2024-11-21T10:09:00Z,1.4,26.265625,26.3203125,3.62,2024-11-21T10:00:00Z,6_1,Control
a4e9,6_1,Control,2024-11-21T10:30:00Z,1.46,26.890625,26.96875,3.61,2024-11-21T10:40:00Z,6_1,Control
a4e9,6_1,Control,2024-11-21T10:52:00Z,1.43,27.28125,27.296875,3.61,2024-11-21T11:00:00Z,6_1,Control
a4e9,6_1,Control,2024-11-21T11:13:00Z,1.41,27.0390625,26.9140625,3.62,2024-11-21T11:20:00Z,6_1,Control
a4e9,6_1,Control,2024-11-21T11:34:00Z,1.31,26.4921875,26.390625,3.61,2024-11-21T11:40:00Z,6_1,Control
a4e9,6_1,Control,2024-11-21T11:56:00Z,1.26,25.7421875,25.71875,3.61,2024-11-21T12:00:00Z,6_1,Control
a4e9,6_1,Control,2024-11-21T12:17:00Z,1.22,25.046875,25.0078125,3.62,2024-11-21T12:20:00Z,6_1,Control
a4e9,6_1,Control,2024-11-21T12:39:00Z,1.17,24.59375,24.5859375,3.61,2024-11-21T12:40:00Z,6_1,Control
a4e9,6_1,Control,2024-11-21T13:00:00Z,1.12,23.9375,23.9140625,3.61,2024-11-21T13:00:00Z,6_1,Control
a4e9,6_1,Control,2024-11-21T13:22:00Z,1.03,23.296875,23.2890625,3.61,2024-11-21T13:20:00Z,6_1,Control
a4e9,6_1,Control,2024-11-21T13:43:00Z,0.98,22.3359375,22.328125,3.61,2024-11-21T13:40:00Z,6_1,Control
a4e9,6_1,Control,2024-11-21T14:05:00Z,0.94,21.625,21.6328125,3.61,2024-11-21T14:00:00Z,6_1,Control
a4e9,6_1,Control,2024-11-21T14:26:00Z,0.9,21.21875,21.203125,3.6,2024-11-21T14:20:00Z,6_1,Control
a4e9,6_1,Control,2024-11-21T14:48:00Z,0.86,20.2265625,20.171875,3.61,2024-11-21T14:40:00Z,6_1,Control
a4e9,6_1,Control,2024-11-21T15:09:00Z,0.82,18.890625,18.84375,3.6,2024-11-21T15:00:00Z,6_1,Control
a4e9,6_1,Control,2024-11-21T15:31:00Z,0.81,18.078125,18.0546875,3.61,2024-11-21T15:40:00Z,6_1,Control
a4e9,6_1,Control,2024-11-21T15:52:00Z,0.81,17.5390625,17.53125,3.6,2024-11-21T16:00:00Z,6_1,Control
a4e9,6_1,Control,2024-11-21T16:14:00Z,0.81,17.1328125,17.125,3.61,2024-11-21T16:20:00Z,6_1,Control
a4e9,6_1,Control,2024-11-21T16:35:00Z,0.79,16.78125,16.7734375,3.61,2024-11-21T16:40:00Z,6_1,Control
a4e9,6_1,Control,2024-11-21T16:56:00Z,0.8,16.484375,16.484375,3.6,2024-11-21T17:00:00Z,6_1,Control
a4e9,6_1,Control,2024-11-21T17:18:00Z,0.81,16.3359375,16.3359375,3.6,2024-11-21T17:20:00Z,6_1,Control
a4e9,6_1,Control,2024-11-21T17:39:00Z,0.79,16.234375,16.2421875,3.6,2024-11-21T17:40:00Z,6_1,Control
a4e9,6_1,Control,2024-11-21T18:01:00Z,0.81,15.921875,15.921875,3.6,2024-11-21T18:00:00Z,6_1,Control
a4e9,6_1,Control,2024-11-21T18:22:00Z,0.81,16.109375,16.0625,3.61,2024-11-21T18:20:00Z,6_1,Control
a4e9,6_1,Control,2024-11-21T18:44:00Z,0.79,16.2578125,16.2109375,3.6,2024-11-21T18:40:00Z,6_1,Control
a4e9,6_1,Control,2024-11-21T19:05:00Z,0.79,16.1796875,16.15625,3.6,2024-11-21T19:00:00Z,6_1,Control
a4e9,6_1,Control,2024-11-21T19:27:00Z,0.78,16.0546875,16.015625,3.61,2024-11-21T19:20:00Z,6_1,Control
a4e9,6_1,Control,2024-11-21T19:48:00Z,0.79,15.8359375,15.8125,3.6,2024-11-21T19:40:00Z,6_1,Control
a4e9,6_1,Control,2024-11-21T20:10:00Z,0.78,15.6640625,15.6484375,3.6,2024-11-21T20:00:00Z,6_1,Control
a4e9,6_1,Control,2024-11-21T20:31:00Z,0.79,15.6015625,15.578125,3.6,2024-11-21T20:40:00Z,6_1,Control
a4e9,6_1,Control,2024-11-21T20:53:00Z,0.79,15.375,15.3671875,3.6,2024-11-21T21:00:00Z,6_1,Control
a4e9,6_1,Control,2024-11-21T21:14:00Z,0.79,15.171875,15.1640625,3.6,2024-11-21T21:20:00Z,6_1,Control
a4e9,6_1,Control,2024-11-21T21:36:00Z,0.78,15.109375,15.09375,3.6,2024-11-21T21:40:00Z,6_1,Control
a4e9,6_1,Control,2024-11-21T21:57:00Z,0.78,14.9375,14.9296875,3.6,2024-11-21T22:00:00Z,6_1,Control
a4e9,6_1,Control,2024-11-21T22:18:00Z,0.78,14.578125,14.5859375,3.6,2024-11-21T22:20:00Z,6_1,Control
a4e9,6_1,Control,2024-11-21T22:40:00Z,0.79,14.40625,14.421875,3.6,2024-11-21T22:40:00Z,6_1,Control
a4e9,6_1,Control,2024-11-21T23:01:00Z,0.77,13.953125,13.9765625,3.6,2024-11-21T23:00:00Z,6_1,Control
a4e9,6_1,Control,2024-11-21T23:23:00Z,0.78,13.3828125,13.3984375,3.6,2024-11-21T23:20:00Z,6_1,Control
a4e9,6_1,Control,2024-11-21T23:44:00Z,0.78,13.046875,13.0546875,3.6,2024-11-21T23:40:00Z,6_1,Control
a4e9,6_1,Control,2024-11-22T00:06:00Z,0.79,12.984375,12.9765625,3.6,2024-11-22T00:00:00Z,6_1,Control
a4e9,6_1,Control,2024-11-22T00:27:00Z,0.79,13.03125,13.0234375,3.6,2024-11-22T00:20:00Z,6_1,Control
a4e9,6_1,Control,2024-11-22T00:49:00Z,0.79,13.15625,13.1328125,3.6,2024-11-22T00:40:00Z,6_1,Control
a4e9,6_1,Control,2024-11-22T01:10:00Z,0.79,13.328125,13.3046875,3.59,2024-11-22T01:00:00Z,6_1,Control
a4e9,6_1,Control,2024-11-22T01:32:00Z,0.83,13.6953125,13.6640625,3.6,2024-11-22T01:40:00Z,6_1,Control
a4e9,6_1,Control,2024-11-22T01:53:00Z,0.81,14.03125,13.9921875,3.59,2024-11-22T02:00:00Z,6_1,Control
a4e9,6_1,Control,2024-11-22T02:15:00Z,0.88,14.671875,14.578125,3.6,2024-11-22T02:20:00Z,6_1,Control
a4e9,6_1,Control,2024-11-22T02:36:00Z,0.93,16.09375,15.8671875,3.6,2024-11-22T02:40:00Z,6_1,Control
a4e9,6_1,Control,2024-11-22T02:58:00Z,1,18.0625,17.734375,3.6,2024-11-22T03:00:00Z,6_1,Control
a4e9,6_1,Control,2024-11-22T03:19:00Z,1.01,19.828125,19.484375,3.6,2024-11-22T03:20:00Z,6_1,Control
a4e9,6_1,Control,2024-11-22T03:40:00Z,1.08,20.8984375,20.609375,3.6,2024-11-22T03:40:00Z,6_1,Control
a4e9,6_1,Control,2024-11-22T04:02:00Z,1.15,21.828125,21.6015625,3.6,2024-11-22T04:00:00Z,6_1,Control
a4e9,6_1,Control,2024-11-22T04:23:00Z,1.15,22.765625,22.546875,3.61,2024-11-22T04:20:00Z,6_1,Control
a4e9,6_1,Control,2024-11-22T04:45:00Z,1.18,23.875,23.6484375,3.61,2024-11-22T04:40:00Z,6_1,Control
a4e9,6_1,Control,2024-11-22T05:06:00Z,1.3,24.3359375,24.203125,3.6,2024-11-22T05:00:00Z,6_1,Control
a4e9,6_1,Control,2024-11-22T05:28:00Z,1.35,24.359375,24.2421875,3.62,2024-11-22T05:20:00Z,6_1,Control
a4e9,6_1,Control,2024-11-22T05:49:00Z,1.34,25.3359375,25.3046875,3.61,2024-11-22T05:40:00Z,6_1,Control
a4e9,6_1,Control,2024-11-22T06:11:00Z,1.45,26.296875,26.25,3.61,2024-11-22T06:20:00Z,6_1,Control
a4e9,6_1,Control,2024-11-22T06:32:00Z,1.4,27.1875,27.1796875,3.62,2024-11-22T06:40:00Z,6_1,Control
a4e9,6_1,Control,2024-11-22T06:54:00Z,1.44,28.625,28.65625,3.61,2024-11-22T07:00:00Z,6_1,Control
a4e9,6_1,Control,2024-11-22T07:15:00Z,1.64,29.625,29.390625,3.61,2024-11-22T07:20:00Z,6_1,Control
a4e9,6_1,Control,2024-11-22T07:37:00Z,1.39,30.15625,29.9140625,3.61,2024-11-22T07:40:00Z,6_1,Control
a4e9,6_1,Control,2024-11-22T07:58:00Z,1.47,30.765625,30.625,3.62,2024-11-22T08:00:00Z,6_1,Control
a4e9,6_1,Control,2024-11-22T08:20:00Z,1.51,31.3046875,31.203125,3.62,2024-11-22T08:20:00Z,6_1,Control
a4e9,6_1,Control,2024-11-22T08:41:00Z,1.53,31.6328125,31.4609375,3.61,2024-11-22T08:40:00Z,6_1,Control
a4e9,6_1,Control,2024-11-22T09:02:00Z,1.69,31.640625,31.5078125,3.62,2024-11-22T09:00:00Z,6_1,Control
a4e9,6_1,Control,2024-11-22T09:24:00Z,1.56,31.2265625,31.09375,3.62,2024-11-22T09:20:00Z,6_1,Control
a4e9,6_1,Control,2024-11-22T09:45:00Z,1.64,31.703125,31.6953125,3.62,2024-11-22T09:40:00Z,6_1,Control
a4e9,6_1,Control,2024-11-22T10:07:00Z,1.63,32.03125,32,3.62,2024-11-22T10:00:00Z,6_1,Control
a4e9,6_1,Control,2024-11-22T10:28:00Z,1.71,32.3203125,32.328125,3.62,2024-11-22T10:20:00Z,6_1,Control
a4e9,6_1,Control,2024-11-22T10:50:00Z,1.61,31.796875,31.65625,3.63,2024-11-22T10:40:00Z,6_1,Control
a4e9,6_1,Control,2024-11-22T11:11:00Z,1.52,31.375,31.21875,3.62,2024-11-22T11:20:00Z,6_1,Control
a4e9,6_1,Control,2024-11-22T11:33:00Z,1.56,31.125,31.015625,3.62,2024-11-22T11:40:00Z,6_1,Control
a4e9,6_1,Control,2024-11-22T11:54:00Z,1.47,30.40625,30.296875,3.62,2024-11-22T12:00:00Z,6_1,Control
a4e9,6_1,Control,2024-11-22T12:16:00Z,1.4,29.9296875,29.8671875,3.63,2024-11-22T12:20:00Z,6_1,Control
a4e9,6_1,Control,2024-11-22T12:37:00Z,1.4,29.0703125,28.9609375,3.62,2024-11-22T12:40:00Z,6_1,Control
a4e9,6_1,Control,2024-11-22T12:59:00Z,1.23,28.015625,27.9140625,3.62,2024-11-22T13:00:00Z,6_1,Control
a4e9,6_1,Control,2024-11-22T13:20:00Z,1.21,26.8984375,26.796875,3.62,2024-11-22T13:20:00Z,6_1,Control
a4e9,6_1,Control,2024-11-22T13:42:00Z,1.15,25.875,25.796875,3.62,2024-11-22T13:40:00Z,6_1,Control
a4e9,6_1,Control,2024-11-22T14:03:00Z,1.03,24.71875,24.6328125,3.62,2024-11-22T14:00:00Z,6_1,Control
a4e9,6_1,Control,2024-11-22T14:24:00Z,1.06,23.015625,22.84375,3.62,2024-11-22T14:20:00Z,6_1,Control
a4e9,6_1,Control,2024-11-22T14:46:00Z,0.98,21.078125,20.875,3.61,2024-11-22T14:40:00Z,6_1,Control
a4e9,6_1,Control,2024-11-22T15:07:00Z,0.87,19.7109375,19.578125,3.62,2024-11-22T15:00:00Z,6_1,Control
a4e9,6_1,Control,2024-11-22T15:29:00Z,0.84,18.5,18.4140625,3.62,2024-11-22T15:20:00Z,6_1,Control
a4e9,6_1,Control,2024-11-22T15:50:00Z,0.81,17.578125,17.53125,3.61,2024-11-22T15:40:00Z,6_1,Control
a4e9,6_1,Control,2024-11-22T16:12:00Z,0.81,16.828125,16.8046875,3.61,2024-11-22T16:20:00Z,6_1,Control
a4e9,6_1,Control,2024-11-22T16:33:00Z,0.81,16.2734375,16.2578125,3.61,2024-11-22T16:40:00Z,6_1,Control
a4e9,6_1,Control,2024-11-22T16:55:00Z,0.78,15.6484375,15.6328125,3.61,2024-11-22T17:00:00Z,6_1,Control
a4e9,6_1,Control,2024-11-22T17:16:00Z,0.8,15.0703125,15.0703125,3.6,2024-11-22T17:20:00Z,6_1,Control
a4e9,6_1,Control,2024-11-22T17:38:00Z,0.83,14.9375,14.921875,3.61,2024-11-22T17:40:00Z,6_1,Control
a4e9,6_1,Control,2024-11-22T17:59:00Z,0.81,14.828125,14.8125,3.6,2024-11-22T18:00:00Z,6_1,Control
a4e9,6_1,Control,2024-11-22T18:21:00Z,0.77,14.5625,14.5625,3.61,2024-11-22T18:20:00Z,6_1,Control
a4e9,6_1,Control,2024-11-22T18:42:00Z,0.8,13.953125,13.9609375,3.6,2024-11-22T18:40:00Z,6_1,Control
a4e9,6_1,Control,2024-11-22T19:04:00Z,0.79,13.390625,13.3984375,3.6,2024-11-22T19:00:00Z,6_1,Control
a4e9,6_1,Control,2024-11-22T19:25:00Z,0.79,13.1171875,13.1328125,3.6,2024-11-22T19:20:00Z,6_1,Control
a4e9,6_1,Control,2024-11-22T19:47:00Z,0.82,13,13,3.6,2024-11-22T19:40:00Z,6_1,Control
a4e9,6_1,Control,2024-11-22T20:08:00Z,0.83,13.0625,13.046875,3.6,2024-11-22T20:00:00Z,6_1,Control
a4e9,6_1,Control,2024-11-22T20:29:00Z,0.77,13.2265625,13.21875,3.6,2024-11-22T20:20:00Z,6_1,Control
a4e9,6_1,Control,2024-11-22T20:51:00Z,0.79,12.7109375,12.71875,3.61,2024-11-22T21:00:00Z,6_1,Control
a4e9,6_1,Control,2024-11-22T21:12:00Z,0.77,12.3828125,12.390625,3.61,2024-11-22T21:20:00Z,6_1,Control
a4e9,6_1,Control,2024-11-22T21:34:00Z,0.79,12.203125,12.203125,3.6,2024-11-22T21:40:00Z,6_1,Control
a4e9,6_1,Control,2024-11-22T21:55:00Z,0.79,12,12,3.61,2024-11-22T22:00:00Z,6_1,Control
a4e9,6_1,Control,2024-11-22T22:17:00Z,0.79,11.78125,11.7734375,3.6,2024-11-22T22:20:00Z,6_1,Control
a4e9,6_1,Control,2024-11-22T22:38:00Z,0.78,11.3203125,11.3359375,3.6,2024-11-22T22:40:00Z,6_1,Control
a4e9,6_1,Control,2024-11-22T23:00:00Z,0.81,11.1484375,11.1484375,3.6,2024-11-22T23:00:00Z,6_1,Control
a4e9,6_1,Control,2024-11-22T23:21:00Z,0.76,10.6953125,10.734375,3.59,2024-11-22T23:20:00Z,6_1,Control
a4e9,6_1,Control,2024-11-22T23:43:00Z,0.78,10.265625,10.28125,3.59,2024-11-22T23:40:00Z,6_1,Control
a4e9,6_1,Control,2024-11-23T00:04:00Z,0.78,9.8046875,9.8203125,3.6,2024-11-23T00:00:00Z,6_1,Control
a4e9,6_1,Control,2024-11-23T00:26:00Z,0.78,9.3828125,9.40625,3.59,2024-11-23T00:20:00Z,6_1,Control
a4e9,6_1,Control,2024-11-23T00:47:00Z,0.78,9.28125,9.2890625,3.59,2024-11-23T00:40:00Z,6_1,Control
a4e9,6_1,Control,2024-11-23T01:09:00Z,0.79,9.25,9.25,3.59,2024-11-23T01:00:00Z,6_1,Control
a4e9,6_1,Control,2024-11-23T01:30:00Z,0.79,9.296875,9.296875,3.59,2024-11-23T01:40:00Z,6_1,Control
a4e9,6_1,Control,2024-11-23T01:51:00Z,0.81,9.4765625,9.453125,3.6,2024-11-23T02:00:00Z,6_1,Control
a4e9,6_1,Control,2024-11-23T02:13:00Z,0.87,10.28125,10.1953125,3.6,2024-11-23T02:20:00Z,6_1,Control
a4e9,6_1,Control,2024-11-23T02:34:00Z,0.92,12.28125,12.046875,3.6,2024-11-23T02:40:00Z,6_1,Control
a4e9,6_1,Control,2024-11-23T02:56:00Z,0.97,14.5078125,14.2421875,3.6,2024-11-23T03:00:00Z,6_1,Control
a4e9,6_1,Control,2024-11-23T03:17:00Z,1,16.5625,16.171875,3.6,2024-11-23T03:20:00Z,6_1,Control
a4e9,6_1,Control,2024-11-23T03:39:00Z,1.03,18.46875,18.125,3.6,2024-11-23T03:40:00Z,6_1,Control
a4e9,6_1,Control,2024-11-23T04:00:00Z,1.1,19.734375,19.421875,3.6,2024-11-23T04:00:00Z,6_1,Control
a4e9,6_1,Control,2024-11-23T04:22:00Z,1.13,21.0859375,20.921875,3.61,2024-11-23T04:20:00Z,6_1,Control
a4e9,6_1,Control,2024-11-23T04:43:00Z,1.07,22.25,22.1171875,3.61,2024-11-23T04:40:00Z,6_1,Control
a4e9,6_1,Control,2024-11-23T05:05:00Z,1.2,22.640625,22.6328125,3.61,2024-11-23T05:00:00Z,6_1,Control
a4e9,6_1,Control,2024-11-23T05:26:00Z,1.25,22.6953125,22.6640625,3.62,2024-11-23T05:20:00Z,6_1,Control
a4e9,6_1,Control,2024-11-23T05:48:00Z,1.29,23.515625,23.5234375,3.61,2024-11-23T05:40:00Z,6_1,Control
a4e9,6_1,Control,2024-11-23T06:09:00Z,1.27,24.0234375,24,3.61,2024-11-23T06:00:00Z,6_1,Control
a4e9,6_1,Control,2024-11-23T06:31:00Z,1.29,24.7734375,24.8515625,3.61,2024-11-23T06:40:00Z,6_1,Control
a4e9,6_1,Control,2024-11-23T06:52:00Z,1.32,26.0625,26.1171875,3.61,2024-11-23T07:00:00Z,6_1,Control
a4e9,6_1,Control,2024-11-23T07:13:00Z,1.37,27.296875,27.296875,3.61,2024-11-23T07:20:00Z,6_1,Control
a4e9,6_1,Control,2024-11-23T07:35:00Z,1.33,28.0078125,27.8203125,3.62,2024-11-23T07:40:00Z,6_1,Control
a4e9,6_1,Control,2024-11-23T07:56:00Z,1.41,28.234375,28.078125,3.61,2024-11-23T08:00:00Z,6_1,Control
a4e9,6_1,Control,2024-11-23T08:18:00Z,1.42,28.4140625,28.3671875,3.62,2024-11-23T08:20:00Z,6_1,Control
a4e9,6_1,Control,2024-11-23T08:39:00Z,1.42,28.8359375,28.75,3.62,2024-11-23T08:40:00Z,6_1,Control
a4e9,6_1,Control,2024-11-23T09:01:00Z,1.55,29.0234375,28.9296875,3.62,2024-11-23T09:00:00Z,6_1,Control
a4e9,6_1,Control,2024-11-23T09:22:00Z,1.44,28.65625,28.640625,3.62,2024-11-23T09:20:00Z,6_1,Control
a4e9,6_1,Control,2024-11-23T09:44:00Z,1.49,28.796875,28.859375,3.62,2024-11-23T09:40:00Z,6_1,Control
a4e9,6_1,Control,2024-11-23T10:05:00Z,1.5,29.015625,29.0625,3.61,2024-11-23T10:00:00Z,6_1,Control
a4e9,6_1,Control,2024-11-23T10:27:00Z,1.46,29.078125,29.1171875,3.62,2024-11-23T10:20:00Z,6_1,Control
a4e9,6_1,Control,2024-11-23T10:48:00Z,1.44,28.703125,28.7109375,3.62,2024-11-23T10:40:00Z,6_1,Control
a4e9,6_1,Control,2024-11-23T11:10:00Z,1.44,28.515625,28.4609375,3.62,2024-11-23T11:00:00Z,6_1,Control
a4e9,6_1,Control,2024-11-23T11:31:00Z,1.37,27.7421875,27.6328125,3.61,2024-11-23T11:40:00Z,6_1,Control
a4e9,6_1,Control,2024-11-23T11:53:00Z,1.29,27.03125,27.0078125,3.62,2024-11-23T12:00:00Z,6_1,Control
a4e9,6_1,Control,2024-11-23T12:14:00Z,1.24,26.2890625,26.2734375,3.61,2024-11-23T12:20:00Z,6_1,Control
a4e9,6_1,Control,2024-11-23T12:36:00Z,1.23,26.1171875,26.1484375,3.62,2024-11-23T12:40:00Z,6_1,Control
a4e9,6_1,Control,2024-11-23T12:57:00Z,1.17,25.7890625,25.7734375,3.62,2024-11-23T13:00:00Z,6_1,Control
a4e9,6_1,Control,2024-11-23T13:18:00Z,1.1,25.1875,25.1875,3.61,2024-11-23T13:20:00Z,6_1,Control
a4e9,6_1,Control,2024-11-23T13:40:00Z,1.05,24.28125,24.265625,3.62,2024-11-23T13:40:00Z,6_1,Control
a4e9,6_1,Control,2024-11-23T14:01:00Z,0.99,23.484375,23.4765625,3.62,2024-11-23T14:00:00Z,6_1,Control
a4e9,6_1,Control,2024-11-23T14:23:00Z,0.95,22.796875,22.7734375,3.62,2024-11-23T14:20:00Z,6_1,Control
a4e9,6_1,Control,2024-11-23T14:44:00Z,0.89,21.5703125,21.515625,3.62,2024-11-23T14:40:00Z,6_1,Control
a4e9,6_1,Control,2024-11-23T15:06:00Z,0.82,19.7890625,19.7265625,3.62,2024-11-23T15:00:00Z,6_1,Control
a4e9,6_1,Control,2024-11-23T15:27:00Z,0.8,18.421875,18.3828125,3.61,2024-11-23T15:20:00Z,6_1,Control
a4e9,6_1,Control,2024-11-23T15:49:00Z,0.8,17.5703125,17.5625,3.61,2024-11-23T15:40:00Z,6_1,Control
a4e9,6_1,Control,2024-11-23T16:10:00Z,0.81,16.921875,16.921875,3.61,2024-11-23T16:00:00Z,6_1,Control
a4e9,6_1,Control,2024-11-23T16:32:00Z,0.81,16.5234375,16.5234375,3.61,2024-11-23T16:40:00Z,6_1,Control
a4e9,6_1,Control,2024-11-23T16:53:00Z,0.81,16.28125,16.2734375,3.61,2024-11-23T17:00:00Z,6_1,Control
a4e9,6_1,Control,2024-11-23T17:15:00Z,0.8,16.09375,16.1015625,3.6,2024-11-23T17:20:00Z,6_1,Control
a4e9,6_1,Control,2024-11-23T17:36:00Z,0.79,15.84375,15.8515625,3.61,2024-11-23T17:40:00Z,6_1,Control
a4e9,6_1,Control,2024-11-23T17:57:00Z,0.79,15.5703125,15.578125,3.6,2024-11-23T18:00:00Z,6_1,Control
a4e9,6_1,Control,2024-11-23T18:19:00Z,0.8,15.375,15.3828125,3.61,2024-11-23T18:20:00Z,6_1,Control
a4e9,6_1,Control,2024-11-23T18:40:00Z,0.79,15.1953125,15.203125,3.61,2024-11-23T18:40:00Z,6_1,Control
a4e9,6_1,Control,2024-11-23T19:02:00Z,0.79,14.9375,14.9609375,3.6,2024-11-23T19:00:00Z,6_1,Control
a4e9,6_1,Control,2024-11-23T19:23:00Z,0.78,14.6484375,14.6640625,3.61,2024-11-23T19:20:00Z,6_1,Control
a4e9,6_1,Control,2024-11-23T19:45:00Z,0.79,14.453125,14.46875,3.6,2024-11-23T19:40:00Z,6_1,Control
a4e9,6_1,Control,2024-11-23T20:06:00Z,0.78,14.28125,14.2890625,3.6,2024-11-23T20:00:00Z,6_1,Control
a4e9,6_1,Control,2024-11-23T20:28:00Z,0.77,14.0234375,14.046875,3.6,2024-11-23T20:20:00Z,6_1,Control
a4e9,6_1,Control,2024-11-23T20:49:00Z,0.77,13.4296875,13.4765625,3.6,2024-11-23T20:40:00Z,6_1,Control
a4e9,6_1,Control,2024-11-23T21:11:00Z,0.76,12.96875,13.015625,3.6,2024-11-23T21:20:00Z,6_1,Control
a4e9,6_1,Control,2024-11-23T21:32:00Z,0.77,12.5078125,12.5390625,3.6,2024-11-23T21:40:00Z,6_1,Control
a4e9,6_1,Control,2024-11-23T21:54:00Z,0.79,12.21875,12.2578125,3.6,2024-11-23T22:00:00Z,6_1,Control
a4e9,6_1,Control,2024-11-23T22:15:00Z,0.79,12.375,12.40625,3.59,2024-11-23T22:20:00Z,6_1,Control
a4e9,6_1,Control,2024-11-23T22:37:00Z,0.81,12.59375,12.6171875,3.6,2024-11-23T22:40:00Z,6_1,Control
a4e9,6_1,Control,2024-11-23T22:58:00Z,0.8,12.953125,12.9609375,3.6,2024-11-23T23:00:00Z,6_1,Control
a4e9,6_1,Control,2024-11-23T23:19:00Z,0.79,13.1328125,13.1328125,3.6,2024-11-23T23:20:00Z,6_1,Control
a4e9,6_1,Control,2024-11-23T23:41:00Z,0.81,13.2265625,13.234375,3.6,2024-11-23T23:40:00Z,6_1,Control
a4e9,6_1,Control,2024-11-24T00:02:00Z,0.79,13.25,13.265625,3.6,2024-11-24T00:00:00Z,6_1,Control
a4e9,6_1,Control,2024-11-24T00:24:00Z,0.78,13.203125,13.234375,3.6,2024-11-24T00:20:00Z,6_1,Control
a4e9,6_1,Control,2024-11-24T00:45:00Z,0.8,13.0703125,13.09375,3.6,2024-11-24T00:40:00Z,6_1,Control
a4e9,6_1,Control,2024-11-24T01:07:00Z,0.77,12.9296875,12.9609375,3.6,2024-11-24T01:00:00Z,6_1,Control
a4e9,6_1,Control,2024-11-24T01:28:00Z,0.77,12.4765625,12.5234375,3.6,2024-11-24T01:20:00Z,6_1,Control
a4e9,6_1,Control,2024-11-24T01:50:00Z,0.79,12.453125,12.484375,3.6,2024-11-24T01:40:00Z,6_1,Control
a4e9,6_1,Control,2024-11-24T02:11:00Z,0.83,12.578125,12.5703125,3.6,2024-11-24T02:20:00Z,6_1,Control
a4e9,6_1,Control,2024-11-24T02:33:00Z,0.93,13.890625,13.703125,3.6,2024-11-24T02:40:00Z,6_1,Control
a4e9,6_1,Control,2024-11-24T02:54:00Z,0.96,16.2890625,15.96875,3.6,2024-11-24T03:00:00Z,6_1,Control
a4e9,6_1,Control,2024-11-24T03:16:00Z,1.04,18.9453125,18.734375,3.6,2024-11-24T03:20:00Z,6_1,Control
a4e9,6_1,Control,2024-11-24T03:37:00Z,1.08,21.03125,20.8203125,3.61,2024-11-24T03:40:00Z,6_1,Control
a4e9,6_1,Control,2024-11-24T03:59:00Z,1.16,22.75,22.5546875,3.61,2024-11-24T04:00:00Z,6_1,Control
a4e9,6_1,Control,2024-11-24T04:20:00Z,1.17,23.9375,23.65625,3.61,2024-11-24T04:20:00Z,6_1,Control
a4e9,6_1,Control,2024-11-24T04:41:00Z,1.12,24.78125,24.4921875,3.61,2024-11-24T04:40:00Z,6_1,Control
a4e9,6_1,Control,2024-11-24T05:03:00Z,1.2,25.265625,25.125,3.62,2024-11-24T05:00:00Z,6_1,Control
a4e9,6_1,Control,2024-11-24T05:24:00Z,1.29,25.0390625,24.9296875,3.62,2024-11-24T05:20:00Z,6_1,Control
a4e9,6_1,Control,2024-11-24T05:46:00Z,1.31,25.8203125,25.7734375,3.62,2024-11-24T05:40:00Z,6_1,Control
a4e9,6_1,Control,2024-11-24T06:07:00Z,1.3,26.828125,26.8515625,3.62,2024-11-24T06:00:00Z,6_1,Control
a4e9,6_1,Control,2024-11-24T06:29:00Z,1.33,27.7890625,27.8828125,3.62,2024-11-24T06:20:00Z,6_1,Control
a4e9,6_1,Control,2024-11-24T06:50:00Z,1.34,28.8828125,28.9921875,3.62,2024-11-24T06:40:00Z,6_1,Control
a4e9,6_1,Control,2024-11-24T07:12:00Z,1.4,30.3515625,30.4375,3.62,2024-11-24T07:20:00Z,6_1,Control
a4e9,6_1,Control,2024-11-24T07:33:00Z,1.42,31.3671875,31.2421875,3.62,2024-11-24T07:40:00Z,6_1,Control
a4e9,6_1,Control,2024-11-24T07:55:00Z,1.51,32.328125,32.3359375,3.63,2024-11-24T08:00:00Z,6_1,Control
a4e9,6_1,Control,2024-11-24T08:16:00Z,1.49,32.9453125,32.9921875,3.62,2024-11-24T08:20:00Z,6_1,Control
a4e9,6_1,Control,2024-11-24T08:38:00Z,1.46,33.9296875,33.9296875,3.62,2024-11-24T08:40:00Z,6_1,Control
a4e9,6_1,Control,2024-11-24T08:59:00Z,1.5,34.6953125,34.6171875,3.62,2024-11-24T09:00:00Z,6_1,Control
a4e9,6_1,Control,2024-11-24T09:21:00Z,1.45,35.171875,35.21875,3.63,2024-11-24T09:20:00Z,6_1,Control
a4e9,6_1,Control,2024-11-24T09:42:00Z,1.66,35.3125,35.3515625,3.63,2024-11-24T09:40:00Z,6_1,Control
a4e9,6_1,Control,2024-11-24T10:04:00Z,1.54,34.7890625,34.734375,3.63,2024-11-24T10:00:00Z,6_1,Control
a4e9,6_1,Control,2024-11-24T10:25:00Z,1.49,34.1796875,34.1328125,3.62,2024-11-24T10:20:00Z,6_1,Control
a4e9,6_1,Control,2024-11-24T10:46:00Z,1.48,33.671875,33.640625,3.63,2024-11-24T10:40:00Z,6_1,Control
a4e9,6_1,Control,2024-11-24T11:08:00Z,1.43,33.828125,33.7890625,3.63,2024-11-24T11:00:00Z,6_1,Control
a4e9,6_1,Control,2024-11-24T11:29:00Z,1.4,33.8671875,33.796875,3.63,2024-11-24T11:20:00Z,6_1,Control
a4e9,6_1,Control,2024-11-24T11:51:00Z,1.3,33.28125,33.25,3.62,2024-11-24T12:00:00Z,6_1,Control
a4e9,6_1,Control,2024-11-24T12:12:00Z,1.3,32.625,32.5703125,3.63,2024-11-24T12:20:00Z,6_1,Control
a4e9,6_1,Control,2024-11-24T12:34:00Z,1.26,32.2109375,32.171875,3.63,2024-11-24T12:40:00Z,6_1,Control
a4e9,6_1,Control,2024-11-24T12:55:00Z,1.12,31.609375,31.59375,3.63,2024-11-24T13:00:00Z,6_1,Control
a4e9,6_1,Control,2024-11-24T13:17:00Z,1.12,29.84375,29.7734375,3.62,2024-11-24T13:20:00Z,6_1,Control
a4e9,6_1,Control,2024-11-24T13:38:00Z,1.06,28.5390625,28.4609375,3.63,2024-11-24T13:40:00Z,6_1,Control
a4e9,6_1,Control,2024-11-24T14:00:00Z,0.98,27.375,27.3125,3.62,2024-11-24T14:00:00Z,6_1,Control
a4e9,6_1,Control,2024-11-24T14:21:00Z,0.97,26.5859375,26.5,3.62,2024-11-24T14:20:00Z,6_1,Control
a4e9,6_1,Control,2024-11-24T14:43:00Z,0.9,25.3828125,25.3046875,3.62,2024-11-24T14:40:00Z,6_1,Control
a4e9,6_1,Control,2024-11-24T15:04:00Z,0.8,23.0234375,22.96875,3.62,2024-11-24T15:00:00Z,6_1,Control
a4e9,6_1,Control,2024-11-24T15:26:00Z,0.82,21.2734375,21.28125,3.62,2024-11-24T15:20:00Z,6_1,Control
a4e9,6_1,Control,2024-11-24T15:47:00Z,0.83,20.5703125,20.5859375,3.62,2024-11-24T15:40:00Z,6_1,Control
a4e9,6_1,Control,2024-11-24T16:08:00Z,0.82,20.4765625,20.4921875,3.61,2024-11-24T16:00:00Z,6_1,Control
a4e9,6_1,Control,2024-11-24T16:30:00Z,0.81,20.2421875,20.25,3.61,2024-11-24T16:40:00Z,6_1,Control
a4e9,6_1,Control,2024-11-24T16:51:00Z,0.84,20.3125,20.3359375,3.61,2024-11-24T17:00:00Z,6_1,Control
a4e9,6_1,Control,2024-11-24T17:13:00Z,0.78,19.640625,19.671875,3.61,2024-11-24T17:20:00Z,6_1,Control
a4e9,6_1,Control,2024-11-24T17:34:00Z,0.8,18.53125,18.6171875,3.61,2024-11-24T17:40:00Z,6_1,Control
a4e9,6_1,Control,2024-11-24T17:56:00Z,0.78,17.8828125,17.9296875,3.62,2024-11-24T18:00:00Z,6_1,Control
a4e9,6_1,Control,2024-11-24T18:17:00Z,0.79,17.234375,17.3125,3.61,2024-11-24T18:20:00Z,6_1,Control
a4e9,6_1,Control,2024-11-24T18:39:00Z,0.79,17.2421875,17.2734375,3.61,2024-11-24T18:40:00Z,6_1,Control
a4e9,6_1,Control,2024-11-24T19:00:00Z,0.79,17.0390625,17.078125,3.61,2024-11-24T19:00:00Z,6_1,Control
a4e9,6_1,Control,2024-11-24T19:22:00Z,0.77,16.6875,16.734375,3.61,2024-11-24T19:20:00Z,6_1,Control
a4e9,6_1,Control,2024-11-24T19:43:00Z,0.78,16.0078125,16.0546875,3.6,2024-11-24T19:40:00Z,6_1,Control
a4e9,6_1,Control,2024-11-24T20:05:00Z,0.8,15.46875,15.5,3.6,2024-11-24T20:00:00Z,6_1,Control
a4e9,6_1,Control,2024-11-24T20:26:00Z,0.8,15.296875,15.3203125,3.6,2024-11-24T20:20:00Z,6_1,Control
a4e9,6_1,Control,2024-11-24T20:48:00Z,0.79,15.21875,15.2421875,3.61,2024-11-24T20:40:00Z,6_1,Control
a4e9,6_1,Control,2024-11-24T21:09:00Z,0.78,15.0234375,15.078125,3.61,2024-11-24T21:00:00Z,6_1,Control
a4e9,6_1,Control,2024-11-24T21:30:00Z,0.79,14.90625,14.9375,3.61,2024-11-24T21:40:00Z,6_1,Control
a4e9,6_1,Control,2024-11-24T21:52:00Z,0.78,14.609375,14.65625,3.6,2024-11-24T22:00:00Z,6_1,Control
a4e9,6_1,Control,2024-11-24T22:13:00Z,0.78,14.1484375,14.21875,3.61,2024-11-24T22:20:00Z,6_1,Control
a4e9,6_1,Control,2024-11-24T22:35:00Z,0.78,13.765625,13.8203125,3.61,2024-11-24T22:40:00Z,6_1,Control
a4e9,6_1,Control,2024-11-24T22:56:00Z,0.78,13.828125,13.859375,3.6,2024-11-24T23:00:00Z,6_1,Control
a4e9,6_1,Control,2024-11-24T23:18:00Z,0.81,14.3828125,14.3828125,3.61,2024-11-24T23:20:00Z,6_1,Control
a4e9,6_1,Control,2024-11-24T23:39:00Z,0.81,14.921875,14.9375,3.61,2024-11-24T23:40:00Z,6_1,Control
a4e9,6_1,Control,2024-11-25T00:01:00Z,0.79,15.0703125,15.09375,3.6,2024-11-25T00:00:00Z,6_1,Control
a4e9,6_1,Control,2024-11-25T00:22:00Z,0.76,14.7109375,14.765625,3.6,2024-11-25T00:20:00Z,6_1,Control
a4e9,6_1,Control,2024-11-25T00:44:00Z,0.77,13.9609375,14.03125,3.61,2024-11-25T00:40:00Z,6_1,Control
a4e9,6_1,Control,2024-11-25T01:05:00Z,0.78,13.375,13.421875,3.61,2024-11-25T01:00:00Z,6_1,Control
a4e9,6_1,Control,2024-11-25T01:27:00Z,0.81,13.15625,13.171875,3.61,2024-11-25T01:20:00Z,6_1,Control
a4e9,6_1,Control,2024-11-25T01:48:00Z,0.81,13.515625,13.5078125,3.6,2024-11-25T01:40:00Z,6_1,Control
a4e9,6_1,Control,2024-11-25T02:10:00Z,0.83,14.015625,13.984375,3.6,2024-11-25T02:00:00Z,6_1,Control
a4e9,6_1,Control,2024-11-25T02:31:00Z,0.85,15.09375,15.03125,3.6,2024-11-25T02:40:00Z,6_1,Control
a4e9,6_1,Control,2024-11-25T02:52:00Z,0.86,16.09375,16.015625,3.61,2024-11-25T03:00:00Z,6_1,Control
a4e9,6_1,Control,2024-11-25T03:14:00Z,1.06,17.703125,17.46875,3.6,2024-11-25T03:20:00Z,6_1,Control
a4e9,6_1,Control,2024-11-25T03:35:00Z,1.1,19.765625,19.5234375,3.61,2024-11-25T03:40:00Z,6_1,Control
a4e9,6_1,Control,2024-11-25T03:57:00Z,1.09,20.875,20.5859375,3.61,2024-11-25T04:00:00Z,6_1,Control
a4e9,6_1,Control,2024-11-25T04:18:00Z,1.12,22.1640625,21.8671875,3.61,2024-11-25T04:20:00Z,6_1,Control
a4e9,6_1,Control,2024-11-25T04:40:00Z,1.14,23.15625,22.8984375,3.61,2024-11-25T04:40:00Z,6_1,Control
a4e9,6_1,Control,2024-11-25T05:01:00Z,1.16,23.9765625,23.8203125,3.61,2024-11-25T05:00:00Z,6_1,Control
a4e9,6_1,Control,2024-11-25T05:23:00Z,1.25,24.8046875,24.75,3.61,2024-11-25T05:20:00Z,6_1,Control
a4e9,6_1,Control,2024-11-25T05:44:00Z,1.33,25.609375,25.46875,3.62,2024-11-25T05:40:00Z,6_1,Control
a4e9,6_1,Control,2024-11-25T06:06:00Z,1.32,25.8828125,25.765625,3.61,2024-11-25T06:00:00Z,6_1,Control
a4e9,6_1,Control,2024-11-25T06:27:00Z,1.28,26.5703125,26.546875,3.61,2024-11-25T06:20:00Z,6_1,Control
a4e9,6_1,Control,2024-11-25T06:49:00Z,1.32,27.0859375,27.046875,3.62,2024-11-25T06:40:00Z,6_1,Control
a4e9,6_1,Control,2024-11-25T07:10:00Z,1.3,27.75,27.6640625,3.62,2024-11-25T07:00:00Z,6_1,Control
a4e9,6_1,Control,2024-11-25T07:32:00Z,1.34,28.796875,28.59375,3.62,2024-11-25T07:40:00Z,6_1,Control
a4e9,6_1,Control,2024-11-25T07:53:00Z,1.33,28.765625,28.6953125,3.62,2024-11-25T08:00:00Z,6_1,Control
a4e9,6_1,Control,2024-11-25T08:14:00Z,1.32,29.15625,29.125,3.62,2024-11-25T08:20:00Z,6_1,Control
a4e9,6_1,Control,2024-11-25T08:36:00Z,1.44,28.984375,28.8671875,3.62,2024-11-25T08:40:00Z,6_1,Control
a4e9,6_1,Control,2024-11-25T08:57:00Z,1.42,28.65625,28.5859375,3.62,2024-11-25T09:00:00Z,6_1,Control
a4e9,6_1,Control,2024-11-25T09:19:00Z,1.34,28.3671875,28.3203125,3.63,2024-11-25T09:20:00Z,6_1,Control
a4e9,6_1,Control,2024-11-25T09:40:00Z,1.35,28.6953125,28.8203125,3.62,2024-11-25T09:40:00Z,6_1,Control
a4e9,6_1,Control,2024-11-25T10:02:00Z,1.44,28.9453125,29.078125,3.62,2024-11-25T10:00:00Z,6_1,Control
a4e9,6_1,Control,2024-11-25T10:23:00Z,1.4,29.359375,29.4765625,3.62,2024-11-25T10:20:00Z,6_1,Control
a4e9,6_1,Control,2024-11-25T10:45:00Z,1.38,29.8046875,29.8984375,3.62,2024-11-25T10:40:00Z,6_1,Control
a4e9,6_1,Control,2024-11-25T11:06:00Z,1.45,29.1171875,29.03125,3.62,2024-11-25T11:00:00Z,6_1,Control
a4e9,6_1,Control,2024-11-25T11:28:00Z,1.23,27.9921875,27.890625,3.62,2024-11-25T11:20:00Z,6_1,Control
a4e9,6_1,Control,2024-11-25T11:49:00Z,1.19,27.3046875,27.3046875,3.62,2024-11-25T11:40:00Z,6_1,Control
a4e9,6_1,Control,2024-11-25T12:11:00Z,1.17,26.4140625,26.4140625,3.62,2024-11-25T12:20:00Z,6_1,Control
a4e9,6_1,Control,2024-11-25T12:32:00Z,1.09,25.65625,25.65625,3.62,2024-11-25T12:40:00Z,6_1,Control
a4e9,6_1,Control,2024-11-25T12:54:00Z,1.06,25.1328125,25.1484375,3.62,2024-11-25T13:00:00Z,6_1,Control
a4e9,6_1,Control,2024-11-25T13:15:00Z,1.03,23.5234375,23.4921875,3.62,2024-11-25T13:20:00Z,6_1,Control
a4e9,6_1,Control,2024-11-25T13:37:00Z,0.88,21.1015625,21.0234375,3.62,2024-11-25T13:40:00Z,6_1,Control
a4e9,6_1,Control,2024-11-25T13:58:00Z,0.89,19.375,19.296875,3.62,2024-11-25T14:00:00Z,6_1,Control
a4e9,6_1,Control,2024-11-25T14:19:00Z,0.91,19.1875,19.171875,3.62,2024-11-25T14:20:00Z,6_1,Control
a4e9,6_1,Control,2024-11-25T14:41:00Z,0.87,18.7109375,18.7109375,3.61,2024-11-25T14:40:00Z,6_1,Control
a4e9,6_1,Control,2024-11-25T15:02:00Z,0.81,17.25,17.2265625,3.61,2024-11-25T15:00:00Z,6_1,Control
a4e9,6_1,Control,2024-11-25T15:24:00Z,0.79,16.265625,16.265625,3.61,2024-11-25T15:20:00Z,6_1,Control
a4e9,6_1,Control,2024-11-25T15:45:00Z,0.8,15.5625,15.5859375,3.61,2024-11-25T15:40:00Z,6_1,Control
a4e9,6_1,Control,2024-11-25T16:07:00Z,0.8,15.015625,15.0390625,3.61,2024-11-25T16:00:00Z,6_1,Control
a4e9,6_1,Control,2024-11-25T16:28:00Z,0.79,14.5703125,14.6015625,3.6,2024-11-25T16:20:00Z,6_1,Control
a4e9,6_1,Control,2024-11-25T16:50:00Z,0.79,14.203125,14.2265625,3.61,2024-11-25T16:40:00Z,6_1,Control
a4e9,6_1,Control,2024-11-25T17:11:00Z,0.81,13.90625,13.9375,3.61,2024-11-25T17:20:00Z,6_1,Control
a4e9,6_1,Control,2024-11-25T17:33:00Z,0.8,13.7890625,13.8125,3.6,2024-11-25T17:40:00Z,6_1,Control
a4e9,6_1,Control,2024-11-25T17:54:00Z,0.8,13.609375,13.625,3.6,2024-11-25T18:00:00Z,6_1,Control
a4e9,6_1,Control,2024-11-25T18:16:00Z,0.8,13.4140625,13.4296875,3.6,2024-11-25T18:20:00Z,6_1,Control
a4e9,6_1,Control,2024-11-25T18:37:00Z,0.79,13.1484375,13.15625,3.61,2024-11-25T18:40:00Z,6_1,Control
a4e9,6_1,Control,2024-11-25T18:59:00Z,0.79,12.78125,12.796875,3.6,2024-11-25T19:00:00Z,6_1,Control
a4e9,6_1,Control,2024-11-25T19:20:00Z,0.78,12.359375,12.375,3.61,2024-11-25T19:20:00Z,6_1,Control
a4e9,6_1,Control,2024-11-25T19:41:00Z,0.8,12.0859375,12.1015625,3.6,2024-11-25T19:40:00Z,6_1,Control
a4e9,6_1,Control,2024-11-25T20:03:00Z,0.79,11.921875,11.9375,3.6,2024-11-25T20:00:00Z,6_1,Control
a4e9,6_1,Control,2024-11-25T20:24:00Z,0.8,11.640625,11.65625,3.6,2024-11-25T20:20:00Z,6_1,Control
a4e9,6_1,Control,2024-11-25T20:46:00Z,0.79,11.375,11.375,3.6,2024-11-25T20:40:00Z,6_1,Control
a4e9,6_1,Control,2024-11-25T21:07:00Z,0.8,11.0546875,11.0546875,3.6,2024-11-25T21:00:00Z,6_1,Control
a4e9,6_1,Control,2024-11-25T21:29:00Z,0.78,10.7109375,10.7109375,3.6,2024-11-25T21:20:00Z,6_1,Control
a4e9,6_1,Control,2024-11-25T21:50:00Z,0.8,10.359375,10.359375,3.6,2024-11-25T21:40:00Z,6_1,Control
a4e9,6_1,Control,2024-11-25T22:12:00Z,0.8,10.0703125,10.0703125,3.6,2024-11-25T22:20:00Z,6_1,Control
a4e9,6_1,Control,2024-11-25T22:33:00Z,0.78,9.7421875,9.734375,3.6,2024-11-25T22:40:00Z,6_1,Control
a4e9,6_1,Control,2024-11-25T22:55:00Z,0.78,9.3203125,9.3359375,3.6,2024-11-25T23:00:00Z,6_1,Control
a4e9,6_1,Control,2024-11-25T23:16:00Z,0.79,9.0390625,9.046875,3.59,2024-11-25T23:20:00Z,6_1,Control
a4e9,6_1,Control,2024-11-25T23:38:00Z,0.79,9.03125,9.03125,3.6,2024-11-25T23:40:00Z,6_1,Control
a4e9,6_1,Control,2024-11-25T23:59:00Z,0.8,8.9453125,8.96875,3.59,2024-11-26T00:00:00Z,6_1,Control
a4e9,6_1,Control,2024-11-26T00:21:00Z,0.8,8.828125,8.8515625,3.6,2024-11-26T00:20:00Z,6_1,Control
a4e9,6_1,Control,2024-11-26T00:42:00Z,0.8,8.8125,8.8125,3.59,2024-11-26T00:40:00Z,6_1,Control
a4e9,6_1,Control,2024-11-26T01:03:00Z,0.79,8.578125,8.6015625,3.59,2024-11-26T01:00:00Z,6_1,Control
a4e9,6_1,Control,2024-11-26T01:25:00Z,0.81,8.546875,8.5546875,3.6,2024-11-26T01:20:00Z,6_1,Control
a4e9,6_1,Control,2024-11-26T01:46:00Z,0.79,8.6171875,8.609375,3.59,2024-11-26T01:40:00Z,6_1,Control
a4e9,6_1,Control,2024-11-26T02:08:00Z,0.83,8.46875,8.453125,3.59,2024-11-26T02:00:00Z,6_1,Control
a4e9,6_1,Control,2024-11-26T02:29:00Z,0.86,9.171875,9.0703125,3.59,2024-11-26T02:20:00Z,6_1,Control
a4e9,6_1,Control,2024-11-26T02:51:00Z,0.9,10.421875,10.265625,3.59,2024-11-26T03:00:00Z,6_1,Control
a4e9,6_1,Control,2024-11-26T03:12:00Z,0.93,11.828125,11.609375,3.6,2024-11-26T03:20:00Z,6_1,Control
a4e9,6_1,Control,2024-11-26T03:34:00Z,0.97,13.09375,12.8046875,3.59,2024-11-26T03:40:00Z,6_1,Control
a4e9,6_1,Control,2024-11-26T03:55:00Z,0.98,14.4453125,14.1328125,3.59,2024-11-26T04:00:00Z,6_1,Control
a4e9,6_1,Control,2024-11-26T04:17:00Z,0.98,15.5703125,15.2890625,3.6,2024-11-26T04:20:00Z,6_1,Control
a4e9,6_1,Control,2024-11-26T04:38:00Z,0.98,15.96875,15.7109375,3.6,2024-11-26T04:40:00Z,6_1,Control
a4e9,6_1,Control,2024-11-26T05:00:00Z,0.96,16.4453125,16.25,3.61,2024-11-26T05:00:00Z,6_1,Control
a4e9,6_1,Control,2024-11-26T05:21:00Z,1.06,16.671875,16.5703125,3.6,2024-11-26T05:20:00Z,6_1,Control
a4e9,6_1,Control,2024-11-26T05:43:00Z,1.06,17.40625,17.3203125,3.61,2024-11-26T05:40:00Z,6_1,Control
a4e9,6_1,Control,2024-11-26T06:04:00Z,1.09,17.84375,17.7734375,3.61,2024-11-26T06:00:00Z,6_1,Control
a4e9,6_1,Control,2024-11-26T06:25:00Z,1.09,18.0703125,18.0234375,3.61,2024-11-26T06:20:00Z,6_1,Control
a4e9,6_1,Control,2024-11-26T06:47:00Z,1.06,18.8046875,18.78125,3.61,2024-11-26T06:40:00Z,6_1,Control
a4e9,6_1,Control,2024-11-26T07:08:00Z,1.11,19.1640625,19.09375,3.61,2024-11-26T07:00:00Z,6_1,Control
a4e9,6_1,Control,2024-11-26T07:30:00Z,1.1,19.6953125,19.5,3.61,2024-11-26T07:40:00Z,6_1,Control
a4e9,6_1,Control,2024-11-26T07:51:00Z,1.13,19.78125,19.6484375,3.61,2024-11-26T08:00:00Z,6_1,Control
a4e9,6_1,Control,2024-11-26T08:13:00Z,1.11,19.8046875,19.7109375,3.61,2024-11-26T08:20:00Z,6_1,Control
a4e9,6_1,Control,2024-11-26T08:34:00Z,1.2,20.203125,20.1640625,3.61,2024-11-26T08:40:00Z,6_1,Control
a4e9,6_1,Control,2024-11-26T08:56:00Z,1.11,19.9921875,19.9453125,3.61,2024-11-26T09:00:00Z,6_1,Control
a4e9,6_1,Control,2024-11-26T09:17:00Z,1.07,18.8671875,18.75,3.61,2024-11-26T09:20:00Z,6_1,Control
a4e9,6_1,Control,2024-11-26T09:39:00Z,1.17,19.59375,19.6796875,3.61,2024-11-26T09:40:00Z,6_1,Control
a4e9,6_1,Control,2024-11-26T10:00:00Z,1.18,20.5625,20.6796875,3.61,2024-11-26T10:00:00Z,6_1,Control
a4e9,6_1,Control,2024-11-26T10:22:00Z,1.11,20.7578125,20.7890625,3.62,2024-11-26T10:20:00Z,6_1,Control
a4e9,6_1,Control,2024-11-26T10:43:00Z,1.04,19.8359375,19.7890625,3.61,2024-11-26T10:40:00Z,6_1,Control
a4e9,6_1,Control,2024-11-26T11:05:00Z,1.05,18.625,18.5390625,3.61,2024-11-26T11:00:00Z,6_1,Control
a4e9,6_1,Control,2024-11-26T11:26:00Z,0.99,17.578125,17.5078125,3.61,2024-11-26T11:20:00Z,6_1,Control
a4e9,6_1,Control,2024-11-26T11:47:00Z,0.95,16.2578125,16.1796875,3.61,2024-11-26T11:40:00Z,6_1,Control
a4e9,6_1,Control,2024-11-26T12:09:00Z,0.92,15.296875,15.2265625,3.61,2024-11-26T12:00:00Z,6_1,Control
a4e9,6_1,Control,2024-11-26T12:30:00Z,0.95,15.1171875,15.0703125,3.61,2024-11-26T12:40:00Z,6_1,Control
a4e9,6_1,Control,2024-11-26T12:52:00Z,0.96,16.109375,16.1328125,3.6,2024-11-26T13:00:00Z,6_1,Control
a4e9,6_1,Control,2024-11-26T13:13:00Z,0.9,15.4453125,15.4140625,3.6,2024-11-26T13:20:00Z,6_1,Control
a4e9,6_1,Control,2024-11-26T13:35:00Z,0.84,14.46875,14.40625,3.6,2024-11-26T13:40:00Z,6_1,Control
a4e9,6_1,Control,2024-11-26T13:56:00Z,0.83,13.6875,13.6484375,3.6,2024-11-26T14:00:00Z,6_1,Control
a4e9,6_1,Control,2024-11-26T14:18:00Z,0.84,13.3203125,13.2890625,3.6,2024-11-26T14:20:00Z,6_1,Control
a4e9,6_1,Control,2024-11-26T14:39:00Z,0.85,13.2265625,13.203125,3.6,2024-11-26T14:40:00Z,6_1,Control
a4e9,6_1,Control,2024-11-26T15:01:00Z,0.82,12.78125,12.765625,3.6,2024-11-26T15:00:00Z,6_1,Control
a4e9,6_1,Control,2024-11-26T15:22:00Z,0.79,11.8671875,11.859375,3.6,2024-11-26T15:20:00Z,6_1,Control
a4e9,6_1,Control,2024-11-26T15:44:00Z,0.79,10.890625,10.890625,3.6,2024-11-26T15:40:00Z,6_1,Control
a4e9,6_1,Control,2024-11-26T16:05:00Z,0.82,10.46875,10.453125,3.6,2024-11-26T16:00:00Z,6_1,Control
a4e9,6_1,Control,2024-11-26T16:27:00Z,0.8,10.265625,10.25,3.59,2024-11-26T16:20:00Z,6_1,Control
a4e9,6_1,Control,2024-11-26T16:48:00Z,0.81,10.046875,10.03125,3.59,2024-11-26T16:40:00Z,6_1,Control
a4e9,6_1,Control,2024-11-26T17:09:00Z,0.81,9.890625,9.875,3.59,2024-11-26T17:00:00Z,6_1,Control
a4e9,6_1,Control,2024-11-26T17:31:00Z,0.8,9.8203125,9.8125,3.6,2024-11-26T17:40:00Z,6_1,Control
a4e9,6_1,Control,2024-11-26T17:52:00Z,0.78,9.7265625,9.71875,3.59,2024-11-26T18:00:00Z,6_1,Control
a4e9,6_1,Control,2024-11-26T18:14:00Z,0.79,9.671875,9.6640625,3.59,2024-11-26T18:20:00Z,6_1,Control
a4e9,6_1,Control,2024-11-26T18:35:00Z,0.8,9.65625,9.6484375,3.59,2024-11-26T18:40:00Z,6_1,Control
a4e9,6_1,Control,2024-11-26T18:57:00Z,0.81,9.8125,9.8046875,3.59,2024-11-26T19:00:00Z,6_1,Control
a4e9,6_1,Control,2024-11-26T19:18:00Z,0.81,9.9140625,9.90625,3.59,2024-11-26T19:20:00Z,6_1,Control
a4e9,6_1,Control,2024-11-26T19:40:00Z,0.8,9.890625,9.8828125,3.59,2024-11-26T19:40:00Z,6_1,Control
a4e9,6_1,Control,2024-11-26T20:01:00Z,0.79,9.7578125,9.75,3.59,2024-11-26T20:00:00Z,6_1,Control
a4e9,6_1,Control,2024-11-26T20:23:00Z,0.79,9.703125,9.6953125,3.59,2024-11-26T20:20:00Z,6_1,Control
a4e9,6_1,Control,2024-11-26T20:44:00Z,0.81,9.515625,9.5078125,3.59,2024-11-26T20:40:00Z,6_1,Control
a4e9,6_1,Control,2024-11-26T21:06:00Z,0.81,9.4921875,9.484375,3.59,2024-11-26T21:00:00Z,6_1,Control
a4e9,6_1,Control,2024-11-26T21:27:00Z,0.8,9.625,9.609375,3.58,2024-11-26T21:20:00Z,6_1,Control
a4e9,6_1,Control,2024-11-26T21:49:00Z,0.82,9.5625,9.5546875,3.59,2024-11-26T21:40:00Z,6_1,Control
a4e9,6_1,Control,2024-11-26T22:10:00Z,0.8,9.3125,9.3046875,3.59,2024-11-26T22:00:00Z,6_1,Control
a4e9,6_1,Control,2024-11-26T22:31:00Z,0.79,9.1640625,9.15625,3.59,2024-11-26T22:40:00Z,6_1,Control
a4e9,6_1,Control,2024-11-26T22:53:00Z,0.79,8.8125,8.8203125,3.59,2024-11-26T23:00:00Z,6_1,Control
a4e9,6_1,Control,2024-11-26T23:14:00Z,0.79,8.6796875,8.6875,3.59,2024-11-26T23:20:00Z,6_1,Control
a4e9,6_1,Control,2024-11-26T23:36:00Z,0.8,8.7109375,8.71875,3.59,2024-11-26T23:40:00Z,6_1,Control
a4e9,6_1,Control,2024-11-26T23:57:00Z,0.8,8.6171875,8.6328125,3.59,2024-11-27T00:00:00Z,6_1,Control
a4e9,6_1,Control,2024-11-27T00:19:00Z,0.79,8.5703125,8.5859375,3.58,2024-11-27T00:20:00Z,6_1,Control
a4e9,6_1,Control,2024-11-27T00:40:00Z,0.78,8.53125,8.546875,3.59,2024-11-27T00:40:00Z,6_1,Control
a4e9,6_1,Control,2024-11-27T01:02:00Z,0.79,8.4609375,8.4765625,3.58,2024-11-27T01:00:00Z,6_1,Control
a4e9,6_1,Control,2024-11-27T01:23:00Z,0.79,8.484375,8.5,3.59,2024-11-27T01:20:00Z,6_1,Control
a4e9,6_1,Control,2024-11-27T01:45:00Z,0.79,8.546875,8.5703125,3.59,2024-11-27T01:40:00Z,6_1,Control
a4e9,6_1,Control,2024-11-27T02:06:00Z,0.79,8.453125,8.4921875,3.59,2024-11-27T02:00:00Z,6_1,Control
a4e9,6_1,Control,2024-11-27T02:28:00Z,0.8,8.1875,8.234375,3.59,2024-11-27T02:20:00Z,6_1,Control
a4e9,6_1,Control,2024-11-27T02:49:00Z,0.82,8.3203125,8.3515625,3.58,2024-11-27T02:40:00Z,6_1,Control
a4e9,6_1,Control,2024-11-27T03:11:00Z,0.8,8.8984375,8.921875,3.59,2024-11-27T03:20:00Z,6_1,Control
a4e9,6_1,Control,2024-11-27T03:32:00Z,0.84,9.421875,9.4453125,3.59,2024-11-27T03:40:00Z,6_1,Control
a4e9,6_1,Control,2024-11-27T03:53:00Z,0.84,10.0625,10.0703125,3.58,2024-11-27T04:00:00Z,6_1,Control
a4e9,6_1,Control,2024-11-27T04:15:00Z,0.86,10.453125,10.4609375,3.59,2024-11-27T04:20:00Z,6_1,Control
a4e9,6_1,Control,2024-11-27T04:36:00Z,0.88,11.75,11.7265625,3.59,2024-11-27T04:40:00Z,6_1,Control
a4e9,6_1,Control,2024-11-27T04:58:00Z,0.79,12.265625,12.2578125,3.59,2024-11-27T05:00:00Z,6_1,Control
a4e9,6_1,Control,2024-11-27T05:19:00Z,0.8,11.3828125,11.3984375,3.59,2024-11-27T05:20:00Z,6_1,Control
a4e9,6_1,Control,2024-11-27T05:41:00Z,0.87,11.796875,11.8046875,3.59,2024-11-27T05:40:00Z,6_1,Control
a4e9,6_1,Control,2024-11-27T06:02:00Z,0.84,12.296875,12.296875,3.59,2024-11-27T06:00:00Z,6_1,Control
a4e9,6_1,Control,2024-11-27T06:24:00Z,0.77,12.0625,12.078125,3.59,2024-11-27T06:20:00Z,6_1,Control
a4e9,6_1,Control,2024-11-27T06:45:00Z,0.81,11.5,11.4921875,3.59,2024-11-27T06:40:00Z,6_1,Control
a4e9,6_1,Control,2024-11-27T07:07:00Z,0.79,12.328125,12.2578125,3.59,2024-11-27T07:00:00Z,6_1,Control
a4e9,6_1,Control,2024-11-27T07:28:00Z,0.76,11.875,11.8671875,3.6,2024-11-27T07:20:00Z,6_1,Control
a4e9,6_1,Control,2024-11-27T07:50:00Z,0.8,11.453125,11.4296875,3.59,2024-11-27T07:40:00Z,6_1,Control
a4e9,6_1,Control,2024-11-27T08:11:00Z,0.85,11.9140625,11.859375,3.59,2024-11-27T08:20:00Z,6_1,Control
a4e9,6_1,Control,2024-11-27T08:33:00Z,0.92,13.1796875,13.109375,3.59,2024-11-27T08:40:00Z,6_1,Control
a4e9,6_1,Control,2024-11-27T08:54:00Z,1.02,14.0234375,13.953125,3.59,2024-11-27T09:00:00Z,6_1,Control
a4e9,6_1,Control,2024-11-27T09:15:00Z,1.07,15.875,15.7890625,3.6,2024-11-27T09:20:00Z,6_1,Control
a4e9,6_1,Control,2024-11-27T09:37:00Z,1.1,16.890625,16.8125,3.59,2024-11-27T09:40:00Z,6_1,Control
a4e9,6_1,Control,2024-11-27T09:58:00Z,1.07,17.625,17.5234375,3.6,2024-11-27T10:00:00Z,6_1,Control
a4e9,6_1,Control,2024-11-27T10:20:00Z,1.16,17.9140625,17.8203125,3.6,2024-11-27T10:20:00Z,6_1,Control
a4e9,6_1,Control,2024-11-27T10:41:00Z,1.16,18.2578125,18.1484375,3.6,2024-11-27T10:40:00Z,6_1,Control
a4e9,6_1,Control,2024-11-27T11:03:00Z,1.14,18.8984375,18.78125,3.59,2024-11-27T11:00:00Z,6_1,Control
a4e9,6_1,Control,2024-11-27T11:24:00Z,1.11,19.09375,18.9453125,3.6,2024-11-27T11:20:00Z,6_1,Control
a4e9,6_1,Control,2024-11-27T11:46:00Z,1,18.1875,18.046875,3.6,2024-11-27T11:40:00Z,6_1,Control
a4e9,6_1,Control,2024-11-27T12:07:00Z,0.97,17.140625,17.0234375,3.6,2024-11-27T12:00:00Z,6_1,Control
a4e9,6_1,Control,2024-11-27T12:29:00Z,0.96,16.1953125,16.078125,3.6,2024-11-27T12:20:00Z,6_1,Control
a4e9,6_1,Control,2024-11-27T12:50:00Z,0.91,15.5234375,15.4296875,3.6,2024-11-27T12:40:00Z,6_1,Control
a4e9,6_1,Control,2024-11-27T13:12:00Z,0.94,15.453125,15.40625,3.6,2024-11-27T13:20:00Z,6_1,Control
a4e9,6_1,Control,2024-11-27T13:33:00Z,0.93,15.4140625,15.359375,3.59,2024-11-27T13:40:00Z,6_1,Control
a4e9,6_1,Control,2024-11-27T13:55:00Z,0.9,15.4140625,15.3671875,3.6,2024-11-27T14:00:00Z,6_1,Control
a4e9,6_1,Control,2024-11-27T14:16:00Z,0.85,14.53125,14.46875,3.6,2024-11-27T14:20:00Z,6_1,Control
a4e9,6_1,Control,2024-11-27T14:37:00Z,0.81,13.5078125,13.4609375,3.6,2024-11-27T14:40:00Z,6_1,Control
a4e9,6_1,Control,2024-11-27T14:59:00Z,0.78,12.5703125,12.5546875,3.59,2024-11-27T15:00:00Z,6_1,Control
a4e9,6_1,Control,2024-11-27T15:20:00Z,0.79,11.6953125,11.75,3.59,2024-11-27T15:20:00Z,6_1,Control
a4e9,6_1,Control,2024-11-27T15:42:00Z,0.77,10.8984375,10.9609375,3.59,2024-11-27T15:40:00Z,6_1,Control
a4e9,6_1,Control,2024-11-27T16:03:00Z,0.77,10.3046875,10.3671875,3.59,2024-11-27T16:00:00Z,6_1,Control
a4e9,6_1,Control,2024-11-27T16:25:00Z,0.79,9.96875,10.015625,3.59,2024-11-27T16:20:00Z,6_1,Control
a4e9,6_1,Control,2024-11-27T16:46:00Z,0.79,9.8046875,9.859375,3.59,2024-11-27T16:40:00Z,6_1,Control
a4e9,6_1,Control,2024-11-27T17:08:00Z,0.79,9.734375,9.78125,3.59,2024-11-27T17:00:00Z,6_1,Control
a4e9,6_1,Control,2024-11-27T17:29:00Z,0.78,9.6328125,9.671875,3.59,2024-11-27T17:20:00Z,6_1,Control
a4e9,6_1,Control,2024-11-27T17:51:00Z,0.79,9.6171875,9.6484375,3.59,2024-11-27T18:00:00Z,6_1,Control
a4e9,6_1,Control,2024-11-27T18:12:00Z,0.78,9.5390625,9.5546875,3.58,2024-11-27T18:20:00Z,6_1,Control
a4e9,6_1,Control,2024-11-27T18:34:00Z,0.78,9.46875,9.484375,3.59,2024-11-27T18:40:00Z,6_1,Control
a4e9,6_1,Control,2024-11-27T18:55:00Z,0.78,9.375,9.390625,3.59,2024-11-27T19:00:00Z,6_1,Control
a4e9,6_1,Control,2024-11-27T19:17:00Z,0.78,9.2734375,9.2890625,3.59,2024-11-27T19:20:00Z,6_1,Control
a4e9,6_1,Control,2024-11-27T19:38:00Z,0.78,9.1015625,9.1328125,3.58,2024-11-27T19:40:00Z,6_1,Control
a4e9,6_1,Control,2024-11-27T19:59:00Z,0.8,9.03125,9.0625,3.58,2024-11-27T20:00:00Z,6_1,Control
a4e9,6_1,Control,2024-11-27T20:21:00Z,0.78,8.9296875,8.9609375,3.59,2024-11-27T20:20:00Z,6_1,Control
a4e9,6_1,Control,2024-11-27T20:42:00Z,0.79,8.7734375,8.8125,3.59,2024-11-27T20:40:00Z,6_1,Control
a4e9,6_1,Control,2024-11-27T21:04:00Z,0.78,8.53125,8.5625,3.58,2024-11-27T21:00:00Z,6_1,Control
a4e9,6_1,Control,2024-11-27T21:25:00Z,0.79,8.6015625,8.625,3.58,2024-11-27T21:20:00Z,6_1,Control
a4e9,6_1,Control,2024-11-27T21:47:00Z,0.79,8.84375,8.859375,3.58,2024-11-27T21:40:00Z,6_1,Control
a4e9,6_1,Control,2024-11-27T22:08:00Z,0.79,9,9.015625,3.59,2024-11-27T22:00:00Z,6_1,Control
a4e9,6_1,Control,2024-11-27T22:30:00Z,0.78,8.9453125,8.9765625,3.59,2024-11-27T22:40:00Z,6_1,Control
a4e9,6_1,Control,2024-11-27T22:51:00Z,0.79,8.765625,8.796875,3.59,2024-11-27T23:00:00Z,6_1,Control
a4e9,6_1,Control,2024-11-27T23:13:00Z,0.79,8.734375,8.7578125,3.59,2024-11-27T23:20:00Z,6_1,Control
a4e9,6_1,Control,2024-11-27T23:34:00Z,0.78,8.671875,8.6953125,3.59,2024-11-27T23:40:00Z,6_1,Control
a4e9,6_1,Control,2024-11-27T23:56:00Z,0.78,8.6328125,8.65625,3.59,2024-11-28T00:00:00Z,6_1,Control
a4e9,6_1,Control,2024-11-28T00:17:00Z,0.78,8.59375,8.609375,3.58,2024-11-28T00:20:00Z,6_1,Control
a4e9,6_1,Control,2024-11-28T00:39:00Z,0.8,8.5625,8.5703125,3.59,2024-11-28T00:40:00Z,6_1,Control
a4e9,6_1,Control,2024-11-28T01:00:00Z,0.8,8.5546875,8.5703125,3.59,2024-11-28T01:00:00Z,6_1,Control
a4e9,6_1,Control,2024-11-28T01:22:00Z,0.79,8.359375,8.390625,3.58,2024-11-28T01:20:00Z,6_1,Control
a4e9,6_1,Control,2024-11-28T01:43:00Z,0.8,8.484375,8.5,3.58,2024-11-28T01:40:00Z,6_1,Control
a4e9,6_1,Control,2024-11-28T02:04:00Z,0.8,8.734375,8.7421875,3.58,2024-11-28T02:00:00Z,6_1,Control
a4e9,6_1,Control,2024-11-28T02:26:00Z,0.8,8.921875,8.9375,3.58,2024-11-28T02:20:00Z,6_1,Control
a4e9,6_1,Control,2024-11-28T02:47:00Z,0.81,9.234375,9.2265625,3.58,2024-11-28T02:40:00Z,6_1,Control
a4e9,6_1,Control,2024-11-28T03:09:00Z,0.81,9.6796875,9.671875,3.59,2024-11-28T03:00:00Z,6_1,Control
a4e9,6_1,Control,2024-11-28T03:30:00Z,0.81,10.03125,10.046875,3.59,2024-11-28T03:40:00Z,6_1,Control
a4e9,6_1,Control,2024-11-28T03:52:00Z,0.79,10.0703125,10.1171875,3.59,2024-11-28T04:00:00Z,6_1,Control
a4e9,6_1,Control,2024-11-28T04:13:00Z,0.81,10.5078125,10.5078125,3.58,2024-11-28T04:20:00Z,6_1,Control
a4e9,6_1,Control,2024-11-28T04:35:00Z,0.8,10.8359375,10.8515625,3.59,2024-11-28T04:40:00Z,6_1,Control
a4e9,6_1,Control,2024-11-28T04:56:00Z,0.81,10.9765625,10.984375,3.59,2024-11-28T05:00:00Z,6_1,Control
a4e9,6_1,Control,2024-11-28T05:18:00Z,0.87,11.40625,11.3984375,3.59,2024-11-28T05:20:00Z,6_1,Control
a4e9,6_1,Control,2024-11-28T05:39:00Z,0.97,13.1640625,13.1328125,3.59,2024-11-28T05:40:00Z,6_1,Control
a4e9,6_1,Control,2024-11-28T06:01:00Z,0.96,15.0078125,15.0390625,3.59,2024-11-28T06:00:00Z,6_1,Control
a4e9,6_1,Control,2024-11-28T06:22:00Z,1.02,15.96875,16.03125,3.59,2024-11-28T06:20:00Z,6_1,Control
a4e9,6_1,Control,2024-11-28T06:44:00Z,1.06,17.21875,17.3671875,3.6,2024-11-28T06:40:00Z,6_1,Control
a4e9,6_1,Control,2024-11-28T07:05:00Z,1.09,17.609375,17.65625,3.6,2024-11-28T07:00:00Z,6_1,Control
a4e9,6_1,Control,2024-11-28T07:26:00Z,1.14,20.328125,20.359375,3.61,2024-11-28T07:20:00Z,6_1,Control
a4e9,6_1,Control,2024-11-28T07:48:00Z,1.17,21.5234375,21.4375,3.6,2024-11-28T07:40:00Z,6_1,Control
a4e9,6_1,Control,2024-11-28T08:09:00Z,1.13,22.2578125,22.2578125,3.61,2024-11-28T08:00:00Z,6_1,Control
a4e9,6_1,Control,2024-11-28T08:31:00Z,1.21,22.6328125,22.6953125,3.61,2024-11-28T08:40:00Z,6_1,Control
a4e9,6_1,Control,2024-11-28T08:52:00Z,1.23,22.1015625,22.0703125,3.6,2024-11-28T09:00:00Z,6_1,Control
a4e9,6_1,Control,2024-11-28T09:14:00Z,1.18,22.4453125,22.4375,3.61,2024-11-28T09:20:00Z,6_1,Control
a4e9,6_1,Control,2024-11-28T09:35:00Z,1.22,22.390625,22.4453125,3.61,2024-11-28T09:40:00Z,6_1,Control
a4e9,6_1,Control,2024-11-28T09:57:00Z,1.28,22.8203125,22.96875,3.61,2024-11-28T10:00:00Z,6_1,Control
a4e9,6_1,Control,2024-11-28T10:18:00Z,1.3,23.359375,23.546875,3.61,2024-11-28T10:20:00Z,6_1,Control
a4e9,6_1,Control,2024-11-28T10:40:00Z,1.3,23.3515625,23.484375,3.61,2024-11-28T10:40:00Z,6_1,Control
a4e9,6_1,Control,2024-11-28T11:01:00Z,1.27,23.5859375,23.6875,3.61,2024-11-28T11:00:00Z,6_1,Control
a4e9,6_1,Control,2024-11-28T11:23:00Z,1.22,23.8203125,23.84375,3.61,2024-11-28T11:20:00Z,6_1,Control
a4e9,6_1,Control,2024-11-28T11:44:00Z,1.21,23.65625,23.6953125,3.61,2024-11-28T11:40:00Z,6_1,Control
a4e9,6_1,Control,2024-11-28T12:06:00Z,1.15,23.875,23.984375,3.61,2024-11-28T12:00:00Z,6_1,Control
a4e9,6_1,Control,2024-11-28T12:27:00Z,1.15,23.8125,23.8984375,3.61,2024-11-28T12:20:00Z,6_1,Control
a4e9,6_1,Control,2024-11-28T12:48:00Z,1.11,23.5703125,23.6328125,3.6,2024-11-28T12:40:00Z,6_1,Control
a4e9,6_1,Control,2024-11-28T13:10:00Z,1.06,22.7421875,22.75,3.61,2024-11-28T13:00:00Z,6_1,Control
a4e9,6_1,Control,2024-11-28T13:31:00Z,1.02,21.96875,21.96875,3.61,2024-11-28T13:40:00Z,6_1,Control
a4e9,6_1,Control,2024-11-28T13:53:00Z,0.95,21.2734375,21.2890625,3.61,2024-11-28T14:00:00Z,6_1,Control
a4e9,6_1,Control,2024-11-28T14:14:00Z,0.93,20.84375,20.875,3.61,2024-11-28T14:20:00Z,6_1,Control
a4e9,6_1,Control,2024-11-28T14:36:00Z,0.9,19.9921875,19.96875,3.61,2024-11-28T14:40:00Z,6_1,Control
a4e9,6_1,Control,2024-11-28T14:57:00Z,0.84,18.3828125,18.296875,3.61,2024-11-28T15:00:00Z,6_1,Control
a4e9,6_1,Control,2024-11-28T15:19:00Z,0.8,16.7109375,16.6640625,3.61,2024-11-28T15:20:00Z,6_1,Control
a4e9,6_1,Control,2024-11-28T15:40:00Z,0.8,15.5625,15.546875,3.6,2024-11-28T15:40:00Z,6_1,Control
a4e9,6_1,Control,2024-11-28T16:02:00Z,0.8,14.7421875,14.734375,3.6,2024-11-28T16:00:00Z,6_1,Control
a4e9,6_1,Control,2024-11-28T16:23:00Z,0.79,14.1328125,14.1328125,3.6,2024-11-28T16:20:00Z,6_1,Control
a4e9,6_1,Control,2024-11-28T16:45:00Z,0.79,13.65625,13.65625,3.6,2024-11-28T16:40:00Z,6_1,Control
a4e9,6_1,Control,2024-11-28T17:06:00Z,0.79,13.21875,13.234375,3.59,2024-11-28T17:00:00Z,6_1,Control
a4e9,6_1,Control,2024-11-28T17:28:00Z,0.78,12.796875,12.8046875,3.6,2024-11-28T17:20:00Z,6_1,Control
a4e9,6_1,Control,2024-11-28T17:49:00Z,0.79,12.4296875,12.4453125,3.59,2024-11-28T17:40:00Z,6_1,Control
a4e9,6_1,Control,2024-11-28T18:10:00Z,0.79,12.1640625,12.171875,3.6,2024-11-28T18:00:00Z,6_1,Control
a4e9,6_1,Control,2024-11-28T18:32:00Z,0.8,11.96875,11.9765625,3.6,2024-11-28T18:40:00Z,6_1,Control
a4e9,6_1,Control,2024-11-28T18:53:00Z,0.78,11.6953125,11.7109375,3.59,2024-11-28T19:00:00Z,6_1,Control
a4e9,6_1,Control,2024-11-28T19:15:00Z,0.77,11.03125,11.09375,3.59,2024-11-28T19:20:00Z,6_1,Control
a4e9,6_1,Control,2024-11-28T19:36:00Z,0.8,10.71875,10.7421875,3.59,2024-11-28T19:40:00Z,6_1,Control
a4e9,6_1,Control,2024-11-28T19:58:00Z,0.79,10.5546875,10.578125,3.6,2024-11-28T20:00:00Z,6_1,Control
a4e9,6_1,Control,2024-11-28T20:19:00Z,0.79,10.4375,10.453125,3.59,2024-11-28T20:20:00Z,6_1,Control
a4e9,6_1,Control,2024-11-28T20:41:00Z,0.77,10.2421875,10.2578125,3.59,2024-11-28T20:40:00Z,6_1,Control
a4e9,6_1,Control,2024-11-28T21:02:00Z,0.76,9.65625,9.703125,3.59,2024-11-28T21:00:00Z,6_1,Control
a4e9,6_1,Control,2024-11-28T21:24:00Z,0.77,8.9921875,9.0390625,3.59,2024-11-28T21:20:00Z,6_1,Control
a4e9,6_1,Control,2024-11-28T21:45:00Z,0.79,8.5234375,8.5546875,3.59,2024-11-28T21:40:00Z,6_1,Control
a4e9,6_1,Control,2024-11-28T22:07:00Z,0.78,8.1875,8.2109375,3.59,2024-11-28T22:00:00Z,6_1,Control
a4e9,6_1,Control,2024-11-28T22:28:00Z,0.78,7.9296875,7.9453125,3.59,2024-11-28T22:20:00Z,6_1,Control
a4e9,6_1,Control,2024-11-28T22:50:00Z,0.79,7.734375,7.75,3.59,2024-11-28T22:40:00Z,6_1,Control
a4e9,6_1,Control,2024-11-28T23:11:00Z,0.78,7.59375,7.609375,3.59,2024-11-28T23:20:00Z,6_1,Control
a4e9,6_1,Control,2024-11-28T23:32:00Z,0.78,7.390625,7.40625,3.59,2024-11-28T23:40:00Z,6_1,Control
a4e9,6_1,Control,2024-11-28T23:54:00Z,0.78,7.0546875,7.0859375,3.59,2024-11-29T00:00:00Z,6_1,Control
a4e9,6_1,Control,2024-11-29T00:15:00Z,0.8,6.8828125,6.9140625,3.59,2024-11-29T00:20:00Z,6_1,Control
a4e9,6_1,Control,2024-11-29T00:37:00Z,0.78,6.765625,6.796875,3.59,2024-11-29T00:40:00Z,6_1,Control
a4e9,6_1,Control,2024-11-29T00:58:00Z,0.79,6.671875,6.6953125,3.59,2024-11-29T01:00:00Z,6_1,Control
a4e9,6_1,Control,2024-11-29T01:20:00Z,0.79,6.7734375,6.7734375,3.58,2024-11-29T01:20:00Z,6_1,Control
a4e9,6_1,Control,2024-11-29T01:41:00Z,0.79,6.734375,6.75,3.59,2024-11-29T01:40:00Z,6_1,Control
a4e9,6_1,Control,2024-11-29T02:03:00Z,0.81,7.0234375,7,3.59,2024-11-29T02:00:00Z,6_1,Control
a4e9,6_1,Control,2024-11-29T02:24:00Z,0.89,8.2578125,8.125,3.59,2024-11-29T02:20:00Z,6_1,Control
a4e9,6_1,Control,2024-11-29T02:46:00Z,0.93,10.3984375,10.1015625,3.59,2024-11-29T02:40:00Z,6_1,Control
a4e9,6_1,Control,2024-11-29T03:07:00Z,0.93,13.1484375,12.84375,3.58,2024-11-29T03:00:00Z,6_1,Control
a4e9,6_1,Control,2024-11-29T03:29:00Z,0.97,15.0703125,14.875,3.59,2024-11-29T03:20:00Z,6_1,Control
a4e9,6_1,Control,2024-11-29T03:50:00Z,1,16.46875,16.328125,3.59,2024-11-29T03:40:00Z,6_1,Control
a4e9,6_1,Control,2024-11-29T04:12:00Z,1.01,17.5234375,17.390625,3.59,2024-11-29T04:20:00Z,6_1,Control
a4e9,6_1,Control,2024-11-29T04:33:00Z,1,18.4375,18.3359375,3.6,2024-11-29T04:40:00Z,6_1,Control
a4e9,6_1,Control,2024-11-29T04:54:00Z,0.98,19.75,19.6640625,3.6,2024-11-29T05:00:00Z,6_1,Control
a4e9,6_1,Control,2024-11-29T05:16:00Z,1.07,19.703125,19.7578125,3.6,2024-11-29T05:20:00Z,6_1,Control
a4e9,6_1,Control,2024-11-29T05:37:00Z,1.13,20.3203125,20.2890625,3.6,2024-11-29T05:40:00Z,6_1,Control
a4e9,6_1,Control,2024-11-29T05:59:00Z,1.15,21.0859375,21.1328125,3.61,2024-11-29T06:00:00Z,6_1,Control
a4e9,6_1,Control,2024-11-29T06:20:00Z,1.16,21.9296875,22.0390625,3.61,2024-11-29T06:20:00Z,6_1,Control
a4e9,6_1,Control,2024-11-29T06:42:00Z,1.19,22.90625,23.015625,3.61,2024-11-29T06:40:00Z,6_1,Control
a4e9,6_1,Control,2024-11-29T07:03:00Z,1.19,24.3125,24.421875,3.61,2024-11-29T07:00:00Z,6_1,Control
a4e9,6_1,Control,2024-11-29T07:25:00Z,1.26,26.4609375,26.3203125,3.61,2024-11-29T07:20:00Z,6_1,Control
a4e9,6_1,Control,2024-11-29T07:46:00Z,1.24,27.328125,27.140625,3.61,2024-11-29T07:40:00Z,6_1,Control
a4e9,6_1,Control,2024-11-29T08:08:00Z,1.27,28.203125,28.09375,3.61,2024-11-29T08:00:00Z,6_1,Control
a4e9,6_1,Control,2024-11-29T08:29:00Z,1.34,28.5703125,28.5859375,3.61,2024-11-29T08:20:00Z,6_1,Control
a4e9,6_1,Control,2024-11-29T08:51:00Z,1.37,28.7734375,28.8359375,3.61,2024-11-29T09:00:00Z,6_1,Control
a4e9,6_1,Control,2024-11-29T09:12:00Z,1.3,29.40625,29.3359375,3.62,2024-11-29T09:20:00Z,6_1,Control
a4e9,6_1,Control,2024-11-29T09:34:00Z,1.42,29.96875,30,3.62,2024-11-29T09:40:00Z,6_1,Control
a4e9,6_1,Control,2024-11-29T09:55:00Z,1.33,29.859375,29.890625,3.62,2024-11-29T10:00:00Z,6_1,Control
a4e9,6_1,Control,2024-11-29T10:16:00Z,1.41,30.2265625,30.3359375,3.62,2024-11-29T10:20:00Z,6_1,Control
a4e9,6_1,Control,2024-11-29T10:38:00Z,1.38,30.65625,30.703125,3.61,2024-11-29T10:40:00Z,6_1,Control
a4e9,6_1,Control,2024-11-29T10:59:00Z,1.34,30.3515625,30.3203125,3.63,2024-11-29T11:00:00Z,6_1,Control
a4e9,6_1,Control,2024-11-29T11:21:00Z,1.33,30.2421875,30.1875,3.62,2024-11-29T11:20:00Z,6_1,Control
a4e9,6_1,Control,2024-11-29T11:42:00Z,1.24,30.125,30.1015625,3.62,2024-11-29T11:40:00Z,6_1,Control
a4e9,6_1,Control,2024-11-29T12:04:00Z,1.26,29.7734375,29.7890625,3.62,2024-11-29T12:00:00Z,6_1,Control
a4e9,6_1,Control,2024-11-29T12:25:00Z,1.21,29.609375,29.6328125,3.62,2024-11-29T12:20:00Z,6_1,Control
a4e9,6_1,Control,2024-11-29T12:47:00Z,1.16,29.3125,29.2890625,3.62,2024-11-29T12:40:00Z,6_1,Control
a4e9,6_1,Control,2024-11-29T13:08:00Z,1.08,28.671875,28.5625,3.62,2024-11-29T13:00:00Z,6_1,Control
a4e9,6_1,Control,2024-11-29T13:30:00Z,1.05,28.2578125,28.203125,3.62,2024-11-29T13:40:00Z,6_1,Control
a4e9,6_1,Control,2024-11-29T13:51:00Z,0.97,27.7265625,27.6953125,3.62,2024-11-29T14:00:00Z,6_1,Control
a4e9,6_1,Control,2024-11-29T14:13:00Z,0.93,26.71875,26.6640625,3.62,2024-11-29T14:20:00Z,6_1,Control
a4e9,6_1,Control,2024-11-29T14:34:00Z,0.94,25.390625,25.3359375,3.61,2024-11-29T14:40:00Z,6_1,Control
a4e9,6_1,Control,2024-11-29T14:56:00Z,0.86,23.546875,23.421875,3.61,2024-11-29T15:00:00Z,6_1,Control
a4e9,6_1,Control,2024-11-29T15:17:00Z,0.79,21.3515625,21.2578125,3.61,2024-11-29T15:20:00Z,6_1,Control
a4e9,6_1,Control,2024-11-29T15:38:00Z,0.78,19.6875,19.625,3.61,2024-11-29T15:40:00Z,6_1,Control
a4e9,6_1,Control,2024-11-29T16:00:00Z,0.79,18.5390625,18.5078125,3.61,2024-11-29T16:00:00Z,6_1,Control
a4e9,6_1,Control,2024-11-29T16:21:00Z,0.79,17.7734375,17.75,3.61,2024-11-29T16:20:00Z,6_1,Control
a4e9,6_1,Control,2024-11-29T16:43:00Z,0.78,17.28125,17.265625,3.61,2024-11-29T16:40:00Z,6_1,Control
a4e9,6_1,Control,2024-11-29T17:04:00Z,0.81,16.7890625,16.7890625,3.61,2024-11-29T17:00:00Z,6_1,Control
a4e9,6_1,Control,2024-11-29T17:26:00Z,0.76,16.4453125,16.4453125,3.61,2024-11-29T17:20:00Z,6_1,Control
a4e9,6_1,Control,2024-11-29T17:47:00Z,0.82,16.2578125,16.234375,3.61,2024-11-29T17:40:00Z,6_1,Control
a4e9,6_1,Control,2024-11-29T18:09:00Z,0.81,16.6171875,16.5859375,3.6,2024-11-29T18:00:00Z,6_1,Control
a4e9,6_1,Control,2024-11-29T18:30:00Z,0.8,16.5390625,16.5234375,3.6,2024-11-29T18:40:00Z,6_1,Control
a4e9,6_1,Control,2024-11-29T18:52:00Z,0.8,16.5234375,16.5,3.61,2024-11-29T19:00:00Z,6_1,Control
a4e9,6_1,Control,2024-11-29T19:13:00Z,0.78,16.1328125,16.125,3.6,2024-11-29T19:20:00Z,6_1,Control
a4e9,6_1,Control,2024-11-29T19:35:00Z,0.79,15.515625,15.515625,3.61,2024-11-29T19:40:00Z,6_1,Control
a4e9,6_1,Control,2024-11-29T19:56:00Z,0.79,15.0390625,15.03125,3.61,2024-11-29T20:00:00Z,6_1,Control
a4e9,6_1,Control,2024-11-29T20:18:00Z,0.8,15.1328125,15.1015625,3.61,2024-11-29T20:20:00Z,6_1,Control
a4e9,6_1,Control,2024-11-29T20:39:00Z,0.8,15.2109375,15.1953125,3.61,2024-11-29T20:40:00Z,6_1,Control
a4e9,6_1,Control,2024-11-29T21:00:00Z,0.8,14.9453125,14.9375,3.6,2024-11-29T21:00:00Z,6_1,Control
a4e9,6_1,Control,2024-11-29T21:22:00Z,0.78,14.7734375,14.7578125,3.6,2024-11-29T21:20:00Z,6_1,Control
a4e9,6_1,Control,2024-11-29T21:43:00Z,0.79,14.1953125,14.203125,3.6,2024-11-29T21:40:00Z,6_1,Control
a4e9,6_1,Control,2024-11-29T22:05:00Z,0.79,14.0390625,14.03125,3.6,2024-11-29T22:00:00Z,6_1,Control
a4e9,6_1,Control,2024-11-29T22:26:00Z,0.79,13.875,13.875,3.6,2024-11-29T22:20:00Z,6_1,Control
a4e9,6_1,Control,2024-11-29T22:48:00Z,0.8,13.640625,13.625,3.6,2024-11-29T22:40:00Z,6_1,Control
a4e9,6_1,Control,2024-11-29T23:09:00Z,0.78,13.5234375,13.515625,3.61,2024-11-29T23:00:00Z,6_1,Control
a4e9,6_1,Control,2024-11-29T23:31:00Z,0.78,13.359375,13.34375,3.6,2024-11-29T23:40:00Z,6_1,Control
a4e9,6_1,Control,2024-11-29T23:52:00Z,0.79,13.125,13.1171875,3.59,2024-11-30T00:00:00Z,6_1,Control
a4e9,6_1,Control,2024-11-30T00:14:00Z,0.79,12.9765625,12.9609375,3.59,2024-11-30T00:20:00Z,6_1,Control
a4e9,6_1,Control,2024-11-30T00:35:00Z,0.81,12.7265625,12.71875,3.59,2024-11-30T00:40:00Z,6_1,Control
a4e9,6_1,Control,2024-11-30T00:57:00Z,0.78,12.3359375,12.3203125,3.59,2024-11-30T01:00:00Z,6_1,Control
a4e9,6_1,Control,2024-11-30T01:18:00Z,0.8,12.1015625,12.0859375,3.6,2024-11-30T01:20:00Z,6_1,Control
a4e9,6_1,Control,2024-11-30T01:40:00Z,0.81,12.0625,12.0390625,3.59,2024-11-30T01:40:00Z,6_1,Control
a4e9,6_1,Control,2024-11-30T02:01:00Z,0.83,12.453125,12.3984375,3.6,2024-11-30T02:00:00Z,6_1,Control
a4e9,6_1,Control,2024-11-30T02:22:00Z,0.91,13.28125,13.1796875,3.6,2024-11-30T02:20:00Z,6_1,Control
a4e9,6_1,Control,2024-11-30T02:44:00Z,0.98,14.90625,14.765625,3.59,2024-11-30T02:40:00Z,6_1,Control
a4e9,6_1,Control,2024-11-30T03:05:00Z,1.02,16.921875,16.7265625,3.6,2024-11-30T03:00:00Z,6_1,Control
a4e9,6_1,Control,2024-11-30T03:27:00Z,1.07,18.4765625,18.2421875,3.6,2024-11-30T03:20:00Z,6_1,Control
a4e9,6_1,Control,2024-11-30T03:48:00Z,1.08,20.296875,20.0703125,3.6,2024-11-30T03:40:00Z,6_1,Control
a4e9,6_1,Control,2024-11-30T04:10:00Z,1.11,21.640625,21.4453125,3.61,2024-11-30T04:00:00Z,6_1,Control
a4e9,6_1,Control,2024-11-30T04:31:00Z,1.03,22.5546875,22.4453125,3.6,2024-11-30T04:40:00Z,6_1,Control
a4e9,6_1,Control,2024-11-30T04:53:00Z,1.02,23.203125,23.09375,3.61,2024-11-30T05:00:00Z,6_1,Control
a4e9,6_1,Control,2024-11-30T05:14:00Z,1.16,22.7734375,22.8046875,3.61,2024-11-30T05:20:00Z,6_1,Control
a4e9,6_1,Control,2024-11-30T05:36:00Z,1.13,22.921875,22.828125,3.61,2024-11-30T05:40:00Z,6_1,Control
a4e9,6_1,Control,2024-11-30T05:57:00Z,1.12,23.2890625,23.2109375,3.61,2024-11-30T06:00:00Z,6_1,Control
a4e9,6_1,Control,2024-11-30T06:19:00Z,1.12,24.2578125,24.28125,3.61,2024-11-30T06:20:00Z,6_1,Control
a4e9,6_1,Control,2024-11-30T06:40:00Z,1.16,25.2890625,25.390625,3.62,2024-11-30T06:40:00Z,6_1,Control
a4e9,6_1,Control,2024-11-30T07:02:00Z,1.16,25.96875,26,3.61,2024-11-30T07:00:00Z,6_1,Control
a4e9,6_1,Control,2024-11-30T07:23:00Z,1.21,26.46875,26.265625,3.61,2024-11-30T07:20:00Z,6_1,Control
a4e9,6_1,Control,2024-11-30T07:44:00Z,1.18,26.8515625,26.6171875,3.62,2024-11-30T07:40:00Z,6_1,Control
a4e9,6_1,Control,2024-11-30T08:06:00Z,1.19,27.6328125,27.46875,3.61,2024-11-30T08:00:00Z,6_1,Control
a4e9,6_1,Control,2024-11-30T08:27:00Z,1.28,28.3984375,28.3828125,3.62,2024-11-30T08:20:00Z,6_1,Control
a4e9,6_1,Control,2024-11-30T08:49:00Z,1.28,28.7890625,28.7109375,3.62,2024-11-30T08:40:00Z,6_1,Control
a4e9,6_1,Control,2024-11-30T09:10:00Z,1.29,28.8203125,28.6875,3.62,2024-11-30T09:00:00Z,6_1,Control
a4e9,6_1,Control,2024-11-30T09:32:00Z,1.2,28.5390625,28.53125,3.62,2024-11-30T09:40:00Z,6_1,Control
a4e9,6_1,Control,2024-11-30T09:53:00Z,1.32,28.265625,28.3125,3.62,2024-11-30T10:00:00Z,6_1,Control
a4e9,6_1,Control,2024-11-30T10:15:00Z,1.26,27.796875,27.8359375,3.62,2024-11-30T10:20:00Z,6_1,Control
a4e9,6_1,Control,2024-11-30T10:36:00Z,1.31,27.7578125,27.7890625,3.62,2024-11-30T10:40:00Z,6_1,Control
a4e9,6_1,Control,2024-11-30T10:58:00Z,1.25,27.6015625,27.6328125,3.61,2024-11-30T11:00:00Z,6_1,Control
a4e9,6_1,Control,2024-11-30T11:19:00Z,1.22,27.3125,27.296875,3.62,2024-11-30T11:20:00Z,6_1,Control
a4e9,6_1,Control,2024-11-30T11:41:00Z,1.14,26.796875,26.7578125,3.62,2024-11-30T11:40:00Z,6_1,Control
a4e9,6_1,Control,2024-11-30T12:02:00Z,1.12,26.8046875,26.84375,3.61,2024-11-30T12:00:00Z,6_1,Control
a4e9,6_1,Control,2024-11-30T12:24:00Z,1.13,26.1796875,26.1953125,3.62,2024-11-30T12:20:00Z,6_1,Control
a4e9,6_1,Control,2024-11-30T12:45:00Z,1.05,25.546875,25.546875,3.62,2024-11-30T12:40:00Z,6_1,Control
a4e9,6_1,Control,2024-11-30T13:06:00Z,0.99,24.3125,24.2734375,3.61,2024-11-30T13:00:00Z,6_1,Control
a4e9,6_1,Control,2024-11-30T13:28:00Z,0.94,22.90625,22.859375,3.62,2024-11-30T13:20:00Z,6_1,Control
a4e9,6_1,Control,2024-11-30T13:49:00Z,0.88,21.6484375,21.6328125,3.61,2024-11-30T13:40:00Z,6_1,Control
a4e9,6_1,Control,2024-11-30T14:11:00Z,0.87,20.7578125,20.7734375,3.62,2024-11-30T14:20:00Z,6_1,Control
a4e9,6_1,Control,2024-11-30T14:32:00Z,0.85,19.53125,19.5546875,3.61,2024-11-30T14:40:00Z,6_1,Control
a4e9,6_1,Control,2024-11-30T14:54:00Z,0.8,18.1328125,18.09375,3.61,2024-11-30T15:00:00Z,6_1,Control
a4e9,6_1,Control,2024-11-30T15:15:00Z,0.78,16.6328125,16.625,3.61,2024-11-30T15:20:00Z,6_1,Control
a4e9,6_1,Control,2024-11-30T15:37:00Z,0.79,15.5546875,15.5625,3.61,2024-11-30T15:40:00Z,6_1,Control
a4e9,6_1,Control,2024-11-30T15:58:00Z,0.78,14.8671875,14.8828125,3.61,2024-11-30T16:00:00Z,6_1,Control
a4e9,6_1,Control,2024-11-30T16:20:00Z,0.79,14.375,14.390625,3.6,2024-11-30T16:20:00Z,6_1,Control
a4e9,6_1,Control,2024-11-30T16:41:00Z,0.79,14.0390625,14.0546875,3.61,2024-11-30T16:40:00Z,6_1,Control
a4e9,6_1,Control,2024-11-30T17:03:00Z,0.8,13.8203125,13.8359375,3.6,2024-11-30T17:00:00Z,6_1,Control
a4e9,6_1,Control,2024-11-30T17:24:00Z,0.79,13.625,13.640625,3.6,2024-11-30T17:20:00Z,6_1,Control
a4e9,6_1,Control,2024-11-30T17:46:00Z,0.79,13.4453125,13.453125,3.61,2024-11-30T17:40:00Z,6_1,Control
a4e9,6_1,Control,2024-11-30T18:07:00Z,0.79,13.2265625,13.234375,3.6,2024-11-30T18:00:00Z,6_1,Control
a4e9,6_1,Control,2024-11-30T18:28:00Z,0.78,12.9296875,12.9375,3.6,2024-11-30T18:20:00Z,6_1,Control
a4e9,6_1,Control,2024-11-30T18:50:00Z,0.79,12.6484375,12.6484375,3.61,2024-11-30T18:40:00Z,6_1,Control
a4e9,6_1,Control,2024-11-30T19:11:00Z,0.78,12.4375,12.4375,3.6,2024-11-30T19:20:00Z,6_1,Control
a4e9,6_1,Control,2024-11-30T19:33:00Z,0.79,12.2109375,12.21875,3.6,2024-11-30T19:40:00Z,6_1,Control
a4e9,6_1,Control,2024-11-30T19:54:00Z,0.78,11.9453125,11.953125,3.6,2024-11-30T20:00:00Z,6_1,Control
a4e9,6_1,Control,2024-11-30T20:16:00Z,0.79,11.8046875,11.8046875,3.6,2024-11-30T20:20:00Z,6_1,Control
a4e9,6_1,Control,2024-11-30T20:37:00Z,0.8,11.71875,11.71875,3.6,2024-11-30T20:40:00Z,6_1,Control
a4e9,6_1,Control,2024-11-30T20:59:00Z,0.79,11.6015625,11.6015625,3.59,2024-11-30T21:00:00Z,6_1,Control
a4e9,6_1,Control,2024-11-30T21:20:00Z,0.79,11.4765625,11.4765625,3.59,2024-11-30T21:20:00Z,6_1,Control
a4e9,6_1,Control,2024-11-30T21:42:00Z,0.79,11.375,11.3671875,3.6,2024-11-30T21:40:00Z,6_1,Control
a4e9,6_1,Control,2024-11-30T22:03:00Z,0.78,11.2578125,11.2578125,3.59,2024-11-30T22:00:00Z,6_1,Control
a4e9,6_1,Control,2024-11-30T22:25:00Z,0.79,11.0859375,11.0859375,3.6,2024-11-30T22:20:00Z,6_1,Control
a4e9,6_1,Control,2024-11-30T22:46:00Z,0.8,10.9453125,10.9453125,3.6,2024-11-30T22:40:00Z,6_1,Control
a4e9,6_1,Control,2024-11-30T23:08:00Z,0.78,10.8671875,10.875,3.59,2024-11-30T23:00:00Z,6_1,Control
a4e9,6_1,Control,2024-11-30T23:29:00Z,0.76,10.3125,10.3515625,3.59,2024-11-30T23:20:00Z,6_1,Control
a4e9,6_1,Control,2024-11-30T23:50:00Z,0.76,9.6953125,9.734375,3.6,2024-11-30T23:40:00Z,6_1,Control
a4e9,6_1,Control,2024-12-01T00:12:00Z,0.8,9.2421875,9.2734375,3.59,2024-12-01T00:20:00Z,6_1,Control
a4e9,6_1,Control,2024-12-01T00:33:00Z,0.8,9.7421875,9.71875,3.6,2024-12-01T00:40:00Z,6_1,Control
a4e9,6_1,Control,2024-12-01T00:55:00Z,0.77,9.6640625,9.6796875,3.6,2024-12-01T01:00:00Z,6_1,Control
a4e9,6_1,Control,2024-12-01T01:16:00Z,0.8,9.578125,9.578125,3.59,2024-12-01T01:20:00Z,6_1,Control
a4e9,6_1,Control,2024-12-01T01:38:00Z,0.8,9.3125,9.328125,3.59,2024-12-01T01:40:00Z,6_1,Control
a4e9,6_1,Control,2024-12-01T01:59:00Z,0.81,9.125,9.109375,3.59,2024-12-01T02:00:00Z,6_1,Control
a4e9,6_1,Control,2024-12-01T02:21:00Z,0.89,10.21875,10.09375,3.6,2024-12-01T02:20:00Z,6_1,Control
a4e9,6_1,Control,2024-12-01T02:42:00Z,0.9,12.3984375,12.171875,3.6,2024-12-01T02:40:00Z,6_1,Control
a4e9,6_1,Control,2024-12-01T03:04:00Z,0.99,14.375,14.0859375,3.59,2024-12-01T03:00:00Z,6_1,Control
a4e9,6_1,Control,2024-12-01T03:25:00Z,0.96,16.5078125,16.1484375,3.59,2024-12-01T03:20:00Z,6_1,Control
a4e9,6_1,Control,2024-12-01T03:47:00Z,1,18.4453125,18.15625,3.6,2024-12-01T03:40:00Z,6_1,Control
a4e9,6_1,Control,2024-12-01T04:08:00Z,1.03,19.8984375,19.6484375,3.6,2024-12-01T04:00:00Z,6_1,Control
a4e9,6_1,Control,2024-12-01T04:30:00Z,0.98,20.8828125,20.7265625,3.6,2024-12-01T04:40:00Z,6_1,Control
a4e9,6_1,Control,2024-12-01T04:51:00Z,0.96,22.015625,21.921875,3.61,2024-12-01T05:00:00Z,6_1,Control
a4e9,6_1,Control,2024-12-01T05:12:00Z,1.06,21.6875,21.7109375,3.61,2024-12-01T05:20:00Z,6_1,Control
a4e9,6_1,Control,2024-12-01T05:34:00Z,1.13,21.734375,21.7265625,3.61,2024-12-01T05:40:00Z,6_1,Control
a4e9,6_1,Control,2024-12-01T05:55:00Z,1.06,22.765625,22.6796875,3.61,2024-12-01T06:00:00Z,6_1,Control
a4e9,6_1,Control,2024-12-01T06:17:00Z,1.11,23.265625,23.2265625,3.62,2024-12-01T06:20:00Z,6_1,Control
a4e9,6_1,Control,2024-12-01T06:38:00Z,1.09,23.5078125,23.515625,3.62,2024-12-01T06:40:00Z,6_1,Control
a4e9,6_1,Control,2024-12-01T07:00:00Z,1.11,24.2578125,24.3359375,3.61,2024-12-01T07:00:00Z,6_1,Control
a4e9,6_1,Control,2024-12-01T07:21:00Z,1.16,24.46875,24.3671875,3.61,2024-12-01T07:20:00Z,6_1,Control
a4e9,6_1,Control,2024-12-01T07:43:00Z,1.11,24.9375,24.734375,3.61,2024-12-01T07:40:00Z,6_1,Control
a4e9,6_1,Control,2024-12-01T08:04:00Z,1.17,26.4453125,26.34375,3.61,2024-12-01T08:00:00Z,6_1,Control
a4e9,6_1,Control,2024-12-01T08:26:00Z,1.27,27.640625,27.640625,3.62,2024-12-01T08:20:00Z,6_1,Control
a4e9,6_1,Control,2024-12-01T08:47:00Z,1.32,28.265625,28.2734375,3.62,2024-12-01T08:40:00Z,6_1,Control
a4e9,6_1,Control,2024-12-01T09:09:00Z,1.27,29.5390625,29.5625,3.62,2024-12-01T09:00:00Z,6_1,Control
a4e9,6_1,Control,2024-12-01T09:30:00Z,1.38,27.859375,27.6953125,3.62,2024-12-01T09:40:00Z,6_1,Control
a4e9,6_1,Control,2024-12-01T09:52:00Z,1.15,25.7421875,25.578125,3.62,2024-12-01T10:00:00Z,6_1,Control
a4e9,6_1,Control,2024-12-01T10:13:00Z,1.13,23.7890625,23.6640625,3.62,2024-12-01T10:20:00Z,6_1,Control
a4e9,6_1,Control,2024-12-01T10:34:00Z,1.18,23.9609375,23.984375,3.61,2024-12-01T10:40:00Z,6_1,Control
a4e9,6_1,Control,2024-12-01T10:56:00Z,1.21,25.2734375,25.34375,3.62,2024-12-01T11:00:00Z,6_1,Control
a4e9,6_1,Control,2024-12-01T11:17:00Z,1.18,26.28125,26.328125,3.62,2024-12-01T11:20:00Z,6_1,Control
a4e9,6_1,Control,2024-12-01T11:39:00Z,1.18,26.3828125,26.421875,3.62,2024-12-01T11:40:00Z,6_1,Control
a4e9,6_1,Control,2024-12-01T12:00:00Z,1.15,26.125,26.1796875,3.62,2024-12-01T12:00:00Z,6_1,Control
a4e9,6_1,Control,2024-12-01T12:22:00Z,1.11,26.0546875,26.140625,3.62,2024-12-01T12:20:00Z,6_1,Control
a4e9,6_1,Control,2024-12-01T12:43:00Z,1.08,25.7734375,25.828125,3.62,2024-12-01T12:40:00Z,6_1,Control
a4e9,6_1,Control,2024-12-01T13:05:00Z,1.04,24.7890625,24.71875,3.62,2024-12-01T13:00:00Z,6_1,Control
a4e9,6_1,Control,2024-12-01T13:26:00Z,0.98,23.515625,23.421875,3.62,2024-12-01T13:20:00Z,6_1,Control
a4e9,6_1,Control,2024-12-01T13:48:00Z,0.88,22.2421875,22.1796875,3.61,2024-12-01T13:40:00Z,6_1,Control
a4e9,6_1,Control,2024-12-01T14:09:00Z,0.85,20.4921875,20.46875,3.61,2024-12-01T14:00:00Z,6_1,Control
a4e9,6_1,Control,2024-12-01T14:31:00Z,0.81,18.8203125,18.796875,3.61,2024-12-01T14:40:00Z,6_1,Control
a4e9,6_1,Control,2024-12-01T14:52:00Z,0.81,17.625,17.609375,3.61,2024-12-01T15:00:00Z,6_1,Control
a4e9,6_1,Control,2024-12-01T15:14:00Z,0.79,16.53125,16.546875,3.61,2024-12-01T15:20:00Z,6_1,Control
a4e9,6_1,Control,2024-12-01T15:35:00Z,0.77,15.6015625,15.625,3.61,2024-12-01T15:40:00Z,6_1,Control
a4e9,6_1,Control,2024-12-01T15:57:00Z,0.79,14.953125,14.9765625,3.61,2024-12-01T16:00:00Z,6_1,Control
a4e9,6_1,Control,2024-12-01T16:18:00Z,0.78,14.515625,14.5390625,3.6,2024-12-01T16:20:00Z,6_1,Control
a4e9,6_1,Control,2024-12-01T16:39:00Z,0.79,14.171875,14.1875,3.6,2024-12-01T16:40:00Z,6_1,Control
a4e9,6_1,Control,2024-12-01T17:01:00Z,0.78,13.96875,13.984375,3.6,2024-12-01T17:00:00Z,6_1,Control
a4e9,6_1,Control,2024-12-01T17:22:00Z,0.8,13.828125,13.84375,3.6,2024-12-01T17:20:00Z,6_1,Control
a4e9,6_1,Control,2024-12-01T17:44:00Z,0.8,13.6640625,13.6796875,3.6,2024-12-01T17:40:00Z,6_1,Control
a4e9,6_1,Control,2024-12-01T18:05:00Z,0.78,13.5390625,13.5546875,3.6,2024-12-01T18:00:00Z,6_1,Control
a4e9,6_1,Control,2024-12-01T18:27:00Z,0.8,13.296875,13.3125,3.6,2024-12-01T18:20:00Z,6_1,Control
a4e9,6_1,Control,2024-12-01T18:48:00Z,0.79,13.09375,13.1015625,3.6,2024-12-01T18:40:00Z,6_1,Control
a4e9,6_1,Control,2024-12-01T19:10:00Z,0.79,12.9765625,12.984375,3.6,2024-12-01T19:00:00Z,6_1,Control
a4e9,6_1,Control,2024-12-01T19:31:00Z,0.79,12.859375,12.8671875,3.6,2024-12-01T19:40:00Z,6_1,Control
a4e9,6_1,Control,2024-12-01T19:53:00Z,0.79,12.7578125,12.7578125,3.6,2024-12-01T20:00:00Z,6_1,Control
a4e9,6_1,Control,2024-12-01T20:14:00Z,0.78,12.703125,12.6953125,3.59,2024-12-01T20:20:00Z,6_1,Control
a4e9,6_1,Control,2024-12-01T20:36:00Z,0.79,12.484375,12.4921875,3.59,2024-12-01T20:40:00Z,6_1,Control
a4e9,6_1,Control,2024-12-01T20:57:00Z,0.78,12.140625,12.1640625,3.6,2024-12-01T21:00:00Z,6_1,Control
a4e9,6_1,Control,2024-12-01T21:19:00Z,0.77,11.8671875,11.8984375,3.59,2024-12-01T21:20:00Z,6_1,Control
a4e9,6_1,Control,2024-12-01T21:40:00Z,0.76,11.359375,11.3984375,3.59,2024-12-01T21:40:00Z,6_1,Control
a4e9,6_1,Control,2024-12-01T22:01:00Z,0.79,10.890625,10.9140625,3.6,2024-12-01T22:00:00Z,6_1,Control
a4e9,6_1,Control,2024-12-01T22:23:00Z,0.78,10.5859375,10.609375,3.59,2024-12-01T22:20:00Z,6_1,Control
a4e9,6_1,Control,2024-12-01T22:44:00Z,0.78,10.453125,10.46875,3.59,2024-12-01T22:40:00Z,6_1,Control
a4e9,6_1,Control,2024-12-01T23:06:00Z,0.8,10.2734375,10.2734375,3.6,2024-12-01T23:00:00Z,6_1,Control
a4e9,6_1,Control,2024-12-01T23:27:00Z,0.79,10.2265625,10.2265625,3.59,2024-12-01T23:20:00Z,6_1,Control
a4e9,6_1,Control,2024-12-01T23:49:00Z,0.8,10.4375,10.4140625,3.59,2024-12-01T23:40:00Z,6_1,Control
a4e9,6_1,Control,2024-12-02T00:10:00Z,0.79,10.5234375,10.515625,3.59,2024-12-02T00:00:00Z,6_1,Control
a4e9,6_1,Control,2024-12-02T00:32:00Z,0.82,10.984375,10.9453125,3.6,2024-12-02T00:40:00Z,6_1,Control
a4e9,6_1,Control,2024-12-02T00:53:00Z,0.78,11.09375,11.078125,3.59,2024-12-02T01:00:00Z,6_1,Control
a4e9,6_1,Control,2024-12-02T01:15:00Z,0.82,11.1640625,11.1328125,3.59,2024-12-02T01:20:00Z,6_1,Control
a4e9,6_1,Control,2024-12-02T01:36:00Z,0.79,11.296875,11.265625,3.59,2024-12-02T01:40:00Z,6_1,Control
a4e9,6_1,Control,2024-12-02T01:58:00Z,0.81,11.2734375,11.234375,3.6,2024-12-02T02:00:00Z,6_1,Control
a4e9,6_1,Control,2024-12-02T02:19:00Z,0.84,11.890625,11.796875,3.6,2024-12-02T02:20:00Z,6_1,Control
a4e9,6_1,Control,2024-12-02T02:41:00Z,0.88,13.3828125,13.1640625,3.6,2024-12-02T02:40:00Z,6_1,Control
a4e9,6_1,Control,2024-12-02T03:02:00Z,0.92,15.1796875,14.921875,3.6,2024-12-02T03:00:00Z,6_1,Control
a4e9,6_1,Control,2024-12-02T03:23:00Z,0.94,16.9453125,16.671875,3.59,2024-12-02T03:20:00Z,6_1,Control
a4e9,6_1,Control,2024-12-02T03:45:00Z,0.95,18.2265625,18.0234375,3.6,2024-12-02T03:40:00Z,6_1,Control
a4e9,6_1,Control,2024-12-02T04:06:00Z,0.97,19.890625,19.8203125,3.61,2024-12-02T04:00:00Z,6_1,Control
a4e9,6_1,Control,2024-12-02T04:28:00Z,0.99,20.1953125,20.171875,3.6,2024-12-02T04:20:00Z,6_1,Control
a4e9,6_1,Control,2024-12-02T04:49:00Z,1,21.859375,21.8359375,3.61,2024-12-02T04:40:00Z,6_1,Control
a4e9,6_1,Control,2024-12-02T05:11:00Z,1.05,22.4375,22.5234375,3.61,2024-12-02T05:20:00Z,6_1,Control
a4e9,6_1,Control,2024-12-02T05:32:00Z,1.14,22.796875,22.8515625,3.61,2024-12-02T05:40:00Z,6_1,Control
a4e9,6_1,Control,2024-12-02T05:54:00Z,1.15,23.5546875,23.4453125,3.61,2024-12-02T06:00:00Z,6_1,Control
a4e9,6_1,Control,2024-12-02T06:15:00Z,1.12,24.234375,24.140625,3.61,2024-12-02T06:20:00Z,6_1,Control
a4e9,6_1,Control,2024-12-02T06:37:00Z,1.14,25.0546875,25.0234375,3.61,2024-12-02T06:40:00Z,6_1,Control
a4e9,6_1,Control,2024-12-02T06:58:00Z,1.14,26.3359375,26.359375,3.61,2024-12-02T07:00:00Z,6_1,Control
a4e9,6_1,Control,2024-12-02T07:20:00Z,1.21,28.21875,28.1015625,3.62,2024-12-02T07:20:00Z,6_1,Control
a4e9,6_1,Control,2024-12-02T07:41:00Z,1.22,28.7734375,28.5,3.62,2024-12-02T07:40:00Z,6_1,Control
a4e9,6_1,Control,2024-12-02T08:03:00Z,1.25,28.9921875,28.734375,3.62,2024-12-02T08:00:00Z,6_1,Control
a4e9,6_1,Control,2024-12-02T08:24:00Z,1.23,29.4375,29.40625,3.62,2024-12-02T08:20:00Z,6_1,Control
a4e9,6_1,Control,2024-12-02T08:46:00Z,1.21,29.4140625,29.3046875,3.62,2024-12-02T08:40:00Z,6_1,Control
a4e9,6_1,Control,2024-12-02T09:07:00Z,1.3,28.84375,28.703125,3.62,2024-12-02T09:00:00Z,6_1,Control
a4e9,6_1,Control,2024-12-02T09:28:00Z,1.22,28.875,28.8359375,3.62,2024-12-02T09:20:00Z,6_1,Control
a4e9,6_1,Control,2024-12-02T09:50:00Z,1.29,29.2890625,29.3046875,3.62,2024-12-02T09:40:00Z,6_1,Control
a4e9,6_1,Control,2024-12-02T10:11:00Z,1.27,29.8203125,29.9140625,3.62,2024-12-02T10:20:00Z,6_1,Control
a4e9,6_1,Control,2024-12-02T10:33:00Z,1.27,29.4453125,29.4375,3.62,2024-12-02T10:40:00Z,6_1,Control
a4e9,6_1,Control,2024-12-02T10:54:00Z,1.27,29.03125,28.9765625,3.62,2024-12-02T11:00:00Z,6_1,Control
a4e9,6_1,Control,2024-12-02T11:16:00Z,1.23,29.3125,29.3046875,3.62,2024-12-02T11:20:00Z,6_1,Control
a4e9,6_1,Control,2024-12-02T11:37:00Z,1.14,28.703125,28.640625,3.62,2024-12-02T11:40:00Z,6_1,Control
a4e9,6_1,Control,2024-12-02T11:59:00Z,1.1,28,27.9296875,3.62,2024-12-02T12:00:00Z,6_1,Control
a4e9,6_1,Control,2024-12-02T12:20:00Z,1.14,28.5390625,28.5859375,3.62,2024-12-02T12:20:00Z,6_1,Control
a4e9,6_1,Control,2024-12-02T12:42:00Z,1.09,28.3671875,28.3515625,3.62,2024-12-02T12:40:00Z,6_1,Control
a4e9,6_1,Control,2024-12-02T13:03:00Z,1.05,28.0859375,28.0390625,3.62,2024-12-02T13:00:00Z,6_1,Control
a4e9,6_1,Control,2024-12-02T13:25:00Z,1,27.75,27.6953125,3.62,2024-12-02T13:20:00Z,6_1,Control
a4e9,6_1,Control,2024-12-02T13:46:00Z,0.93,27.0078125,26.9375,3.62,2024-12-02T13:40:00Z,6_1,Control
a4e9,6_1,Control,2024-12-02T14:08:00Z,0.9,25.9453125,25.859375,3.62,2024-12-02T14:00:00Z,6_1,Control
a4e9,6_1,Control,2024-12-02T14:29:00Z,0.92,25.1015625,25.0234375,3.62,2024-12-02T14:20:00Z,6_1,Control
a4e9,6_1,Control,2024-12-02T14:50:00Z,0.84,23.4296875,23.3046875,3.61,2024-12-02T14:40:00Z,6_1,Control
a4e9,6_1,Control,2024-12-02T15:12:00Z,0.79,21.765625,21.6875,3.61,2024-12-02T15:20:00Z,6_1,Control
a4e9,6_1,Control,2024-12-02T15:33:00Z,0.79,20.5,20.46875,3.61,2024-12-02T15:40:00Z,6_1,Control
a4e9,6_1,Control,2024-12-02T15:55:00Z,0.78,19.5390625,19.53125,3.61,2024-12-02T16:00:00Z,6_1,Control
a4e9,6_1,Control,2024-12-02T16:16:00Z,0.8,18.78125,18.78125,3.61,2024-12-02T16:20:00Z,6_1,Control
a4e9,6_1,Control,2024-12-02T16:38:00Z,0.79,18.2421875,18.2421875,3.61,2024-12-02T16:40:00Z,6_1,Control
a4e9,6_1,Control,2024-12-02T16:59:00Z,0.81,17.9765625,17.96875,3.61,2024-12-02T17:00:00Z,6_1,Control
a4e9,6_1,Control,2024-12-02T17:21:00Z,0.82,17.8984375,17.890625,3.61,2024-12-02T17:20:00Z,6_1,Control
a4e9,6_1,Control,2024-12-02T17:42:00Z,0.82,17.9375,17.9296875,3.61,2024-12-02T17:40:00Z,6_1,Control
a4e9,6_1,Control,2024-12-02T18:04:00Z,0.81,17.8125,17.8125,3.6,2024-12-02T18:00:00Z,6_1,Control
a4e9,6_1,Control,2024-12-02T18:25:00Z,0.81,17.7890625,17.78125,3.6,2024-12-02T18:20:00Z,6_1,Control
a4e9,6_1,Control,2024-12-02T18:47:00Z,0.8,17.7109375,17.703125,3.61,2024-12-02T18:40:00Z,6_1,Control
a4e9,6_1,Control,2024-12-02T19:08:00Z,0.8,17.203125,17.1953125,3.6,2024-12-02T19:00:00Z,6_1,Control
a4e9,6_1,Control,2024-12-02T19:30:00Z,0.8,16.7578125,16.7421875,3.61,2024-12-02T19:40:00Z,6_1,Control
a4e9,6_1,Control,2024-12-02T19:51:00Z,0.8,16.2421875,16.234375,3.61,2024-12-02T20:00:00Z,6_1,Control
a4e9,6_1,Control,2024-12-02T20:12:00Z,0.8,15.8359375,15.8203125,3.6,2024-12-02T20:20:00Z,6_1,Control
a4e9,6_1,Control,2024-12-02T20:34:00Z,0.81,15.65625,15.6328125,3.6,2024-12-02T20:40:00Z,6_1,Control
a4e9,6_1,Control,2024-12-02T20:55:00Z,0.83,15.484375,15.46875,3.61,2024-12-02T21:00:00Z,6_1,Control
a4e9,6_1,Control,2024-12-02T21:17:00Z,0.81,15.46875,15.4453125,3.61,2024-12-02T21:20:00Z,6_1,Control
a4e9,6_1,Control,2024-12-02T21:38:00Z,0.8,15.3046875,15.296875,3.61,2024-12-02T21:40:00Z,6_1,Control
a4e9,6_1,Control,2024-12-02T22:00:00Z,0.81,15.1171875,15.109375,3.6,2024-12-02T22:00:00Z,6_1,Control
a4e9,6_1,Control,2024-12-02T22:21:00Z,0.8,15.125,15.109375,3.6,2024-12-02T22:20:00Z,6_1,Control
a4e9,6_1,Control,2024-12-02T22:43:00Z,0.82,15.1328125,15.1171875,3.6,2024-12-02T22:40:00Z,6_1,Control
a4e9,6_1,Control,2024-12-02T23:04:00Z,0.79,15.09375,15.0703125,3.6,2024-12-02T23:00:00Z,6_1,Control
a4e9,6_1,Control,2024-12-02T23:26:00Z,0.79,15.0390625,15.0234375,3.6,2024-12-02T23:20:00Z,6_1,Control
a4e9,6_1,Control,2024-12-02T23:47:00Z,0.8,14.828125,14.8125,3.59,2024-12-02T23:40:00Z,6_1,Control
a4e9,6_1,Control,2024-12-03T00:09:00Z,0.78,14.6015625,14.59375,3.6,2024-12-03T00:00:00Z,6_1,Control
a4e9,6_1,Control,2024-12-03T00:30:00Z,0.8,14.4375,14.4296875,3.6,2024-12-03T00:40:00Z,6_1,Control
a4e9,6_1,Control,2024-12-03T00:52:00Z,0.8,14.328125,14.3203125,3.6,2024-12-03T01:00:00Z,6_1,Control
a4e9,6_1,Control,2024-12-03T01:13:00Z,0.8,14.1484375,14.140625,3.6,2024-12-03T01:20:00Z,6_1,Control
a4e9,6_1,Control,2024-12-03T01:35:00Z,0.81,14.1171875,14.1015625,3.6,2024-12-03T01:40:00Z,6_1,Control
a4e9,6_1,Control,2024-12-03T01:56:00Z,0.81,14.109375,14.0859375,3.6,2024-12-03T02:00:00Z,6_1,Control
a4e9,6_1,Control,2024-12-03T02:17:00Z,0.82,14.6328125,14.578125,3.6,2024-12-03T02:20:00Z,6_1,Control
a4e9,6_1,Control,2024-12-03T02:39:00Z,0.85,15.015625,14.9453125,3.6,2024-12-03T02:40:00Z,6_1,Control
a4e9,6_1,Control,2024-12-03T03:00:00Z,0.87,15.8515625,15.7265625,3.6,2024-12-03T03:00:00Z,6_1,Control
a4e9,6_1,Control,2024-12-03T03:22:00Z,0.96,16.8203125,16.6328125,3.6,2024-12-03T03:20:00Z,6_1,Control
a4e9,6_1,Control,2024-12-03T03:43:00Z,0.98,18.546875,18.3046875,3.61,2024-12-03T03:40:00Z,6_1,Control
a4e9,6_1,Control,2024-12-03T04:05:00Z,1,19.2734375,19.0390625,3.6,2024-12-03T04:00:00Z,6_1,Control
a4e9,6_1,Control,2024-12-03T04:26:00Z,1,20.421875,20.203125,3.61,2024-12-03T04:20:00Z,6_1,Control
a4e9,6_1,Control,2024-12-03T04:48:00Z,1.03,22,21.7578125,3.61,2024-12-03T04:40:00Z,6_1,Control
a4e9,6_1,Control,2024-12-03T05:09:00Z,1.01,22.2734375,22.078125,3.61,2024-12-03T05:00:00Z,6_1,Control
a4e9,6_1,Control,2024-12-03T05:31:00Z,1.08,22.5625,22.4296875,3.61,2024-12-03T05:40:00Z,6_1,Control
a4e9,6_1,Control,2024-12-03T05:52:00Z,1.1,23.140625,23.015625,3.61,2024-12-03T06:00:00Z,6_1,Control
a4e9,6_1,Control,2024-12-03T06:14:00Z,1.1,23.5625,23.4609375,3.61,2024-12-03T06:20:00Z,6_1,Control
a4e9,6_1,Control,2024-12-03T06:35:00Z,1.09,23.9375,23.8984375,3.61,2024-12-03T06:40:00Z,6_1,Control
a4e9,6_1,Control,2024-12-03T06:57:00Z,1.1,24.6484375,24.6015625,3.62,2024-12-03T07:00:00Z,6_1,Control
a4e9,6_1,Control,2024-12-03T07:18:00Z,1.17,25.375,25.2265625,3.61,2024-12-03T07:20:00Z,6_1,Control
a4e9,6_1,Control,2024-12-03T07:39:00Z,1.12,26.0625,25.859375,3.61,2024-12-03T07:40:00Z,6_1,Control
a4e9,6_1,Control,2024-12-03T08:01:00Z,1.17,26.953125,26.8046875,3.62,2024-12-03T08:00:00Z,6_1,Control
a4e9,6_1,Control,2024-12-03T08:22:00Z,1.17,27.5703125,27.5078125,3.62,2024-12-03T08:20:00Z,6_1,Control
a4e9,6_1,Control,2024-12-03T08:44:00Z,1.15,28.03125,27.953125,3.61,2024-12-03T08:40:00Z,6_1,Control
a4e9,6_1,Control,2024-12-03T09:05:00Z,1.26,28.328125,28.265625,3.62,2024-12-03T09:00:00Z,6_1,Control
a4e9,6_1,Control,2024-12-03T09:27:00Z,1.17,28.1484375,28.078125,3.62,2024-12-03T09:20:00Z,6_1,Control
a4e9,6_1,Control,2024-12-03T09:48:00Z,1.18,28.4140625,28.4609375,3.62,2024-12-03T09:40:00Z,6_1,Control
a4e9,6_1,Control,2024-12-03T10:10:00Z,1.21,28.5078125,28.5625,3.62,2024-12-03T10:00:00Z,6_1,Control
a4e9,6_1,Control,2024-12-03T10:31:00Z,1.27,28.8046875,28.875,3.62,2024-12-03T10:40:00Z,6_1,Control
a4e9,6_1,Control,2024-12-03T10:53:00Z,1.21,29.203125,29.234375,3.62,2024-12-03T11:00:00Z,6_1,Control
a4e9,6_1,Control,2024-12-03T11:14:00Z,1.21,29.3046875,29.3046875,3.62,2024-12-03T11:20:00Z,6_1,Control
a4e9,6_1,Control,2024-12-03T11:36:00Z,1.18,29,28.96875,3.62,2024-12-03T11:40:00Z,6_1,Control
a4e9,6_1,Control,2024-12-03T11:57:00Z,1.14,28.59375,28.6015625,3.62,2024-12-03T12:00:00Z,6_1,Control
a4e9,6_1,Control,2024-12-03T12:19:00Z,1.07,28.40625,28.4765625,3.62,2024-12-03T12:20:00Z,6_1,Control
a4e9,6_1,Control,2024-12-03T12:40:00Z,1.07,28.65625,28.7890625,3.62,2024-12-03T12:40:00Z,6_1,Control
a4e9,6_1,Control,2024-12-03T13:01:00Z,1.05,28.1328125,28.140625,3.62,2024-12-03T13:00:00Z,6_1,Control
a4e9,6_1,Control,2024-12-03T13:23:00Z,0.98,27.203125,27.1171875,3.62,2024-12-03T13:20:00Z,6_1,Control
a4e9,6_1,Control,2024-12-03T13:44:00Z,0.87,26.3203125,26.2578125,3.62,2024-12-03T13:40:00Z,6_1,Control
a4e9,6_1,Control,2024-12-03T14:06:00Z,0.88,25,25.03125,3.62,2024-12-03T14:00:00Z,6_1,Control
a4e9,6_1,Control,2024-12-03T14:27:00Z,0.81,23.3671875,23.4140625,3.62,2024-12-03T14:20:00Z,6_1,Control
a4e9,6_1,Control,2024-12-03T14:49:00Z,0.8,21.1953125,21.1796875,3.62,2024-12-03T14:40:00Z,6_1,Control
a4e9,6_1,Control,2024-12-03T15:10:00Z,0.78,19.6875,19.6796875,3.62,2024-12-03T15:00:00Z,6_1,Control
a4e9,6_1,Control,2024-12-03T15:32:00Z,0.78,18.5859375,18.5859375,3.61,2024-12-03T15:40:00Z,6_1,Control
a4e9,6_1,Control,2024-12-03T15:53:00Z,0.78,17.75,17.765625,3.61,2024-12-03T16:00:00Z,6_1,Control
a4e9,6_1,Control,2024-12-03T16:15:00Z,0.8,17.1015625,17.1328125,3.61,2024-12-03T16:20:00Z,6_1,Control
a4e9,6_1,Control,2024-12-03T16:36:00Z,0.79,16.6015625,16.6171875,3.61,2024-12-03T16:40:00Z,6_1,Control
a4e9,6_1,Control,2024-12-03T16:58:00Z,0.79,16.265625,16.2734375,3.61,2024-12-03T17:00:00Z,6_1,Control
a4e9,6_1,Control,2024-12-03T17:19:00Z,0.78,15.8515625,15.8671875,3.61,2024-12-03T17:20:00Z,6_1,Control
a4e9,6_1,Control,2024-12-03T17:41:00Z,0.79,15.390625,15.3984375,3.61,2024-12-03T17:40:00Z,6_1,Control
a4e9,6_1,Control,2024-12-03T18:02:00Z,0.77,14.921875,14.953125,3.6,2024-12-03T18:00:00Z,6_1,Control
a4e9,6_1,Control,2024-12-03T18:23:00Z,0.77,14.4140625,14.4609375,3.6,2024-12-03T18:20:00Z,6_1,Control
a4e9,6_1,Control,2024-12-03T18:45:00Z,0.79,13.84375,13.8828125,3.61,2024-12-03T18:40:00Z,6_1,Control
a4e9,6_1,Control,2024-12-03T19:06:00Z,0.78,13.65625,13.6875,3.61,2024-12-03T19:00:00Z,6_1,Control
a4e9,6_1,Control,2024-12-03T19:28:00Z,0.78,13.453125,13.484375,3.61,2024-12-03T19:20:00Z,6_1,Control
a4e9,6_1,Control,2024-12-03T19:49:00Z,0.8,13.109375,13.140625,3.61,2024-12-03T19:40:00Z,6_1,Control
a4e9,6_1,Control,2024-12-03T20:11:00Z,0.77,12.8515625,12.8671875,3.6,2024-12-03T20:20:00Z,6_1,Control
a4e9,6_1,Control,2024-12-03T20:32:00Z,0.77,12.421875,12.4453125,3.6,2024-12-03T20:40:00Z,6_1,Control
a4e9,6_1,Control,2024-12-03T20:54:00Z,0.79,12.1953125,12.2109375,3.6,2024-12-03T21:00:00Z,6_1,Control
a4e9,6_1,Control,2024-12-03T21:15:00Z,0.78,11.984375,12,3.6,2024-12-03T21:20:00Z,6_1,Control
a4e9,6_1,Control,2024-12-03T21:37:00Z,0.77,11.8203125,11.84375,3.6,2024-12-03T21:40:00Z,6_1,Control
a4e9,6_1,Control,2024-12-03T21:58:00Z,0.81,11.953125,11.953125,3.6,2024-12-03T22:00:00Z,6_1,Control
a4e9,6_1,Control,2024-12-03T22:20:00Z,0.79,12.515625,12.5078125,3.6,2024-12-03T22:20:00Z,6_1,Control
a4e9,6_1,Control,2024-12-03T22:41:00Z,0.78,12.3671875,12.375,3.59,2024-12-03T22:40:00Z,6_1,Control
a4e9,6_1,Control,2024-12-03T23:03:00Z,0.76,11.8359375,11.859375,3.6,2024-12-03T23:00:00Z,6_1,Control
a4e9,6_1,Control,2024-12-03T23:24:00Z,0.78,11.265625,11.296875,3.6,2024-12-03T23:20:00Z,6_1,Control
a4e9,6_1,Control,2024-12-03T23:45:00Z,0.77,11.1875,11.203125,3.6,2024-12-03T23:40:00Z,6_1,Control
a4e9,6_1,Control,2024-12-04T00:07:00Z,0.78,10.8125,10.8359375,3.6,2024-12-04T00:00:00Z,6_1,Control
a4e9,6_1,Control,2024-12-04T00:28:00Z,0.78,10.6171875,10.640625,3.6,2024-12-04T00:20:00Z,6_1,Control
a4e9,6_1,Control,2024-12-04T00:50:00Z,0.78,10.390625,10.421875,3.6,2024-12-04T00:40:00Z,6_1,Control
a4e9,6_1,Control,2024-12-04T01:11:00Z,0.77,10.2890625,10.3125,3.59,2024-12-04T01:20:00Z,6_1,Control
a4e9,6_1,Control,2024-12-04T01:33:00Z,0.78,10.3046875,10.3125,3.6,2024-12-04T01:40:00Z,6_1,Control
a4e9,6_1,Control,2024-12-04T01:54:00Z,0.81,10.359375,10.34375,3.59,2024-12-04T02:00:00Z,6_1,Control
a4e9,6_1,Control,2024-12-04T02:16:00Z,0.84,11.1796875,11.1015625,3.6,2024-12-04T02:20:00Z,6_1,Control
a4e9,6_1,Control,2024-12-04T02:37:00Z,0.89,12.96875,12.7421875,3.59,2024-12-04T02:40:00Z,6_1,Control
a4e9,6_1,Control,2024-12-04T02:59:00Z,0.93,15.21875,14.9453125,3.6,2024-12-04T03:00:00Z,6_1,Control
a4e9,6_1,Control,2024-12-04T03:20:00Z,0.97,17.2578125,16.984375,3.6,2024-12-04T03:20:00Z,6_1,Control
a4e9,6_1,Control,2024-12-04T03:42:00Z,0.98,19.1015625,18.796875,3.6,2024-12-04T03:40:00Z,6_1,Control
a4e9,6_1,Control,2024-12-04T04:03:00Z,0.98,21.0703125,20.78125,3.6,2024-12-04T04:00:00Z,6_1,Control
a4e9,6_1,Control,2024-12-04T04:25:00Z,0.98,22.0234375,21.8359375,3.61,2024-12-04T04:20:00Z,6_1,Control
a4e9,6_1,Control,2024-12-04T04:46:00Z,0.98,22.8984375,22.7578125,3.61,2024-12-04T04:40:00Z,6_1,Control
a4e9,6_1,Control,2024-12-04T05:08:00Z,1.07,23.0859375,23.109375,3.61,2024-12-04T05:00:00Z,6_1,Control
a4e9,6_1,Control,2024-12-04T05:29:00Z,1.06,23.3984375,23.3359375,3.61,2024-12-04T05:20:00Z,6_1,Control
a4e9,6_1,Control,2024-12-04T05:50:00Z,1.06,23.90625,23.828125,3.61,2024-12-04T05:40:00Z,6_1,Control
a4e9,6_1,Control,2024-12-04T06:12:00Z,1.11,24.4375,24.4140625,3.61,2024-12-04T06:20:00Z,6_1,Control
a4e9,6_1,Control,2024-12-04T06:33:00Z,1.14,25.3671875,25.40625,3.61,2024-12-04T06:40:00Z,6_1,Control
a4e9,6_1,Control,2024-12-04T06:55:00Z,1.13,26.9296875,26.9609375,3.62,2024-12-04T07:00:00Z,6_1,Control
a4e9,6_1,Control,2024-12-04T07:16:00Z,1.21,28.6328125,28.65625,3.62,2024-12-04T07:20:00Z,6_1,Control
a4e9,6_1,Control,2024-12-04T07:38:00Z,1.15,29.8671875,29.703125,3.62,2024-12-04T07:40:00Z,6_1,Control
a4e9,6_1,Control,2024-12-04T07:59:00Z,1.14,30.890625,30.7734375,3.62,2024-12-04T08:00:00Z,6_1,Control
a4e9,6_1,Control,2024-12-04T08:21:00Z,1.28,31.46875,31.3984375,3.62,2024-12-04T08:20:00Z,6_1,Control
a4e9,6_1,Control,2024-12-04T08:42:00Z,1.23,31.3046875,31.171875,3.62,2024-12-04T08:40:00Z,6_1,Control
a4e9,6_1,Control,2024-12-04T09:04:00Z,1.24,30.84375,30.7109375,3.62,2024-12-04T09:00:00Z,6_1,Control
a4e9,6_1,Control,2024-12-04T09:25:00Z,1.23,30.578125,30.46875,3.62,2024-12-04T09:20:00Z,6_1,Control
a4e9,6_1,Control,2024-12-04T09:47:00Z,1.17,30.5625,30.46875,3.62,2024-12-04T09:40:00Z,6_1,Control
a4e9,6_1,Control,2024-12-04T10:08:00Z,1.16,30.6953125,30.6875,3.62,2024-12-04T10:00:00Z,6_1,Control
a4e9,6_1,Control,2024-12-04T10:30:00Z,1.2,30.9921875,30.9921875,3.63,2024-12-04T10:40:00Z,6_1,Control
a4e9,6_1,Control,2024-12-04T10:51:00Z,1.1,29.421875,29.234375,3.62,2024-12-04T11:00:00Z,6_1,Control
a4e9,6_1,Control,2024-12-04T11:12:00Z,1.02,27.3984375,27.1953125,3.62,2024-12-04T11:20:00Z,6_1,Control
a4e9,6_1,Control,2024-12-04T11:34:00Z,0.94,25.828125,25.6640625,3.62,2024-12-04T11:40:00Z,6_1,Control
a4e9,6_1,Control,2024-12-04T11:55:00Z,0.95,24.828125,24.703125,3.62,2024-12-04T12:00:00Z,6_1,Control
a4e9,6_1,Control,2024-12-04T12:17:00Z,0.92,24.359375,24.2734375,3.61,2024-12-04T12:20:00Z,6_1,Control
a4e9,6_1,Control,2024-12-04T12:38:00Z,0.88,23.484375,23.390625,3.62,2024-12-04T12:40:00Z,6_1,Control
a4e9,6_1,Control,2024-12-04T13:00:00Z,0.9,23.15625,23.0859375,3.62,2024-12-04T13:00:00Z,6_1,Control
a4e9,6_1,Control,2024-12-04T13:21:00Z,0.87,22.671875,22.609375,3.62,2024-12-04T13:20:00Z,6_1,Control
a4e9,6_1,Control,2024-12-04T13:43:00Z,0.89,22.453125,22.3984375,3.62,2024-12-04T13:40:00Z,6_1,Control
a4e9,6_1,Control,2024-12-04T14:04:00Z,0.9,22.890625,22.859375,3.61,2024-12-04T14:00:00Z,6_1,Control
a4e9,6_1,Control,2024-12-04T14:26:00Z,0.83,22.2734375,22.2265625,3.61,2024-12-04T14:20:00Z,6_1,Control
a4e9,6_1,Control,2024-12-04T14:47:00Z,0.82,21.2265625,21.1796875,3.61,2024-12-04T14:40:00Z,6_1,Control
a4e9,6_1,Control,2024-12-04T15:09:00Z,0.79,20.2109375,20.1953125,3.61,2024-12-04T15:00:00Z,6_1,Control
a4e9,6_1,Control,2024-12-04T15:30:00Z,0.78,19.34375,19.34375,3.61,2024-12-04T15:40:00Z,6_1,Control
a4e9,6_1,Control,2024-12-04T15:52:00Z,0.78,18.6640625,18.6640625,3.61,2024-12-04T16:00:00Z,6_1,Control
a4e9,6_1,Control,2024-12-04T16:13:00Z,0.79,18.2734375,18.2734375,3.61,2024-12-04T16:20:00Z,6_1,Control
a4e9,6_1,Control,2024-12-04T16:34:00Z,0.79,18.046875,18.0390625,3.61,2024-12-04T16:40:00Z,6_1,Control
a4e9,6_1,Control,2024-12-04T16:56:00Z,0.79,17.90625,17.8984375,3.61,2024-12-04T17:00:00Z,6_1,Control
a4e9,6_1,Control,2024-12-04T17:17:00Z,0.79,17.6328125,17.640625,3.61,2024-12-04T17:20:00Z,6_1,Control
a4e9,6_1,Control,2024-12-04T17:39:00Z,0.79,17.3125,17.3125,3.61,2024-12-04T17:40:00Z,6_1,Control
a4e9,6_1,Control,2024-12-04T18:00:00Z,0.8,17,17,3.61,2024-12-04T18:00:00Z,6_1,Control
a4e9,6_1,Control,2024-12-04T18:22:00Z,0.79,16.5703125,16.5625,3.61,2024-12-04T18:20:00Z,6_1,Control
a4e9,6_1,Control,2024-12-04T18:43:00Z,0.78,15.9609375,15.9609375,3.61,2024-12-04T18:40:00Z,6_1,Control
a4e9,6_1,Control,2024-12-04T19:05:00Z,0.79,15.59375,15.5859375,3.61,2024-12-04T19:00:00Z,6_1,Control
a4e9,6_1,Control,2024-12-04T19:26:00Z,0.78,15.015625,15.0234375,3.61,2024-12-04T19:20:00Z,6_1,Control
a4e9,6_1,Control,2024-12-04T19:48:00Z,0.79,14.6171875,14.6171875,3.6,2024-12-04T19:40:00Z,6_1,Control
a4e9,6_1,Control,2024-12-04T20:09:00Z,0.77,13.984375,14.0078125,3.61,2024-12-04T20:00:00Z,6_1,Control
a4e9,6_1,Control,2024-12-04T20:31:00Z,0.8,13.84375,13.84375,3.6,2024-12-04T20:40:00Z,6_1,Control
a4e9,6_1,Control,2024-12-04T20:52:00Z,0.79,13.4296875,13.4296875,3.6,2024-12-04T21:00:00Z,6_1,Control
a4e9,6_1,Control,2024-12-04T21:14:00Z,0.8,13.0234375,13.03125,3.6,2024-12-04T21:20:00Z,6_1,Control
a4e9,6_1,Control,2024-12-04T21:35:00Z,0.8,12.7265625,12.734375,3.6,2024-12-04T21:40:00Z,6_1,Control
a4e9,6_1,Control,2024-12-04T21:56:00Z,0.79,12.59375,12.59375,3.6,2024-12-04T22:00:00Z,6_1,Control
a4e9,6_1,Control,2024-12-04T22:18:00Z,0.79,12.4453125,12.4375,3.6,2024-12-04T22:20:00Z,6_1,Control
a4e9,6_1,Control,2024-12-04T22:39:00Z,0.79,12.3046875,12.2890625,3.6,2024-12-04T22:40:00Z,6_1,Control
a4e9,6_1,Control,2024-12-04T23:01:00Z,0.79,12.1484375,12.1484375,3.6,2024-12-04T23:00:00Z,6_1,Control
a4e9,6_1,Control,2024-12-04T23:22:00Z,0.8,12.0390625,12.03125,3.6,2024-12-04T23:20:00Z,6_1,Control
a4e9,6_1,Control,2024-12-04T23:44:00Z,0.78,11.71875,11.71875,3.6,2024-12-04T23:40:00Z,6_1,Control
a4e9,6_1,Control,2024-12-05T00:05:00Z,0.8,11.6953125,11.6875,3.59,2024-12-05T00:00:00Z,6_1,Control
a4e9,6_1,Control,2024-12-05T00:27:00Z,0.77,11.6640625,11.6640625,3.59,2024-12-05T00:20:00Z,6_1,Control
a4e9,6_1,Control,2024-12-05T00:48:00Z,0.77,11.015625,11.0390625,3.6,2024-12-05T00:40:00Z,6_1,Control
a4e9,6_1,Control,2024-12-05T01:10:00Z,0.79,10.5625,10.5859375,3.59,2024-12-05T01:00:00Z,6_1,Control
a4e9,6_1,Control,2024-12-05T01:31:00Z,0.81,10.703125,10.6953125,3.6,2024-12-05T01:40:00Z,6_1,Control
a4e9,6_1,Control,2024-12-05T01:53:00Z,0.83,11.4375,11.390625,3.6,2024-12-05T02:00:00Z,6_1,Control
a4e9,6_1,Control,2024-12-05T02:14:00Z,0.83,12.515625,12.4453125,3.6,2024-12-05T02:20:00Z,6_1,Control
a4e9,6_1,Control,2024-12-05T02:36:00Z,0.84,13.4765625,13.3984375,3.6,2024-12-05T02:40:00Z,6_1,Control
a4e9,6_1,Control,2024-12-05T02:57:00Z,0.85,14.265625,14.2109375,3.59,2024-12-05T03:00:00Z,6_1,Control
a4e9,6_1,Control,2024-12-05T03:18:00Z,0.86,14.8984375,14.8359375,3.6,2024-12-05T03:20:00Z,6_1,Control
a4e9,6_1,Control,2024-12-05T03:40:00Z,0.86,15.328125,15.265625,3.6,2024-12-05T03:40:00Z,6_1,Control
a4e9,6_1,Control,2024-12-05T04:01:00Z,0.85,15.5234375,15.4765625,3.6,2024-12-05T04:00:00Z,6_1,Control
a4e9,6_1,Control,2024-12-05T04:23:00Z,0.89,16.3125,16.21875,3.6,2024-12-05T04:20:00Z,6_1,Control
a4e9,6_1,Control,2024-12-05T04:44:00Z,0.93,17.8515625,17.7421875,3.6,2024-12-05T04:40:00Z,6_1,Control
a4e9,6_1,Control,2024-12-05T05:06:00Z,0.98,18.65625,18.5546875,3.6,2024-12-05T05:00:00Z,6_1,Control
a4e9,6_1,Control,2024-12-05T05:27:00Z,1.02,19.390625,19.2890625,3.61,2024-12-05T05:20:00Z,6_1,Control
a4e9,6_1,Control,2024-12-05T05:49:00Z,1.02,20.078125,19.953125,3.61,2024-12-05T05:40:00Z,6_1,Control
a4e9,6_1,Control,2024-12-05T06:10:00Z,1.09,21,20.90625,3.61,2024-12-05T06:00:00Z,6_1,Control
a4e9,6_1,Control,2024-12-05T06:32:00Z,1.08,21.765625,21.71875,3.61,2024-12-05T06:40:00Z,6_1,Control
a4e9,6_1,Control,2024-12-05T06:53:00Z,1.05,22.9609375,22.953125,3.62,2024-12-05T07:00:00Z,6_1,Control
a4e9,6_1,Control,2024-12-05T07:15:00Z,1.15,24.0390625,23.96875,3.61,2024-12-05T07:20:00Z,6_1,Control
a4e9,6_1,Control,2024-12-05T07:36:00Z,1.09,25.1875,25.0234375,3.61,2024-12-05T07:40:00Z,6_1,Control
a4e9,6_1,Control,2024-12-05T07:58:00Z,1.14,25.6484375,25.5,3.62,2024-12-05T08:00:00Z,6_1,Control
a4e9,6_1,Control,2024-12-05T08:19:00Z,1.12,25.7109375,25.6484375,3.61,2024-12-05T08:20:00Z,6_1,Control
a4e9,6_1,Control,2024-12-05T08:41:00Z,1.17,25.75,25.6640625,3.62,2024-12-05T08:40:00Z,6_1,Control
a4e9,6_1,Control,2024-12-05T09:02:00Z,1.12,25.9765625,25.953125,3.61,2024-12-05T09:00:00Z,6_1,Control
a4e9,6_1,Control,2024-12-05T09:23:00Z,1.16,25.84375,25.7890625,3.62,2024-12-05T09:20:00Z,6_1,Control
a4e9,6_1,Control,2024-12-05T09:45:00Z,1.15,25.8828125,25.875,3.61,2024-12-05T09:40:00Z,6_1,Control
a4e9,6_1,Control,2024-12-05T10:06:00Z,1.17,26.265625,26.3828125,3.62,2024-12-05T10:00:00Z,6_1,Control
a4e9,6_1,Control,2024-12-05T10:28:00Z,1.19,26.34375,26.453125,3.61,2024-12-05T10:20:00Z,6_1,Control
a4e9,6_1,Control,2024-12-05T10:49:00Z,1.18,26.7421875,26.828125,3.62,2024-12-05T10:40:00Z,6_1,Control
a4e9,6_1,Control,2024-12-05T11:11:00Z,1.17,26.765625,26.7734375,3.61,2024-12-05T11:20:00Z,6_1,Control
a4e9,6_1,Control,2024-12-05T11:32:00Z,1.16,26.7109375,26.71875,3.62,2024-12-05T11:40:00Z,6_1,Control
a4e9,6_1,Control,2024-12-05T11:54:00Z,1.1,25.828125,25.796875,3.61,2024-12-05T12:00:00Z,6_1,Control
a4e9,6_1,Control,2024-12-05T12:15:00Z,1.07,25.34375,25.3515625,3.62,2024-12-05T12:20:00Z,6_1,Control
a4e9,6_1,Control,2024-12-05T12:37:00Z,1.05,25.09375,25.109375,3.62,2024-12-05T12:40:00Z,6_1,Control
a4e9,6_1,Control,2024-12-05T12:58:00Z,1.03,25.078125,25.0703125,3.61,2024-12-05T13:00:00Z,6_1,Control
a4e9,6_1,Control,2024-12-05T13:20:00Z,0.97,24.7109375,24.65625,3.61,2024-12-05T13:20:00Z,6_1,Control
a4e9,6_1,Control,2024-12-05T13:41:00Z,0.88,23.5,23.4140625,3.61,2024-12-05T13:40:00Z,6_1,Control
a4e9,6_1,Control,2024-12-05T14:02:00Z,0.86,22.203125,22.140625,3.62,2024-12-05T14:00:00Z,6_1,Control
a4e9,6_1,Control,2024-12-05T14:24:00Z,0.84,20.6015625,20.546875,3.62,2024-12-05T14:20:00Z,6_1,Control
a4e9,6_1,Control,2024-12-05T14:45:00Z,0.8,18.890625,18.8359375,3.61,2024-12-05T14:40:00Z,6_1,Control
a4e9,6_1,Control,2024-12-05T15:07:00Z,0.8,17.78125,17.7421875,3.61,2024-12-05T15:00:00Z,6_1,Control
a4e9,6_1,Control,2024-12-05T15:28:00Z,0.78,16.8671875,16.8515625,3.6,2024-12-05T15:20:00Z,6_1,Control
a4e9,6_1,Control,2024-12-05T15:50:00Z,0.77,15.984375,15.984375,3.61,2024-12-05T15:40:00Z,6_1,Control
a4e9,6_1,Control,2024-12-05T16:11:00Z,0.76,15.109375,15.125,3.61,2024-12-05T16:20:00Z,6_1,Control
a4e9,6_1,Control,2024-12-05T16:33:00Z,0.81,14.609375,14.6171875,3.6,2024-12-05T16:40:00Z,6_1,Control
a4e9,6_1,Control,2024-12-05T16:54:00Z,0.8,14.59375,14.59375,3.6,2024-12-05T17:00:00Z,6_1,Control
a4e9,6_1,Control,2024-12-05T17:16:00Z,0.8,14.609375,14.6015625,3.6,2024-12-05T17:20:00Z,6_1,Control
a4e9,6_1,Control,2024-12-05T17:37:00Z,0.8,14.4609375,14.453125,3.6,2024-12-05T17:40:00Z,6_1,Control
a4e9,6_1,Control,2024-12-05T17:59:00Z,0.78,14.2578125,14.2578125,3.6,2024-12-05T18:00:00Z,6_1,Control
a4e9,6_1,Control,2024-12-05T18:20:00Z,0.77,13.640625,13.6484375,3.6,2024-12-05T18:20:00Z,6_1,Control
a4e9,6_1,Control,2024-12-05T18:42:00Z,0.76,13.515625,13.5078125,3.6,2024-12-05T18:40:00Z,6_1,Control
a4e9,6_1,Control,2024-12-05T19:03:00Z,0.8,13.28125,13.2734375,3.6,2024-12-05T19:00:00Z,6_1,Control
a4e9,6_1,Control,2024-12-05T19:24:00Z,0.78,13.4609375,13.4453125,3.6,2024-12-05T19:20:00Z,6_1,Control
a4e9,6_1,Control,2024-12-05T19:46:00Z,0.81,13.421875,13.40625,3.6,2024-12-05T19:40:00Z,6_1,Control
a4e9,6_1,Control,2024-12-05T20:07:00Z,0.79,13.296875,13.28125,3.6,2024-12-05T20:00:00Z,6_1,Control
a4e9,6_1,Control,2024-12-05T20:29:00Z,0.78,13.171875,13.1640625,3.6,2024-12-05T20:20:00Z,6_1,Control
a4e9,6_1,Control,2024-12-05T20:50:00Z,0.78,12.6328125,12.6328125,3.6,2024-12-05T20:40:00Z,6_1,Control
a4e9,6_1,Control,2024-12-05T21:12:00Z,0.79,12.265625,12.2578125,3.6,2024-12-05T21:20:00Z,6_1,Control
a4e9,6_1,Control,2024-12-05T21:33:00Z,0.79,12.03125,12.0234375,3.6,2024-12-05T21:40:00Z,6_1,Control
a4e9,6_1,Control,2024-12-05T21:55:00Z,0.8,11.8046875,11.8046875,3.6,2024-12-05T22:00:00Z,6_1,Control
a4e9,6_1,Control,2024-12-05T22:16:00Z,0.78,11.8046875,11.8046875,3.6,2024-12-05T22:20:00Z,6_1,Control
a4e9,6_1,Control,2024-12-05T22:38:00Z,0.78,11.203125,11.21875,3.59,2024-12-05T22:40:00Z,6_1,Control
a4e9,6_1,Control,2024-12-05T22:59:00Z,0.8,11.171875,11.1640625,3.59,2024-12-05T23:00:00Z,6_1,Control
a4e9,6_1,Control,2024-12-05T23:21:00Z,0.79,11.328125,11.3125,3.59,2024-12-05T23:20:00Z,6_1,Control
a4e9,6_1,Control,2024-12-05T23:42:00Z,0.79,11.0546875,11.0625,3.59,2024-12-05T23:40:00Z,6_1,Control
a4e9,6_1,Control,2024-12-06T00:04:00Z,0.79,10.453125,10.4765625,3.6,2024-12-06T00:00:00Z,6_1,Control
a4e9,6_1,Control,2024-12-06T00:25:00Z,0.79,10.0859375,10.09375,3.59,2024-12-06T00:20:00Z,6_1,Control
a4e9,6_1,Control,2024-12-06T00:47:00Z,0.79,9.84375,9.859375,3.59,2024-12-06T00:40:00Z,6_1,Control
a4e9,6_1,Control,2024-12-06T01:08:00Z,0.78,9.6875,9.6953125,3.59,2024-12-06T01:00:00Z,6_1,Control
a4e9,6_1,Control,2024-12-06T01:29:00Z,0.78,9.6640625,9.6640625,3.6,2024-12-06T01:20:00Z,6_1,Control
a4e9,6_1,Control,2024-12-06T01:51:00Z,0.8,9.71875,9.703125,3.59,2024-12-06T02:00:00Z,6_1,Control
a4e9,6_1,Control,2024-12-06T02:12:00Z,0.83,10.5625,10.5,3.6,2024-12-06T02:20:00Z,6_1,Control
a4e9,6_1,Control,2024-12-06T02:34:00Z,0.84,11.53125,11.46875,3.59,2024-12-06T02:40:00Z,6_1,Control
a4e9,6_1,Control,2024-12-06T02:55:00Z,0.86,12.5,12.421875,3.6,2024-12-06T03:00:00Z,6_1,Control
a4e9,6_1,Control,2024-12-06T03:17:00Z,0.87,13.6640625,13.6015625,3.59,2024-12-06T03:20:00Z,6_1,Control
a4e9,6_1,Control,2024-12-06T03:38:00Z,0.9,14.7890625,14.703125,3.59,2024-12-06T03:40:00Z,6_1,Control
a4e9,6_1,Control,2024-12-06T04:00:00Z,0.9,16.8203125,16.6796875,3.6,2024-12-06T04:00:00Z,6_1,Control
a4e9,6_1,Control,2024-12-06T04:21:00Z,0.94,17.90625,17.78125,3.6,2024-12-06T04:20:00Z,6_1,Control
a4e9,6_1,Control,2024-12-06T04:43:00Z,0.95,20.140625,20.0390625,3.6,2024-12-06T04:40:00Z,6_1,Control
a4e9,6_1,Control,2024-12-06T05:04:00Z,0.99,20.4609375,20.390625,3.61,2024-12-06T05:00:00Z,6_1,Control
a4e9,6_1,Control,2024-12-06T05:26:00Z,1.04,21.59375,21.6015625,3.61,2024-12-06T05:20:00Z,6_1,Control
a4e9,6_1,Control,2024-12-06T05:47:00Z,1.08,23.5859375,23.5625,3.61,2024-12-06T05:40:00Z,6_1,Control
a4e9,6_1,Control,2024-12-06T06:09:00Z,1.02,23.546875,23.4453125,3.61,2024-12-06T06:00:00Z,6_1,Control
a4e9,6_1,Control,2024-12-06T06:30:00Z,1.01,22.6953125,22.5625,3.61,2024-12-06T06:40:00Z,6_1,Control
a4e9,6_1,Control,2024-12-06T06:51:00Z,1.05,23.3359375,23.2734375,3.61,2024-12-06T07:00:00Z,6_1,Control
a4e9,6_1,Control,2024-12-06T07:13:00Z,1.08,25.171875,25.1171875,3.61,2024-12-06T07:20:00Z,6_1,Control
a4e9,6_1,Control,2024-12-06T07:34:00Z,1.08,26.84375,26.734375,3.61,2024-12-06T07:40:00Z,6_1,Control
a4e9,6_1,Control,2024-12-06T07:56:00Z,1.1,27.703125,27.6015625,3.62,2024-12-06T08:00:00Z,6_1,Control
a4e9,6_1,Control,2024-12-06T08:17:00Z,1.07,26.8671875,26.703125,3.61,2024-12-06T08:20:00Z,6_1,Control
a4e9,6_1,Control,2024-12-06T08:39:00Z,1.1,25.96875,25.828125,3.61,2024-12-06T08:40:00Z,6_1,Control
a4e9,6_1,Control,2024-12-06T09:00:00Z,1.12,26.4296875,26.375,3.62,2024-12-06T09:00:00Z,6_1,Control
a4e9,6_1,Control,2024-12-06T09:22:00Z,1.15,27.1171875,27.0859375,3.61,2024-12-06T09:20:00Z,6_1,Control
a4e9,6_1,Control,2024-12-06T09:43:00Z,1.14,27.5625,27.5546875,3.62,2024-12-06T09:40:00Z,6_1,Control
a4e9,6_1,Control,2024-12-06T10:05:00Z,1.17,27.6171875,27.625,3.62,2024-12-06T10:00:00Z,6_1,Control
a4e9,6_1,Control,2024-12-06T10:26:00Z,1.15,27.328125,27.3046875,3.62,2024-12-06T10:20:00Z,6_1,Control
a4e9,6_1,Control,2024-12-06T10:48:00Z,1.15,27.1875,27.1484375,3.62,2024-12-06T10:40:00Z,6_1,Control
a4e9,6_1,Control,2024-12-06T11:09:00Z,1.11,26.9453125,26.890625,3.62,2024-12-06T11:00:00Z,6_1,Control
a4e9,6_1,Control,2024-12-06T11:31:00Z,1.09,26.828125,26.8046875,3.62,2024-12-06T11:40:00Z,6_1,Control
a4e9,6_1,Control,2024-12-06T11:52:00Z,1.05,26.25,26.2109375,3.62,2024-12-06T12:00:00Z,6_1,Control
a4e9,6_1,Control,2024-12-06T12:13:00Z,0.93,25.359375,25.3359375,3.62,2024-12-06T12:20:00Z,6_1,Control
a4e9,6_1,Control,2024-12-06T12:35:00Z,0.94,23.140625,23.0234375,3.61,2024-12-06T12:40:00Z,6_1,Control
a4e9,6_1,Control,2024-12-06T12:56:00Z,0.9,23.1484375,23.1328125,3.61,2024-12-06T13:00:00Z,6_1,Control
a4e9,6_1,Control,2024-12-06T13:18:00Z,0.94,22.3125,22.2421875,3.61,2024-12-06T13:20:00Z,6_1,Control
a4e9,6_1,Control,2024-12-06T13:39:00Z,0.87,22.90625,22.890625,3.62,2024-12-06T13:40:00Z,6_1,Control
a4e9,6_1,Control,2024-12-06T14:01:00Z,0.86,21.78125,21.75,3.62,2024-12-06T14:00:00Z,6_1,Control
a4e9,6_1,Control,2024-12-06T14:22:00Z,0.84,21,20.9765625,3.61,2024-12-06T14:20:00Z,6_1,Control
a4e9,6_1,Control,2024-12-06T14:44:00Z,0.82,20.3125,20.265625,3.61,2024-12-06T14:40:00Z,6_1,Control
a4e9,6_1,Control,2024-12-06T15:05:00Z,0.77,18.703125,18.6796875,3.61,2024-12-06T15:00:00Z,6_1,Control
a4e9,6_1,Control,2024-12-06T15:27:00Z,0.78,17.625,17.6171875,3.61,2024-12-06T15:20:00Z,6_1,Control
a4e9,6_1,Control,2024-12-06T15:48:00Z,0.79,16.8515625,16.859375,3.61,2024-12-06T15:40:00Z,6_1,Control
a4e9,6_1,Control,2024-12-06T16:10:00Z,0.78,16.3515625,16.3671875,3.6,2024-12-06T16:00:00Z,6_1,Control
a4e9,6_1,Control,2024-12-06T16:31:00Z,0.78,15.8984375,15.921875,3.61,2024-12-06T16:40:00Z,6_1,Control
a4e9,6_1,Control,2024-12-06T16:53:00Z,0.81,15.484375,15.5078125,3.6,2024-12-06T17:00:00Z,6_1,Control
a4e9,6_1,Control,2024-12-06T17:14:00Z,0.78,15.1953125,15.2109375,3.61,2024-12-06T17:20:00Z,6_1,Control
a4e9,6_1,Control,2024-12-06T17:35:00Z,0.78,14.796875,14.8125,3.61,2024-12-06T17:40:00Z,6_1,Control
a4e9,6_1,Control,2024-12-06T17:57:00Z,0.78,14.5390625,14.5546875,3.61,2024-12-06T18:00:00Z,6_1,Control
a4e9,6_1,Control,2024-12-06T18:18:00Z,0.79,14.3828125,14.3828125,3.6,2024-12-06T18:20:00Z,6_1,Control
a4e9,6_1,Control,2024-12-06T18:40:00Z,0.78,14.1328125,14.140625,3.6,2024-12-06T18:40:00Z,6_1,Control
a4e9,6_1,Control,2024-12-06T19:01:00Z,0.78,13.96875,13.9765625,3.6,2024-12-06T19:00:00Z,6_1,Control
a4e9,6_1,Control,2024-12-06T19:23:00Z,0.79,13.90625,13.9140625,3.6,2024-12-06T19:20:00Z,6_1,Control
a4e9,6_1,Control,2024-12-06T19:44:00Z,0.8,13.7421875,13.7421875,3.6,2024-12-06T19:40:00Z,6_1,Control
a4e9,6_1,Control,2024-12-06T20:06:00Z,0.79,13.6484375,13.6484375,3.6,2024-12-06T20:00:00Z,6_1,Control
a4e9,6_1,Control,2024-12-06T20:27:00Z,0.79,13.5234375,13.515625,3.6,2024-12-06T20:20:00Z,6_1,Control
a4e9,6_1,Control,2024-12-06T20:49:00Z,0.79,13.3828125,13.375,3.6,2024-12-06T20:40:00Z,6_1,Control
a4e9,6_1,Control,2024-12-06T21:10:00Z,0.79,13.171875,13.171875,3.59,2024-12-06T21:00:00Z,6_1,Control
a4e9,6_1,Control,2024-12-06T21:32:00Z,0.78,12.9765625,12.96875,3.6,2024-12-06T21:40:00Z,6_1,Control
a4e9,6_1,Control,2024-12-06T21:53:00Z,0.8,12.859375,12.8515625,3.59,2024-12-06T22:00:00Z,6_1,Control
a4e9,6_1,Control,2024-12-06T22:15:00Z,0.79,12.7578125,12.75,3.59,2024-12-06T22:20:00Z,6_1,Control
a4e9,6_1,Control,2024-12-06T22:36:00Z,0.76,12.453125,12.4609375,3.6,2024-12-06T22:40:00Z,6_1,Control
a4e9,6_1,Control,2024-12-06T22:57:00Z,0.77,11.859375,11.875,3.6,2024-12-06T23:00:00Z,6_1,Control
a4e9,6_1,Control,2024-12-06T23:19:00Z,0.77,11.3984375,11.4296875,3.6,2024-12-06T23:20:00Z,6_1,Control
a4e9,6_1,Control,2024-12-06T23:40:00Z,0.78,10.9375,10.96875,3.6,2024-12-06T23:40:00Z,6_1,Control
a4e9,6_1,Control,2024-12-07T00:02:00Z,0.77,10.5703125,10.6015625,3.6,2024-12-07T00:00:00Z,6_1,Control
a4e9,6_1,Control,2024-12-07T00:23:00Z,0.78,10.21875,10.234375,3.59,2024-12-07T00:20:00Z,6_1,Control
a4e9,6_1,Control,2024-12-07T00:45:00Z,0.78,9.9921875,10,3.6,2024-12-07T00:40:00Z,6_1,Control
a4e9,6_1,Control,2024-12-07T01:06:00Z,0.78,9.9140625,9.9140625,3.6,2024-12-07T01:00:00Z,6_1,Control
a4e9,6_1,Control,2024-12-07T01:28:00Z,0.78,9.734375,9.7421875,3.6,2024-12-07T01:20:00Z,6_1,Control
a4e9,6_1,Control,2024-12-07T01:49:00Z,0.79,9.7109375,9.703125,3.59,2024-12-07T01:40:00Z,6_1,Control
a4e9,6_1,Control,2024-12-07T02:11:00Z,0.8,10.09375,10.0390625,3.6,2024-12-07T02:20:00Z,6_1,Control
a4e9,6_1,Control,2024-12-07T02:32:00Z,0.8,10.78125,10.71875,3.59,2024-12-07T02:40:00Z,6_1,Control
a4e9,6_1,Control,2024-12-07T02:54:00Z,0.82,11.625,11.578125,3.59,2024-12-07T03:00:00Z,6_1,Control
a4e9,6_1,Control,2024-12-07T03:15:00Z,0.84,13.59375,13.359375,3.6,2024-12-07T03:20:00Z,6_1,Control
a4e9,6_1,Control,2024-12-07T03:36:00Z,0.83,14.9609375,14.8515625,3.6,2024-12-07T03:40:00Z,6_1,Control
a4e9,6_1,Control,2024-12-07T03:58:00Z,0.93,15.546875,15.4296875,3.6,2024-12-07T04:00:00Z,6_1,Control
a4e9,6_1,Control,2024-12-07T04:19:00Z,0.92,18.8125,18.59375,3.6,2024-12-07T04:20:00Z,6_1,Control
a4e9,6_1,Control,2024-12-07T04:41:00Z,0.92,20.453125,20.3046875,3.6,2024-12-07T04:40:00Z,6_1,Control
a4e9,6_1,Control,2024-12-07T05:02:00Z,0.94,20.7421875,20.6328125,3.6,2024-12-07T05:00:00Z,6_1,Control
a4e9,6_1,Control,2024-12-07T05:24:00Z,0.98,20.9140625,20.8203125,3.6,2024-12-07T05:20:00Z,6_1,Control
a4e9,6_1,Control,2024-12-07T05:45:00Z,1.03,21.5859375,21.5390625,3.61,2024-12-07T05:40:00Z,6_1,Control
a4e9,6_1,Control,2024-12-07T06:07:00Z,1.02,22.21875,22.2578125,3.61,2024-12-07T06:00:00Z,6_1,Control
a4e9,6_1,Control,2024-12-07T06:28:00Z,1.03,23.1171875,23.1640625,3.61,2024-12-07T06:20:00Z,6_1,Control
a4e9,6_1,Control,2024-12-07T06:50:00Z,1.04,23.953125,24.0234375,3.61,2024-12-07T06:40:00Z,6_1,Control
a4e9,6_1,Control,2024-12-07T07:11:00Z,1.09,25.390625,25.4609375,3.61,2024-12-07T07:20:00Z,6_1,Control
a4e9,6_1,Control,2024-12-07T07:33:00Z,1.11,26.59375,26.4453125,3.62,2024-12-07T07:40:00Z,6_1,Control
a4e9,6_1,Control,2024-12-07T07:54:00Z,1.09,27.5234375,27.390625,3.61,2024-12-07T08:00:00Z,6_1,Control
a4e9,6_1,Control,2024-12-07T08:16:00Z,1.12,28.265625,28.2265625,3.62,2024-12-07T08:20:00Z,6_1,Control
a4e9,6_1,Control,2024-12-07T08:37:00Z,1.11,28.5234375,28.46875,3.62,2024-12-07T08:40:00Z,6_1,Control
a4e9,6_1,Control,2024-12-07T08:59:00Z,1.16,28.7265625,28.7265625,3.62,2024-12-07T09:00:00Z,6_1,Control
a4e9,6_1,Control,2024-12-07T09:20:00Z,1.11,28.7421875,28.6796875,3.62,2024-12-07T09:20:00Z,6_1,Control
a4e9,6_1,Control,2024-12-07T09:41:00Z,1.15,28.421875,28.3671875,3.62,2024-12-07T09:40:00Z,6_1,Control
a4e9,6_1,Control,2024-12-07T10:03:00Z,1.11,28.3828125,28.4296875,3.62,2024-12-07T10:00:00Z,6_1,Control
a4e9,6_1,Control,2024-12-07T10:24:00Z,1.13,28.6171875,28.65625,3.61,2024-12-07T10:20:00Z,6_1,Control
a4e9,6_1,Control,2024-12-07T10:46:00Z,1.2,29.015625,29.0546875,3.62,2024-12-07T10:40:00Z,6_1,Control
a4e9,6_1,Control,2024-12-07T11:07:00Z,1.18,29.015625,29,3.62,2024-12-07T11:00:00Z,6_1,Control
a4e9,6_1,Control,2024-12-07T11:29:00Z,1.12,29.078125,29.1015625,3.62,2024-12-07T11:20:00Z,6_1,Control
a4e9,6_1,Control,2024-12-07T11:50:00Z,1.09,28.8203125,28.8125,3.62,2024-12-07T11:40:00Z,6_1,Control
a4e9,6_1,Control,2024-12-07T12:12:00Z,1.07,28.546875,28.59375,3.62,2024-12-07T12:20:00Z,6_1,Control
a4e9,6_1,Control,2024-12-07T12:33:00Z,1.03,28.328125,28.390625,3.62,2024-12-07T12:40:00Z,6_1,Control
a4e9,6_1,Control,2024-12-07T12:55:00Z,1.03,27.8359375,27.8203125,3.62,2024-12-07T13:00:00Z,6_1,Control
a4e9,6_1,Control,2024-12-07T13:16:00Z,0.99,27.140625,27.0546875,3.62,2024-12-07T13:20:00Z,6_1,Control
a4e9,6_1,Control,2024-12-07T13:38:00Z,0.87,26.2109375,26.09375,3.62,2024-12-07T13:40:00Z,6_1,Control
a4e9,6_1,Control,2024-12-07T13:59:00Z,0.85,24.515625,24.484375,3.62,2024-12-07T14:00:00Z,6_1,Control
a4e9,6_1,Control,2024-12-07T14:21:00Z,0.83,23.7890625,23.78125,3.62,2024-12-07T14:20:00Z,6_1,Control
a4e9,6_1,Control,2024-12-07T14:42:00Z,0.83,22.3046875,22.25,3.61,2024-12-07T14:40:00Z,6_1,Control
a4e9,6_1,Control,2024-12-07T15:03:00Z,0.76,20.5,20.421875,3.61,2024-12-07T15:00:00Z,6_1,Control
a4e9,6_1,Control,2024-12-07T15:25:00Z,0.76,18.5390625,18.53125,3.61,2024-12-07T15:20:00Z,6_1,Control
a4e9,6_1,Control,2024-12-07T15:46:00Z,0.76,17.0546875,17.078125,3.62,2024-12-07T15:40:00Z,6_1,Control
a4e9,6_1,Control,2024-12-07T16:08:00Z,0.77,15.890625,15.9296875,3.61,2024-12-07T16:00:00Z,6_1,Control
a4e9,6_1,Control,2024-12-07T16:29:00Z,0.77,15.1484375,15.1796875,3.61,2024-12-07T16:20:00Z,6_1,Control
a4e9,6_1,Control,2024-12-07T16:51:00Z,0.78,14.6640625,14.6875,3.61,2024-12-07T17:00:00Z,6_1,Control
a4e9,6_1,Control,2024-12-07T17:12:00Z,0.79,14.328125,14.359375,3.6,2024-12-07T17:20:00Z,6_1,Control
a4e9,6_1,Control,2024-12-07T17:34:00Z,0.79,14.15625,14.1796875,3.61,2024-12-07T17:40:00Z,6_1,Control
a4e9,6_1,Control,2024-12-07T17:55:00Z,0.79,14.0625,14.078125,3.61,2024-12-07T18:00:00Z,6_1,Control
a4e9,6_1,Control,2024-12-07T18:17:00Z,0.78,13.859375,13.8828125,3.61,2024-12-07T18:20:00Z,6_1,Control
a4e9,6_1,Control,2024-12-07T18:38:00Z,0.78,13.609375,13.6328125,3.6,2024-12-07T18:40:00Z,6_1,Control
a4e9,6_1,Control,2024-12-07T19:00:00Z,0.78,13.3203125,13.3359375,3.6,2024-12-07T19:00:00Z,6_1,Control
a4e9,6_1,Control,2024-12-07T19:21:00Z,0.79,13.0390625,13.0625,3.6,2024-12-07T19:20:00Z,6_1,Control
a4e9,6_1,Control,2024-12-07T19:42:00Z,0.78,12.828125,12.84375,3.6,2024-12-07T19:40:00Z,6_1,Control
a4e9,6_1,Control,2024-12-07T20:04:00Z,0.79,12.703125,12.71875,3.6,2024-12-07T20:00:00Z,6_1,Control
a4e9,6_1,Control,2024-12-07T20:25:00Z,0.79,12.6875,12.703125,3.6,2024-12-07T20:20:00Z,6_1,Control
a4e9,6_1,Control,2024-12-07T20:47:00Z,0.77,12.4296875,12.4609375,3.6,2024-12-07T20:40:00Z,6_1,Control
a4e9,6_1,Control,2024-12-07T21:08:00Z,0.78,12.34375,12.359375,3.6,2024-12-07T21:00:00Z,6_1,Control
a4e9,6_1,Control,2024-12-07T21:30:00Z,0.78,12.296875,12.3046875,3.6,2024-12-07T21:40:00Z,6_1,Control
a4e9,6_1,Control,2024-12-07T21:51:00Z,0.79,12.203125,12.21875,3.59,2024-12-07T22:00:00Z,6_1,Control
a4e9,6_1,Control,2024-12-07T22:13:00Z,0.79,12.046875,12.0703125,3.6,2024-12-07T22:20:00Z,6_1,Control
a4e9,6_1,Control,2024-12-07T22:34:00Z,0.77,11.765625,11.796875,3.6,2024-12-07T22:40:00Z,6_1,Control
a4e9,6_1,Control,2024-12-07T22:56:00Z,0.78,11.15625,11.203125,3.6,2024-12-07T23:00:00Z,6_1,Control
a4e9,6_1,Control,2024-12-07T23:17:00Z,0.78,10.796875,10.8359375,3.59,2024-12-07T23:20:00Z,6_1,Control
a4e9,6_1,Control,2024-12-07T23:39:00Z,0.78,10.4140625,10.4375,3.6,2024-12-07T23:40:00Z,6_1,Control
a4e9,6_1,Control,2024-12-08T00:00:00Z,0.79,10.40625,10.421875,3.59,2024-12-08T00:00:00Z,6_1,Control
a4e9,6_1,Control,2024-12-08T00:22:00Z,0.77,10.28125,10.296875,3.6,2024-12-08T00:20:00Z,6_1,Control
a4e9,6_1,Control,2024-12-08T00:43:00Z,0.79,10.390625,10.40625,3.59,2024-12-08T00:40:00Z,6_1,Control
a4e9,6_1,Control,2024-12-08T01:05:00Z,0.81,10.6328125,10.640625,3.59,2024-12-08T01:00:00Z,6_1,Control
a4e9,6_1,Control,2024-12-08T01:26:00Z,0.79,11.171875,11.1953125,3.6,2024-12-08T01:20:00Z,6_1,Control
a4e9,6_1,Control,2024-12-08T01:47:00Z,0.8,11.34375,11.375,3.6,2024-12-08T01:40:00Z,6_1,Control
a4e9,6_1,Control,2024-12-08T02:09:00Z,0.8,11.96875,11.9765625,3.6,2024-12-08T02:00:00Z,6_1,Control
a4e9,6_1,Control,2024-12-08T02:30:00Z,0.78,12.3828125,12.375,3.59,2024-12-08T02:40:00Z,6_1,Control
a4e9,6_1,Control,2024-12-08T02:52:00Z,0.8,12.734375,12.734375,3.6,2024-12-08T03:00:00Z,6_1,Control
a4e9,6_1,Control,2024-12-08T03:13:00Z,0.8,13.046875,13.0546875,3.6,2024-12-08T03:20:00Z,6_1,Control
a4e9,6_1,Control,2024-12-08T03:35:00Z,0.91,13.8359375,13.7421875,3.6,2024-12-08T03:40:00Z,6_1,Control
a4e9,6_1,Control,2024-12-08T03:56:00Z,0.94,17.1953125,16.8125,3.59,2024-12-08T04:00:00Z,6_1,Control
a4e9,6_1,Control,2024-12-08T04:18:00Z,0.94,19.96875,19.7421875,3.6,2024-12-08T04:20:00Z,6_1,Control
a4e9,6_1,Control,2024-12-08T04:39:00Z,0.95,22.078125,21.8984375,3.61,2024-12-08T04:40:00Z,6_1,Control
a4e9,6_1,Control,2024-12-08T05:01:00Z,0.93,23.4375,23.3828125,3.61,2024-12-08T05:00:00Z,6_1,Control
a4e9,6_1,Control,2024-12-08T05:22:00Z,1,23.3125,23.359375,3.61,2024-12-08T05:20:00Z,6_1,Control
a4e9,6_1,Control,2024-12-08T05:44:00Z,1.06,24.1953125,24.1796875,3.61,2024-12-08T05:40:00Z,6_1,Control
a4e9,6_1,Control,2024-12-08T06:05:00Z,1.13,25.734375,25.75,3.61,2024-12-08T06:00:00Z,6_1,Control
a4e9,6_1,Control,2024-12-08T06:27:00Z,1.09,26.640625,26.515625,3.61,2024-12-08T06:20:00Z,6_1,Control
a4e9,6_1,Control,2024-12-08T06:48:00Z,1.08,27.4765625,27.40625,3.62,2024-12-08T06:40:00Z,6_1,Control
a4e9,6_1,Control,2024-12-08T07:09:00Z,1.12,29.2265625,29.1640625,3.61,2024-12-08T07:00:00Z,6_1,Control
a4e9,6_1,Control,2024-12-08T07:31:00Z,1.18,30.40625,30.125,3.62,2024-12-08T07:40:00Z,6_1,Control
a4e9,6_1,Control,2024-12-08T07:52:00Z,1.12,31.03125,30.7421875,3.62,2024-12-08T08:00:00Z,6_1,Control
a4e9,6_1,Control,2024-12-08T08:14:00Z,1.09,31.34375,31.25,3.62,2024-12-08T08:20:00Z,6_1,Control
a4e9,6_1,Control,2024-12-08T08:35:00Z,1.12,31.40625,31.3359375,3.63,2024-12-08T08:40:00Z,6_1,Control
a4e9,6_1,Control,2024-12-08T08:57:00Z,1.12,31.546875,31.5078125,3.62,2024-12-08T09:00:00Z,6_1,Control
a4e9,6_1,Control,2024-12-08T09:18:00Z,1.16,31.2890625,31.2265625,3.62,2024-12-08T09:20:00Z,6_1,Control
a4e9,6_1,Control,2024-12-08T09:40:00Z,1.15,30.6875,30.65625,3.62,2024-12-08T09:40:00Z,6_1,Control
a4e9,6_1,Control,2024-12-08T10:01:00Z,1.11,29.8671875,29.90625,3.62,2024-12-08T10:00:00Z,6_1,Control
a4e9,6_1,Control,2024-12-08T10:23:00Z,1.1,29.1875,29.25,3.62,2024-12-08T10:20:00Z,6_1,Control
a4e9,6_1,Control,2024-12-08T10:44:00Z,1.13,29.1796875,29.2578125,3.62,2024-12-08T10:40:00Z,6_1,Control
a4e9,6_1,Control,2024-12-08T11:06:00Z,1.1,29.1171875,29.140625,3.62,2024-12-08T11:00:00Z,6_1,Control
a4e9,6_1,Control,2024-12-08T11:27:00Z,1.12,28.9921875,29.0078125,3.62,2024-12-08T11:20:00Z,6_1,Control
a4e9,6_1,Control,2024-12-08T11:48:00Z,1.06,28.7890625,28.8203125,3.62,2024-12-08T11:40:00Z,6_1,Control
a4e9,6_1,Control,2024-12-08T12:10:00Z,1.03,28.25,28.3125,3.62,2024-12-08T12:00:00Z,6_1,Control
a4e9,6_1,Control,2024-12-08T12:31:00Z,1,27.359375,27.40625,3.62,2024-12-08T12:40:00Z,6_1,Control
a4e9,6_1,Control,2024-12-08T12:53:00Z,0.98,27.125,27.1640625,3.61,2024-12-08T13:00:00Z,6_1,Control
a4e9,6_1,Control,2024-12-08T13:14:00Z,0.95,26.3359375,26.3046875,3.63,2024-12-08T13:20:00Z,6_1,Control
a4e9,6_1,Control,2024-12-08T13:36:00Z,0.91,25.7109375,25.6640625,3.62,2024-12-08T13:40:00Z,6_1,Control
a4e9,6_1,Control,2024-12-08T13:57:00Z,0.87,24.875,24.8984375,3.62,2024-12-08T14:00:00Z,6_1,Control
a4e9,6_1,Control,2024-12-08T14:19:00Z,0.86,24.4765625,24.5234375,3.62,2024-12-08T14:20:00Z,6_1,Control
a4e9,6_1,Control,2024-12-08T14:40:00Z,0.85,23.8515625,23.875,3.61,2024-12-08T14:40:00Z,6_1,Control
a4e9,6_1,Control,2024-12-08T15:02:00Z,0.77,22.125,22.078125,3.62,2024-12-08T15:00:00Z,6_1,Control
a4e9,6_1,Control,2024-12-08T15:23:00Z,0.78,20.3828125,20.3828125,3.61,2024-12-08T15:20:00Z,6_1,Control
a4e9,6_1,Control,2024-12-08T15:45:00Z,0.77,19.25,19.2734375,3.61,2024-12-08T15:40:00Z,6_1,Control
a4e9,6_1,Control,2024-12-08T16:06:00Z,0.77,18.3515625,18.375,3.62,2024-12-08T16:00:00Z,6_1,Control
a4e9,6_1,Control,2024-12-08T16:28:00Z,0.78,17.6875,17.7109375,3.61,2024-12-08T16:20:00Z,6_1,Control
a4e9,6_1,Control,2024-12-08T16:49:00Z,0.79,17.296875,17.3203125,3.6,2024-12-08T16:40:00Z,6_1,Control
a4e9,6_1,Control,2024-12-08T17:10:00Z,0.79,17.1328125,17.1484375,3.61,2024-12-08T17:00:00Z,6_1,Control
a4e9,6_1,Control,2024-12-08T17:32:00Z,0.79,16.90625,16.9140625,3.61,2024-12-08T17:40:00Z,6_1,Control
a4e9,6_1,Control,2024-12-08T17:53:00Z,0.79,16.671875,16.6875,3.61,2024-12-08T18:00:00Z,6_1,Control
a4e9,6_1,Control,2024-12-08T18:15:00Z,0.79,16.6484375,16.65625,3.61,2024-12-08T18:20:00Z,6_1,Control
a4e9,6_1,Control,2024-12-08T18:36:00Z,0.78,16.4140625,16.4375,3.61,2024-12-08T18:40:00Z,6_1,Control
a4e9,6_1,Control,2024-12-08T18:58:00Z,0.79,15.9453125,15.9765625,3.61,2024-12-08T19:00:00Z,6_1,Control
a4e9,6_1,Control,2024-12-08T19:19:00Z,0.77,15.5859375,15.609375,3.6,2024-12-08T19:20:00Z,6_1,Control
a4e9,6_1,Control,2024-12-08T19:41:00Z,0.77,15.09375,15.125,3.61,2024-12-08T19:40:00Z,6_1,Control
a4e9,6_1,Control,2024-12-08T20:02:00Z,0.79,14.7109375,14.734375,3.6,2024-12-08T20:00:00Z,6_1,Control
a4e9,6_1,Control,2024-12-08T20:24:00Z,0.78,14.640625,14.65625,3.6,2024-12-08T20:20:00Z,6_1,Control
a4e9,6_1,Control,2024-12-08T20:45:00Z,0.75,14.1015625,14.15625,3.6,2024-12-08T20:40:00Z,6_1,Control
a4e9,6_1,Control,2024-12-08T21:07:00Z,0.77,13.265625,13.328125,3.6,2024-12-08T21:00:00Z,6_1,Control
a4e9,6_1,Control,2024-12-08T21:28:00Z,0.79,12.8515625,12.890625,3.61,2024-12-08T21:20:00Z,6_1,Control
a4e9,6_1,Control,2024-12-08T21:50:00Z,0.76,12.40625,12.4453125,3.6,2024-12-08T21:40:00Z,6_1,Control
a4e9,6_1,Control,2024-12-08T22:11:00Z,0.79,12.109375,12.1328125,3.61,2024-12-08T22:20:00Z,6_1,Control
a4e9,6_1,Control,2024-12-08T22:33:00Z,0.79,12.140625,12.1640625,3.6,2024-12-08T22:40:00Z,6_1,Control
a4e9,6_1,Control,2024-12-08T22:54:00Z,0.76,11.8125,11.8515625,3.6,2024-12-08T23:00:00Z,6_1,Control
a4e9,6_1,Control,2024-12-08T23:15:00Z,0.76,11.328125,11.375,3.6,2024-12-08T23:20:00Z,6_1,Control
a4e9,6_1,Control,2024-12-08T23:37:00Z,0.78,11.1015625,11.140625,3.6,2024-12-08T23:40:00Z,6_1,Control
a4e9,6_1,Control,2024-12-08T23:58:00Z,0.78,10.875,10.9140625,3.6,2024-12-09T00:00:00Z,6_1,Control
a4e9,6_1,Control,2024-12-09T00:20:00Z,0.79,10.6484375,10.6796875,3.6,2024-12-09T00:20:00Z,6_1,Control
a4e9,6_1,Control,2024-12-09T00:41:00Z,0.8,10.8515625,10.8515625,3.6,2024-12-09T00:40:00Z,6_1,Control
a4e9,6_1,Control,2024-12-09T01:03:00Z,0.77,10.8203125,10.8359375,3.59,2024-12-09T01:00:00Z,6_1,Control
a4e9,6_1,Control,2024-12-09T01:24:00Z,0.79,10.640625,10.65625,3.6,2024-12-09T01:20:00Z,6_1,Control
a4e9,6_1,Control,2024-12-09T01:46:00Z,0.81,10.9609375,10.9453125,3.6,2024-12-09T01:40:00Z,6_1,Control
a4e9,6_1,Control,2024-12-09T02:07:00Z,0.85,11.78125,11.703125,3.6,2024-12-09T02:00:00Z,6_1,Control
a4e9,6_1,Control,2024-12-09T02:29:00Z,0.91,13.9609375,13.7421875,3.59,2024-12-09T02:20:00Z,6_1,Control
a4e9,6_1,Control,2024-12-09T02:50:00Z,0.93,16.328125,16.0390625,3.6,2024-12-09T02:40:00Z,6_1,Control
a4e9,6_1,Control,2024-12-09T03:12:00Z,0.96,18.96875,18.75,3.6,2024-12-09T03:20:00Z,6_1,Control
a4e9,6_1,Control,2024-12-09T03:33:00Z,0.98,21,20.7890625,3.6,2024-12-09T03:40:00Z,6_1,Control
a4e9,6_1,Control,2024-12-09T03:55:00Z,0.98,22.6640625,22.5234375,3.61,2024-12-09T04:00:00Z,6_1,Control
a4e9,6_1,Control,2024-12-09T04:16:00Z,0.99,23.9609375,23.859375,3.61,2024-12-09T04:20:00Z,6_1,Control
a4e9,6_1,Control,2024-12-09T04:37:00Z,0.95,25.375,25.1953125,3.61,2024-12-09T04:40:00Z,6_1,Control
a4e9,6_1,Control,2024-12-09T04:59:00Z,0.96,25.859375,25.703125,3.61,2024-12-09T05:00:00Z,6_1,Control
a4e9,6_1,Control,2024-12-09T05:20:00Z,0.99,25.2265625,25.1484375,3.61,2024-12-09T05:20:00Z,6_1,Control
a4e9,6_1,Control,2024-12-09T05:42:00Z,1.02,25.9140625,25.8828125,3.62,2024-12-09T05:40:00Z,6_1,Control
a4e9,6_1,Control,2024-12-09T06:03:00Z,1.03,26.703125,26.7109375,3.62,2024-12-09T06:00:00Z,6_1,Control
a4e9,6_1,Control,2024-12-09T06:25:00Z,1.06,27.703125,27.6953125,3.62,2024-12-09T06:20:00Z,6_1,Control
a4e9,6_1,Control,2024-12-09T06:46:00Z,1.02,28.84375,28.9375,3.62,2024-12-09T06:40:00Z,6_1,Control
a4e9,6_1,Control,2024-12-09T07:08:00Z,1.1,30.7578125,30.8671875,3.62,2024-12-09T07:00:00Z,6_1,Control
a4e9,6_1,Control,2024-12-09T07:29:00Z,1.17,32.59375,32.515625,3.62,2024-12-09T07:20:00Z,6_1,Control
a4e9,6_1,Control,2024-12-09T07:51:00Z,1.09,33.875,33.6328125,3.63,2024-12-09T08:00:00Z,6_1,Control
a4e9,6_1,Control,2024-12-09T08:12:00Z,1.1,34.765625,34.578125,3.62,2024-12-09T08:20:00Z,6_1,Control
a4e9,6_1,Control,2024-12-09T08:34:00Z,1.14,35.1640625,35.0390625,3.62,2024-12-09T08:40:00Z,6_1,Control
a4e9,6_1,Control,2024-12-09T08:55:00Z,1.13,35.5625,35.4765625,3.62,2024-12-09T09:00:00Z,6_1,Control
a4e9,6_1,Control,2024-12-09T09:17:00Z,1.12,35.8828125,35.78125,3.63,2024-12-09T09:20:00Z,6_1,Control
a4e9,6_1,Control,2024-12-09T09:38:00Z,1.1,36.0390625,35.984375,3.63,2024-12-09T09:40:00Z,6_1,Control
a4e9,6_1,Control,2024-12-09T09:59:00Z,1.09,36.3984375,36.4375,3.63,2024-12-09T10:00:00Z,6_1,Control
a4e9,6_1,Control,2024-12-09T10:21:00Z,1.16,36.4375,36.5078125,3.63,2024-12-09T10:20:00Z,6_1,Control
a4e9,6_1,Control,2024-12-09T10:42:00Z,1.1,36.3671875,36.3828125,3.63,2024-12-09T10:40:00Z,6_1,Control
a4e9,6_1,Control,2024-12-09T11:04:00Z,1.1,36.0625,36.03125,3.63,2024-12-09T11:00:00Z,6_1,Control
a4e9,6_1,Control,2024-12-09T11:25:00Z,1.07,35.890625,35.8515625,3.63,2024-12-09T11:20:00Z,6_1,Control
a4e9,6_1,Control,2024-12-09T11:47:00Z,1.13,35.5546875,35.5546875,3.63,2024-12-09T11:40:00Z,6_1,Control
a4e9,6_1,Control,2024-12-09T12:08:00Z,1.05,35.015625,35.0234375,3.64,2024-12-09T12:00:00Z,6_1,Control
a4e9,6_1,Control,2024-12-09T12:30:00Z,1.03,34.8125,34.859375,3.63,2024-12-09T12:40:00Z,6_1,Control
a4e9,6_1,Control,2024-12-09T12:51:00Z,0.96,33.625,33.6484375,3.63,2024-12-09T13:00:00Z,6_1,Control
a4e9,6_1,Control,2024-12-09T13:13:00Z,0.94,32.0078125,31.9296875,3.63,2024-12-09T13:20:00Z,6_1,Control
a4e9,6_1,Control,2024-12-09T13:34:00Z,0.83,30.3828125,30.296875,3.63,2024-12-09T13:40:00Z,6_1,Control
a4e9,6_1,Control,2024-12-09T13:56:00Z,0.86,28.8203125,28.7421875,3.63,2024-12-09T14:00:00Z,6_1,Control
a4e9,6_1,Control,2024-12-09T14:17:00Z,0.81,28.046875,28.0078125,3.62,2024-12-09T14:20:00Z,6_1,Control
a4e9,6_1,Control,2024-12-09T14:39:00Z,0.81,26.1328125,26.078125,3.63,2024-12-09T14:40:00Z,6_1,Control
a4e9,6_1,Control,2024-12-09T15:00:00Z,0.82,24.9453125,24.8828125,3.62,2024-12-09T15:00:00Z,6_1,Control
a4e9,6_1,Control,2024-12-09T15:21:00Z,0.77,23.515625,23.484375,3.63,2024-12-09T15:20:00Z,6_1,Control
a4e9,6_1,Control,2024-12-09T15:43:00Z,0.75,22.2109375,22.203125,3.62,2024-12-09T15:40:00Z,6_1,Control
a4e9,6_1,Control,2024-12-09T16:04:00Z,0.78,21.3125,21.3125,3.62,2024-12-09T16:00:00Z,6_1,Control
a4e9,6_1,Control,2024-12-09T16:26:00Z,0.79,20.9609375,20.9609375,3.62,2024-12-09T16:20:00Z,6_1,Control
a4e9,6_1,Control,2024-12-09T16:47:00Z,0.77,20.28125,20.3046875,3.62,2024-12-09T16:40:00Z,6_1,Control
a4e9,6_1,Control,2024-12-09T17:09:00Z,0.78,19.2578125,19.3046875,3.61,2024-12-09T17:00:00Z,6_1,Control
a4e9,6_1,Control,2024-12-09T17:30:00Z,0.78,18.6171875,18.640625,3.62,2024-12-09T17:40:00Z,6_1,Control
a4e9,6_1,Control,2024-12-09T17:52:00Z,0.78,18.140625,18.15625,3.62,2024-12-09T18:00:00Z,6_1,Control
a4e9,6_1,Control,2024-12-09T18:13:00Z,0.77,17.6171875,17.65625,3.62,2024-12-09T18:20:00Z,6_1,Control
a4e9,6_1,Control,2024-12-09T18:35:00Z,0.8,17.046875,17.078125,3.61,2024-12-09T18:40:00Z,6_1,Control
a4e9,6_1,Control,2024-12-09T18:56:00Z,0.79,16.8046875,16.8203125,3.61,2024-12-09T19:00:00Z,6_1,Control
a4e9,6_1,Control,2024-12-09T19:18:00Z,0.78,16.640625,16.6484375,3.61,2024-12-09T19:20:00Z,6_1,Control
a4e9,6_1,Control,2024-12-09T19:39:00Z,0.76,16.015625,16.0546875,3.61,2024-12-09T19:40:00Z,6_1,Control
a4e9,6_1,Control,2024-12-09T20:01:00Z,0.77,15.21875,15.265625,3.61,2024-12-09T20:00:00Z,6_1,Control
a4e9,6_1,Control,2024-12-09T20:22:00Z,0.79,14.7578125,14.7890625,3.61,2024-12-09T20:20:00Z,6_1,Control
a4e9,6_1,Control,2024-12-09T20:43:00Z,0.76,14.59375,14.625,3.61,2024-12-09T20:40:00Z,6_1,Control
a4e9,6_1,Control,2024-12-09T21:05:00Z,0.81,14.15625,14.1875,3.61,2024-12-09T21:00:00Z,6_1,Control
a4e9,6_1,Control,2024-12-09T21:26:00Z,0.78,14.5234375,14.53125,3.61,2024-12-09T21:20:00Z,6_1,Control
a4e9,6_1,Control,2024-12-09T21:48:00Z,0.78,14.015625,14.046875,3.61,2024-12-09T21:40:00Z,6_1,Control
a4e9,6_1,Control,2024-12-09T22:09:00Z,0.79,13.8828125,13.8828125,3.61,2024-12-09T22:00:00Z,6_1,Control
a4e9,6_1,Control,2024-12-09T22:31:00Z,0.79,13.890625,13.890625,3.61,2024-12-09T22:40:00Z,6_1,Control
a4e9,6_1,Control,2024-12-09T22:52:00Z,0.81,14.1328125,14.1171875,3.6,2024-12-09T23:00:00Z,6_1,Control
a4e9,6_1,Control,2024-12-09T23:14:00Z,0.79,14.328125,14.328125,3.61,2024-12-09T23:20:00Z,6_1,Control
a4e9,6_1,Control,2024-12-09T23:35:00Z,0.8,14.3515625,14.34375,3.61,2024-12-09T23:40:00Z,6_1,Control
a4e9,6_1,Control,2024-12-09T23:57:00Z,0.79,14.3671875,14.359375,3.61,2024-12-10T00:00:00Z,6_1,Control
a4e9,6_1,Control,2024-12-10T00:18:00Z,0.78,14.28125,14.296875,3.61,2024-12-10T00:20:00Z,6_1,Control
a4e9,6_1,Control,2024-12-10T00:40:00Z,0.78,14.390625,14.375,3.61,2024-12-10T00:40:00Z,6_1,Control
a4e9,6_1,Control,2024-12-10T01:01:00Z,0.77,13.75,13.7890625,3.61,2024-12-10T01:00:00Z,6_1,Control
a4e9,6_1,Control,2024-12-10T01:23:00Z,0.77,12.875,12.8984375,3.6,2024-12-10T01:20:00Z,6_1,Control
a4e9,6_1,Control,2024-12-10T01:44:00Z,0.8,12.4453125,12.4296875,3.6,2024-12-10T01:40:00Z,6_1,Control
a4e9,6_1,Control,2024-12-10T02:05:00Z,0.84,13.125,13.0625,3.6,2024-12-10T02:00:00Z,6_1,Control
a4e9,6_1,Control,2024-12-10T02:27:00Z,0.92,14.6875,14.546875,3.6,2024-12-10T02:20:00Z,6_1,Control
a4e9,6_1,Control,2024-12-10T02:48:00Z,0.95,17.359375,17.1328125,3.6,2024-12-10T02:40:00Z,6_1,Control
a4e9,6_1,Control,2024-12-10T03:10:00Z,0.94,19.9296875,19.734375,3.61,2024-12-10T03:00:00Z,6_1,Control
a4e9,6_1,Control,2024-12-10T03:31:00Z,1.02,22.2265625,21.9140625,3.6,2024-12-10T03:40:00Z,6_1,Control
a4e9,6_1,Control,2024-12-10T03:53:00Z,0.98,24.5625,24.2421875,3.61,2024-12-10T04:00:00Z,6_1,Control
a4e9,6_1,Control,2024-12-10T04:14:00Z,1.05,26.5859375,26.2578125,3.61,2024-12-10T04:20:00Z,6_1,Control
a4e9,6_1,Control,2024-12-10T04:36:00Z,0.93,28.2109375,27.9609375,3.62,2024-12-10T04:40:00Z,6_1,Control
a4e9,6_1,Control,2024-12-10T04:57:00Z,0.94,29.078125,29.046875,3.61,2024-12-10T05:00:00Z,6_1,Control
a4e9,6_1,Control,2024-12-10T05:19:00Z,1.06,29,29.015625,3.62,2024-12-10T05:20:00Z,6_1,Control
a4e9,6_1,Control,2024-12-10T05:40:00Z,1.08,29.1015625,28.9453125,3.62,2024-12-10T05:40:00Z,6_1,Control
a4e9,6_1,Control,2024-12-10T06:02:00Z,1.03,29.6875,29.6640625,3.63,2024-12-10T06:00:00Z,6_1,Control
a4e9,6_1,Control,2024-12-10T06:23:00Z,1.02,30.6640625,30.6328125,3.63,2024-12-10T06:20:00Z,6_1,Control
a4e9,6_1,Control,2024-12-10T06:45:00Z,1.01,31.5234375,31.6796875,3.62,2024-12-10T06:40:00Z,6_1,Control
a4e9,6_1,Control,2024-12-10T07:06:00Z,1.05,32.796875,32.9765625,3.63,2024-12-10T07:00:00Z,6_1,Control
a4e9,6_1,Control,2024-12-10T07:28:00Z,1.08,34.3359375,34.1796875,3.63,2024-12-10T07:20:00Z,6_1,Control
a4e9,6_1,Control,2024-12-10T07:49:00Z,1.08,35.34375,35.15625,3.63,2024-12-10T07:40:00Z,6_1,Control
a4e9,6_1,Control,2024-12-10T08:10:00Z,1.02,36.078125,35.875,3.63,2024-12-10T08:00:00Z,6_1,Control
a4e9,6_1,Control,2024-12-10T08:32:00Z,1.01,36.03125,35.9921875,3.62,2024-12-10T08:40:00Z,6_1,Control
a4e9,6_1,Control,2024-12-10T08:53:00Z,1.08,36.3125,36.296875,3.63,2024-12-10T09:00:00Z,6_1,Control
a4e9,6_1,Control,2024-12-10T09:15:00Z,1.05,37.078125,37.015625,3.63,2024-12-10T09:20:00Z,6_1,Control
a4e9,6_1,Control,2024-12-10T09:36:00Z,1.06,38,38.015625,3.64,2024-12-10T09:40:00Z,6_1,Control
a4e9,6_1,Control,2024-12-10T09:58:00Z,1.09,37.7421875,37.6875,3.63,2024-12-10T10:00:00Z,6_1,Control
a4e9,6_1,Control,2024-12-10T10:19:00Z,1.02,37.625,37.6484375,3.63,2024-12-10T10:20:00Z,6_1,Control
a4e9,6_1,Control,2024-12-10T10:41:00Z,1.04,37.578125,37.6484375,3.64,2024-12-10T10:40:00Z,6_1,Control
a4e9,6_1,Control,2024-12-10T11:02:00Z,1.02,37.1796875,37.265625,3.64,2024-12-10T11:00:00Z,6_1,Control
a4e9,6_1,Control,2024-12-10T11:24:00Z,1,36.53125,36.4765625,3.63,2024-12-10T11:20:00Z,6_1,Control
a4e9,6_1,Control,2024-12-10T11:45:00Z,0.97,35.7890625,35.75,3.63,2024-12-10T11:40:00Z,6_1,Control
a4e9,6_1,Control,2024-12-10T12:07:00Z,0.97,35.484375,35.5546875,3.64,2024-12-10T12:00:00Z,6_1,Control
a4e9,6_1,Control,2024-12-10T12:28:00Z,0.98,34.546875,34.578125,3.64,2024-12-10T12:20:00Z,6_1,Control
a4e9,6_1,Control,2024-12-10T12:50:00Z,0.96,34.234375,34.3125,3.63,2024-12-10T12:40:00Z,6_1,Control
a4e9,6_1,Control,2024-12-10T13:11:00Z,0.94,34.0234375,34.0625,3.63,2024-12-10T13:20:00Z,6_1,Control
a4e9,6_1,Control,2024-12-10T13:32:00Z,0.87,33.546875,33.53125,3.63,2024-12-10T13:40:00Z,6_1,Control
a4e9,6_1,Control,2024-12-10T13:54:00Z,0.78,31.765625,31.7890625,3.63,2024-12-10T14:00:00Z,6_1,Control
a4e9,6_1,Control,2024-12-10T14:15:00Z,0.82,30.6875,30.7265625,3.63,2024-12-10T14:20:00Z,6_1,Control
a4e9,6_1,Control,2024-12-10T14:37:00Z,0.85,30.1171875,30.125,3.63,2024-12-10T14:40:00Z,6_1,Control
a4e9,6_1,Control,2024-12-10T14:58:00Z,0.75,28.2109375,28.1328125,3.63,2024-12-10T15:00:00Z,6_1,Control
a4e9,6_1,Control,2024-12-10T15:20:00Z,0.73,26.1328125,26.09375,3.63,2024-12-10T15:20:00Z,6_1,Control
a4e9,6_1,Control,2024-12-10T15:41:00Z,0.75,24.625,24.625,3.63,2024-12-10T15:40:00Z,6_1,Control
a4e9,6_1,Control,2024-12-10T16:03:00Z,0.75,23.234375,23.2578125,3.63,2024-12-10T16:00:00Z,6_1,Control
a4e9,6_1,Control,2024-12-10T16:24:00Z,0.78,22.203125,22.234375,3.62,2024-12-10T16:20:00Z,6_1,Control
a4e9,6_1,Control,2024-12-10T16:46:00Z,0.77,21.640625,21.6640625,3.62,2024-12-10T16:40:00Z,6_1,Control
a4e9,6_1,Control,2024-12-10T17:07:00Z,0.78,21.2578125,21.28125,3.62,2024-12-10T17:00:00Z,6_1,Control
a4e9,6_1,Control,2024-12-10T17:29:00Z,0.77,20.8515625,20.8828125,3.62,2024-12-10T17:20:00Z,6_1,Control
a4e9,6_1,Control,2024-12-10T17:50:00Z,0.76,20.34375,20.375,3.62,2024-12-10T17:40:00Z,6_1,Control
a4e9,6_1,Control,2024-12-10T18:11:00Z,0.8,20.171875,20.1875,3.62,2024-12-10T18:20:00Z,6_1,Control
a4e9,6_1,Control,2024-12-10T18:33:00Z,0.79,20.109375,20.125,3.62,2024-12-10T18:40:00Z,6_1,Control
a4e9,6_1,Control,2024-12-10T18:54:00Z,0.78,20.0078125,20.0078125,3.61,2024-12-10T19:00:00Z,6_1,Control
a4e9,6_1,Control,2024-12-10T19:16:00Z,0.77,19.8515625,19.8515625,3.62,2024-12-10T19:20:00Z,6_1,Control
a4e9,6_1,Control,2024-12-10T19:37:00Z,0.77,19.15625,19.1953125,3.61,2024-12-10T19:40:00Z,6_1,Control
a4e9,6_1,Control,2024-12-10T19:59:00Z,0.78,18.453125,18.484375,3.61,2024-12-10T20:00:00Z,6_1,Control
a4e9,6_1,Control,2024-12-10T20:20:00Z,0.79,18.140625,18.15625,3.62,2024-12-10T20:20:00Z,6_1,Control
a4e9,6_1,Control,2024-12-10T20:42:00Z,0.78,18.359375,18.3515625,3.62,2024-12-10T20:40:00Z,6_1,Control
a4e9,6_1,Control,2024-12-10T21:03:00Z,0.77,18.09375,18.125,3.61,2024-12-10T21:00:00Z,6_1,Control
a4e9,6_1,Control,2024-12-10T21:25:00Z,0.79,17.609375,17.6484375,3.62,2024-12-10T21:20:00Z,6_1,Control
a4e9,6_1,Control,2024-12-10T21:46:00Z,0.78,17.375,17.390625,3.61,2024-12-10T21:40:00Z,6_1,Control
a4e9,6_1,Control,2024-12-10T22:08:00Z,0.77,17.0078125,17.0390625,3.61,2024-12-10T22:00:00Z,6_1,Control
a4e9,6_1,Control,2024-12-10T22:29:00Z,0.77,16.6875,16.7109375,3.61,2024-12-10T22:20:00Z,6_1,Control
a4e9,6_1,Control,2024-12-10T22:51:00Z,0.75,16.0703125,16.125,3.61,2024-12-10T23:00:00Z,6_1,Control
a4e9,6_1,Control,2024-12-10T23:12:00Z,0.76,15.5390625,15.5859375,3.61,2024-12-10T23:20:00Z,6_1,Control
a4e9,6_1,Control,2024-12-10T23:34:00Z,0.77,15.140625,15.1796875,3.61,2024-12-10T23:40:00Z,6_1,Control
a4e9,6_1,Control,2024-12-10T23:55:00Z,0.78,14.7578125,14.8046875,3.61,2024-12-11T00:00:00Z,6_1,Control
a4e9,6_1,Control,2024-12-11T00:16:00Z,0.77,14.484375,14.515625,3.61,2024-12-11T00:20:00Z,6_1,Control
a4e9,6_1,Control,2024-12-11T00:38:00Z,0.78,14.21875,14.25,3.61,2024-12-11T00:40:00Z,6_1,Control
a4e9,6_1,Control,2024-12-11T00:59:00Z,0.78,14.140625,14.1484375,3.61,2024-12-11T01:00:00Z,6_1,Control
a4e9,6_1,Control,2024-12-11T01:21:00Z,0.8,14.078125,14.09375,3.61,2024-12-11T01:20:00Z,6_1,Control
a4e9,6_1,Control,2024-12-11T01:42:00Z,0.79,14.0703125,14.0859375,3.61,2024-12-11T01:40:00Z,6_1,Control
a4e9,6_1,Control,2024-12-11T02:04:00Z,0.83,14.390625,14.3671875,3.61,2024-12-11T02:00:00Z,6_1,Control
a4e9,6_1,Control,2024-12-11T02:25:00Z,0.9,15.984375,15.8359375,3.61,2024-12-11T02:20:00Z,6_1,Control
a4e9,6_1,Control,2024-12-11T02:47:00Z,0.91,18.34375,18.09375,3.61,2024-12-11T02:40:00Z,6_1,Control
a4e9,6_1,Control,2024-12-11T03:08:00Z,0.92,20.8671875,20.6484375,3.61,2024-12-11T03:00:00Z,6_1,Control
a4e9,6_1,Control,2024-12-11T03:30:00Z,0.93,22.59375,22.328125,3.61,2024-12-11T03:40:00Z,6_1,Control
a4e9,6_1,Control,2024-12-11T03:51:00Z,0.94,24.234375,23.984375,3.61,2024-12-11T04:00:00Z,6_1,Control
a4e9,6_1,Control,2024-12-11T04:13:00Z,0.94,25.703125,25.5546875,3.62,2024-12-11T04:20:00Z,6_1,Control
a4e9,6_1,Control,2024-12-11T04:34:00Z,0.91,26.7734375,26.6484375,3.61,2024-12-11T04:40:00Z,6_1,Control
a4e9,6_1,Control,2024-12-11T04:56:00Z,0.9,27.9609375,27.8828125,3.62,2024-12-11T05:00:00Z,6_1,Control
a4e9,6_1,Control,2024-12-11T05:17:00Z,1.01,27.8125,27.84375,3.62,2024-12-11T05:20:00Z,6_1,Control
a4e9,6_1,Control,2024-12-11T05:38:00Z,1.01,28.28125,28.2890625,3.62,2024-12-11T05:40:00Z,6_1,Control
a4e9,6_1,Control,2024-12-11T06:00:00Z,0.98,29.328125,29.375,3.62,2024-12-11T06:00:00Z,6_1,Control
a4e9,6_1,Control,2024-12-11T06:21:00Z,1.03,30.2890625,30.375,3.62,2024-12-11T06:20:00Z,6_1,Control
a4e9,6_1,Control,2024-12-11T06:43:00Z,1.05,31.9140625,31.96875,3.63,2024-12-11T06:40:00Z,6_1,Control
a4e9,6_1,Control,2024-12-11T07:04:00Z,1.05,33.046875,33.0078125,3.62,2024-12-11T07:00:00Z,6_1,Control
a4e9,6_1,Control,2024-12-11T07:26:00Z,1.08,34.3359375,34.1015625,3.63,2024-12-11T07:20:00Z,6_1,Control
a4e9,6_1,Control,2024-12-11T07:47:00Z,1.03,34.4296875,34.171875,3.63,2024-12-11T07:40:00Z,6_1,Control
a4e9,6_1,Control,2024-12-11T08:09:00Z,1.04,34.6796875,34.484375,3.63,2024-12-11T08:00:00Z,6_1,Control
a4e9,6_1,Control,2024-12-11T08:30:00Z,1.04,35.0390625,34.9609375,3.63,2024-12-11T08:40:00Z,6_1,Control
a4e9,6_1,Control,2024-12-11T08:52:00Z,1.02,34.7421875,34.640625,3.63,2024-12-11T09:00:00Z,6_1,Control
a4e9,6_1,Control,2024-12-11T09:13:00Z,1.03,34.0703125,33.9375,3.63,2024-12-11T09:20:00Z,6_1,Control
a4e9,6_1,Control,2024-12-11T09:35:00Z,1,33.265625,33.171875,3.63,2024-12-11T09:40:00Z,6_1,Control
a4e9,6_1,Control,2024-12-11T09:56:00Z,1.05,33.171875,33.1484375,3.63,2024-12-11T10:00:00Z,6_1,Control
a4e9,6_1,Control,2024-12-11T10:18:00Z,1.02,33.609375,33.6875,3.63,2024-12-11T10:20:00Z,6_1,Control
a4e9,6_1,Control,2024-12-11T10:39:00Z,1.01,33.3515625,33.3828125,3.63,2024-12-11T10:40:00Z,6_1,Control
a4e9,6_1,Control,2024-12-11T11:00:00Z,1.03,33.203125,33.2265625,3.63,2024-12-11T11:00:00Z,6_1,Control
a4e9,6_1,Control,2024-12-11T11:22:00Z,1.03,33.1875,33.1796875,3.63,2024-12-11T11:20:00Z,6_1,Control
a4e9,6_1,Control,2024-12-11T11:43:00Z,1.02,32.828125,32.8515625,3.63,2024-12-11T11:40:00Z,6_1,Control
a4e9,6_1,Control,2024-12-11T12:05:00Z,1.03,32.5,32.546875,3.63,2024-12-11T12:00:00Z,6_1,Control
a4e9,6_1,Control,2024-12-11T12:26:00Z,0.96,32.34375,32.3984375,3.62,2024-12-11T12:20:00Z,6_1,Control
a4e9,6_1,Control,2024-12-11T12:48:00Z,1.02,32.0859375,32.1875,3.63,2024-12-11T12:40:00Z,6_1,Control
a4e9,6_1,Control,2024-12-11T13:09:00Z,0.93,31.84375,31.8828125,3.63,2024-12-11T13:00:00Z,6_1,Control
a4e9,6_1,Control,2024-12-11T13:31:00Z,0.88,30.9375,30.9296875,3.63,2024-12-11T13:40:00Z,6_1,Control
a4e9,6_1,Control,2024-12-11T13:52:00Z,0.81,29.359375,29.3671875,3.63,2024-12-11T14:00:00Z,6_1,Control
a4e9,6_1,Control,2024-12-11T14:14:00Z,0.84,28.671875,28.6953125,3.63,2024-12-11T14:20:00Z,6_1,Control
a4e9,6_1,Control,2024-12-11T14:35:00Z,0.78,27.3359375,27.3828125,3.63,2024-12-11T14:40:00Z,6_1,Control
a4e9,6_1,Control,2024-12-11T14:57:00Z,0.77,25.7890625,25.7578125,3.63,2024-12-11T15:00:00Z,6_1,Control
a4e9,6_1,Control,2024-12-11T15:18:00Z,0.74,24.109375,24.125,3.62,2024-12-11T15:20:00Z,6_1,Control
a4e9,6_1,Control,2024-12-11T15:40:00Z,0.77,22.734375,22.78125,3.63,2024-12-11T15:40:00Z,6_1,Control
a4e9,6_1,Control,2024-12-11T16:01:00Z,0.75,21.5703125,21.6171875,3.63,2024-12-11T16:00:00Z,6_1,Control
a4e9,6_1,Control,2024-12-11T16:22:00Z,0.77,20.5703125,20.609375,3.62,2024-12-11T16:20:00Z,6_1,Control
a4e9,6_1,Control,2024-12-11T16:44:00Z,0.77,19.8828125,19.921875,3.61,2024-12-11T16:40:00Z,6_1,Control
a4e9,6_1,Control,2024-12-11T17:05:00Z,0.76,19.171875,19.21875,3.62,2024-12-11T17:00:00Z,6_1,Control
a4e9,6_1,Control,2024-12-11T17:27:00Z,0.76,18.2421875,18.296875,3.62,2024-12-11T17:20:00Z,6_1,Control
a4e9,6_1,Control,2024-12-11T17:48:00Z,0.77,17.78125,17.8125,3.62,2024-12-11T17:40:00Z,6_1,Control
a4e9,6_1,Control,2024-12-11T18:10:00Z,0.8,17.65625,17.6796875,3.61,2024-12-11T18:00:00Z,6_1,Control
a4e9,6_1,Control,2024-12-11T18:31:00Z,0.78,17.59375,17.625,3.62,2024-12-11T18:40:00Z,6_1,Control
a4e9,6_1,Control,2024-12-11T18:53:00Z,0.78,17.0625,17.1015625,3.62,2024-12-11T19:00:00Z,6_1,Control
a4e9,6_1,Control,2024-12-11T19:14:00Z,0.77,16.75,16.7734375,3.62,2024-12-11T19:20:00Z,6_1,Control
a4e9,6_1,Control,2024-12-11T19:36:00Z,0.79,16.5625,16.5859375,3.61,2024-12-11T19:40:00Z,6_1,Control
a4e9,6_1,Control,2024-12-11T19:57:00Z,0.77,16.3125,16.3359375,3.61,2024-12-11T20:00:00Z,6_1,Control
a4e9,6_1,Control,2024-12-11T20:19:00Z,0.78,15.9296875,15.9609375,3.61,2024-12-11T20:20:00Z,6_1,Control
a4e9,6_1,Control,2024-12-11T20:40:00Z,0.77,15.671875,15.703125,3.61,2024-12-11T20:40:00Z,6_1,Control
a4e9,6_1,Control,2024-12-11T21:02:00Z,0.79,15.5078125,15.53125,3.61,2024-12-11T21:00:00Z,6_1,Control
a4e9,6_1,Control,2024-12-11T21:23:00Z,0.78,15.40625,15.4296875,3.61,2024-12-11T21:20:00Z,6_1,Control
a4e9,6_1,Control,2024-12-11T21:44:00Z,0.77,15.15625,15.203125,3.61,2024-12-11T21:40:00Z,6_1,Control
a4e9,6_1,Control,2024-12-11T22:06:00Z,0.75,14.515625,14.59375,3.61,2024-12-11T22:00:00Z,6_1,Control
a4e9,6_1,Control,2024-12-11T22:27:00Z,0.79,13.859375,13.9375,3.61,2024-12-11T22:20:00Z,6_1,Control
a4e9,6_1,Control,2024-12-11T22:49:00Z,0.79,13.34375,13.3984375,3.61,2024-12-11T22:40:00Z,6_1,Control
a4e9,6_1,Control,2024-12-11T23:10:00Z,0.78,13.21875,13.25,3.61,2024-12-11T23:00:00Z,6_1,Control
a4e9,6_1,Control,2024-12-11T23:32:00Z,0.79,13.2109375,13.2421875,3.61,2024-12-11T23:40:00Z,6_1,Control
a4e9,6_1,Control,2024-12-11T23:53:00Z,0.76,13.125,13.15625,3.6,2024-12-12T00:00:00Z,6_1,Control
a4e9,6_1,Control,2024-12-12T00:15:00Z,0.79,12.6640625,12.6875,3.61,2024-12-12T00:20:00Z,6_1,Control
a4e9,6_1,Control,2024-12-12T00:36:00Z,0.79,12.9375,12.921875,3.61,2024-12-12T00:40:00Z,6_1,Control
a4e9,6_1,Control,2024-12-12T00:58:00Z,0.79,13.0703125,13.0625,3.61,2024-12-12T01:00:00Z,6_1,Control
a4e9,6_1,Control,2024-12-12T01:19:00Z,0.78,13.125,13.125,3.61,2024-12-12T01:20:00Z,6_1,Control
a4e9,6_1,Control,2024-12-12T01:41:00Z,0.79,12.609375,12.640625,3.6,2024-12-12T01:40:00Z,6_1,Control
a4e9,6_1,Control,2024-12-12T02:02:00Z,0.82,12.4765625,12.4765625,3.61,2024-12-12T02:00:00Z,6_1,Control
a4e9,6_1,Control,2024-12-12T02:24:00Z,0.87,13.5,13.40625,3.6,2024-12-12T02:20:00Z,6_1,Control
a4e9,6_1,Control,2024-12-12T02:45:00Z,0.91,15.09375,14.9765625,3.61,2024-12-12T02:40:00Z,6_1,Control
a4e9,6_1,Control,2024-12-12T03:06:00Z,0.91,16.1953125,16.03125,3.6,2024-12-12T03:00:00Z,6_1,Control
a4e9,6_1,Control,2024-12-12T03:28:00Z,0.92,16.75,16.5546875,3.6,2024-12-12T03:20:00Z,6_1,Control
a4e9,6_1,Control,2024-12-12T03:49:00Z,0.94,17.3203125,17.1015625,3.61,2024-12-12T03:40:00Z,6_1,Control
a4e9,6_1,Control,2024-12-12T04:11:00Z,0.93,18.1796875,17.953125,3.61,2024-12-12T04:20:00Z,6_1,Control
a4e9,6_1,Control,2024-12-12T04:32:00Z,0.9,18.9140625,18.703125,3.61,2024-12-12T04:40:00Z,6_1,Control
a4e9,6_1,Control,2024-12-12T04:54:00Z,0.89,19.4609375,19.2578125,3.61,2024-12-12T05:00:00Z,6_1,Control
a4e9,6_1,Control,2024-12-12T05:15:00Z,0.9,19.7890625,19.6640625,3.61,2024-12-12T05:20:00Z,6_1,Control
a4e9,6_1,Control,2024-12-12T05:37:00Z,0.96,20.2734375,20.1875,3.62,2024-12-12T05:40:00Z,6_1,Control
a4e9,6_1,Control,2024-12-12T05:58:00Z,0.96,21.015625,20.9375,3.61,2024-12-12T06:00:00Z,6_1,Control
a4e9,6_1,Control,2024-12-12T06:20:00Z,0.97,21.75,21.703125,3.61,2024-12-12T06:20:00Z,6_1,Control
a4e9,6_1,Control,2024-12-12T06:41:00Z,0.96,22.4296875,22.40625,3.61,2024-12-12T06:40:00Z,6_1,Control
a4e9,6_1,Control,2024-12-12T07:03:00Z,0.98,23.3671875,23.34375,3.62,2024-12-12T07:00:00Z,6_1,Control
a4e9,6_1,Control,2024-12-12T07:24:00Z,0.99,24.515625,24.34375,3.62,2024-12-12T07:20:00Z,6_1,Control
a4e9,6_1,Control,2024-12-12T07:46:00Z,0.98,24.8984375,24.703125,3.61,2024-12-12T07:40:00Z,6_1,Control
a4e9,6_1,Control,2024-12-12T08:07:00Z,0.97,24.8984375,24.7265625,3.62,2024-12-12T08:00:00Z,6_1,Control
a4e9,6_1,Control,2024-12-12T08:28:00Z,1.01,25.0703125,24.9921875,3.62,2024-12-12T08:20:00Z,6_1,Control
a4e9,6_1,Control,2024-12-12T08:50:00Z,1.02,24.8984375,24.8125,3.61,2024-12-12T08:40:00Z,6_1,Control
a4e9,6_1,Control,2024-12-12T09:11:00Z,1.02,25.3671875,25.3046875,3.62,2024-12-12T09:20:00Z,6_1,Control
a4e9,6_1,Control,2024-12-12T09:33:00Z,1,24.9921875,24.90625,3.62,2024-12-12T09:40:00Z,6_1,Control
a4e9,6_1,Control,2024-12-12T09:54:00Z,0.99,24.3515625,24.2734375,3.62,2024-12-12T10:00:00Z,6_1,Control
a4e9,6_1,Control,2024-12-12T10:16:00Z,0.98,24.578125,24.546875,3.61,2024-12-12T10:20:00Z,6_1,Control
a4e9,6_1,Control,2024-12-12T10:37:00Z,0.95,24.0390625,23.9609375,3.62,2024-12-12T10:40:00Z,6_1,Control
a4e9,6_1,Control,2024-12-12T10:59:00Z,0.92,23.375,23.2734375,3.61,2024-12-12T11:00:00Z,6_1,Control
a4e9,6_1,Control,2024-12-12T11:20:00Z,0.96,22.8828125,22.7890625,3.61,2024-12-12T11:20:00Z,6_1,Control
a4e9,6_1,Control,2024-12-12T11:42:00Z,1,23.890625,23.9140625,3.62,2024-12-12T11:40:00Z,6_1,Control
a4e9,6_1,Control,2024-12-12T12:03:00Z,0.98,24.9921875,25.0546875,3.61,2024-12-12T12:00:00Z,6_1,Control
a4e9,6_1,Control,2024-12-12T12:25:00Z,0.97,23.9765625,23.890625,3.62,2024-12-12T12:20:00Z,6_1,Control
a4e9,6_1,Control,2024-12-12T12:46:00Z,0.94,23.5546875,23.53125,3.61,2024-12-12T12:40:00Z,6_1,Control
a4e9,6_1,Control,2024-12-12T13:08:00Z,0.91,22.125,22.015625,3.61,2024-12-12T13:00:00Z,6_1,Control
a4e9,6_1,Control,2024-12-12T13:29:00Z,0.89,21.921875,21.875,3.62,2024-12-12T13:20:00Z,6_1,Control
a4e9,6_1,Control,2024-12-12T13:50:00Z,0.85,21.15625,21.1171875,3.61,2024-12-12T13:40:00Z,6_1,Control
a4e9,6_1,Control,2024-12-12T14:12:00Z,0.83,20.8125,20.7890625,3.61,2024-12-12T14:20:00Z,6_1,Control
a4e9,6_1,Control,2024-12-12T14:33:00Z,0.82,19.3828125,19.328125,3.61,2024-12-12T14:40:00Z,6_1,Control
a4e9,6_1,Control,2024-12-12T14:55:00Z,0.79,18.03125,17.9375,3.61,2024-12-12T15:00:00Z,6_1,Control
a4e9,6_1,Control,2024-12-12T15:16:00Z,0.76,16.6796875,16.625,3.61,2024-12-12T15:20:00Z,6_1,Control
a4e9,6_1,Control,2024-12-12T15:38:00Z,0.78,15.421875,15.40625,3.61,2024-12-12T15:40:00Z,6_1,Control
a4e9,6_1,Control,2024-12-12T15:59:00Z,0.77,14.4296875,14.4296875,3.61,2024-12-12T16:00:00Z,6_1,Control
a4e9,6_1,Control,2024-12-12T16:21:00Z,0.78,13.7109375,13.7109375,3.6,2024-12-12T16:20:00Z,6_1,Control
a4e9,6_1,Control,2024-12-12T16:42:00Z,0.78,13.09375,13.09375,3.61,2024-12-12T16:40:00Z,6_1,Control
a4e9,6_1,Control,2024-12-12T17:04:00Z,0.79,12.65625,12.6484375,3.6,2024-12-12T17:00:00Z,6_1,Control
a4e9,6_1,Control,2024-12-12T17:25:00Z,0.78,12.4375,12.421875,3.6,2024-12-12T17:20:00Z,6_1,Control
a4e9,6_1,Control,2024-12-12T17:47:00Z,0.79,12.2265625,12.21875,3.6,2024-12-12T17:40:00Z,6_1,Control
a4e9,6_1,Control,2024-12-12T18:08:00Z,0.79,12.0546875,12.0390625,3.6,2024-12-12T18:00:00Z,6_1,Control
a4e9,6_1,Control,2024-12-12T18:30:00Z,0.79,11.8515625,11.84375,3.6,2024-12-12T18:40:00Z,6_1,Control
a4e9,6_1,Control,2024-12-12T18:51:00Z,0.79,11.6484375,11.640625,3.59,2024-12-12T19:00:00Z,6_1,Control
a4e9,6_1,Control,2024-12-12T19:12:00Z,0.79,11.4453125,11.4375,3.59,2024-12-12T19:20:00Z,6_1,Control
a4e9,6_1,Control,2024-12-12T19:34:00Z,0.77,11.125,11.1328125,3.6,2024-12-12T19:40:00Z,6_1,Control
a4e9,6_1,Control,2024-12-12T19:55:00Z,0.77,10.6484375,10.65625,3.6,2024-12-12T20:00:00Z,6_1,Control
a4e9,6_1,Control,2024-12-12T20:17:00Z,0.78,10.1328125,10.1484375,3.59,2024-12-12T20:20:00Z,6_1,Control
a4e9,6_1,Control,2024-12-12T20:38:00Z,0.78,9.734375,9.7421875,3.59,2024-12-12T20:40:00Z,6_1,Control
a4e9,6_1,Control,2024-12-12T21:00:00Z,0.77,9.6640625,9.671875,3.59,2024-12-12T21:00:00Z,6_1,Control
a4e9,6_1,Control,2024-12-12T21:21:00Z,0.76,9.671875,9.6875,3.59,2024-12-12T21:20:00Z,6_1,Control
a4e9,6_1,Control,2024-12-12T21:43:00Z,0.78,9.2734375,9.296875,3.59,2024-12-12T21:40:00Z,6_1,Control
a4e9,6_1,Control,2024-12-12T22:04:00Z,0.8,9.40625,9.40625,3.59,2024-12-12T22:00:00Z,6_1,Control
a4e9,6_1,Control,2024-12-12T22:26:00Z,0.8,10.1640625,10.1484375,3.59,2024-12-12T22:20:00Z,6_1,Control
a4e9,6_1,Control,2024-12-12T22:47:00Z,0.8,10.6171875,10.6171875,3.59,2024-12-12T22:40:00Z,6_1,Control
a4e9,6_1,Control,2024-12-12T23:09:00Z,0.8,10.9765625,10.9765625,3.6,2024-12-12T23:00:00Z,6_1,Control
a4e9,6_1,Control,2024-12-12T23:30:00Z,0.78,11.1328125,11.1328125,3.59,2024-12-12T23:40:00Z,6_1,Control
a4e9,6_1,Control,2024-12-12T23:52:00Z,0.78,11.0234375,11.0234375,3.59,2024-12-13T00:00:00Z,6_1,Control
a4e9,6_1,Control,2024-12-13T00:13:00Z,0.79,10.9140625,10.9140625,3.59,2024-12-13T00:20:00Z,6_1,Control
a4e9,6_1,Control,2024-12-13T00:34:00Z,0.78,10.625,10.6484375,3.59,2024-12-13T00:40:00Z,6_1,Control
a4e9,6_1,Control,2024-12-13T00:56:00Z,0.8,10.5546875,10.5546875,3.59,2024-12-13T01:00:00Z,6_1,Control
a4e9,6_1,Control,2024-12-13T01:17:00Z,0.79,10.7578125,10.7421875,3.6,2024-12-13T01:20:00Z,6_1,Control
a4e9,6_1,Control,2024-12-13T01:39:00Z,0.79,10.453125,10.4296875,3.59,2024-12-13T01:40:00Z,6_1,Control
a4e9,6_1,Control,2024-12-13T02:00:00Z,0.81,10.5390625,10.5078125,3.59,2024-12-13T02:00:00Z,6_1,Control
a4e9,6_1,Control,2024-12-13T02:22:00Z,0.83,11.4765625,11.3671875,3.59,2024-12-13T02:20:00Z,6_1,Control
a4e9,6_1,Control,2024-12-13T02:43:00Z,0.81,11.84375,11.7890625,3.59,2024-12-13T02:40:00Z,6_1,Control
a4e9,6_1,Control,2024-12-13T03:05:00Z,0.81,12.140625,12.0859375,3.59,2024-12-13T03:00:00Z,6_1,Control
a4e9,6_1,Control,2024-12-13T03:26:00Z,0.8,11.84375,11.8125,3.59,2024-12-13T03:20:00Z,6_1,Control
a4e9,6_1,Control,2024-12-13T03:48:00Z,0.78,10.9921875,10.984375,3.59,2024-12-13T03:40:00Z,6_1,Control
a4e9,6_1,Control,2024-12-13T04:09:00Z,0.82,10.8671875,10.8515625,3.6,2024-12-13T04:00:00Z,6_1,Control
a4e9,6_1,Control,2024-12-13T04:31:00Z,0.83,11.5546875,11.515625,3.59,2024-12-13T04:40:00Z,6_1,Control
a4e9,6_1,Control,2024-12-13T04:52:00Z,0.81,11.859375,11.7734375,3.6,2024-12-13T05:00:00Z,6_1,Control
a4e9,6_1,Control,2024-12-13T05:14:00Z,0.87,11.7734375,11.6875,3.6,2024-12-13T05:20:00Z,6_1,Control
a4e9,6_1,Control,2024-12-13T05:35:00Z,0.91,13.8515625,13.8125,3.59,2024-12-13T05:40:00Z,6_1,Control
a4e9,6_1,Control,2024-12-13T05:56:00Z,0.93,15.8671875,15.84375,3.59,2024-12-13T06:00:00Z,6_1,Control
a4e9,6_1,Control,2024-12-13T06:18:00Z,0.94,17.03125,16.9765625,3.6,2024-12-13T06:20:00Z,6_1,Control
a4e9,6_1,Control,2024-12-13T06:39:00Z,0.92,17.8515625,17.8046875,3.61,2024-12-13T06:40:00Z,6_1,Control
a4e9,6_1,Control,2024-12-13T07:01:00Z,0.9,18.1171875,18.046875,3.6,2024-12-13T07:00:00Z,6_1,Control
a4e9,6_1,Control,2024-12-13T07:22:00Z,0.94,17.25,17.1015625,3.6,2024-12-13T07:20:00Z,6_1,Control
a4e9,6_1,Control,2024-12-13T07:44:00Z,0.92,17.390625,17.28125,3.6,2024-12-13T07:40:00Z,6_1,Control
a4e9,6_1,Control,2024-12-13T08:05:00Z,0.96,19.171875,19.09375,3.6,2024-12-13T08:00:00Z,6_1,Control
a4e9,6_1,Control,2024-12-13T08:27:00Z,1,20.78125,20.765625,3.6,2024-12-13T08:20:00Z,6_1,Control
a4e9,6_1,Control,2024-12-13T08:48:00Z,0.97,21.28125,21.21875,3.6,2024-12-13T08:40:00Z,6_1,Control
a4e9,6_1,Control,2024-12-13T09:10:00Z,1,22.140625,22.1015625,3.61,2024-12-13T09:00:00Z,6_1,Control
a4e9,6_1,Control,2024-12-13T09:31:00Z,0.98,22.46875,22.4375,3.61,2024-12-13T09:40:00Z,6_1,Control
a4e9,6_1,Control,2024-12-13T09:53:00Z,0.99,22.5390625,22.515625,3.61,2024-12-13T10:00:00Z,6_1,Control
a4e9,6_1,Control,2024-12-13T10:14:00Z,0.98,22.703125,22.7265625,3.61,2024-12-13T10:20:00Z,6_1,Control
a4e9,6_1,Control,2024-12-13T10:36:00Z,1.01,22.9296875,22.984375,3.61,2024-12-13T10:40:00Z,6_1,Control
a4e9,6_1,Control,2024-12-13T10:57:00Z,0.99,22.6640625,22.65625,3.61,2024-12-13T11:00:00Z,6_1,Control
a4e9,6_1,Control,2024-12-13T11:19:00Z,0.98,22.59375,22.578125,3.61,2024-12-13T11:20:00Z,6_1,Control
a4e9,6_1,Control,2024-12-13T11:40:00Z,0.98,22.6875,22.71875,3.61,2024-12-13T11:40:00Z,6_1,Control
a4e9,6_1,Control,2024-12-13T12:01:00Z,0.96,22.921875,22.9921875,3.61,2024-12-13T12:00:00Z,6_1,Control
a4e9,6_1,Control,2024-12-13T12:23:00Z,0.97,23.15625,23.2578125,3.61,2024-12-13T12:20:00Z,6_1,Control
a4e9,6_1,Control,2024-12-13T12:44:00Z,0.93,23,23.078125,3.61,2024-12-13T12:40:00Z,6_1,Control
a4e9,6_1,Control,2024-12-13T13:06:00Z,0.94,22.53125,22.5546875,3.61,2024-12-13T13:00:00Z,6_1,Control
a4e9,6_1,Control,2024-12-13T13:27:00Z,0.88,21.7578125,21.71875,3.61,2024-12-13T13:20:00Z,6_1,Control
a4e9,6_1,Control,2024-12-13T13:49:00Z,0.83,20.7109375,20.6640625,3.61,2024-12-13T13:40:00Z,6_1,Control
a4e9,6_1,Control,2024-12-13T14:10:00Z,0.83,19.96875,19.953125,3.61,2024-12-13T14:00:00Z,6_1,Control
a4e9,6_1,Control,2024-12-13T14:32:00Z,0.8,19.109375,19.109375,3.61,2024-12-13T14:40:00Z,6_1,Control
a4e9,6_1,Control,2024-12-13T14:53:00Z,0.79,17.90625,17.90625,3.61,2024-12-13T15:00:00Z,6_1,Control
a4e9,6_1,Control,2024-12-13T15:15:00Z,0.77,16.515625,16.5390625,3.61,2024-12-13T15:20:00Z,6_1,Control
a4e9,6_1,Control,2024-12-13T15:36:00Z,0.76,14.9140625,14.9765625,3.61,2024-12-13T15:40:00Z,6_1,Control
a4e9,6_1,Control,2024-12-13T15:58:00Z,0.78,13.734375,13.796875,3.6,2024-12-13T16:00:00Z,6_1,Control
a4e9,6_1,Control,2024-12-13T16:19:00Z,0.76,12.8828125,12.9296875,3.6,2024-12-13T16:20:00Z,6_1,Control
a4e9,6_1,Control,2024-12-13T16:41:00Z,0.76,12.1640625,12.1953125,3.6,2024-12-13T16:40:00Z,6_1,Control
a4e9,6_1,Control,2024-12-13T17:02:00Z,0.77,11.5390625,11.578125,3.59,2024-12-13T17:00:00Z,6_1,Control
a4e9,6_1,Control,2024-12-13T17:23:00Z,0.78,11,11.0390625,3.6,2024-12-13T17:20:00Z,6_1,Control
a4e9,6_1,Control,2024-12-13T17:45:00Z,0.78,10.6875,10.7109375,3.6,2024-12-13T17:40:00Z,6_1,Control
a4e9,6_1,Control,2024-12-13T18:06:00Z,0.78,10.515625,10.5390625,3.59,2024-12-13T18:00:00Z,6_1,Control
a4e9,6_1,Control,2024-12-13T18:28:00Z,0.77,10.3125,10.3359375,3.59,2024-12-13T18:20:00Z,6_1,Control
a4e9,6_1,Control,2024-12-13T18:49:00Z,0.78,10.046875,10.0703125,3.6,2024-12-13T18:40:00Z,6_1,Control
a4e9,6_1,Control,2024-12-13T19:11:00Z,0.78,9.8046875,9.8203125,3.59,2024-12-13T19:20:00Z,6_1,Control
a4e9,6_1,Control,2024-12-13T19:32:00Z,0.78,9.5703125,9.5859375,3.59,2024-12-13T19:40:00Z,6_1,Control
a4e9,6_1,Control,2024-12-13T19:54:00Z,0.78,9.3359375,9.3515625,3.59,2024-12-13T20:00:00Z,6_1,Control
a4e9,6_1,Control,2024-12-13T20:15:00Z,0.77,9.1796875,9.1953125,3.59,2024-12-13T20:20:00Z,6_1,Control
a4e9,6_1,Control,2024-12-13T20:37:00Z,0.78,8.90625,8.9296875,3.59,2024-12-13T20:40:00Z,6_1,Control
a4e9,6_1,Control,2024-12-13T20:58:00Z,0.78,8.703125,8.71875,3.59,2024-12-13T21:00:00Z,6_1,Control
a4e9,6_1,Control,2024-12-13T21:20:00Z,0.79,8.5078125,8.53125,3.59,2024-12-13T21:20:00Z,6_1,Control
a4e9,6_1,Control,2024-12-13T21:41:00Z,0.78,8.328125,8.34375,3.59,2024-12-13T21:40:00Z,6_1,Control
a4e9,6_1,Control,2024-12-13T22:03:00Z,0.79,8.2109375,8.21875,3.59,2024-12-13T22:00:00Z,6_1,Control
a4e9,6_1,Control,2024-12-13T22:24:00Z,0.77,8.09375,8.1015625,3.58,2024-12-13T22:20:00Z,6_1,Control
a4e9,6_1,Control,2024-12-13T22:45:00Z,0.78,7.9375,7.953125,3.58,2024-12-13T22:40:00Z,6_1,Control
a4e9,6_1,Control,2024-12-13T23:07:00Z,0.78,7.796875,7.8125,3.59,2024-12-13T23:00:00Z,6_1,Control
a4e9,6_1,Control,2024-12-13T23:28:00Z,0.78,7.6484375,7.6640625,3.59,2024-12-13T23:20:00Z,6_1,Control
a4e9,6_1,Control,2024-12-13T23:50:00Z,0.78,7.4765625,7.484375,3.58,2024-12-13T23:40:00Z,6_1,Control
a4e9,6_1,Control,2024-12-14T00:11:00Z,0.78,7.4140625,7.421875,3.58,2024-12-14T00:20:00Z,6_1,Control
a4e9,6_1,Control,2024-12-14T00:33:00Z,0.75,7.0625,7.1015625,3.59,2024-12-14T00:40:00Z,6_1,Control
a4e9,6_1,Control,2024-12-14T00:54:00Z,0.78,6.609375,6.65625,3.58,2024-12-14T01:00:00Z,6_1,Control
a4e9,6_1,Control,2024-12-14T01:16:00Z,0.77,6.0703125,6.1171875,3.58,2024-12-14T01:20:00Z,6_1,Control
a4e9,6_1,Control,2024-12-14T01:37:00Z,0.79,5.9296875,5.9453125,3.58,2024-12-14T01:40:00Z,6_1,Control
a4e9,6_1,Control,2024-12-14T01:59:00Z,0.8,6.359375,6.3515625,3.59,2024-12-14T02:00:00Z,6_1,Control
a4e9,6_1,Control,2024-12-14T02:20:00Z,0.85,7.4140625,7.296875,3.59,2024-12-14T02:20:00Z,6_1,Control
a4e9,6_1,Control,2024-12-14T02:42:00Z,0.85,9.40625,9.171875,3.58,2024-12-14T02:40:00Z,6_1,Control
a4e9,6_1,Control,2024-12-14T03:03:00Z,0.85,11.25,11.0390625,3.58,2024-12-14T03:00:00Z,6_1,Control
a4e9,6_1,Control,2024-12-14T03:25:00Z,0.88,12.7265625,12.53125,3.59,2024-12-14T03:20:00Z,6_1,Control
a4e9,6_1,Control,2024-12-14T03:46:00Z,0.91,14.53125,14.25,3.59,2024-12-14T03:40:00Z,6_1,Control
a4e9,6_1,Control,2024-12-14T04:07:00Z,0.87,16.3203125,16.1171875,3.59,2024-12-14T04:00:00Z,6_1,Control
a4e9,6_1,Control,2024-12-14T04:29:00Z,0.86,17.125,16.9921875,3.6,2024-12-14T04:20:00Z,6_1,Control
a4e9,6_1,Control,2024-12-14T04:50:00Z,0.85,18.3671875,18.3203125,3.61,2024-12-14T04:40:00Z,6_1,Control
a4e9,6_1,Control,2024-12-14T05:12:00Z,0.87,18.5625,18.671875,3.61,2024-12-14T05:20:00Z,6_1,Control
a4e9,6_1,Control,2024-12-14T05:33:00Z,0.91,18.8671875,18.96875,3.61,2024-12-14T05:40:00Z,6_1,Control
a4e9,6_1,Control,2024-12-14T05:55:00Z,0.92,19.9609375,19.9921875,3.61,2024-12-14T06:00:00Z,6_1,Control
a4e9,6_1,Control,2024-12-14T06:16:00Z,0.94,21.140625,21.2265625,3.61,2024-12-14T06:20:00Z,6_1,Control
a4e9,6_1,Control,2024-12-14T06:38:00Z,0.96,22.1328125,22.2265625,3.61,2024-12-14T06:40:00Z,6_1,Control
a4e9,6_1,Control,2024-12-14T06:59:00Z,0.96,23.15625,23.25,3.61,2024-12-14T07:00:00Z,6_1,Control
a4e9,6_1,Control,2024-12-14T07:21:00Z,0.97,24.8046875,24.703125,3.61,2024-12-14T07:20:00Z,6_1,Control
a4e9,6_1,Control,2024-12-14T07:42:00Z,0.98,25.859375,25.6640625,3.61,2024-12-14T07:40:00Z,6_1,Control
a4e9,6_1,Control,2024-12-14T08:04:00Z,0.98,27.09375,26.8828125,3.62,2024-12-14T08:00:00Z,6_1,Control
a4e9,6_1,Control,2024-12-14T08:25:00Z,0.97,27.984375,27.921875,3.61,2024-12-14T08:20:00Z,6_1,Control
a4e9,6_1,Control,2024-12-14T08:47:00Z,0.99,28.4375,28.4765625,3.61,2024-12-14T08:40:00Z,6_1,Control
a4e9,6_1,Control,2024-12-14T09:08:00Z,1.06,28.59375,28.6171875,3.62,2024-12-14T09:00:00Z,6_1,Control
a4e9,6_1,Control,2024-12-14T09:29:00Z,1.02,29.21875,29.25,3.62,2024-12-14T09:20:00Z,6_1,Control
a4e9,6_1,Control,2024-12-14T09:51:00Z,0.99,29.9375,30.046875,3.62,2024-12-14T10:00:00Z,6_1,Control
a4e9,6_1,Control,2024-12-14T10:12:00Z,1,30.53125,30.671875,3.62,2024-12-14T10:20:00Z,6_1,Control
a4e9,6_1,Control,2024-12-14T10:34:00Z,1.04,31.1484375,31.34375,3.62,2024-12-14T10:40:00Z,6_1,Control
a4e9,6_1,Control,2024-12-14T10:55:00Z,1.04,31.5,31.6484375,3.62,2024-12-14T11:00:00Z,6_1,Control
a4e9,6_1,Control,2024-12-14T11:17:00Z,0.97,31.015625,31.0859375,3.62,2024-12-14T11:20:00Z,6_1,Control
a4e9,6_1,Control,2024-12-14T11:38:00Z,0.98,31.0625,31.140625,3.63,2024-12-14T11:40:00Z,6_1,Control
a4e9,6_1,Control,2024-12-14T12:00:00Z,0.98,31.7109375,31.8515625,3.63,2024-12-14T12:00:00Z,6_1,Control
a4e9,6_1,Control,2024-12-14T12:21:00Z,1,31.7421875,31.8984375,3.62,2024-12-14T12:20:00Z,6_1,Control
a4e9,6_1,Control,2024-12-14T12:43:00Z,0.94,31.2734375,31.40625,3.62,2024-12-14T12:40:00Z,6_1,Control
a4e9,6_1,Control,2024-12-14T13:04:00Z,0.92,30.390625,30.4296875,3.62,2024-12-14T13:00:00Z,6_1,Control
a4e9,6_1,Control,2024-12-14T13:26:00Z,0.88,29.625,29.6171875,3.62,2024-12-14T13:20:00Z,6_1,Control
a4e9,6_1,Control,2024-12-14T13:47:00Z,0.83,28.609375,28.6015625,3.62,2024-12-14T13:40:00Z,6_1,Control
a4e9,6_1,Control,2024-12-14T14:09:00Z,0.86,28.1484375,28.1953125,3.62,2024-12-14T14:00:00Z,6_1,Control
a4e9,6_1,Control,2024-12-14T14:30:00Z,0.84,27.8203125,27.8671875,3.62,2024-12-14T14:40:00Z,6_1,Control
a4e9,6_1,Control,2024-12-14T14:51:00Z,0.81,26.75,26.6796875,3.62,2024-12-14T15:00:00Z,6_1,Control
a4e9,6_1,Control,2024-12-14T15:13:00Z,0.74,24.8125,24.7265625,3.62,2024-12-14T15:20:00Z,6_1,Control
a4e9,6_1,Control,2024-12-14T15:34:00Z,0.76,23.0703125,23.046875,3.62,2024-12-14T15:40:00Z,6_1,Control
a4e9,6_1,Control,2024-12-14T15:56:00Z,0.77,21.84375,21.8515625,3.61,2024-12-14T16:00:00Z,6_1,Control
a4e9,6_1,Control,2024-12-14T16:17:00Z,0.75,20.921875,20.9375,3.62,2024-12-14T16:20:00Z,6_1,Control
a4e9,6_1,Control,2024-12-14T16:39:00Z,0.77,19.8671875,19.90625,3.62,2024-12-14T16:40:00Z,6_1,Control
a4e9,6_1,Control,2024-12-14T17:00:00Z,0.78,19.5859375,19.6015625,3.61,2024-12-14T17:00:00Z,6_1,Control
a4e9,6_1,Control,2024-12-14T17:22:00Z,0.78,19.265625,19.28125,3.61,2024-12-14T17:20:00Z,6_1,Control
a4e9,6_1,Control,2024-12-14T17:43:00Z,0.79,18.9453125,18.953125,3.61,2024-12-14T17:40:00Z,6_1,Control
a4e9,6_1,Control,2024-12-14T18:05:00Z,0.75,18.2421875,18.2890625,3.61,2024-12-14T18:00:00Z,6_1,Control
a4e9,6_1,Control,2024-12-14T18:26:00Z,0.76,17.5859375,17.609375,3.61,2024-12-14T18:20:00Z,6_1,Control
a4e9,6_1,Control,2024-12-14T18:48:00Z,0.78,17.34375,17.3515625,3.6,2024-12-14T18:40:00Z,6_1,Control
a4e9,6_1,Control,2024-12-14T19:09:00Z,0.77,16.875,16.9140625,3.6,2024-12-14T19:00:00Z,6_1,Control
a4e9,6_1,Control,2024-12-14T19:31:00Z,0.77,16.3203125,16.34375,3.61,2024-12-14T19:40:00Z,6_1,Control
a4e9,6_1,Control,2024-12-14T19:52:00Z,0.77,15.359375,15.3984375,3.6,2024-12-14T20:00:00Z,6_1,Control
a4e9,6_1,Control,2024-12-14T20:14:00Z,0.77,15.1015625,15.1171875,3.61,2024-12-14T20:20:00Z,6_1,Control
a4e9,6_1,Control,2024-12-14T20:35:00Z,0.78,14.734375,14.75,3.61,2024-12-14T20:40:00Z,6_1,Control
a4e9,6_1,Control,2024-12-14T20:56:00Z,0.8,14.7265625,14.7265625,3.6,2024-12-14T21:00:00Z,6_1,Control
a4e9,6_1,Control,2024-12-14T21:18:00Z,0.78,14.6484375,14.65625,3.61,2024-12-14T21:20:00Z,6_1,Control
a4e9,6_1,Control,2024-12-14T21:39:00Z,0.78,14.3203125,14.3359375,3.6,2024-12-14T21:40:00Z,6_1,Control
a4e9,6_1,Control,2024-12-14T22:01:00Z,0.77,13.765625,13.7890625,3.6,2024-12-14T22:00:00Z,6_1,Control
a4e9,6_1,Control,2024-12-14T22:22:00Z,0.8,13.484375,13.484375,3.6,2024-12-14T22:20:00Z,6_1,Control
a4e9,6_1,Control,2024-12-14T22:44:00Z,0.79,13.765625,13.7578125,3.6,2024-12-14T22:40:00Z,6_1,Control
a4e9,6_1,Control,2024-12-14T23:05:00Z,0.79,13.6484375,13.6484375,3.6,2024-12-14T23:00:00Z,6_1,Control
a4e9,6_1,Control,2024-12-14T23:27:00Z,0.79,13.6015625,13.59375,3.6,2024-12-14T23:20:00Z,6_1,Control
a4e9,6_1,Control,2024-12-14T23:48:00Z,0.79,13.7421875,13.734375,3.59,2024-12-14T23:40:00Z,6_1,Control
a4e9,6_1,Control,2024-12-15T00:10:00Z,0.85,14.2421875,14.1953125,3.59,2024-12-15T00:00:00Z,6_1,Control
a4e9,6_1,Control,2024-12-15T00:31:00Z,0.83,16.2421875,16.1640625,3.6,2024-12-15T00:40:00Z,6_1,Control
a4e9,6_1,Control,2024-12-15T00:53:00Z,0.81,17.5546875,17.5078125,3.6,2024-12-15T01:00:00Z,6_1,Control
a4e9,6_1,Control,2024-12-15T01:14:00Z,0.75,17.328125,17.3203125,3.6,2024-12-15T01:20:00Z,6_1,Control
a4e9,6_1,Control,2024-12-15T01:36:00Z,0.77,16.25,16.2421875,3.6,2024-12-15T01:40:00Z,6_1,Control
a4e9,6_1,Control,2024-12-15T01:57:00Z,0.83,15.8046875,15.7734375,3.6,2024-12-15T02:00:00Z,6_1,Control
a4e9,6_1,Control,2024-12-15T02:18:00Z,0.86,16.59375,16.546875,3.6,2024-12-15T02:20:00Z,6_1,Control
a4e9,6_1,Control,2024-12-15T02:40:00Z,0.91,17.375,17.2890625,3.6,2024-12-15T02:40:00Z,6_1,Control
a4e9,6_1,Control,2024-12-15T03:01:00Z,0.93,18.6328125,18.484375,3.6,2024-12-15T03:00:00Z,6_1,Control
a4e9,6_1,Control,2024-12-15T03:23:00Z,0.94,19.3125,19.125,3.6,2024-12-15T03:20:00Z,6_1,Control
a4e9,6_1,Control,2024-12-15T03:44:00Z,0.95,20.1640625,19.8984375,3.6,2024-12-15T03:40:00Z,6_1,Control
a4e9,6_1,Control,2024-12-15T04:06:00Z,0.98,21.6640625,21.3984375,3.61,2024-12-15T04:00:00Z,6_1,Control
a4e9,6_1,Control,2024-12-15T04:27:00Z,0.91,23.0703125,22.8046875,3.6,2024-12-15T04:20:00Z,6_1,Control
a4e9,6_1,Control,2024-12-15T04:49:00Z,0.91,23.3203125,23.0546875,3.61,2024-12-15T04:40:00Z,6_1,Control
a4e9,6_1,Control,2024-12-15T05:10:00Z,0.93,23.15625,23,3.61,2024-12-15T05:00:00Z,6_1,Control
a4e9,6_1,Control,2024-12-15T05:32:00Z,0.96,23.2109375,23.109375,3.61,2024-12-15T05:40:00Z,6_1,Control
a4e9,6_1,Control,2024-12-15T05:53:00Z,0.97,23.953125,23.8515625,3.62,2024-12-15T06:00:00Z,6_1,Control
a4e9,6_1,Control,2024-12-15T06:15:00Z,0.97,24.96875,24.8984375,3.61,2024-12-15T06:20:00Z,6_1,Control
a4e9,6_1,Control,2024-12-15T06:36:00Z,0.97,25.75,25.75,3.61,2024-12-15T06:40:00Z,6_1,Control
a4e9,6_1,Control,2024-12-15T06:58:00Z,0.94,27.03125,27.046875,3.62,2024-12-15T07:00:00Z,6_1,Control
a4e9,6_1,Control,2024-12-15T07:19:00Z,1,27.9609375,27.8125,3.62,2024-12-15T07:20:00Z,6_1,Control
a4e9,6_1,Control,2024-12-15T07:40:00Z,0.96,26.4609375,26.1484375,3.61,2024-12-15T07:40:00Z,6_1,Control
a4e9,6_1,Control,2024-12-15T08:02:00Z,0.94,26.484375,26.2109375,3.61,2024-12-15T08:00:00Z,6_1,Control
a4e9,6_1,Control,2024-12-15T08:23:00Z,0.95,26.921875,26.8046875,3.62,2024-12-15T08:20:00Z,6_1,Control
a4e9,6_1,Control,2024-12-15T08:45:00Z,0.97,26.7109375,26.6328125,3.62,2024-12-15T08:40:00Z,6_1,Control
a4e9,6_1,Control,2024-12-15T09:06:00Z,0.97,26.65625,26.5703125,3.62,2024-12-15T09:00:00Z,6_1,Control
a4e9,6_1,Control,2024-12-15T09:28:00Z,0.98,27.078125,27.046875,3.62,2024-12-15T09:20:00Z,6_1,Control
a4e9,6_1,Control,2024-12-15T09:49:00Z,0.99,27.0390625,27,3.62,2024-12-15T09:40:00Z,6_1,Control
a4e9,6_1,Control,2024-12-15T10:11:00Z,0.95,26.484375,26.453125,3.62,2024-12-15T10:20:00Z,6_1,Control
a4e9,6_1,Control,2024-12-15T10:32:00Z,0.97,25.640625,25.6015625,3.62,2024-12-15T10:40:00Z,6_1,Control
a4e9,6_1,Control,2024-12-15T10:54:00Z,0.97,25.3515625,25.3125,3.62,2024-12-15T11:00:00Z,6_1,Control
a4e9,6_1,Control,2024-12-15T11:15:00Z,0.96,25.4140625,25.390625,3.62,2024-12-15T11:20:00Z,6_1,Control
a4e9,6_1,Control,2024-12-15T11:37:00Z,0.89,25.0078125,24.984375,3.62,2024-12-15T11:40:00Z,6_1,Control
a4e9,6_1,Control,2024-12-15T11:58:00Z,0.88,23.109375,23.0078125,3.62,2024-12-15T12:00:00Z,6_1,Control
a4e9,6_1,Control,2024-12-15T12:20:00Z,0.87,22.7734375,22.765625,3.62,2024-12-15T12:20:00Z,6_1,Control
a4e9,6_1,Control,2024-12-15T12:41:00Z,0.78,21.046875,21.0078125,3.62,2024-12-15T12:40:00Z,6_1,Control
a4e9,6_1,Control,2024-12-15T13:02:00Z,0.75,19.28125,19.2421875,3.61,2024-12-15T13:00:00Z,6_1,Control
a4e9,6_1,Control,2024-12-15T13:24:00Z,0.81,18.0234375,17.9921875,3.61,2024-12-15T13:20:00Z,6_1,Control
a4e9,6_1,Control,2024-12-15T13:45:00Z,0.78,17.9765625,17.96875,3.61,2024-12-15T13:40:00Z,6_1,Control
a4e9,6_1,Control,2024-12-15T14:07:00Z,0.84,17.859375,17.8359375,3.61,2024-12-15T14:00:00Z,6_1,Control
a4e9,6_1,Control,2024-12-15T14:28:00Z,0.78,17.8515625,17.859375,3.61,2024-12-15T14:20:00Z,6_1,Control
a4e9,6_1,Control,2024-12-15T14:50:00Z,0.73,16.140625,16.1484375,3.61,2024-12-15T14:40:00Z,6_1,Control
a4e9,6_1,Control,2024-12-15T15:11:00Z,0.75,14.75,14.7578125,3.61,2024-12-15T15:20:00Z,6_1,Control
a4e9,6_1,Control,2024-12-15T15:33:00Z,0.76,13.6640625,13.6953125,3.61,2024-12-15T15:40:00Z,6_1,Control
a4e9,6_1,Control,2024-12-15T15:54:00Z,0.78,13.0859375,13.109375,3.6,2024-12-15T16:00:00Z,6_1,Control
a4e9,6_1,Control,2024-12-15T16:16:00Z,0.78,12.8046875,12.8359375,3.6,2024-12-15T16:20:00Z,6_1,Control
a4e9,6_1,Control,2024-12-15T16:37:00Z,0.78,12.5,12.5234375,3.6,2024-12-15T16:40:00Z,6_1,Control
a4e9,6_1,Control,2024-12-15T16:59:00Z,0.77,12.3515625,12.3671875,3.6,2024-12-15T17:00:00Z,6_1,Control
a4e9,6_1,Control,2024-12-15T17:20:00Z,0.79,12.1328125,12.1484375,3.6,2024-12-15T17:20:00Z,6_1,Control
a4e9,6_1,Control,2024-12-15T17:42:00Z,0.76,11.984375,11.9921875,3.6,2024-12-15T17:40:00Z,6_1,Control
a4e9,6_1,Control,2024-12-15T18:03:00Z,0.78,11.59375,11.609375,3.6,2024-12-15T18:00:00Z,6_1,Control
a4e9,6_1,Control,2024-12-15T18:24:00Z,0.78,11.3671875,11.375,3.59,2024-12-15T18:20:00Z,6_1,Control
a4e9,6_1,Control,2024-12-15T18:46:00Z,0.77,11.046875,11.0625,3.6,2024-12-15T18:40:00Z,6_1,Control
a4e9,6_1,Control,2024-12-15T19:07:00Z,0.77,10.6953125,10.7109375,3.6,2024-12-15T19:00:00Z,6_1,Control
a4e9,6_1,Control,2024-12-15T19:29:00Z,0.79,10.375,10.390625,3.6,2024-12-15T19:20:00Z,6_1,Control
a4e9,6_1,Control,2024-12-15T19:50:00Z,0.79,10.1796875,10.1796875,3.6,2024-12-15T19:40:00Z,6_1,Control
a4e9,6_1,Control,2024-12-15T20:12:00Z,0.77,9.9765625,9.9765625,3.6,2024-12-15T20:20:00Z,6_1,Control
a4e9,6_1,Control,2024-12-15T20:33:00Z,0.77,9.6640625,9.6640625,3.59,2024-12-15T20:40:00Z,6_1,Control
a4e9,6_1,Control,2024-12-15T20:55:00Z,0.79,9.546875,9.5390625,3.59,2024-12-15T21:00:00Z,6_1,Control
a4e9,6_1,Control,2024-12-15T21:16:00Z,0.77,9.3984375,9.40625,3.59,2024-12-15T21:20:00Z,6_1,Control
a4e9,6_1,Control,2024-12-15T21:38:00Z,0.77,8.875,8.90625,3.59,2024-12-15T21:40:00Z,6_1,Control
a4e9,6_1,Control,2024-12-15T21:59:00Z,0.78,8.4765625,8.515625,3.59,2024-12-15T22:00:00Z,6_1,Control
a4e9,6_1,Control,2024-12-15T22:21:00Z,0.78,8.3515625,8.3671875,3.59,2024-12-15T22:20:00Z,6_1,Control
a4e9,6_1,Control,2024-12-15T22:42:00Z,0.8,8.5390625,8.5390625,3.59,2024-12-15T22:40:00Z,6_1,Control
a4e9,6_1,Control,2024-12-15T23:04:00Z,0.8,8.921875,8.90625,3.59,2024-12-15T23:00:00Z,6_1,Control
a4e9,6_1,Control,2024-12-15T23:25:00Z,0.76,8.8203125,8.8359375,3.59,2024-12-15T23:20:00Z,6_1,Control
a4e9,6_1,Control,2024-12-15T23:47:00Z,0.8,8.40625,8.421875,3.59,2024-12-15T23:40:00Z,6_1,Control
a4e9,6_1,Control,2024-12-16T00:08:00Z,0.76,8.0390625,8.0703125,3.59,2024-12-16T00:00:00Z,6_1,Control
a4e9,6_1,Control,2024-12-16T00:29:00Z,0.79,8.0078125,8.0234375,3.59,2024-12-16T00:20:00Z,6_1,Control
a4e9,6_1,Control,2024-12-16T00:51:00Z,0.77,8.125,8.1328125,3.59,2024-12-16T01:00:00Z,6_1,Control
a4e9,6_1,Control,2024-12-16T01:12:00Z,0.77,8.0625,8.078125,3.59,2024-12-16T01:20:00Z,6_1,Control
a4e9,6_1,Control,2024-12-16T01:34:00Z,0.78,8.1171875,8.125,3.59,2024-12-16T01:40:00Z,6_1,Control
a4e9,6_1,Control,2024-12-16T01:55:00Z,0.79,8.2734375,8.28125,3.59,2024-12-16T02:00:00Z,6_1,Control
a4e9,6_1,Control,2024-12-16T02:17:00Z,0.81,8.5078125,8.5,3.59,2024-12-16T02:20:00Z,6_1,Control
a4e9,6_1,Control,2024-12-16T02:38:00Z,0.85,9.8125,9.6328125,3.59,2024-12-16T02:40:00Z,6_1,Control
a4e9,6_1,Control,2024-12-16T03:00:00Z,0.83,11.359375,11.1015625,3.59,2024-12-16T03:00:00Z,6_1,Control
a4e9,6_1,Control,2024-12-16T03:21:00Z,0.81,12.6484375,12.4375,3.59,2024-12-16T03:20:00Z,6_1,Control
a4e9,6_1,Control,2024-12-16T03:43:00Z,0.82,13.015625,12.9296875,3.59,2024-12-16T03:40:00Z,6_1,Control
a4e9,6_1,Control,2024-12-16T04:04:00Z,0.86,14.2109375,14.0390625,3.59,2024-12-16T04:00:00Z,6_1,Control
a4e9,6_1,Control,2024-12-16T04:26:00Z,0.84,15.703125,15.546875,3.6,2024-12-16T04:20:00Z,6_1,Control
a4e9,6_1,Control,2024-12-16T04:47:00Z,0.84,15.8125,15.6875,3.6,2024-12-16T04:40:00Z,6_1,Control
a4e9,6_1,Control,2024-12-16T05:09:00Z,0.88,16.4140625,16.28125,3.6,2024-12-16T05:00:00Z,6_1,Control
a4e9,6_1,Control,2024-12-16T05:30:00Z,0.88,17.453125,17.3828125,3.61,2024-12-16T05:40:00Z,6_1,Control
a4e9,6_1,Control,2024-12-16T05:51:00Z,0.88,18.6953125,18.609375,3.6,2024-12-16T06:00:00Z,6_1,Control
a4e9,6_1,Control,2024-12-16T06:13:00Z,0.9,19.5390625,19.4921875,3.61,2024-12-16T06:20:00Z,6_1,Control
a4e9,6_1,Control,2024-12-16T06:34:00Z,0.92,20.6640625,20.65625,3.61,2024-12-16T06:40:00Z,6_1,Control
a4e9,6_1,Control,2024-12-16T06:56:00Z,0.95,21.84375,21.8359375,3.61,2024-12-16T07:00:00Z,6_1,Control
a4e9,6_1,Control,2024-12-16T07:17:00Z,1,23.34375,23.21875,3.61,2024-12-16T07:20:00Z,6_1,Control
a4e9,6_1,Control,2024-12-16T07:39:00Z,0.95,24.6328125,24.390625,3.61,2024-12-16T07:40:00Z,6_1,Control
a4e9,6_1,Control,2024-12-16T08:00:00Z,0.96,25.09375,24.8671875,3.61,2024-12-16T08:00:00Z,6_1,Control
a4e9,6_1,Control,2024-12-16T08:22:00Z,0.92,24.8359375,24.65625,3.61,2024-12-16T08:20:00Z,6_1,Control
a4e9,6_1,Control,2024-12-16T08:43:00Z,0.95,25.2265625,25.1328125,3.61,2024-12-16T08:40:00Z,6_1,Control
a4e9,6_1,Control,2024-12-16T09:05:00Z,0.98,25.4765625,25.4140625,3.61,2024-12-16T09:00:00Z,6_1,Control
a4e9,6_1,Control,2024-12-16T09:26:00Z,0.96,25.9765625,25.9296875,3.61,2024-12-16T09:20:00Z,6_1,Control
a4e9,6_1,Control,2024-12-16T09:48:00Z,0.99,26.1640625,26.140625,3.61,2024-12-16T09:40:00Z,6_1,Control
a4e9,6_1,Control,2024-12-16T10:09:00Z,0.99,26.5,26.5546875,3.62,2024-12-16T10:00:00Z,6_1,Control
a4e9,6_1,Control,2024-12-16T10:31:00Z,1,26.8359375,26.90625,3.62,2024-12-16T10:40:00Z,6_1,Control
a4e9,6_1,Control,2024-12-16T10:52:00Z,0.99,26.8125,26.8671875,3.62,2024-12-16T11:00:00Z,6_1,Control
a4e9,6_1,Control,2024-12-16T11:13:00Z,0.98,26.71875,26.734375,3.62,2024-12-16T11:20:00Z,6_1,Control
a4e9,6_1,Control,2024-12-16T11:35:00Z,0.95,26.234375,26.2109375,3.61,2024-12-16T11:40:00Z,6_1,Control
a4e9,6_1,Control,2024-12-16T11:56:00Z,0.94,25.75,25.7734375,3.62,2024-12-16T12:00:00Z,6_1,Control
a4e9,6_1,Control,2024-12-16T12:18:00Z,0.93,25.0234375,25.0703125,3.61,2024-12-16T12:20:00Z,6_1,Control
a4e9,6_1,Control,2024-12-16T12:39:00Z,0.93,24.609375,24.6640625,3.61,2024-12-16T12:40:00Z,6_1,Control
a4e9,6_1,Control,2024-12-16T13:01:00Z,0.9,23.8203125,23.8359375,3.62,2024-12-16T13:00:00Z,6_1,Control
a4e9,6_1,Control,2024-12-16T13:22:00Z,0.86,23.140625,23.1328125,3.61,2024-12-16T13:20:00Z,6_1,Control
a4e9,6_1,Control,2024-12-16T13:44:00Z,0.82,21.890625,21.8671875,3.62,2024-12-16T13:40:00Z,6_1,Control
a4e9,6_1,Control,2024-12-16T14:05:00Z,0.81,21.0390625,21.0234375,3.61,2024-12-16T14:00:00Z,6_1,Control
a4e9,6_1,Control,2024-12-16T14:27:00Z,0.81,20.3984375,20.3984375,3.61,2024-12-16T14:20:00Z,6_1,Control
a4e9,6_1,Control,2024-12-16T14:48:00Z,0.79,19.2734375,19.203125,3.61,2024-12-16T14:40:00Z,6_1,Control
a4e9,6_1,Control,2024-12-16T15:10:00Z,0.75,17.8046875,17.734375,3.61,2024-12-16T15:00:00Z,6_1,Control
a4e9,6_1,Control,2024-12-16T15:31:00Z,0.74,16.2109375,16.1953125,3.61,2024-12-16T15:40:00Z,6_1,Control
a4e9,6_1,Control,2024-12-16T15:53:00Z,0.75,15.09375,15.1015625,3.61,2024-12-16T16:00:00Z,6_1,Control
a4e9,6_1,Control,2024-12-16T16:14:00Z,0.77,14.140625,14.1640625,3.61,2024-12-16T16:20:00Z,6_1,Control
a4e9,6_1,Control,2024-12-16T16:35:00Z,0.78,13.34375,13.359375,3.6,2024-12-16T16:40:00Z,6_1,Control
a4e9,6_1,Control,2024-12-16T16:57:00Z,0.77,12.78125,12.7890625,3.6,2024-12-16T17:00:00Z,6_1,Control
a4e9,6_1,Control,2024-12-16T17:18:00Z,0.77,12.0234375,12.0390625,3.6,2024-12-16T17:20:00Z,6_1,Control
a4e9,6_1,Control,2024-12-16T17:40:00Z,0.78,11.4140625,11.4296875,3.6,2024-12-16T17:40:00Z,6_1,Control
a4e9,6_1,Control,2024-12-16T18:01:00Z,0.78,11.015625,11.03125,3.6,2024-12-16T18:00:00Z,6_1,Control
a4e9,6_1,Control,2024-12-16T18:23:00Z,0.78,10.6875,10.703125,3.59,2024-12-16T18:20:00Z,6_1,Control
a4e9,6_1,Control,2024-12-16T18:44:00Z,0.8,10.5078125,10.515625,3.59,2024-12-16T18:40:00Z,6_1,Control
a4e9,6_1,Control,2024-12-16T19:06:00Z,0.78,10.3359375,10.34375,3.6,2024-12-16T19:00:00Z,6_1,Control
a4e9,6_1,Control,2024-12-16T19:27:00Z,0.79,10.140625,10.140625,3.59,2024-12-16T19:20:00Z,6_1,Control
a4e9,6_1,Control,2024-12-16T19:49:00Z,0.8,10.0390625,10.0390625,3.59,2024-12-16T19:40:00Z,6_1,Control
a4e9,6_1,Control,2024-12-16T20:10:00Z,0.79,9.921875,9.921875,3.59,2024-12-16T20:00:00Z,6_1,Control
a4e9,6_1,Control,2024-12-16T20:32:00Z,0.78,9.8046875,9.8046875,3.59,2024-12-16T20:40:00Z,6_1,Control
a4e9,6_1,Control,2024-12-16T20:53:00Z,0.78,9.6875,9.6796875,3.59,2024-12-16T21:00:00Z,6_1,Control
a4e9,6_1,Control,2024-12-16T21:15:00Z,0.78,9.484375,9.484375,3.59,2024-12-16T21:20:00Z,6_1,Control
a4e9,6_1,Control,2024-12-16T21:36:00Z,0.78,9.34375,9.34375,3.59,2024-12-16T21:40:00Z,6_1,Control
a4e9,6_1,Control,2024-12-16T21:57:00Z,0.77,9.1328125,9.1328125,3.58,2024-12-16T22:00:00Z,6_1,Control
a4e9,6_1,Control,2024-12-16T22:19:00Z,0.78,8.921875,8.921875,3.59,2024-12-16T22:20:00Z,6_1,Control
a4e9,6_1,Control,2024-12-16T22:40:00Z,0.76,8.5390625,8.5703125,3.59,2024-12-16T22:40:00Z,6_1,Control
a4e9,6_1,Control,2024-12-16T23:02:00Z,0.78,7.9453125,8.0078125,3.59,2024-12-16T23:00:00Z,6_1,Control
a4e9,6_1,Control,2024-12-16T23:23:00Z,0.8,7.6328125,7.671875,3.59,2024-12-16T23:20:00Z,6_1,Control
a4e9,6_1,Control,2024-12-16T23:45:00Z,0.78,7.4765625,7.515625,3.59,2024-12-16T23:40:00Z,6_1,Control
a4e9,6_1,Control,2024-12-17T00:06:00Z,0.77,7.171875,7.2265625,3.59,2024-12-17T00:00:00Z,6_1,Control
a4e9,6_1,Control,2024-12-17T00:28:00Z,0.78,7.0859375,7.1328125,3.59,2024-12-17T00:20:00Z,6_1,Control
a4e9,6_1,Control,2024-12-17T00:49:00Z,0.8,7.1640625,7.1796875,3.58,2024-12-17T00:40:00Z,6_1,Control
a4e9,6_1,Control,2024-12-17T01:11:00Z,0.78,7.5,7.5,3.59,2024-12-17T01:20:00Z,6_1,Control
a4e9,6_1,Control,2024-12-17T01:32:00Z,0.78,7.6015625,7.6015625,3.59,2024-12-17T01:40:00Z,6_1,Control
a4e9,6_1,Control,2024-12-17T01:54:00Z,0.8,7.75,7.7734375,3.59,2024-12-17T02:00:00Z,6_1,Control
a4e9,6_1,Control,2024-12-17T02:15:00Z,0.84,8.4921875,8.4453125,3.58,2024-12-17T02:20:00Z,6_1,Control
a4e9,6_1,Control,2024-12-17T02:37:00Z,0.85,9.7734375,9.65625,3.59,2024-12-17T02:40:00Z,6_1,Control
a4e9,6_1,Control,2024-12-17T02:58:00Z,0.85,11.4921875,11.28125,3.58,2024-12-17T03:00:00Z,6_1,Control
a4e9,6_1,Control,2024-12-17T03:19:00Z,0.91,13.265625,12.9921875,3.59,2024-12-17T03:20:00Z,6_1,Control
a4e9,6_1,Control,2024-12-17T03:41:00Z,0.89,15.3671875,14.9609375,3.59,2024-12-17T03:40:00Z,6_1,Control
a4e9,6_1,Control,2024-12-17T04:02:00Z,0.92,17.3515625,16.9609375,3.59,2024-12-17T04:00:00Z,6_1,Control
a4e9,6_1,Control,2024-12-17T04:24:00Z,0.87,18.640625,18.234375,3.59,2024-12-17T04:20:00Z,6_1,Control
a4e9,6_1,Control,2024-12-17T04:45:00Z,0.88,18.515625,18.234375,3.6,2024-12-17T04:40:00Z,6_1,Control
a4e9,6_1,Control,2024-12-17T05:07:00Z,0.82,17.71875,17.578125,3.6,2024-12-17T05:00:00Z,6_1,Control
a4e9,6_1,Control,2024-12-17T05:28:00Z,0.9,18.640625,18.5546875,3.6,2024-12-17T05:20:00Z,6_1,Control
a4e9,6_1,Control,2024-12-17T05:50:00Z,0.9,19.5078125,19.4375,3.61,2024-12-17T05:40:00Z,6_1,Control
a4e9,6_1,Control,2024-12-17T06:11:00Z,0.93,20.3515625,20.2734375,3.61,2024-12-17T06:20:00Z,6_1,Control
a4e9,6_1,Control,2024-12-17T06:33:00Z,0.91,21.53125,21.5234375,3.61,2024-12-17T06:40:00Z,6_1,Control
a4e9,6_1,Control,2024-12-17T06:54:00Z,0.94,22.3984375,22.4140625,3.61,2024-12-17T07:00:00Z,6_1,Control
a4e9,6_1,Control,2024-12-17T07:16:00Z,1,23.375,23.3671875,3.61,2024-12-17T07:20:00Z,6_1,Control
a4e9,6_1,Control,2024-12-17T07:37:00Z,0.96,24.6796875,24.53125,3.61,2024-12-17T07:40:00Z,6_1,Control
a4e9,6_1,Control,2024-12-17T07:59:00Z,0.89,24.6796875,24.4609375,3.61,2024-12-17T08:00:00Z,6_1,Control
a4e9,6_1,Control,2024-12-17T08:20:00Z,0.95,24.4609375,24.34375,3.61,2024-12-17T08:20:00Z,6_1,Control
a4e9,6_1,Control,2024-12-17T08:41:00Z,0.96,24.625,24.609375,3.61,2024-12-17T08:40:00Z,6_1,Control
a4e9,6_1,Control,2024-12-17T09:03:00Z,0.94,25.3046875,25.265625,3.61,2024-12-17T09:00:00Z,6_1,Control
a4e9,6_1,Control,2024-12-17T09:24:00Z,0.93,25.875,25.875,3.61,2024-12-17T09:20:00Z,6_1,Control
a4e9,6_1,Control,2024-12-17T09:46:00Z,0.96,26.8125,26.84375,3.61,2024-12-17T09:40:00Z,6_1,Control
a4e9,6_1,Control,2024-12-17T10:07:00Z,0.98,26.6875,26.7421875,3.61,2024-12-17T10:00:00Z,6_1,Control
a4e9,6_1,Control,2024-12-17T10:29:00Z,0.97,26.796875,26.8515625,3.61,2024-12-17T10:20:00Z,6_1,Control
a4e9,6_1,Control,2024-12-17T10:50:00Z,0.93,26.7890625,26.90625,3.62,2024-12-17T10:40:00Z,6_1,Control
a4e9,6_1,Control,2024-12-17T11:12:00Z,0.95,26.1953125,26.234375,3.62,2024-12-17T11:20:00Z,6_1,Control
a4e9,6_1,Control,2024-12-17T11:33:00Z,0.93,26.28125,26.3359375,3.62,2024-12-17T11:40:00Z,6_1,Control
a4e9,6_1,Control,2024-12-17T11:55:00Z,0.91,26.375,26.453125,3.61,2024-12-17T12:00:00Z,6_1,Control
a4e9,6_1,Control,2024-12-17T12:16:00Z,0.91,26.0859375,26.2109375,3.62,2024-12-17T12:20:00Z,6_1,Control
a4e9,6_1,Control,2024-12-17T12:38:00Z,0.9,25.546875,25.6875,3.62,2024-12-17T12:40:00Z,6_1,Control
a4e9,6_1,Control,2024-12-17T12:59:00Z,0.9,25.2734375,25.3828125,3.61,2024-12-17T13:00:00Z,6_1,Control
a4e9,6_1,Control,2024-12-17T13:21:00Z,0.87,24.890625,24.9375,3.61,2024-12-17T13:20:00Z,6_1,Control
a4e9,6_1,Control,2024-12-17T13:42:00Z,0.84,24.1796875,24.21875,3.62,2024-12-17T13:40:00Z,6_1,Control
a4e9,6_1,Control,2024-12-17T14:03:00Z,0.82,22.8125,22.8515625,3.62,2024-12-17T14:00:00Z,6_1,Control
a4e9,6_1,Control,2024-12-17T14:25:00Z,0.81,22.3203125,22.359375,3.61,2024-12-17T14:20:00Z,6_1,Control
a4e9,6_1,Control,2024-12-17T14:46:00Z,0.77,20.5078125,20.546875,3.61,2024-12-17T14:40:00Z,6_1,Control
a4e9,6_1,Control,2024-12-17T15:08:00Z,0.77,19.0390625,19.046875,3.61,2024-12-17T15:00:00Z,6_1,Control
a4e9,6_1,Control,2024-12-17T15:29:00Z,0.75,17.703125,17.734375,3.61,2024-12-17T15:20:00Z,6_1,Control
a4e9,6_1,Control,2024-12-17T15:51:00Z,0.77,16.4375,16.4765625,3.61,2024-12-17T16:00:00Z,6_1,Control
a4e9,6_1,Control,2024-12-17T16:12:00Z,0.77,15.421875,15.4609375,3.61,2024-12-17T16:20:00Z,6_1,Control
a4e9,6_1,Control,2024-12-17T16:34:00Z,0.77,14.5,14.5390625,3.6,2024-12-17T16:40:00Z,6_1,Control
a4e9,6_1,Control,2024-12-17T16:55:00Z,0.77,13.765625,13.8046875,3.6,2024-12-17T17:00:00Z,6_1,Control
a4e9,6_1,Control,2024-12-17T17:17:00Z,0.77,13.1953125,13.234375,3.6,2024-12-17T17:20:00Z,6_1,Control
a4e9,6_1,Control,2024-12-17T17:38:00Z,0.77,12.7109375,12.7421875,3.6,2024-12-17T17:40:00Z,6_1,Control
a4e9,6_1,Control,2024-12-17T18:00:00Z,0.77,12.34375,12.3671875,3.6,2024-12-17T18:00:00Z,6_1,Control
a4e9,6_1,Control,2024-12-17T18:21:00Z,0.78,12.0625,12.0859375,3.6,2024-12-17T18:20:00Z,6_1,Control
a4e9,6_1,Control,2024-12-17T18:43:00Z,0.78,11.734375,11.765625,3.6,2024-12-17T18:40:00Z,6_1,Control
a4e9,6_1,Control,2024-12-17T19:04:00Z,0.78,11.484375,11.5078125,3.6,2024-12-17T19:00:00Z,6_1,Control
a4e9,6_1,Control,2024-12-17T19:26:00Z,0.77,11.2890625,11.3125,3.6,2024-12-17T19:20:00Z,6_1,Control
a4e9,6_1,Control,2024-12-17T19:47:00Z,0.78,11.0546875,11.078125,3.6,2024-12-17T19:40:00Z,6_1,Control
a4e9,6_1,Control,2024-12-17T20:08:00Z,0.78,10.8515625,10.875,3.59,2024-12-17T20:00:00Z,6_1,Control
a4e9,6_1,Control,2024-12-17T20:30:00Z,0.78,10.6640625,10.6875,3.59,2024-12-17T20:40:00Z,6_1,Control
a4e9,6_1,Control,2024-12-17T20:51:00Z,0.78,10.5546875,10.578125,3.6,2024-12-17T21:00:00Z,6_1,Control
a4e9,6_1,Control,2024-12-17T21:13:00Z,0.78,10.3984375,10.421875,3.59,2024-12-17T21:20:00Z,6_1,Control
a4e9,6_1,Control,2024-12-17T21:34:00Z,0.78,10.2890625,10.3046875,3.59,2024-12-17T21:40:00Z,6_1,Control
a4e9,6_1,Control,2024-12-17T21:56:00Z,0.79,10.5703125,10.5703125,3.59,2024-12-17T22:00:00Z,6_1,Control
a4e9,6_1,Control,2024-12-17T22:17:00Z,0.78,10.8203125,10.828125,3.59,2024-12-17T22:20:00Z,6_1,Control
a4e9,6_1,Control,2024-12-17T22:39:00Z,0.8,11.109375,11.1171875,3.6,2024-12-17T22:40:00Z,6_1,Control
a4e9,6_1,Control,2024-12-17T23:00:00Z,0.78,11.328125,11.3359375,3.6,2024-12-17T23:00:00Z,6_1,Control
a4e9,6_1,Control,2024-12-17T23:22:00Z,0.79,11.453125,11.46875,3.59,2024-12-17T23:20:00Z,6_1,Control
a4e9,6_1,Control,2024-12-17T23:43:00Z,0.78,11.5,11.5078125,3.59,2024-12-17T23:40:00Z,6_1,Control
a4e9,6_1,Control,2024-12-18T00:05:00Z,0.79,11.5,11.515625,3.59,2024-12-18T00:00:00Z,6_1,Control
a4e9,6_1,Control,2024-12-18T00:26:00Z,0.78,11.4375,11.4609375,3.6,2024-12-18T00:20:00Z,6_1,Control
a4e9,6_1,Control,2024-12-18T00:48:00Z,0.77,11.2578125,11.2734375,3.59,2024-12-18T00:40:00Z,6_1,Control
a4e9,6_1,Control,2024-12-18T01:09:00Z,0.78,11.1796875,11.1875,3.59,2024-12-18T01:00:00Z,6_1,Control
a4e9,6_1,Control,2024-12-18T01:30:00Z,0.78,11.1875,11.1875,3.59,2024-12-18T01:40:00Z,6_1,Control
a4e9,6_1,Control,2024-12-18T01:52:00Z,0.78,11.2578125,11.25,3.59,2024-12-18T02:00:00Z,6_1,Control
a4e9,6_1,Control,2024-12-18T02:13:00Z,0.8,11.6640625,11.6328125,3.59,2024-12-18T02:20:00Z,6_1,Control
a4e9,6_1,Control,2024-12-18T02:35:00Z,0.8,12.171875,12.1484375,3.59,2024-12-18T02:40:00Z,6_1,Control
a4e9,6_1,Control,2024-12-18T02:56:00Z,0.81,13.0703125,13.0078125,3.6,2024-12-18T03:00:00Z,6_1,Control
a4e9,6_1,Control,2024-12-18T03:18:00Z,0.88,13.984375,13.8671875,3.6,2024-12-18T03:20:00Z,6_1,Control
a4e9,6_1,Control,2024-12-18T03:39:00Z,0.87,16.2578125,16.0625,3.59,2024-12-18T03:40:00Z,6_1,Control
a4e9,6_1,Control,2024-12-18T04:01:00Z,0.92,18.1328125,17.9140625,3.59,2024-12-18T04:00:00Z,6_1,Control
a4e9,6_1,Control,2024-12-18T04:22:00Z,0.89,20.0234375,19.7265625,3.6,2024-12-18T04:20:00Z,6_1,Control
a4e9,6_1,Control,2024-12-18T04:44:00Z,0.88,21.1171875,20.84375,3.6,2024-12-18T04:40:00Z,6_1,Control
a4e9,6_1,Control,2024-12-18T05:05:00Z,0.8,21.5625,21.4765625,3.61,2024-12-18T05:00:00Z,6_1,Control
a4e9,6_1,Control,2024-12-18T05:27:00Z,0.88,21.078125,21.15625,3.61,2024-12-18T05:20:00Z,6_1,Control
a4e9,6_1,Control,2024-12-18T05:48:00Z,0.91,21.2265625,21.21875,3.61,2024-12-18T05:40:00Z,6_1,Control
a4e9,6_1,Control,2024-12-18T06:10:00Z,0.91,21.875,21.9453125,3.61,2024-12-18T06:00:00Z,6_1,Control
a4e9,6_1,Control,2024-12-18T06:31:00Z,0.91,22.734375,22.8359375,3.61,2024-12-18T06:40:00Z,6_1,Control
a4e9,6_1,Control,2024-12-18T06:52:00Z,0.87,23.25,23.359375,3.61,2024-12-18T07:00:00Z,6_1,Control
a4e9,6_1,Control,2024-12-18T07:14:00Z,0.95,24.515625,24.578125,3.62,2024-12-18T07:20:00Z,6_1,Control
a4e9,6_1,Control,2024-12-18T07:35:00Z,0.93,25.5234375,25.421875,3.62,2024-12-18T07:40:00Z,6_1,Control
a4e9,6_1,Control,2024-12-18T07:57:00Z,0.92,26.140625,25.9453125,3.61,2024-12-18T08:00:00Z,6_1,Control
a4e9,6_1,Control,2024-12-18T08:18:00Z,0.88,26.6484375,26.5234375,3.62,2024-12-18T08:20:00Z,6_1,Control
a4e9,6_1,Control,2024-12-18T08:40:00Z,0.94,27.7265625,27.7109375,3.62,2024-12-18T08:40:00Z,6_1,Control
a4e9,6_1,Control,2024-12-18T09:01:00Z,0.96,28.8359375,28.84375,3.61,2024-12-18T09:00:00Z,6_1,Control
a4e9,6_1,Control,2024-12-18T09:23:00Z,0.93,28.90625,28.875,3.62,2024-12-18T09:20:00Z,6_1,Control
a4e9,6_1,Control,2024-12-18T09:44:00Z,0.95,29.0625,29.046875,3.62,2024-12-18T09:40:00Z,6_1,Control
a4e9,6_1,Control,2024-12-18T10:07:00Z,1.64,29.1328125,29.2265625,3.61,2024-12-18T10:00:00Z,6_1,Control
a4e9,6_1,Control,2024-12-18T10:28:00Z,0.93,28.4453125,28.46875,3.62,2024-12-18T10:20:00Z,6_1,Control
a4e9,6_1,Control,2024-12-18T10:50:00Z,0.97,28.2265625,28.3203125,3.62,2024-12-18T10:40:00Z,6_1,Control
a4e9,6_1,Control,2024-12-18T11:11:00Z,0.94,28.3359375,28.40625,3.62,2024-12-18T11:20:00Z,6_1,Control
a4e9,6_1,Control,2024-12-18T11:33:00Z,0.91,27.6328125,27.625,3.62,2024-12-18T11:40:00Z,6_1,Control
a4e9,6_1,Control,2024-12-18T11:54:00Z,0.94,27.2578125,27.296875,3.62,2024-12-18T12:00:00Z,6_1,Control
a4e9,6_1,Control,2024-12-18T12:16:00Z,0.92,27.2109375,27.3125,3.62,2024-12-18T12:20:00Z,6_1,Control
a4e9,6_1,Control,2024-12-18T12:37:00Z,0.9,26.875,27.0078125,3.62,2024-12-18T12:40:00Z,6_1,Control
a4e9,6_1,Control,2024-12-18T12:58:00Z,0.89,26.2265625,26.3125,3.62,2024-12-18T13:00:00Z,6_1,Control
a4e9,6_1,Control,2024-12-18T13:20:00Z,0.86,25.34375,25.3828125,3.62,2024-12-18T13:20:00Z,6_1,Control
a4e9,6_1,Control,2024-12-18T13:41:00Z,0.81,24.28125,24.3125,3.62,2024-12-18T13:40:00Z,6_1,Control
a4e9,6_1,Control,2024-12-18T14:03:00Z,0.83,23.3984375,23.46875,3.61,2024-12-18T14:00:00Z,6_1,Control
a4e9,6_1,Control,2024-12-18T14:24:00Z,0.8,22.9921875,23.0703125,3.62,2024-12-18T14:20:00Z,6_1,Control
a4e9,6_1,Control,2024-12-18T14:46:00Z,0.8,21.9375,21.96875,3.62,2024-12-18T14:40:00Z,6_1,Control
a4e9,6_1,Control,2024-12-18T15:07:00Z,0.73,19.984375,19.96875,3.61,2024-12-18T15:00:00Z,6_1,Control
a4e9,6_1,Control,2024-12-18T15:29:00Z,0.75,18.0234375,18.0390625,3.61,2024-12-18T15:20:00Z,6_1,Control
a4e9,6_1,Control,2024-12-18T15:50:00Z,0.78,16.90625,16.9375,3.61,2024-12-18T15:40:00Z,6_1,Control
a4e9,6_1,Control,2024-12-18T16:12:00Z,0.77,16.1015625,16.140625,3.6,2024-12-18T16:20:00Z,6_1,Control
a4e9,6_1,Control,2024-12-18T16:33:00Z,0.77,15.3515625,15.3828125,3.6,2024-12-18T16:40:00Z,6_1,Control
a4e9,6_1,Control,2024-12-18T16:55:00Z,0.77,14.7265625,14.7578125,3.6,2024-12-18T17:00:00Z,6_1,Control
a4e9,6_1,Control,2024-12-18T17:16:00Z,0.78,14.140625,14.171875,3.6,2024-12-18T17:20:00Z,6_1,Control
a4e9,6_1,Control,2024-12-18T17:38:00Z,0.77,13.6640625,13.703125,3.6,2024-12-18T17:40:00Z,6_1,Control
a4e9,6_1,Control,2024-12-18T17:59:00Z,0.77,13.1484375,13.1875,3.6,2024-12-18T18:00:00Z,6_1,Control
a4e9,6_1,Control,2024-12-18T18:20:00Z,0.78,12.8046875,12.84375,3.6,2024-12-18T18:20:00Z,6_1,Control
a4e9,6_1,Control,2024-12-18T18:42:00Z,0.78,12.5234375,12.5625,3.59,2024-12-18T18:40:00Z,6_1,Control
a4e9,6_1,Control,2024-12-18T19:03:00Z,0.77,12.328125,12.359375,3.6,2024-12-18T19:00:00Z,6_1,Control
a4e9,6_1,Control,2024-12-18T19:25:00Z,0.78,12.171875,12.203125,3.6,2024-12-18T19:20:00Z,6_1,Control
a4e9,6_1,Control,2024-12-18T19:46:00Z,0.78,11.9921875,12.015625,3.59,2024-12-18T19:40:00Z,6_1,Control
a4e9,6_1,Control,2024-12-18T20:08:00Z,0.76,11.8515625,11.8828125,3.6,2024-12-18T20:00:00Z,6_1,Control
a4e9,6_1,Control,2024-12-18T20:29:00Z,0.77,11.5234375,11.5625,3.6,2024-12-18T20:20:00Z,6_1,Control
a4e9,6_1,Control,2024-12-18T20:51:00Z,0.76,10.9296875,11.0078125,3.59,2024-12-18T21:00:00Z,6_1,Control
a4e9,6_1,Control,2024-12-18T21:12:00Z,0.78,10.4765625,10.5234375,3.59,2024-12-18T21:20:00Z,6_1,Control
a4e9,6_1,Control,2024-12-18T21:34:00Z,0.78,10.515625,10.546875,3.59,2024-12-18T21:40:00Z,6_1,Control
a4e9,6_1,Control,2024-12-18T21:55:00Z,0.78,10.5625,10.6328125,3.59,2024-12-18T22:00:00Z,6_1,Control
a4e9,6_1,Control,2024-12-18T22:17:00Z,0.77,10.453125,10.53125,3.58,2024-12-18T22:20:00Z,6_1,Control
a4e9,6_1,Control,2024-12-18T22:38:00Z,0.78,10.0859375,10.171875,3.59,2024-12-18T22:40:00Z,6_1,Control
a4e9,6_1,Control,2024-12-18T23:00:00Z,0.79,10.1796875,10.234375,3.59,2024-12-18T23:00:00Z,6_1,Control
a4e9,6_1,Control,2024-12-18T23:21:00Z,0.78,10.4609375,10.5,3.59,2024-12-18T23:20:00Z,6_1,Control
a4e9,6_1,Control,2024-12-18T23:42:00Z,0.79,10.03125,10.1171875,3.59,2024-12-18T23:40:00Z,6_1,Control
a4e9,6_1,Control,2024-12-19T00:04:00Z,0.78,9.9140625,9.9765625,3.59,2024-12-19T00:00:00Z,6_1,Control
a4e9,6_1,Control,2024-12-19T00:25:00Z,0.76,9.7421875,9.8046875,3.59,2024-12-19T00:20:00Z,6_1,Control
a4e9,6_1,Control,2024-12-19T00:47:00Z,0.78,9.453125,9.5,3.58,2024-12-19T00:40:00Z,6_1,Control
a4e9,6_1,Control,2024-12-19T01:08:00Z,0.78,9.4140625,9.4453125,3.59,2024-12-19T01:00:00Z,6_1,Control
a4e9,6_1,Control,2024-12-19T01:30:00Z,0.77,9.3671875,9.40625,3.59,2024-12-19T01:40:00Z,6_1,Control
a4e9,6_1,Control,2024-12-19T01:51:00Z,0.8,9.546875,9.5546875,3.58,2024-12-19T02:00:00Z,6_1,Control
a4e9,6_1,Control,2024-12-19T02:13:00Z,0.85,10.046875,10.0078125,3.58,2024-12-19T02:20:00Z,6_1,Control
a4e9,6_1,Control,2024-12-19T02:34:00Z,0.85,12.1953125,11.9921875,3.59,2024-12-19T02:40:00Z,6_1,Control
a4e9,6_1,Control,2024-12-19T02:56:00Z,0.85,14.625,14.4140625,3.59,2024-12-19T03:00:00Z,6_1,Control
a4e9,6_1,Control,2024-12-19T03:17:00Z,0.86,16.3515625,16.2109375,3.6,2024-12-19T03:20:00Z,6_1,Control
a4e9,6_1,Control,2024-12-19T03:39:00Z,0.89,18.1953125,17.96875,3.6,2024-12-19T03:40:00Z,6_1,Control
a4e9,6_1,Control,2024-12-19T04:00:00Z,0.89,20.078125,19.8671875,3.6,2024-12-19T04:00:00Z,6_1,Control
a4e9,6_1,Control,2024-12-19T04:22:00Z,0.83,21.59375,21.3828125,3.6,2024-12-19T04:20:00Z,6_1,Control
a4e9,6_1,Control,2024-12-19T04:43:00Z,0.84,22.6640625,22.5390625,3.61,2024-12-19T04:40:00Z,6_1,Control
a4e9,6_1,Control,2024-12-19T05:04:00Z,0.83,23.34375,23.390625,3.61,2024-12-19T05:00:00Z,6_1,Control
a4e9,6_1,Control,2024-12-19T05:26:00Z,0.9,23.328125,23.4140625,3.61,2024-12-19T05:20:00Z,6_1,Control
a4e9,6_1,Control,2024-12-19T05:47:00Z,0.93,24.078125,24.0546875,3.61,2024-12-19T05:40:00Z,6_1,Control
a4e9,6_1,Control,2024-12-19T06:09:00Z,0.92,25.0078125,24.96875,3.61,2024-12-19T06:00:00Z,6_1,Control
a4e9,6_1,Control,2024-12-19T06:30:00Z,0.92,26.1640625,26.15625,3.61,2024-12-19T06:40:00Z,6_1,Control
a4e9,6_1,Control,2024-12-19T06:52:00Z,0.92,26.8359375,26.875,3.61,2024-12-19T07:00:00Z,6_1,Control
a4e9,6_1,Control,2024-12-19T07:13:00Z,0.98,28.8203125,28.8203125,3.61,2024-12-19T07:20:00Z,6_1,Control
a4e9,6_1,Control,2024-12-19T07:35:00Z,0.93,29.96875,29.7890625,3.61,2024-12-19T07:40:00Z,6_1,Control
a4e9,6_1,Control,2024-12-19T07:56:00Z,0.96,31.203125,30.953125,3.62,2024-12-19T08:00:00Z,6_1,Control
a4e9,6_1,Control,2024-12-19T08:18:00Z,0.91,32.3515625,32.1171875,3.62,2024-12-19T08:20:00Z,6_1,Control
a4e9,6_1,Control,2024-12-19T08:39:00Z,0.96,32.2265625,32.1171875,3.63,2024-12-19T08:40:00Z,6_1,Control
a4e9,6_1,Control,2024-12-19T09:01:00Z,0.95,32.875,32.921875,3.63,2024-12-19T09:00:00Z,6_1,Control
a4e9,6_1,Control,2024-12-19T09:22:00Z,0.94,33.4296875,33.4140625,3.62,2024-12-19T09:20:00Z,6_1,Control
a4e9,6_1,Control,2024-12-19T09:44:00Z,0.94,33.4765625,33.484375,3.62,2024-12-19T09:40:00Z,6_1,Control
a4e9,6_1,Control,2024-12-19T10:05:00Z,0.94,33.921875,33.9921875,3.63,2024-12-19T10:00:00Z,6_1,Control
a4e9,6_1,Control,2024-12-19T10:27:00Z,0.93,33.6484375,33.703125,3.63,2024-12-19T10:20:00Z,6_1,Control
a4e9,6_1,Control,2024-12-19T10:48:00Z,0.94,33.140625,33.1953125,3.63,2024-12-19T10:40:00Z,6_1,Control
a4e9,6_1,Control,2024-12-19T11:09:00Z,0.95,32.7734375,32.7890625,3.63,2024-12-19T11:00:00Z,6_1,Control
a4e9,6_1,Control,2024-12-19T11:31:00Z,0.95,33.0078125,33.015625,3.63,2024-12-19T11:40:00Z,6_1,Control
a4e9,6_1,Control,2024-12-19T11:52:00Z,0.92,32.7890625,32.8125,3.63,2024-12-19T12:00:00Z,6_1,Control
a4e9,6_1,Control,2024-12-19T12:14:00Z,0.91,32.359375,32.40625,3.63,2024-12-19T12:20:00Z,6_1,Control
a4e9,6_1,Control,2024-12-19T12:35:00Z,0.93,32.6875,32.8203125,3.62,2024-12-19T12:40:00Z,6_1,Control
a4e9,6_1,Control,2024-12-19T12:57:00Z,0.87,32.6171875,32.7578125,3.62,2024-12-19T13:00:00Z,6_1,Control
a4e9,6_1,Control,2024-12-19T13:18:00Z,0.83,31.046875,31.0859375,3.63,2024-12-19T13:20:00Z,6_1,Control
a4e9,6_1,Control,2024-12-19T13:40:00Z,0.81,29.234375,29.21875,3.62,2024-12-19T13:40:00Z,6_1,Control
a4e9,6_1,Control,2024-12-19T14:01:00Z,0.83,27.9296875,27.9765625,3.62,2024-12-19T14:00:00Z,6_1,Control
a4e9,6_1,Control,2024-12-19T14:23:00Z,0.8,27.546875,27.6015625,3.63,2024-12-19T14:20:00Z,6_1,Control
a4e9,6_1,Control,2024-12-19T14:44:00Z,0.8,26.5859375,26.5859375,3.62,2024-12-19T14:40:00Z,6_1,Control
a4e9,6_1,Control,2024-12-19T15:06:00Z,0.72,24.515625,24.4453125,3.62,2024-12-19T15:00:00Z,6_1,Control
a4e9,6_1,Control,2024-12-19T15:27:00Z,0.73,22.4375,22.4296875,3.61,2024-12-19T15:20:00Z,6_1,Control
a4e9,6_1,Control,2024-12-19T15:48:00Z,0.75,20.9921875,21.0234375,3.62,2024-12-19T15:40:00Z,6_1,Control
a4e9,6_1,Control,2024-12-19T16:10:00Z,0.75,19.7734375,19.8125,3.62,2024-12-19T16:00:00Z,6_1,Control
a4e9,6_1,Control,2024-12-19T16:31:00Z,0.76,18.765625,18.796875,3.61,2024-12-19T16:40:00Z,6_1,Control
a4e9,6_1,Control,2024-12-19T16:53:00Z,0.77,18.078125,18.1015625,3.61,2024-12-19T17:00:00Z,6_1,Control
a4e9,6_1,Control,2024-12-19T17:14:00Z,0.78,17.640625,17.6640625,3.61,2024-12-19T17:20:00Z,6_1,Control
a4e9,6_1,Control,2024-12-19T17:36:00Z,0.77,17.203125,17.2265625,3.61,2024-12-19T17:40:00Z,6_1,Control
a4e9,6_1,Control,2024-12-19T17:57:00Z,0.76,16.65625,16.6953125,3.61,2024-12-19T18:00:00Z,6_1,Control
a4e9,6_1,Control,2024-12-19T18:19:00Z,0.77,16.078125,16.1328125,3.61,2024-12-19T18:20:00Z,6_1,Control
a4e9,6_1,Control,2024-12-19T18:40:00Z,0.76,15.6640625,15.703125,3.6,2024-12-19T18:40:00Z,6_1,Control
a4e9,6_1,Control,2024-12-19T19:02:00Z,0.77,15.2109375,15.25,3.61,2024-12-19T19:00:00Z,6_1,Control
a4e9,6_1,Control,2024-12-19T19:23:00Z,0.76,14.4375,14.5078125,3.61,2024-12-19T19:20:00Z,6_1,Control
a4e9,6_1,Control,2024-12-19T19:45:00Z,0.78,13.7734375,13.8359375,3.6,2024-12-19T19:40:00Z,6_1,Control
a4e9,6_1,Control,2024-12-19T20:06:00Z,0.78,13.6015625,13.6484375,3.6,2024-12-19T20:00:00Z,6_1,Control
a4e9,6_1,Control,2024-12-19T20:28:00Z,0.77,13.3984375,13.453125,3.6,2024-12-19T20:20:00Z,6_1,Control
a4e9,6_1,Control,2024-12-19T20:49:00Z,0.78,13.5859375,13.6171875,3.6,2024-12-19T20:40:00Z,6_1,Control
a4e9,6_1,Control,2024-12-19T21:11:00Z,0.78,13.34375,13.390625,3.6,2024-12-19T21:20:00Z,6_1,Control
a4e9,6_1,Control,2024-12-19T21:32:00Z,0.79,13.3203125,13.34375,3.6,2024-12-19T21:40:00Z,6_1,Control
a4e9,6_1,Control,2024-12-19T21:53:00Z,0.79,13.515625,13.5234375,3.6,2024-12-19T22:00:00Z,6_1,Control
a4e9,6_1,Control,2024-12-19T22:15:00Z,0.79,13.703125,13.71875,3.6,2024-12-19T22:20:00Z,6_1,Control
a4e9,6_1,Control,2024-12-19T22:36:00Z,0.77,13.8359375,13.8515625,3.59,2024-12-19T22:40:00Z,6_1,Control
a4e9,6_1,Control,2024-12-19T22:58:00Z,0.76,13.3828125,13.4140625,3.6,2024-12-19T23:00:00Z,6_1,Control
a4e9,6_1,Control,2024-12-19T23:19:00Z,0.78,12.921875,12.953125,3.6,2024-12-19T23:20:00Z,6_1,Control
a4e9,6_1,Control,2024-12-19T23:41:00Z,0.77,12.9609375,12.9765625,3.6,2024-12-19T23:40:00Z,6_1,Control
a4e9,6_1,Control,2024-12-20T00:02:00Z,0.77,12.5,12.5234375,3.59,2024-12-20T00:00:00Z,6_1,Control
a4e9,6_1,Control,2024-12-20T00:24:00Z,0.78,12.1953125,12.2109375,3.6,2024-12-20T00:20:00Z,6_1,Control
a4e9,6_1,Control,2024-12-20T00:45:00Z,0.77,12.390625,12.390625,3.6,2024-12-20T00:40:00Z,6_1,Control
a4e9,6_1,Control,2024-12-20T01:07:00Z,0.77,12.1015625,12.1328125,3.6,2024-12-20T01:00:00Z,6_1,Control
a4e9,6_1,Control,2024-12-20T01:28:00Z,0.77,11.8359375,11.859375,3.59,2024-12-20T01:20:00Z,6_1,Control
a4e9,6_1,Control,2024-12-20T01:50:00Z,0.78,11.4140625,11.4375,3.6,2024-12-20T01:40:00Z,6_1,Control
a4e9,6_1,Control,2024-12-20T02:11:00Z,0.84,11.9140625,11.859375,3.59,2024-12-20T02:20:00Z,6_1,Control
a4e9,6_1,Control,2024-12-20T02:33:00Z,0.89,14.1484375,13.96875,3.6,2024-12-20T02:40:00Z,6_1,Control
a4e9,6_1,Control,2024-12-20T02:54:00Z,0.9,17.390625,17.09375,3.59,2024-12-20T03:00:00Z,6_1,Control
a4e9,6_1,Control,2024-12-20T03:15:00Z,0.88,20.0234375,19.7109375,3.6,2024-12-20T03:20:00Z,6_1,Control
a4e9,6_1,Control,2024-12-20T03:37:00Z,0.93,22.1875,21.9453125,3.6,2024-12-20T03:40:00Z,6_1,Control
a4e9,6_1,Control,2024-12-20T03:58:00Z,0.88,23.625,23.390625,3.61,2024-12-20T04:00:00Z,6_1,Control
a4e9,6_1,Control,2024-12-20T04:20:00Z,0.89,24.3984375,24.265625,3.61,2024-12-20T04:20:00Z,6_1,Control
a4e9,6_1,Control,2024-12-20T04:41:00Z,0.84,25.1796875,25.0859375,3.61,2024-12-20T04:40:00Z,6_1,Control
a4e9,6_1,Control,2024-12-20T05:03:00Z,0.84,25.3671875,25.390625,3.61,2024-12-20T05:00:00Z,6_1,Control
a4e9,6_1,Control,2024-12-20T05:24:00Z,0.9,25.3671875,25.3984375,3.61,2024-12-20T05:20:00Z,6_1,Control
a4e9,6_1,Control,2024-12-20T05:46:00Z,0.95,26.0234375,26.046875,3.61,2024-12-20T05:40:00Z,6_1,Control
a4e9,6_1,Control,2024-12-20T06:07:00Z,0.94,26.5546875,26.484375,3.62,2024-12-20T06:00:00Z,6_1,Control
a4e9,6_1,Control,2024-12-20T06:29:00Z,0.93,27.1953125,27.1484375,3.61,2024-12-20T06:20:00Z,6_1,Control
a4e9,6_1,Control,2024-12-20T06:50:00Z,0.94,28.5546875,28.6328125,3.62,2024-12-20T06:40:00Z,6_1,Control
a4e9,6_1,Control,2024-12-20T07:12:00Z,0.95,29.828125,29.8359375,3.61,2024-12-20T07:20:00Z,6_1,Control
a4e9,6_1,Control,2024-12-20T07:33:00Z,0.95,30.4453125,30.1796875,3.62,2024-12-20T07:40:00Z,6_1,Control
a4e9,6_1,Control,2024-12-20T07:54:00Z,0.89,31,30.703125,3.62,2024-12-20T08:00:00Z,6_1,Control
a4e9,6_1,Control,2024-12-20T08:16:00Z,0.9,30.8984375,30.6484375,3.62,2024-12-20T08:20:00Z,6_1,Control
a4e9,6_1,Control,2024-12-20T08:37:00Z,0.9,30.828125,30.71875,3.62,2024-12-20T08:40:00Z,6_1,Control
a4e9,6_1,Control,2024-12-20T08:59:00Z,0.93,30.7421875,30.734375,3.62,2024-12-20T09:00:00Z,6_1,Control
a4e9,6_1,Control,2024-12-20T09:20:00Z,0.93,30.34375,30.2734375,3.62,2024-12-20T09:20:00Z,6_1,Control
a4e9,6_1,Control,2024-12-20T09:42:00Z,0.93,29.828125,29.8359375,3.63,2024-12-20T09:40:00Z,6_1,Control
a4e9,6_1,Control,2024-12-20T10:03:00Z,0.94,29.359375,29.390625,3.62,2024-12-20T10:00:00Z,6_1,Control
a4e9,6_1,Control,2024-12-20T10:25:00Z,0.93,29.1171875,29.171875,3.62,2024-12-20T10:20:00Z,6_1,Control
a4e9,6_1,Control,2024-12-20T10:46:00Z,0.94,29.03125,29.125,3.62,2024-12-20T10:40:00Z,6_1,Control
a4e9,6_1,Control,2024-12-20T11:08:00Z,0.93,29.15625,29.1953125,3.63,2024-12-20T11:00:00Z,6_1,Control
a4e9,6_1,Control,2024-12-20T11:29:00Z,0.92,29.03125,29.0546875,3.62,2024-12-20T11:20:00Z,6_1,Control
a4e9,6_1,Control,2024-12-20T11:51:00Z,0.86,28.5546875,28.609375,3.62,2024-12-20T12:00:00Z,6_1,Control
a4e9,6_1,Control,2024-12-20T12:12:00Z,0.89,27.4375,27.4921875,3.63,2024-12-20T12:20:00Z,6_1,Control
a4e9,6_1,Control,2024-12-20T12:34:00Z,0.86,26.7734375,26.8828125,3.62,2024-12-20T12:40:00Z,6_1,Control
a4e9,6_1,Control,2024-12-20T12:55:00Z,0.86,25.9453125,26.0390625,3.62,2024-12-20T13:00:00Z,6_1,Control
a4e9,6_1,Control,2024-12-20T13:16:00Z,0.84,25.0625,25.1171875,3.62,2024-12-20T13:20:00Z,6_1,Control
a4e9,6_1,Control,2024-12-20T13:38:00Z,0.81,24.0078125,24.03125,3.62,2024-12-20T13:40:00Z,6_1,Control
a4e9,6_1,Control,2024-12-20T13:59:00Z,0.8,23.1484375,23.234375,3.61,2024-12-20T14:00:00Z,6_1,Control
a4e9,6_1,Control,2024-12-20T14:21:00Z,0.78,22.4765625,22.5625,3.62,2024-12-20T14:20:00Z,6_1,Control
a4e9,6_1,Control,2024-12-20T14:42:00Z,0.73,21.25,21.3515625,3.62,2024-12-20T14:40:00Z,6_1,Control
a4e9,6_1,Control,2024-12-20T15:04:00Z,0.74,19.1875,19.25,3.61,2024-12-20T15:00:00Z,6_1,Control
a4e9,6_1,Control,2024-12-20T15:25:00Z,0.76,17.921875,17.9609375,3.61,2024-12-20T15:20:00Z,6_1,Control
a4e9,6_1,Control,2024-12-20T15:47:00Z,0.77,17.0234375,17.0703125,3.61,2024-12-20T15:40:00Z,6_1,Control
a4e9,6_1,Control,2024-12-20T16:08:00Z,0.79,16.546875,16.59375,3.6,2024-12-20T16:00:00Z,6_1,Control
a4e9,6_1,Control,2024-12-20T16:30:00Z,0.78,16.2734375,16.3125,3.6,2024-12-20T16:40:00Z,6_1,Control
a4e9,6_1,Control,2024-12-20T16:51:00Z,0.77,15.765625,15.8046875,3.6,2024-12-20T17:00:00Z,6_1,Control
a4e9,6_1,Control,2024-12-20T17:13:00Z,0.79,15.421875,15.4609375,3.6,2024-12-20T17:20:00Z,6_1,Control
a4e9,6_1,Control,2024-12-20T17:34:00Z,0.78,15.296875,15.328125,3.6,2024-12-20T17:40:00Z,6_1,Control
a4e9,6_1,Control,2024-12-20T17:56:00Z,0.78,15.1640625,15.1953125,3.6,2024-12-20T18:00:00Z,6_1,Control
a4e9,6_1,Control,2024-12-20T18:17:00Z,0.77,15.078125,15.1015625,3.6,2024-12-20T18:20:00Z,6_1,Control
a4e9,6_1,Control,2024-12-20T18:39:00Z,0.78,15.109375,15.125,3.6,2024-12-20T18:40:00Z,6_1,Control
a4e9,6_1,Control,2024-12-20T19:00:00Z,0.77,15.046875,15.0703125,3.6,2024-12-20T19:00:00Z,6_1,Control
a4e9,6_1,Control,2024-12-20T19:21:00Z,0.78,14.828125,14.8515625,3.6,2024-12-20T19:20:00Z,6_1,Control
a4e9,6_1,Control,2024-12-20T19:43:00Z,0.78,14.6953125,14.71875,3.6,2024-12-20T19:40:00Z,6_1,Control
a4e9,6_1,Control,2024-12-20T20:04:00Z,0.8,14.8203125,14.8125,3.6,2024-12-20T20:00:00Z,6_1,Control
a4e9,6_1,Control,2024-12-20T20:26:00Z,0.78,15.0625,15.046875,3.6,2024-12-20T20:20:00Z,6_1,Control
a4e9,6_1,Control,2024-12-20T20:47:00Z,0.78,15.21875,15.2109375,3.61,2024-12-20T20:40:00Z,6_1,Control
a4e9,6_1,Control,2024-12-20T21:09:00Z,0.78,15.2578125,15.2578125,3.59,2024-12-20T21:00:00Z,6_1,Control
a4e9,6_1,Control,2024-12-20T21:30:00Z,0.79,15.25,15.25,3.61,2024-12-20T21:40:00Z,6_1,Control
a4e9,6_1,Control,2024-12-20T21:52:00Z,0.79,15.28125,15.2734375,3.59,2024-12-20T22:00:00Z,6_1,Control
a4e9,6_1,Control,2024-12-20T22:13:00Z,0.78,15.34375,15.3359375,3.6,2024-12-20T22:20:00Z,6_1,Control
a4e9,6_1,Control,2024-12-20T22:35:00Z,0.78,15.3203125,15.3203125,3.6,2024-12-20T22:40:00Z,6_1,Control
a4e9,6_1,Control,2024-12-20T22:56:00Z,0.77,14.9140625,14.9375,3.6,2024-12-20T23:00:00Z,6_1,Control
a4e9,6_1,Control,2024-12-20T23:18:00Z,0.76,14.5078125,14.53125,3.6,2024-12-20T23:20:00Z,6_1,Control
a4e9,6_1,Control,2024-12-20T23:39:00Z,0.78,14.140625,14.15625,3.6,2024-12-20T23:40:00Z,6_1,Control
a4e9,6_1,Control,2024-12-21T00:01:00Z,0.76,13.96875,13.9765625,3.6,2024-12-21T00:00:00Z,6_1,Control
a4e9,6_1,Control,2024-12-21T00:22:00Z,0.78,13.5078125,13.5546875,3.59,2024-12-21T00:20:00Z,6_1,Control
a4e9,6_1,Control,2024-12-21T00:43:00Z,0.78,13.296875,13.34375,3.6,2024-12-21T00:40:00Z,6_1,Control
a4e9,6_1,Control,2024-12-21T01:05:00Z,0.77,13.171875,13.2109375,3.59,2024-12-21T01:00:00Z,6_1,Control
a4e9,6_1,Control,2024-12-21T01:26:00Z,0.76,12.9921875,13.015625,3.59,2024-12-21T01:20:00Z,6_1,Control
a4e9,6_1,Control,2024-12-21T01:48:00Z,0.78,12.6171875,12.65625,3.6,2024-12-21T01:40:00Z,6_1,Control
a4e9,6_1,Control,2024-12-21T02:09:00Z,0.82,12.6953125,12.703125,3.59,2024-12-21T02:00:00Z,6_1,Control
a4e9,6_1,Control,2024-12-21T02:31:00Z,0.84,13.921875,13.7734375,3.59,2024-12-21T02:40:00Z,6_1,Control
a4e9,6_1,Control,2024-12-21T02:52:00Z,0.86,15.421875,15.234375,3.6,2024-12-21T03:00:00Z,6_1,Control
a4e9,6_1,Control,2024-12-21T03:14:00Z,0.84,17.3125,17.109375,3.6,2024-12-21T03:20:00Z,6_1,Control
a4e9,6_1,Control,2024-12-21T03:35:00Z,0.89,18.640625,18.4296875,3.6,2024-12-21T03:40:00Z,6_1,Control
a4e9,6_1,Control,2024-12-21T03:57:00Z,0.87,20.1328125,19.8984375,3.6,2024-12-21T04:00:00Z,6_1,Control
a4e9,6_1,Control,2024-12-21T04:18:00Z,0.84,21.3515625,21.2265625,3.61,2024-12-21T04:20:00Z,6_1,Control
a4e9,6_1,Control,2024-12-21T04:40:00Z,0.84,22.3125,22.25,3.61,2024-12-21T04:40:00Z,6_1,Control
a4e9,6_1,Control,2024-12-21T05:01:00Z,0.84,22.921875,22.953125,3.6,2024-12-21T05:00:00Z,6_1,Control
a4e9,6_1,Control,2024-12-21T05:23:00Z,0.86,22.9609375,23.046875,3.61,2024-12-21T05:20:00Z,6_1,Control
a4e9,6_1,Control,2024-12-21T05:44:00Z,0.93,23.3828125,23.3828125,3.61,2024-12-21T05:40:00Z,6_1,Control
a4e9,6_1,Control,2024-12-21T06:05:00Z,0.9,24.0546875,24.046875,3.61,2024-12-21T06:00:00Z,6_1,Control
a4e9,6_1,Control,2024-12-21T06:27:00Z,0.93,24.8125,24.828125,3.61,2024-12-21T06:20:00Z,6_1,Control
a4e9,6_1,Control,2024-12-21T06:48:00Z,0.9,25.828125,25.921875,3.61,2024-12-21T06:40:00Z,6_1,Control
a4e9,6_1,Control,2024-12-21T07:10:00Z,0.92,26.5390625,26.65625,3.62,2024-12-21T07:00:00Z,6_1,Control
a4e9,6_1,Control,2024-12-21T07:31:00Z,0.95,28.03125,28.03125,3.61,2024-12-21T07:40:00Z,6_1,Control
a4e9,6_1,Control,2024-12-21T07:53:00Z,0.93,29.3125,29.234375,3.62,2024-12-21T08:00:00Z,6_1,Control
a4e9,6_1,Control,2024-12-21T08:14:00Z,0.91,30.0390625,29.90625,3.61,2024-12-21T08:20:00Z,6_1,Control
a4e9,6_1,Control,2024-12-21T08:36:00Z,0.94,30.421875,30.3828125,3.62,2024-12-21T08:40:00Z,6_1,Control
a4e9,6_1,Control,2024-12-21T08:57:00Z,0.94,31.0546875,31.0703125,3.62,2024-12-21T09:00:00Z,6_1,Control
a4e9,6_1,Control,2024-12-21T09:19:00Z,0.94,31.1796875,31.1171875,3.62,2024-12-21T09:20:00Z,6_1,Control
a4e9,6_1,Control,2024-12-21T09:40:00Z,0.9,30.8203125,30.796875,3.62,2024-12-21T09:40:00Z,6_1,Control
a4e9,6_1,Control,2024-12-21T10:02:00Z,0.95,30.046875,30.0546875,3.62,2024-12-21T10:00:00Z,6_1,Control
a4e9,6_1,Control,2024-12-21T10:23:00Z,0.92,29.3828125,29.421875,3.62,2024-12-21T10:20:00Z,6_1,Control
a4e9,6_1,Control,2024-12-21T10:45:00Z,0.93,28.78125,28.84375,3.63,2024-12-21T10:40:00Z,6_1,Control
a4e9,6_1,Control,2024-12-21T11:06:00Z,0.92,28.0859375,28.09375,3.62,2024-12-21T11:00:00Z,6_1,Control
a4e9,6_1,Control,2024-12-21T11:27:00Z,0.9,27.5,27.5,3.62,2024-12-21T11:20:00Z,6_1,Control
a4e9,6_1,Control,2024-12-21T11:49:00Z,0.88,26.8671875,26.8828125,3.63,2024-12-21T11:40:00Z,6_1,Control
a4e9,6_1,Control,2024-12-21T12:10:00Z,0.87,26.2265625,26.2890625,3.62,2024-12-21T12:00:00Z,6_1,Control
a4e9,6_1,Control,2024-12-21T12:32:00Z,0.86,25.765625,25.859375,3.62,2024-12-21T12:40:00Z,6_1,Control
a4e9,6_1,Control,2024-12-21T12:53:00Z,0.84,25.203125,25.2890625,3.62,2024-12-21T13:00:00Z,6_1,Control
a4e9,6_1,Control,2024-12-21T13:15:00Z,0.85,24.4375,24.4921875,3.62,2024-12-21T13:20:00Z,6_1,Control
a4e9,6_1,Control,2024-12-21T13:36:00Z,0.81,23.453125,23.484375,3.62,2024-12-21T13:40:00Z,6_1,Control
a4e9,6_1,Control,2024-12-21T13:58:00Z,0.78,22.234375,22.296875,3.62,2024-12-21T14:00:00Z,6_1,Control
a4e9,6_1,Control,2024-12-21T14:19:00Z,0.79,21.4765625,21.546875,3.61,2024-12-21T14:20:00Z,6_1,Control
a4e9,6_1,Control,2024-12-21T14:41:00Z,0.75,20.8359375,20.90625,3.62,2024-12-21T14:40:00Z,6_1,Control
a4e9,6_1,Control,2024-12-21T15:02:00Z,0.72,18.765625,18.8359375,3.61,2024-12-21T15:00:00Z,6_1,Control
a4e9,6_1,Control,2024-12-21T15:24:00Z,0.76,17.234375,17.28125,3.61,2024-12-21T15:20:00Z,6_1,Control
a4e9,6_1,Control,2024-12-21T15:45:00Z,0.76,16.328125,16.3828125,3.61,2024-12-21T15:40:00Z,6_1,Control
a4e9,6_1,Control,2024-12-21T16:07:00Z,0.78,15.734375,15.78125,3.61,2024-12-21T16:00:00Z,6_1,Control
a4e9,6_1,Control,2024-12-21T16:28:00Z,0.78,15.4453125,15.484375,3.6,2024-12-21T16:20:00Z,6_1,Control
a4e9,6_1,Control,2024-12-21T16:49:00Z,0.78,15.234375,15.265625,3.6,2024-12-21T16:40:00Z,6_1,Control
a4e9,6_1,Control,2024-12-21T17:11:00Z,0.78,15.0390625,15.0703125,3.6,2024-12-21T17:20:00Z,6_1,Control
a4e9,6_1,Control,2024-12-21T17:32:00Z,0.79,14.9453125,14.984375,3.61,2024-12-21T17:40:00Z,6_1,Control
a4e9,6_1,Control,2024-12-21T17:54:00Z,0.78,14.8828125,14.921875,3.6,2024-12-21T18:00:00Z,6_1,Control
a4e9,6_1,Control,2024-12-21T18:15:00Z,0.78,14.8515625,14.875,3.6,2024-12-21T18:20:00Z,6_1,Control
a4e9,6_1,Control,2024-12-21T18:37:00Z,0.78,14.828125,14.8515625,3.59,2024-12-21T18:40:00Z,6_1,Control
a4e9,6_1,Control,2024-12-21T18:58:00Z,0.78,14.90625,14.921875,3.61,2024-12-21T19:00:00Z,6_1,Control
a4e9,6_1,Control,2024-12-21T19:20:00Z,0.79,15.1328125,15.140625,3.6,2024-12-21T19:20:00Z,6_1,Control
a4e9,6_1,Control,2024-12-21T19:41:00Z,0.78,15.2109375,15.2265625,3.6,2024-12-21T19:40:00Z,6_1,Control
a4e9,6_1,Control,2024-12-21T20:03:00Z,0.79,15.3359375,15.3359375,3.6,2024-12-21T20:00:00Z,6_1,Control
a4e9,6_1,Control,2024-12-21T20:24:00Z,0.78,15.453125,15.453125,3.6,2024-12-21T20:20:00Z,6_1,Control
a4e9,6_1,Control,2024-12-21T20:46:00Z,0.78,15.4140625,15.4296875,3.6,2024-12-21T20:40:00Z,6_1,Control
a4e9,6_1,Control,2024-12-21T21:07:00Z,0.79,15.4140625,15.40625,3.6,2024-12-21T21:00:00Z,6_1,Control
a4e9,6_1,Control,2024-12-21T21:29:00Z,0.77,15.5078125,15.5,3.6,2024-12-21T21:20:00Z,6_1,Control
a4e9,6_1,Control,2024-12-21T21:50:00Z,0.79,15.40625,15.3984375,3.6,2024-12-21T21:40:00Z,6_1,Control
a4e9,6_1,Control,2024-12-21T22:11:00Z,0.79,15.3984375,15.390625,3.6,2024-12-21T22:20:00Z,6_1,Control
a4e9,6_1,Control,2024-12-21T22:33:00Z,0.77,15.3359375,15.328125,3.59,2024-12-21T22:40:00Z,6_1,Control
a4e9,6_1,Control,2024-12-21T22:54:00Z,0.76,15.015625,15.0234375,3.6,2024-12-21T23:00:00Z,6_1,Control
a4e9,6_1,Control,2024-12-21T23:16:00Z,0.78,14.5078125,14.53125,3.6,2024-12-21T23:20:00Z,6_1,Control
a4e9,6_1,Control,2024-12-21T23:37:00Z,0.78,14.4375,14.4453125,3.6,2024-12-21T23:40:00Z,6_1,Control
a4e9,6_1,Control,2024-12-21T23:59:00Z,0.78,14.34375,14.3515625,3.6,2024-12-22T00:00:00Z,6_1,Control
a4e9,6_1,Control,2024-12-22T00:20:00Z,0.78,14.484375,14.4765625,3.6,2024-12-22T00:20:00Z,6_1,Control
a4e9,6_1,Control,2024-12-22T00:42:00Z,0.79,14.7109375,14.703125,3.6,2024-12-22T00:40:00Z,6_1,Control
a4e9,6_1,Control,2024-12-22T01:03:00Z,0.78,14.9765625,14.9609375,3.6,2024-12-22T01:00:00Z,6_1,Control
a4e9,6_1,Control,2024-12-22T01:25:00Z,0.77,15.09375,15.0859375,3.6,2024-12-22T01:20:00Z,6_1,Control
a4e9,6_1,Control,2024-12-22T01:46:00Z,0.77,15.046875,15.046875,3.6,2024-12-22T01:40:00Z,6_1,Control
a4e9,6_1,Control,2024-12-22T02:08:00Z,0.78,15.046875,15.0390625,3.6,2024-12-22T02:00:00Z,6_1,Control
a4e9,6_1,Control,2024-12-22T02:29:00Z,0.78,15.109375,15.09375,3.6,2024-12-22T02:20:00Z,6_1,Control
a4e9,6_1,Control,2024-12-22T02:51:00Z,0.79,15.25,15.2265625,3.6,2024-12-22T03:00:00Z,6_1,Control
a4e9,6_1,Control,2024-12-22T03:12:00Z,0.8,15.5546875,15.53125,3.6,2024-12-22T03:20:00Z,6_1,Control
a4e9,6_1,Control,2024-12-22T03:33:00Z,0.8,16.109375,16.0703125,3.59,2024-12-22T03:40:00Z,6_1,Control
a4e9,6_1,Control,2024-12-22T03:55:00Z,0.82,16.78125,16.75,3.6,2024-12-22T04:00:00Z,6_1,Control
a4e9,6_1,Control,2024-12-22T04:16:00Z,0.83,17.765625,17.7265625,3.6,2024-12-22T04:20:00Z,6_1,Control
a4e9,6_1,Control,2024-12-22T04:38:00Z,0.84,18.734375,18.7109375,3.6,2024-12-22T04:40:00Z,6_1,Control
a4e9,6_1,Control,2024-12-22T04:59:00Z,0.86,20.859375,20.8203125,3.6,2024-12-22T05:00:00Z,6_1,Control
a4e9,6_1,Control,2024-12-22T05:21:00Z,0.89,21.8046875,21.875,3.61,2024-12-22T05:20:00Z,6_1,Control
a4e9,6_1,Control,2024-12-22T05:42:00Z,0.92,23.09375,23.109375,3.61,2024-12-22T05:40:00Z,6_1,Control
a4e9,6_1,Control,2024-12-22T06:04:00Z,0.91,24.6875,24.671875,3.61,2024-12-22T06:00:00Z,6_1,Control
a4e9,6_1,Control,2024-12-22T06:25:00Z,0.93,26.0390625,26.03125,3.61,2024-12-22T06:20:00Z,6_1,Control
a4e9,6_1,Control,2024-12-22T06:47:00Z,0.95,27.453125,27.5078125,3.61,2024-12-22T06:40:00Z,6_1,Control
a4e9,6_1,Control,2024-12-22T07:08:00Z,0.96,29.1484375,29.21875,3.62,2024-12-22T07:00:00Z,6_1,Control
a4e9,6_1,Control,2024-12-22T07:30:00Z,0.95,30.8359375,30.7265625,3.62,2024-12-22T07:40:00Z,6_1,Control
a4e9,6_1,Control,2024-12-22T07:51:00Z,0.98,32.078125,31.90625,3.62,2024-12-22T08:00:00Z,6_1,Control
a4e9,6_1,Control,2024-12-22T08:13:00Z,0.95,32.9921875,32.8359375,3.63,2024-12-22T08:20:00Z,6_1,Control
a4e9,6_1,Control,2024-12-22T08:34:00Z,0.95,32.2421875,32.078125,3.62,2024-12-22T08:40:00Z,6_1,Control
a4e9,6_1,Control,2024-12-22T08:55:00Z,0.97,33.1875,33.15625,3.63,2024-12-22T09:00:00Z,6_1,Control
a4e9,6_1,Control,2024-12-22T09:17:00Z,1,33.140625,33.015625,3.63,2024-12-22T09:20:00Z,6_1,Control
a4e9,6_1,Control,2024-12-22T09:38:00Z,0.94,33.078125,33.015625,3.62,2024-12-22T09:40:00Z,6_1,Control
a4e9,6_1,Control,2024-12-22T10:00:00Z,0.92,32.4140625,32.3828125,3.63,2024-12-22T10:00:00Z,6_1,Control
a4e9,6_1,Control,2024-12-22T10:21:00Z,0.94,31.546875,31.546875,3.63,2024-12-22T10:20:00Z,6_1,Control
a4e9,6_1,Control,2024-12-22T10:43:00Z,0.96,31.359375,31.390625,3.62,2024-12-22T10:40:00Z,6_1,Control
a4e9,6_1,Control,2024-12-22T11:04:00Z,0.95,31,30.9609375,3.63,2024-12-22T11:00:00Z,6_1,Control
a4e9,6_1,Control,2024-12-22T11:26:00Z,0.95,31.203125,31.2109375,3.63,2024-12-22T11:20:00Z,6_1,Control
a4e9,6_1,Control,2024-12-22T11:47:00Z,0.94,30.9140625,30.9140625,3.62,2024-12-22T11:40:00Z,6_1,Control
a4e9,6_1,Control,2024-12-22T12:09:00Z,0.88,30.390625,30.4375,3.62,2024-12-22T12:00:00Z,6_1,Control
a4e9,6_1,Control,2024-12-22T12:30:00Z,0.89,29.3125,29.359375,3.62,2024-12-22T12:40:00Z,6_1,Control
a4e9,6_1,Control,2024-12-22T12:52:00Z,0.87,27.9140625,27.9765625,3.62,2024-12-22T13:00:00Z,6_1,Control
a4e9,6_1,Control,2024-12-22T13:13:00Z,0.84,26.703125,26.703125,3.62,2024-12-22T13:20:00Z,6_1,Control
a4e9,6_1,Control,2024-12-22T13:35:00Z,0.83,25.328125,25.3046875,3.61,2024-12-22T13:40:00Z,6_1,Control
a4e9,6_1,Control,2024-12-22T13:56:00Z,0.78,23.9765625,23.984375,3.62,2024-12-22T14:00:00Z,6_1,Control
a4e9,6_1,Control,2024-12-22T14:17:00Z,0.79,22.8515625,22.90625,3.62,2024-12-22T14:20:00Z,6_1,Control
a4e9,6_1,Control,2024-12-22T14:39:00Z,0.74,21.578125,21.6484375,3.61,2024-12-22T14:40:00Z,6_1,Control
a4e9,6_1,Control,2024-12-22T15:00:00Z,0.72,19.4140625,19.4765625,3.62,2024-12-22T15:00:00Z,6_1,Control
a4e9,6_1,Control,2024-12-22T15:22:00Z,0.75,17.8046875,17.8515625,3.61,2024-12-22T15:20:00Z,6_1,Control
a4e9,6_1,Control,2024-12-22T15:43:00Z,0.77,16.8125,16.859375,3.61,2024-12-22T15:40:00Z,6_1,Control
a4e9,6_1,Control,2024-12-22T16:05:00Z,0.77,16.2109375,16.25,3.61,2024-12-22T16:00:00Z,6_1,Control
a4e9,6_1,Control,2024-12-22T16:26:00Z,0.78,15.890625,15.9296875,3.61,2024-12-22T16:20:00Z,6_1,Control
a4e9,6_1,Control,2024-12-22T16:48:00Z,0.77,15.6171875,15.65625,3.61,2024-12-22T16:40:00Z,6_1,Control
a4e9,6_1,Control,2024-12-22T17:09:00Z,0.78,15.40625,15.4375,3.61,2024-12-22T17:00:00Z,6_1,Control
a4e9,6_1,Control,2024-12-22T17:31:00Z,0.79,15.234375,15.265625,3.6,2024-12-22T17:40:00Z,6_1,Control
a4e9,6_1,Control,2024-12-22T17:52:00Z,0.77,15.0859375,15.1171875,3.6,2024-12-22T18:00:00Z,6_1,Control
a4e9,6_1,Control,2024-12-22T18:14:00Z,0.78,14.90625,14.9453125,3.6,2024-12-22T18:20:00Z,6_1,Control
a4e9,6_1,Control,2024-12-22T18:35:00Z,0.77,14.7265625,14.765625,3.6,2024-12-22T18:40:00Z,6_1,Control
a4e9,6_1,Control,2024-12-22T18:57:00Z,0.77,14.46875,14.5,3.6,2024-12-22T19:00:00Z,6_1,Control
a4e9,6_1,Control,2024-12-22T19:18:00Z,0.77,14.2265625,14.265625,3.6,2024-12-22T19:20:00Z,6_1,Control
a4e9,6_1,Control,2024-12-22T19:39:00Z,0.76,13.9375,13.984375,3.6,2024-12-22T19:40:00Z,6_1,Control
a4e9,6_1,Control,2024-12-22T20:01:00Z,0.78,13.6640625,13.7109375,3.6,2024-12-22T20:00:00Z,6_1,Control
a4e9,6_1,Control,2024-12-22T20:22:00Z,0.76,13.4921875,13.5546875,3.6,2024-12-22T20:20:00Z,6_1,Control
a4e9,6_1,Control,2024-12-22T20:44:00Z,0.77,13.4296875,13.5078125,3.6,2024-12-22T20:40:00Z,6_1,Control
a4e9,6_1,Control,2024-12-22T21:05:00Z,0.77,13.3984375,13.484375,3.6,2024-12-22T21:00:00Z,6_1,Control
a4e9,6_1,Control,2024-12-22T21:27:00Z,0.78,13.3046875,13.40625,3.6,2024-12-22T21:20:00Z,6_1,Control
a4e9,6_1,Control,2024-12-22T21:48:00Z,0.78,13.2890625,13.390625,3.6,2024-12-22T21:40:00Z,6_1,Control
a4e9,6_1,Control,2024-12-22T22:10:00Z,0.79,13.296875,13.390625,3.6,2024-12-22T22:00:00Z,6_1,Control
a4e9,6_1,Control,2024-12-22T22:31:00Z,0.77,13.359375,13.453125,3.6,2024-12-22T22:40:00Z,6_1,Control
a4e9,6_1,Control,2024-12-22T22:53:00Z,0.77,13.3359375,13.4296875,3.59,2024-12-22T23:00:00Z,6_1,Control
a4e9,6_1,Control,2024-12-22T23:14:00Z,0.78,13.2578125,13.3515625,3.6,2024-12-22T23:20:00Z,6_1,Control
a4e9,6_1,Control,2024-12-22T23:36:00Z,0.79,13.2109375,13.296875,3.6,2024-12-22T23:40:00Z,6_1,Control
a4e9,6_1,Control,2024-12-22T23:57:00Z,0.77,13.015625,13.1015625,3.6,2024-12-23T00:00:00Z,6_1,Control
a4e9,6_1,Control,2024-12-23T00:19:00Z,0.77,12.9609375,13.015625,3.6,2024-12-23T00:20:00Z,6_1,Control
a4e9,6_1,Control,2024-12-23T00:40:00Z,0.78,13.03125,13.078125,3.6,2024-12-23T00:40:00Z,6_1,Control
a4e9,6_1,Control,2024-12-23T01:01:00Z,0.78,13.0625,13.1015625,3.6,2024-12-23T01:00:00Z,6_1,Control
a4e9,6_1,Control,2024-12-23T01:23:00Z,0.77,12.9375,12.984375,3.6,2024-12-23T01:20:00Z,6_1,Control
a4e9,6_1,Control,2024-12-23T01:44:00Z,0.77,12.8359375,12.8828125,3.6,2024-12-23T01:40:00Z,6_1,Control
a4e9,6_1,Control,2024-12-23T02:06:00Z,0.78,12.578125,12.6015625,3.6,2024-12-23T02:00:00Z,6_1,Control
a4e9,6_1,Control,2024-12-23T02:27:00Z,0.82,12.7890625,12.7578125,3.59,2024-12-23T02:20:00Z,6_1,Control
a4e9,6_1,Control,2024-12-23T02:49:00Z,0.88,14.296875,14.1015625,3.6,2024-12-23T02:40:00Z,6_1,Control
a4e9,6_1,Control,2024-12-23T03:10:00Z,0.83,15.40625,15.1875,3.6,2024-12-23T03:00:00Z,6_1,Control
a4e9,6_1,Control,2024-12-23T03:32:00Z,0.88,16.875,16.625,3.6,2024-12-23T03:40:00Z,6_1,Control
a4e9,6_1,Control,2024-12-23T03:53:00Z,0.75,17.203125,17.0703125,3.6,2024-12-23T04:00:00Z,6_1,Control
a4e9,6_1,Control,2024-12-23T04:15:00Z,0.81,16.4375,16.3828125,3.6,2024-12-23T04:20:00Z,6_1,Control
a4e9,6_1,Control,2024-12-23T04:36:00Z,0.8,16.75,16.703125,3.61,2024-12-23T04:40:00Z,6_1,Control
a4e9,6_1,Control,2024-12-23T04:58:00Z,0.87,16.9453125,16.890625,3.6,2024-12-23T05:00:00Z,6_1,Control
a4e9,6_1,Control,2024-12-23T05:19:00Z,0.88,18.6640625,18.7421875,3.61,2024-12-23T05:20:00Z,6_1,Control
a4e9,6_1,Control,2024-12-23T05:41:00Z,0.88,20.1796875,20.2109375,3.6,2024-12-23T05:40:00Z,6_1,Control
a4e9,6_1,Control,2024-12-23T06:02:00Z,0.89,21.0078125,20.96875,3.61,2024-12-23T06:00:00Z,6_1,Control
a4e9,6_1,Control,2024-12-23T06:23:00Z,0.91,21.859375,21.796875,3.61,2024-12-23T06:20:00Z,6_1,Control
a4e9,6_1,Control,2024-12-23T06:45:00Z,0.91,22.2734375,22.25,3.61,2024-12-23T06:40:00Z,6_1,Control
a4e9,6_1,Control,2024-12-23T07:06:00Z,0.91,22.890625,22.953125,3.61,2024-12-23T07:00:00Z,6_1,Control
a4e9,6_1,Control,2024-12-23T07:28:00Z,0.94,24.1015625,23.96875,3.61,2024-12-23T07:20:00Z,6_1,Control
a4e9,6_1,Control,2024-12-23T07:49:00Z,0.91,24.7578125,24.515625,3.61,2024-12-23T07:40:00Z,6_1,Control
a4e9,6_1,Control,2024-12-23T08:11:00Z,0.89,24.875,24.6328125,3.62,2024-12-23T08:20:00Z,6_1,Control
a4e9,6_1,Control,2024-12-23T08:32:00Z,0.9,25.0234375,24.9375,3.61,2024-12-23T08:40:00Z,6_1,Control
a4e9,6_1,Control,2024-12-23T08:54:00Z,0.92,24.65625,24.625,3.61,2024-12-23T09:00:00Z,6_1,Control
a4e9,6_1,Control,2024-12-23T09:15:00Z,0.95,24.9140625,24.890625,3.61,2024-12-23T09:20:00Z,6_1,Control
a4e9,6_1,Control,2024-12-23T09:37:00Z,0.93,25.0234375,25.0078125,3.61,2024-12-23T09:40:00Z,6_1,Control
a4e9,6_1,Control,2024-12-23T09:58:00Z,0.95,25.109375,25.125,3.61,2024-12-23T10:00:00Z,6_1,Control
a4e9,6_1,Control,2024-12-23T10:20:00Z,0.91,25.2421875,25.3125,3.61,2024-12-23T10:20:00Z,6_1,Control
a4e9,6_1,Control,2024-12-23T10:41:00Z,0.96,24.8828125,24.9453125,3.62,2024-12-23T10:40:00Z,6_1,Control
a4e9,6_1,Control,2024-12-23T11:03:00Z,0.93,24.96875,25.0078125,3.61,2024-12-23T11:00:00Z,6_1,Control
a4e9,6_1,Control,2024-12-23T11:24:00Z,0.93,24.9765625,24.984375,3.62,2024-12-23T11:20:00Z,6_1,Control
a4e9,6_1,Control,2024-12-23T11:45:00Z,0.9,24.84375,24.90625,3.62,2024-12-23T11:40:00Z,6_1,Control
a4e9,6_1,Control,2024-12-23T12:07:00Z,0.87,24.203125,24.2734375,3.61,2024-12-23T12:00:00Z,6_1,Control
a4e9,6_1,Control,2024-12-23T12:28:00Z,0.87,23.5234375,23.640625,3.62,2024-12-23T12:20:00Z,6_1,Control
a4e9,6_1,Control,2024-12-23T12:50:00Z,0.87,22.7421875,22.859375,3.62,2024-12-23T12:40:00Z,6_1,Control
a4e9,6_1,Control,2024-12-23T13:11:00Z,0.84,22.2109375,22.2734375,3.61,2024-12-23T13:20:00Z,6_1,Control
a4e9,6_1,Control,2024-12-23T13:33:00Z,0.82,21.4765625,21.4921875,3.61,2024-12-23T13:40:00Z,6_1,Control
a4e9,6_1,Control,2024-12-23T13:54:00Z,0.76,20.5234375,20.5546875,3.62,2024-12-23T14:00:00Z,6_1,Control
a4e9,6_1,Control,2024-12-23T14:16:00Z,0.8,19.3671875,19.4375,3.61,2024-12-23T14:20:00Z,6_1,Control
a4e9,6_1,Control,2024-12-23T14:37:00Z,0.75,18.1953125,18.2734375,3.61,2024-12-23T14:40:00Z,6_1,Control
a4e9,6_1,Control,2024-12-23T14:59:00Z,0.76,16.9140625,16.984375,3.6,2024-12-23T15:00:00Z,6_1,Control
a4e9,6_1,Control,2024-12-23T15:20:00Z,0.76,15.9921875,16.0546875,3.61,2024-12-23T15:20:00Z,6_1,Control
a4e9,6_1,Control,2024-12-23T15:42:00Z,0.77,15.125,15.1875,3.6,2024-12-23T15:40:00Z,6_1,Control
a4e9,6_1,Control,2024-12-23T16:03:00Z,0.78,14.6484375,14.703125,3.6,2024-12-23T16:00:00Z,6_1,Control
a4e9,6_1,Control,2024-12-23T16:25:00Z,0.76,14.09375,14.140625,3.6,2024-12-23T16:20:00Z,6_1,Control
a4e9,6_1,Control,2024-12-23T16:46:00Z,0.78,13.6796875,13.71875,3.61,2024-12-23T16:40:00Z,6_1,Control
a4e9,6_1,Control,2024-12-23T17:07:00Z,0.77,13.453125,13.484375,3.6,2024-12-23T17:00:00Z,6_1,Control
a4e9,6_1,Control,2024-12-23T17:29:00Z,0.78,13.2578125,13.28125,3.6,2024-12-23T17:20:00Z,6_1,Control
a4e9,6_1,Control,2024-12-23T17:50:00Z,0.78,13.125,13.1328125,3.59,2024-12-23T17:40:00Z,6_1,Control
a4e9,6_1,Control,2024-12-23T18:12:00Z,0.77,13.015625,13.03125,3.59,2024-12-23T18:20:00Z,6_1,Control
a4e9,6_1,Control,2024-12-23T18:33:00Z,0.77,12.9296875,12.953125,3.59,2024-12-23T18:40:00Z,6_1,Control
a4e9,6_1,Control,2024-12-23T18:55:00Z,0.78,12.8203125,12.8515625,3.59,2024-12-23T19:00:00Z,6_1,Control
a4e9,6_1,Control,2024-12-23T19:16:00Z,0.76,12.375,12.40625,3.59,2024-12-23T19:20:00Z,6_1,Control
a4e9,6_1,Control,2024-12-23T19:38:00Z,0.78,11.9921875,12.015625,3.59,2024-12-23T19:40:00Z,6_1,Control
a4e9,6_1,Control,2024-12-23T19:59:00Z,0.79,11.6953125,11.7109375,3.59,2024-12-23T20:00:00Z,6_1,Control
a4e9,6_1,Control,2024-12-23T20:21:00Z,0.77,11.4453125,11.46875,3.59,2024-12-23T20:20:00Z,6_1,Control
a4e9,6_1,Control,2024-12-23T20:42:00Z,0.77,11.28125,11.296875,3.59,2024-12-23T20:40:00Z,6_1,Control
a4e9,6_1,Control,2024-12-23T21:04:00Z,0.78,11.15625,11.171875,3.59,2024-12-23T21:00:00Z,6_1,Control
a4e9,6_1,Control,2024-12-23T21:25:00Z,0.79,11.0703125,11.0859375,3.59,2024-12-23T21:20:00Z,6_1,Control
a4e9,6_1,Control,2024-12-23T21:47:00Z,0.79,11.0625,11.0703125,3.59,2024-12-23T21:40:00Z,6_1,Control
a4e9,6_1,Control,2024-12-23T22:08:00Z,0.78,10.90625,10.921875,3.59,2024-12-23T22:00:00Z,6_1,Control
a4e9,6_1,Control,2024-12-23T22:29:00Z,0.77,10.7265625,10.734375,3.58,2024-12-23T22:20:00Z,6_1,Control
a4e9,6_1,Control,2024-12-23T22:51:00Z,0.78,10.5703125,10.578125,3.59,2024-12-23T23:00:00Z,6_1,Control
a4e9,6_1,Control,2024-12-23T23:12:00Z,0.79,10.6953125,10.6875,3.59,2024-12-23T23:20:00Z,6_1,Control
a4e9,6_1,Control,2024-12-23T23:34:00Z,0.79,11.0078125,10.9921875,3.58,2024-12-23T23:40:00Z,6_1,Control
a4e9,6_1,Control,2024-12-23T23:55:00Z,0.78,11.3203125,11.296875,3.59,2024-12-24T00:00:00Z,6_1,Control
a4e9,6_1,Control,2024-12-24T00:17:00Z,0.78,11.4921875,11.4765625,3.58,2024-12-24T00:20:00Z,6_1,Control
a4e9,6_1,Control,2024-12-24T00:38:00Z,0.77,11.4609375,11.453125,3.58,2024-12-24T00:40:00Z,6_1,Control
a4e9,6_1,Control,2024-12-24T01:00:00Z,0.78,11.1484375,11.1484375,3.59,2024-12-24T01:00:00Z,6_1,Control
a4e9,6_1,Control,2024-12-24T01:21:00Z,0.77,10.75,10.7734375,3.58,2024-12-24T01:20:00Z,6_1,Control
a4e9,6_1,Control,2024-12-24T01:43:00Z,0.79,10.796875,10.78125,3.59,2024-12-24T01:40:00Z,6_1,Control
a4e9,6_1,Control,2024-12-24T02:04:00Z,0.79,11.2109375,11.171875,3.59,2024-12-24T02:00:00Z,6_1,Control
a4e9,6_1,Control,2024-12-24T02:26:00Z,0.78,11.515625,11.484375,3.59,2024-12-24T02:20:00Z,6_1,Control
a4e9,6_1,Control,2024-12-24T02:47:00Z,0.81,11.671875,11.6015625,3.59,2024-12-24T02:40:00Z,6_1,Control
a4e9,6_1,Control,2024-12-24T03:09:00Z,0.87,12.8125,12.65625,3.58,2024-12-24T03:00:00Z,6_1,Control
a4e9,6_1,Control,2024-12-24T03:30:00Z,0.87,15.0234375,14.796875,3.58,2024-12-24T03:40:00Z,6_1,Control
a4e9,6_1,Control,2024-12-24T03:51:00Z,0.88,16.8671875,16.6875,3.59,2024-12-24T04:00:00Z,6_1,Control
a4e9,6_1,Control,2024-12-24T04:13:00Z,0.86,18.3984375,18.25,3.6,2024-12-24T04:20:00Z,6_1,Control
a4e9,6_1,Control,2024-12-24T04:34:00Z,0.82,19.7109375,19.6171875,3.6,2024-12-24T04:40:00Z,6_1,Control
a4e9,6_1,Control,2024-12-24T04:56:00Z,0.85,20.46875,20.4375,3.6,2024-12-24T05:00:00Z,6_1,Control
a4e9,6_1,Control,2024-12-24T05:17:00Z,0.86,20.484375,20.6015625,3.61,2024-12-24T05:20:00Z,6_1,Control
a4e9,6_1,Control,2024-12-24T05:39:00Z,0.89,21.09375,21.15625,3.61,2024-12-24T05:40:00Z,6_1,Control
a4e9,6_1,Control,2024-12-24T06:00:00Z,0.89,21.734375,21.6875,3.61,2024-12-24T06:00:00Z,6_1,Control
a4e9,6_1,Control,2024-12-24T06:22:00Z,0.89,22.5078125,22.5,3.61,2024-12-24T06:20:00Z,6_1,Control
a4e9,6_1,Control,2024-12-24T06:43:00Z,0.89,23.5859375,23.6640625,3.61,2024-12-24T06:40:00Z,6_1,Control
a4e9,6_1,Control,2024-12-24T07:05:00Z,0.91,24.5625,24.7265625,3.61,2024-12-24T07:00:00Z,6_1,Control
a4e9,6_1,Control,2024-12-24T07:26:00Z,0.95,26.0625,26.109375,3.62,2024-12-24T07:20:00Z,6_1,Control
a4e9,6_1,Control,2024-12-24T07:48:00Z,0.93,27.2265625,27.15625,3.61,2024-12-24T07:40:00Z,6_1,Control
a4e9,6_1,Control,2024-12-24T08:09:00Z,0.9,27.9140625,27.7421875,3.62,2024-12-24T08:00:00Z,6_1,Control
a4e9,6_1,Control,2024-12-24T08:31:00Z,0.92,28.5859375,28.5703125,3.62,2024-12-24T08:40:00Z,6_1,Control
a4e9,6_1,Control,2024-12-24T08:52:00Z,0.92,29.515625,29.578125,3.62,2024-12-24T09:00:00Z,6_1,Control
a4e9,6_1,Control,2024-12-24T09:14:00Z,0.99,30.1796875,30.2734375,3.62,2024-12-24T09:20:00Z,6_1,Control
a4e9,6_1,Control,2024-12-24T09:35:00Z,0.91,30.796875,30.875,3.61,2024-12-24T09:40:00Z,6_1,Control
a4e9,6_1,Control,2024-12-24T09:56:00Z,0.93,31.078125,31.140625,3.63,2024-12-24T10:00:00Z,6_1,Control
a4e9,6_1,Control,2024-12-24T10:18:00Z,0.97,31.3515625,31.5078125,3.62,2024-12-24T10:20:00Z,6_1,Control
a4e9,6_1,Control,2024-12-24T10:39:00Z,0.93,31.6328125,31.78125,3.62,2024-12-24T10:40:00Z,6_1,Control
a4e9,6_1,Control,2024-12-24T11:01:00Z,0.91,31.6484375,31.765625,3.62,2024-12-24T11:00:00Z,6_1,Control
a4e9,6_1,Control,2024-12-24T11:22:00Z,0.96,31.3203125,31.3515625,3.63,2024-12-24T11:20:00Z,6_1,Control
a4e9,6_1,Control,2024-12-24T11:44:00Z,0.93,31.546875,31.59375,3.62,2024-12-24T11:40:00Z,6_1,Control
a4e9,6_1,Control,2024-12-24T12:05:00Z,0.91,31.015625,31.078125,3.62,2024-12-24T12:00:00Z,6_1,Control
a4e9,6_1,Control,2024-12-24T12:27:00Z,0.91,30.6171875,30.7421875,3.62,2024-12-24T12:20:00Z,6_1,Control
a4e9,6_1,Control,2024-12-24T12:48:00Z,0.91,30.2109375,30.328125,3.63,2024-12-24T12:40:00Z,6_1,Control
a4e9,6_1,Control,2024-12-24T13:10:00Z,0.86,29.3984375,29.453125,3.62,2024-12-24T13:00:00Z,6_1,Control
a4e9,6_1,Control,2024-12-24T13:31:00Z,0.85,28.59375,28.6171875,3.62,2024-12-24T13:40:00Z,6_1,Control
a4e9,6_1,Control,2024-12-24T13:53:00Z,0.78,27.5703125,27.59375,3.62,2024-12-24T14:00:00Z,6_1,Control
a4e9,6_1,Control,2024-12-24T14:14:00Z,0.8,27.015625,27.0546875,3.62,2024-12-24T14:20:00Z,6_1,Control
a4e9,6_1,Control,2024-12-24T14:36:00Z,0.81,26.5,26.546875,3.62,2024-12-24T14:40:00Z,6_1,Control
a4e9,6_1,Control,2024-12-24T14:57:00Z,0.74,25.125,25.1328125,3.62,2024-12-24T15:00:00Z,6_1,Control
a4e9,6_1,Control,2024-12-24T15:18:00Z,0.72,23.125,23.125,3.62,2024-12-24T15:20:00Z,6_1,Control
a4e9,6_1,Control,2024-12-24T15:40:00Z,0.75,21.59375,21.625,3.62,2024-12-24T15:40:00Z,6_1,Control
a4e9,6_1,Control,2024-12-24T16:01:00Z,0.76,20.578125,20.6171875,3.61,2024-12-24T16:00:00Z,6_1,Control
a4e9,6_1,Control,2024-12-24T16:23:00Z,0.75,19.703125,19.7421875,3.62,2024-12-24T16:20:00Z,6_1,Control
a4e9,6_1,Control,2024-12-24T16:44:00Z,0.75,19.03125,19.0703125,3.61,2024-12-24T16:40:00Z,6_1,Control
a4e9,6_1,Control,2024-12-24T17:06:00Z,0.77,18.453125,18.484375,3.61,2024-12-24T17:00:00Z,6_1,Control
a4e9,6_1,Control,2024-12-24T17:27:00Z,0.78,18.078125,18.1015625,3.61,2024-12-24T17:20:00Z,6_1,Control
a4e9,6_1,Control,2024-12-24T17:49:00Z,0.76,17.7890625,17.8203125,3.61,2024-12-24T17:40:00Z,6_1,Control
a4e9,6_1,Control,2024-12-24T18:10:00Z,0.78,17.5703125,17.59375,3.61,2024-12-24T18:00:00Z,6_1,Control
a4e9,6_1,Control,2024-12-24T18:32:00Z,0.78,17.40625,17.4296875,3.6,2024-12-24T18:40:00Z,6_1,Control
a4e9,6_1,Control,2024-12-24T18:53:00Z,0.77,16.9921875,17.0234375,3.61,2024-12-24T19:00:00Z,6_1,Control
a4e9,6_1,Control,2024-12-24T19:15:00Z,0.75,16.1953125,16.2578125,3.61,2024-12-24T19:20:00Z,6_1,Control
a4e9,6_1,Control,2024-12-24T19:36:00Z,0.78,15.703125,15.7421875,3.61,2024-12-24T19:40:00Z,6_1,Control
a4e9,6_1,Control,2024-12-24T19:58:00Z,0.77,15.5625,15.578125,3.6,2024-12-24T20:00:00Z,6_1,Control
a4e9,6_1,Control,2024-12-24T20:19:00Z,0.79,15.8671875,15.859375,3.59,2024-12-24T20:20:00Z,6_1,Control
a4e9,6_1,Control,2024-12-24T20:40:00Z,0.77,15.4453125,15.484375,3.61,2024-12-24T20:40:00Z,6_1,Control
a4e9,6_1,Control,2024-12-24T21:02:00Z,0.77,14.8359375,14.8828125,3.6,2024-12-24T21:00:00Z,6_1,Control
a4e9,6_1,Control,2024-12-24T21:23:00Z,0.76,14.09375,14.1484375,3.6,2024-12-24T21:20:00Z,6_1,Control
a4e9,6_1,Control,2024-12-24T21:45:00Z,0.77,13.765625,13.796875,3.6,2024-12-24T21:40:00Z,6_1,Control
a4e9,6_1,Control,2024-12-24T22:06:00Z,0.77,13.5078125,13.5390625,3.6,2024-12-24T22:00:00Z,6_1,Control
a4e9,6_1,Control,2024-12-24T22:28:00Z,0.77,13.25,13.2890625,3.6,2024-12-24T22:20:00Z,6_1,Control
a4e9,6_1,Control,2024-12-24T22:49:00Z,0.77,12.9453125,12.984375,3.6,2024-12-24T22:40:00Z,6_1,Control
a4e9,6_1,Control,2024-12-24T23:11:00Z,0.77,12.6171875,12.65625,3.6,2024-12-24T23:20:00Z,6_1,Control
a4e9,6_1,Control,2024-12-24T23:32:00Z,0.77,12.4765625,12.515625,3.59,2024-12-24T23:40:00Z,6_1,Control
a4e9,6_1,Control,2024-12-24T23:54:00Z,0.77,12.46875,12.5,3.59,2024-12-25T00:00:00Z,6_1,Control
a4e9,6_1,Control,2024-12-25T00:15:00Z,0.79,12.4921875,12.5078125,3.59,2024-12-25T00:20:00Z,6_1,Control
a4e9,6_1,Control,2024-12-25T00:37:00Z,0.77,12.5390625,12.5703125,3.59,2024-12-25T00:40:00Z,6_1,Control
a4e9,6_1,Control,2024-12-25T00:58:00Z,0.78,12.6015625,12.609375,3.59,2024-12-25T01:00:00Z,6_1,Control
a4e9,6_1,Control,2024-12-25T01:20:00Z,0.76,12.359375,12.3984375,3.6,2024-12-25T01:20:00Z,6_1,Control
a4e9,6_1,Control,2024-12-25T01:41:00Z,0.8,12.5859375,12.5703125,3.59,2024-12-25T01:40:00Z,6_1,Control
a4e9,6_1,Control,2024-12-25T02:03:00Z,0.79,13.40625,13.3359375,3.59,2024-12-25T02:00:00Z,6_1,Control
a4e9,6_1,Control,2024-12-25T02:24:00Z,0.84,14.671875,14.5234375,3.59,2024-12-25T02:20:00Z,6_1,Control
a4e9,6_1,Control,2024-12-25T02:45:00Z,0.85,16.5859375,16.375,3.59,2024-12-25T02:40:00Z,6_1,Control
a4e9,6_1,Control,2024-12-25T03:07:00Z,0.85,18.390625,18.21875,3.6,2024-12-25T03:00:00Z,6_1,Control
a4e9,6_1,Control,2024-12-25T03:28:00Z,0.87,20.0390625,19.875,3.6,2024-12-25T03:20:00Z,6_1,Control
a4e9,6_1,Control,2024-12-25T03:50:00Z,0.9,21.515625,21.3046875,3.61,2024-12-25T03:40:00Z,6_1,Control
a4e9,6_1,Control,2024-12-25T04:11:00Z,0.92,23.0625,22.8828125,3.61,2024-12-25T04:20:00Z,6_1,Control
a4e9,6_1,Control,2024-12-25T04:33:00Z,0.87,24.8984375,24.796875,3.6,2024-12-25T04:40:00Z,6_1,Control
a4e9,6_1,Control,2024-12-25T04:54:00Z,0.88,26.1015625,26.03125,3.61,2024-12-25T05:00:00Z,6_1,Control
a4e9,6_1,Control,2024-12-25T05:16:00Z,0.89,26.0234375,26.15625,3.61,2024-12-25T05:20:00Z,6_1,Control
a4e9,6_1,Control,2024-12-25T05:37:00Z,0.92,26.5,26.5390625,3.61,2024-12-25T05:40:00Z,6_1,Control
a4e9,6_1,Control,2024-12-25T05:59:00Z,0.93,27.4140625,27.3671875,3.62,2024-12-25T06:00:00Z,6_1,Control
a4e9,6_1,Control,2024-12-25T06:20:00Z,0.92,28.5234375,28.5390625,3.62,2024-12-25T06:20:00Z,6_1,Control
a4e9,6_1,Control,2024-12-25T06:42:00Z,0.94,29.3984375,29.5078125,3.62,2024-12-25T06:40:00Z,6_1,Control
a4e9,6_1,Control,2024-12-25T07:03:00Z,0.91,30.6171875,30.765625,3.62,2024-12-25T07:00:00Z,6_1,Control
a4e9,6_1,Control,2024-12-25T07:24:00Z,0.97,32.2421875,32.2421875,3.62,2024-12-25T07:20:00Z,6_1,Control
a4e9,6_1,Control,2024-12-25T07:46:00Z,0.93,33.6484375,33.546875,3.62,2024-12-25T07:40:00Z,6_1,Control
a4e9,6_1,Control,2024-12-25T08:07:00Z,0.91,34.5234375,34.3125,3.62,2024-12-25T08:00:00Z,6_1,Control
a4e9,6_1,Control,2024-12-25T08:29:00Z,0.89,35.0546875,35.015625,3.62,2024-12-25T08:20:00Z,6_1,Control
a4e9,6_1,Control,2024-12-25T08:50:00Z,0.85,35.6015625,35.6171875,3.63,2024-12-25T08:40:00Z,6_1,Control
a4e9,6_1,Control,2024-12-25T09:12:00Z,0.95,36.3046875,36.2890625,3.63,2024-12-25T09:20:00Z,6_1,Control
a4e9,6_1,Control,2024-12-25T09:33:00Z,0.85,37.0078125,37.03125,3.63,2024-12-25T09:40:00Z,6_1,Control
a4e9,6_1,Control,2024-12-25T09:55:00Z,0.9,37.3203125,37.3125,3.63,2024-12-25T10:00:00Z,6_1,Control
a4e9,6_1,Control,2024-12-25T10:16:00Z,0.93,37.609375,37.6796875,3.63,2024-12-25T10:20:00Z,6_1,Control
a4e9,6_1,Control,2024-12-25T10:38:00Z,0.9,38.4296875,38.5625,3.63,2024-12-25T10:40:00Z,6_1,Control
a4e9,6_1,Control,2024-12-25T10:59:00Z,0.96,38.6640625,38.765625,3.63,2024-12-25T11:00:00Z,6_1,Control
a4e9,6_1,Control,2024-12-25T11:21:00Z,0.88,39.2421875,39.265625,3.64,2024-12-25T11:20:00Z,6_1,Control
a4e9,6_1,Control,2024-12-25T11:42:00Z,0.85,38.6796875,38.734375,3.64,2024-12-25T11:40:00Z,6_1,Control
a4e9,6_1,Control,2024-12-25T12:04:00Z,0.85,38.1640625,38.234375,3.64,2024-12-25T12:00:00Z,6_1,Control
a4e9,6_1,Control,2024-12-25T12:25:00Z,0.83,37.6171875,37.75,3.64,2024-12-25T12:20:00Z,6_1,Control
a4e9,6_1,Control,2024-12-25T12:47:00Z,0.83,37.1015625,37.2265625,3.64,2024-12-25T12:40:00Z,6_1,Control
a4e9,6_1,Control,2024-12-25T13:08:00Z,0.85,36.4140625,36.484375,3.63,2024-12-25T13:00:00Z,6_1,Control
a4e9,6_1,Control,2024-12-25T13:29:00Z,0.82,35.6953125,35.6953125,3.64,2024-12-25T13:20:00Z,6_1,Control
a4e9,6_1,Control,2024-12-25T13:51:00Z,0.78,34.7890625,34.796875,3.64,2024-12-25T14:00:00Z,6_1,Control
a4e9,6_1,Control,2024-12-25T14:12:00Z,0.81,34.4453125,34.4765625,3.63,2024-12-25T14:20:00Z,6_1,Control
a4e9,6_1,Control,2024-12-25T14:34:00Z,0.77,33.84375,33.890625,3.64,2024-12-25T14:40:00Z,6_1,Control
a4e9,6_1,Control,2024-12-25T14:55:00Z,0.73,32.4140625,32.3828125,3.64,2024-12-25T15:00:00Z,6_1,Control
a4e9,6_1,Control,2024-12-25T15:17:00Z,0.72,30.359375,30.3203125,3.63,2024-12-25T15:20:00Z,6_1,Control
a4e9,6_1,Control,2024-12-25T15:38:00Z,0.74,28.4921875,28.5,3.63,2024-12-25T15:40:00Z,6_1,Control
a4e9,6_1,Control,2024-12-25T16:00:00Z,0.76,27.390625,27.40625,3.63,2024-12-25T16:00:00Z,6_1,Control
a4e9,6_1,Control,2024-12-25T16:21:00Z,0.76,26.4921875,26.5078125,3.63,2024-12-25T16:20:00Z,6_1,Control
a4e9,6_1,Control,2024-12-25T16:43:00Z,0.76,25.703125,25.7109375,3.63,2024-12-25T16:40:00Z,6_1,Control
a4e9,6_1,Control,2024-12-25T17:04:00Z,0.75,25.0625,25.0703125,3.62,2024-12-25T17:00:00Z,6_1,Control
a4e9,6_1,Control,2024-12-25T17:26:00Z,0.79,24.5703125,24.5703125,3.63,2024-12-25T17:20:00Z,6_1,Control
a4e9,6_1,Control,2024-12-25T17:47:00Z,0.77,24.3828125,24.3828125,3.63,2024-12-25T17:40:00Z,6_1,Control
a4e9,6_1,Control,2024-12-25T18:09:00Z,0.78,24.078125,24.078125,3.62,2024-12-25T18:00:00Z,6_1,Control
a4e9,6_1,Control,2024-12-25T18:30:00Z,0.79,23.859375,23.859375,3.62,2024-12-25T18:40:00Z,6_1,Control
a4e9,6_1,Control,2024-12-25T18:51:00Z,0.77,23.6796875,23.6796875,3.63,2024-12-25T19:00:00Z,6_1,Control
a4e9,6_1,Control,2024-12-25T19:13:00Z,0.8,23.3984375,23.3984375,3.62,2024-12-25T19:20:00Z,6_1,Control
a4e9,6_1,Control,2024-12-25T19:34:00Z,0.76,23.7734375,23.7578125,3.62,2024-12-25T19:40:00Z,6_1,Control
a4e9,6_1,Control,2024-12-25T19:56:00Z,0.73,22.625,22.6875,3.62,2024-12-25T20:00:00Z,6_1,Control
a4e9,6_1,Control,2024-12-25T20:17:00Z,0.75,21.140625,21.203125,3.62,2024-12-25T20:20:00Z,6_1,Control
a4e9,6_1,Control,2024-12-25T20:39:00Z,0.77,20.2578125,20.296875,3.62,2024-12-25T20:40:00Z,6_1,Control
a4e9,6_1,Control,2024-12-25T21:00:00Z,0.77,19.78125,19.8046875,3.62,2024-12-25T21:00:00Z,6_1,Control
a4e9,6_1,Control,2024-12-25T21:22:00Z,0.77,19.3203125,19.3359375,3.61,2024-12-25T21:20:00Z,6_1,Control
a4e9,6_1,Control,2024-12-25T21:43:00Z,0.75,18.890625,18.9140625,3.62,2024-12-25T21:40:00Z,6_1,Control
a4e9,6_1,Control,2024-12-25T22:05:00Z,0.78,18.4140625,18.4453125,3.61,2024-12-25T22:00:00Z,6_1,Control
a4e9,6_1,Control,2024-12-25T22:26:00Z,0.78,18.109375,18.125,3.62,2024-12-25T22:20:00Z,6_1,Control
a4e9,6_1,Control,2024-12-25T22:48:00Z,0.76,17.5390625,17.5703125,3.61,2024-12-25T22:40:00Z,6_1,Control
a4e9,6_1,Control,2024-12-25T23:09:00Z,0.77,16.90625,16.9453125,3.61,2024-12-25T23:00:00Z,6_1,Control
a4e9,6_1,Control,2024-12-25T23:31:00Z,0.8,16.84375,16.84375,3.61,2024-12-25T23:40:00Z,6_1,Control
a4e9,6_1,Control,2024-12-25T23:52:00Z,0.79,16.90625,16.90625,3.62,2024-12-26T00:00:00Z,6_1,Control
a4e9,6_1,Control,2024-12-26T00:13:00Z,0.79,17.296875,17.2734375,3.61,2024-12-26T00:20:00Z,6_1,Control
a4e9,6_1,Control,2024-12-26T00:35:00Z,0.79,17.4453125,17.4140625,3.61,2024-12-26T00:40:00Z,6_1,Control
a4e9,6_1,Control,2024-12-26T00:56:00Z,0.78,17.5,17.4609375,3.62,2024-12-26T01:00:00Z,6_1,Control
a4e9,6_1,Control,2024-12-26T01:18:00Z,0.79,17.515625,17.4921875,3.61,2024-12-26T01:20:00Z,6_1,Control
a4e9,6_1,Control,2024-12-26T01:39:00Z,0.8,17.46875,17.4375,3.61,2024-12-26T01:40:00Z,6_1,Control
a4e9,6_1,Control,2024-12-26T02:01:00Z,0.81,18.0234375,17.953125,3.61,2024-12-26T02:00:00Z,6_1,Control
a4e9,6_1,Control,2024-12-26T02:22:00Z,0.87,19.421875,19.265625,3.61,2024-12-26T02:20:00Z,6_1,Control
a4e9,6_1,Control,2024-12-26T02:44:00Z,0.91,22.2578125,22.03125,3.61,2024-12-26T02:40:00Z,6_1,Control
a4e9,6_1,Control,2024-12-26T03:05:00Z,0.92,25.0859375,24.8515625,3.61,2024-12-26T03:00:00Z,6_1,Control
a4e9,6_1,Control,2024-12-26T03:27:00Z,0.92,27.3125,27.125,3.61,2024-12-26T03:20:00Z,6_1,Control
a4e9,6_1,Control,2024-12-26T03:48:00Z,0.94,29.1171875,28.8828125,3.62,2024-12-26T03:40:00Z,6_1,Control
a4e9,6_1,Control,2024-12-26T04:10:00Z,0.9,30.7890625,30.578125,3.62,2024-12-26T04:00:00Z,6_1,Control
a4e9,6_1,Control,2024-12-26T04:31:00Z,0.89,31.609375,31.5546875,3.62,2024-12-26T04:40:00Z,6_1,Control
a4e9,6_1,Control,2024-12-26T04:53:00Z,0.89,32.734375,32.6484375,3.63,2024-12-26T05:00:00Z,6_1,Control
a4e9,6_1,Control,2024-12-26T05:14:00Z,0.86,32.78125,32.75,3.62,2024-12-26T05:20:00Z,6_1,Control
a4e9,6_1,Control,2024-12-26T05:35:00Z,0.85,32.96875,32.9296875,3.63,2024-12-26T05:40:00Z,6_1,Control
a4e9,6_1,Control,2024-12-26T05:57:00Z,0.87,33.5390625,33.4453125,3.63,2024-12-26T06:00:00Z,6_1,Control
a4e9,6_1,Control,2024-12-26T06:18:00Z,0.92,34.1640625,34.0859375,3.64,2024-12-26T06:20:00Z,6_1,Control
a4e9,6_1,Control,2024-12-26T06:40:00Z,0.9,34.9921875,34.96875,3.63,2024-12-26T06:40:00Z,6_1,Control
a4e9,6_1,Control,2024-12-26T07:01:00Z,0.85,36.171875,36.1875,3.63,2024-12-26T07:00:00Z,6_1,Control
a4e9,6_1,Control,2024-12-26T07:23:00Z,0.97,37.4453125,37.4140625,3.64,2024-12-26T07:20:00Z,6_1,Control
a4e9,6_1,Control,2024-12-26T07:44:00Z,0.9,38.515625,38.296875,3.63,2024-12-26T07:40:00Z,6_1,Control
a4e9,6_1,Control,2024-12-26T08:06:00Z,0.87,38.9921875,38.8125,3.64,2024-12-26T08:00:00Z,6_1,Control
a4e9,6_1,Control,2024-12-26T08:27:00Z,0.88,39.671875,39.5546875,3.64,2024-12-26T08:20:00Z,6_1,Control
a4e9,6_1,Control,2024-12-26T08:49:00Z,0.83,39.9765625,39.921875,3.64,2024-12-26T08:40:00Z,6_1,Control
a4e9,6_1,Control,2024-12-26T09:10:00Z,0.9,40.328125,40.2890625,3.64,2024-12-26T09:00:00Z,6_1,Control
a4e9,6_1,Control,2024-12-26T09:32:00Z,0.86,40.59375,40.5078125,3.64,2024-12-26T09:40:00Z,6_1,Control
a4e9,6_1,Control,2024-12-26T09:53:00Z,0.88,40.5546875,40.5078125,3.64,2024-12-26T10:00:00Z,6_1,Control
a4e9,6_1,Control,2024-12-26T10:15:00Z,0.87,40.453125,40.5,3.64,2024-12-26T10:20:00Z,6_1,Control
a4e9,6_1,Control,2024-12-26T10:36:00Z,0.86,40.3359375,40.3671875,3.64,2024-12-26T10:40:00Z,6_1,Control
a4e9,6_1,Control,2024-12-26T10:57:00Z,0.88,40.140625,40.1640625,3.64,2024-12-26T11:00:00Z,6_1,Control
a4e9,6_1,Control,2024-12-26T11:19:00Z,0.85,40.34375,40.3671875,3.65,2024-12-26T11:20:00Z,6_1,Control
a4e9,6_1,Control,2024-12-26T11:40:00Z,0.85,40.234375,40.2421875,3.64,2024-12-26T11:40:00Z,6_1,Control
a4e9,6_1,Control,2024-12-26T12:02:00Z,0.83,39.6953125,39.7109375,3.64,2024-12-26T12:00:00Z,6_1,Control
a4e9,6_1,Control,2024-12-26T12:23:00Z,0.81,39.0546875,39.0859375,3.64,2024-12-26T12:20:00Z,6_1,Control
a4e9,6_1,Control,2024-12-26T12:45:00Z,0.82,38.5,38.5234375,3.64,2024-12-26T12:40:00Z,6_1,Control
a4e9,6_1,Control,2024-12-26T13:06:00Z,0.82,37.953125,37.9609375,3.64,2024-12-26T13:00:00Z,6_1,Control
a4e9,6_1,Control,2024-12-26T13:28:00Z,0.82,37.375,37.375,3.64,2024-12-26T13:20:00Z,6_1,Control
a4e9,6_1,Control,2024-12-26T13:49:00Z,0.81,36.703125,36.703125,3.64,2024-12-26T13:40:00Z,6_1,Control
a4e9,6_1,Control,2024-12-26T14:11:00Z,0.8,35.6328125,35.6171875,3.64,2024-12-26T14:20:00Z,6_1,Control
a4e9,6_1,Control,2024-12-26T14:32:00Z,0.79,34.7421875,34.734375,3.64,2024-12-26T14:40:00Z,6_1,Control
a4e9,6_1,Control,2024-12-26T14:54:00Z,0.75,33.046875,32.984375,3.64,2024-12-26T15:00:00Z,6_1,Control
a4e9,6_1,Control,2024-12-26T15:15:00Z,0.71,30.8125,30.734375,3.63,2024-12-26T15:20:00Z,6_1,Control
a4e9,6_1,Control,2024-12-26T15:37:00Z,0.75,28.9609375,28.921875,3.63,2024-12-26T15:40:00Z,6_1,Control
a4e9,6_1,Control,2024-12-26T15:58:00Z,0.76,27.9453125,27.9375,3.63,2024-12-26T16:00:00Z,6_1,Control
a4e9,6_1,Control,2024-12-26T16:19:00Z,0.76,26.9375,26.96875,3.63,2024-12-26T16:20:00Z,6_1,Control
a4e9,6_1,Control,2024-12-26T16:41:00Z,0.79,26.1328125,26.1484375,3.62,2024-12-26T16:40:00Z,6_1,Control
a4e9,6_1,Control,2024-12-26T17:02:00Z,0.79,25.609375,25.6171875,3.63,2024-12-26T17:00:00Z,6_1,Control
a4e9,6_1,Control,2024-12-26T17:24:00Z,0.8,25.390625,25.3828125,3.63,2024-12-26T17:20:00Z,6_1,Control
a4e9,6_1,Control,2024-12-26T17:45:00Z,0.8,25.34375,25.34375,3.63,2024-12-26T17:40:00Z,6_1,Control
a4e9,6_1,Control,2024-12-26T18:07:00Z,0.76,25.046875,25.0546875,3.62,2024-12-26T18:00:00Z,6_1,Control
a4e9,6_1,Control,2024-12-26T18:28:00Z,0.75,24.3671875,24.390625,3.63,2024-12-26T18:20:00Z,6_1,Control
a4e9,6_1,Control,2024-12-26T18:50:00Z,0.75,23.671875,23.7109375,3.63,2024-12-26T18:40:00Z,6_1,Control
a4e9,6_1,Control,2024-12-26T19:11:00Z,0.78,23.125,23.1484375,3.63,2024-12-26T19:20:00Z,6_1,Control
a4e9,6_1,Control,2024-12-26T19:33:00Z,0.78,22.6953125,22.71875,3.62,2024-12-26T19:40:00Z,6_1,Control
a4e9,6_1,Control,2024-12-26T19:54:00Z,0.77,22.015625,22.046875,3.63,2024-12-26T20:00:00Z,6_1,Control
a4e9,6_1,Control,2024-12-26T20:16:00Z,0.77,21.59375,21.609375,3.63,2024-12-26T20:20:00Z,6_1,Control
a4e9,6_1,Control,2024-12-26T20:37:00Z,0.77,21.3984375,21.4140625,3.62,2024-12-26T20:40:00Z,6_1,Control
a4e9,6_1,Control,2024-12-26T20:59:00Z,0.78,20.9140625,20.9296875,3.62,2024-12-26T21:00:00Z,6_1,Control
a4e9,6_1,Control,2024-12-26T21:20:00Z,0.79,20.609375,20.6171875,3.62,2024-12-26T21:20:00Z,6_1,Control
a4e9,6_1,Control,2024-12-26T21:41:00Z,0.78,20.453125,20.46875,3.63,2024-12-26T21:40:00Z,6_1,Control
a4e9,6_1,Control,2024-12-26T22:03:00Z,0.78,20.1171875,20.1328125,3.63,2024-12-26T22:00:00Z,6_1,Control
a4e9,6_1,Control,2024-12-26T22:24:00Z,0.77,19.734375,19.75,3.61,2024-12-26T22:20:00Z,6_1,Control
a4e9,6_1,Control,2024-12-26T22:46:00Z,0.78,19.453125,19.46875,3.62,2024-12-26T22:40:00Z,6_1,Control
a4e9,6_1,Control,2024-12-26T23:07:00Z,0.8,19.359375,19.359375,3.62,2024-12-26T23:00:00Z,6_1,Control
a4e9,6_1,Control,2024-12-26T23:29:00Z,0.77,19.3203125,19.3359375,3.62,2024-12-26T23:20:00Z,6_1,Control
a4e9,6_1,Control,2024-12-26T23:50:00Z,0.78,19.0546875,19.0625,3.62,2024-12-26T23:40:00Z,6_1,Control
a4e9,6_1,Control,2024-12-27T00:12:00Z,0.76,18.609375,18.640625,3.61,2024-12-27T00:20:00Z,6_1,Control
a4e9,6_1,Control,2024-12-27T00:33:00Z,0.77,17.8984375,17.9296875,3.61,2024-12-27T00:40:00Z,6_1,Control
a4e9,6_1,Control,2024-12-27T00:55:00Z,0.76,17.2421875,17.296875,3.62,2024-12-27T01:00:00Z,6_1,Control
a4e9,6_1,Control,2024-12-27T01:16:00Z,0.77,17.171875,17.1796875,3.61,2024-12-27T01:20:00Z,6_1,Control
a4e9,6_1,Control,2024-12-27T01:38:00Z,0.79,16.859375,16.8828125,3.62,2024-12-27T01:40:00Z,6_1,Control
a4e9,6_1,Control,2024-12-27T01:59:00Z,0.79,17.0234375,17.0234375,3.61,2024-12-27T02:00:00Z,6_1,Control
a4e9,6_1,Control,2024-12-27T02:21:00Z,0.85,17.3125,17.25,3.61,2024-12-27T02:20:00Z,6_1,Control
a4e9,6_1,Control,2024-12-27T02:42:00Z,0.85,18.796875,18.625,3.61,2024-12-27T02:40:00Z,6_1,Control
a4e9,6_1,Control,2024-12-27T03:03:00Z,0.87,20.171875,19.96875,3.62,2024-12-27T03:00:00Z,6_1,Control
a4e9,6_1,Control,2024-12-27T03:25:00Z,0.88,21.6640625,21.375,3.62,2024-12-27T03:20:00Z,6_1,Control
a4e9,6_1,Control,2024-12-27T03:46:00Z,0.85,22.96875,22.671875,3.62,2024-12-27T03:40:00Z,6_1,Control
a4e9,6_1,Control,2024-12-27T04:08:00Z,0.9,23.8828125,23.53125,3.62,2024-12-27T04:00:00Z,6_1,Control
a4e9,6_1,Control,2024-12-27T04:29:00Z,0.87,25.15625,24.78125,3.62,2024-12-27T04:20:00Z,6_1,Control
a4e9,6_1,Control,2024-12-27T04:51:00Z,0.86,26.046875,25.6953125,3.62,2024-12-27T05:00:00Z,6_1,Control
a4e9,6_1,Control,2024-12-27T05:12:00Z,0.8,25.765625,25.65625,3.63,2024-12-27T05:20:00Z,6_1,Control
a4e9,6_1,Control,2024-12-27T05:34:00Z,0.88,25.7421875,25.65625,3.62,2024-12-27T05:40:00Z,6_1,Control
a4e9,6_1,Control,2024-12-27T05:55:00Z,0.88,26.34375,26.25,3.63,2024-12-27T06:00:00Z,6_1,Control
a4e9,6_1,Control,2024-12-27T06:17:00Z,0.88,27.0546875,27.0390625,3.62,2024-12-27T06:20:00Z,6_1,Control
a4e9,6_1,Control,2024-12-27T06:38:00Z,0.88,28.0859375,28.140625,3.62,2024-12-27T06:40:00Z,6_1,Control
a4e9,6_1,Control,2024-12-27T07:00:00Z,0.89,29.3203125,29.40625,3.63,2024-12-27T07:00:00Z,6_1,Control
a4e9,6_1,Control,2024-12-27T07:21:00Z,0.92,30.75,30.78125,3.63,2024-12-27T07:20:00Z,6_1,Control
a4e9,6_1,Control,2024-12-27T07:43:00Z,0.93,32.0078125,31.828125,3.63,2024-12-27T07:40:00Z,6_1,Control
a4e9,6_1,Control,2024-12-27T08:04:00Z,0.88,32.1796875,31.890625,3.63,2024-12-27T08:00:00Z,6_1,Control
a4e9,6_1,Control,2024-12-27T08:25:00Z,0.85,32.203125,32.0390625,3.63,2024-12-27T08:20:00Z,6_1,Control
a4e9,6_1,Control,2024-12-27T08:47:00Z,0.89,32.078125,32.0390625,3.63,2024-12-27T08:40:00Z,6_1,Control
a4e9,6_1,Control,2024-12-27T09:08:00Z,0.88,32.1484375,32.140625,3.63,2024-12-27T09:00:00Z,6_1,Control
a4e9,6_1,Control,2024-12-27T09:30:00Z,0.88,31.921875,31.890625,3.63,2024-12-27T09:40:00Z,6_1,Control
a4e9,6_1,Control,2024-12-27T09:51:00Z,0.89,32.1484375,32.1640625,3.63,2024-12-27T10:00:00Z,6_1,Control
a4e9,6_1,Control,2024-12-27T10:13:00Z,0.9,32.0390625,32.078125,3.63,2024-12-27T10:20:00Z,6_1,Control
a4e9,6_1,Control,2024-12-27T10:34:00Z,0.91,32.1640625,32.25,3.63,2024-12-27T10:40:00Z,6_1,Control
a4e9,6_1,Control,2024-12-27T10:56:00Z,0.92,32.359375,32.3984375,3.63,2024-12-27T11:00:00Z,6_1,Control
a4e9,6_1,Control,2024-12-27T11:17:00Z,0.89,32.375,32.421875,3.63,2024-12-27T11:20:00Z,6_1,Control
a4e9,6_1,Control,2024-12-27T11:39:00Z,0.89,31.9609375,31.9921875,3.63,2024-12-27T11:40:00Z,6_1,Control
a4e9,6_1,Control,2024-12-27T12:00:00Z,0.86,31.78125,31.8203125,3.63,2024-12-27T12:00:00Z,6_1,Control
a4e9,6_1,Control,2024-12-27T12:22:00Z,0.86,30.703125,30.7734375,3.63,2024-12-27T12:20:00Z,6_1,Control
a4e9,6_1,Control,2024-12-27T12:43:00Z,0.83,29.328125,29.4140625,3.63,2024-12-27T12:40:00Z,6_1,Control
a4e9,6_1,Control,2024-12-27T13:05:00Z,0.83,27.8515625,27.8984375,3.63,2024-12-27T13:00:00Z,6_1,Control
a4e9,6_1,Control,2024-12-27T13:26:00Z,0.8,26.9453125,26.9765625,3.63,2024-12-27T13:20:00Z,6_1,Control
a4e9,6_1,Control,2024-12-27T13:47:00Z,0.78,25.6484375,25.6640625,3.63,2024-12-27T13:40:00Z,6_1,Control
a4e9,6_1,Control,2024-12-27T14:09:00Z,0.78,24.359375,24.421875,3.62,2024-12-27T14:00:00Z,6_1,Control
a4e9,6_1,Control,2024-12-27T14:30:00Z,0.77,23.5,23.5859375,3.62,2024-12-27T14:40:00Z,6_1,Control
a4e9,6_1,Control,2024-12-27T14:52:00Z,0.73,21.75,21.8125,3.62,2024-12-27T15:00:00Z,6_1,Control
a4e9,6_1,Control,2024-12-27T15:13:00Z,0.74,19.9609375,20.015625,3.62,2024-12-27T15:20:00Z,6_1,Control
a4e9,6_1,Control,2024-12-27T15:35:00Z,0.76,18.7578125,18.8203125,3.61,2024-12-27T15:40:00Z,6_1,Control
a4e9,6_1,Control,2024-12-27T15:56:00Z,0.77,17.859375,17.9296875,3.62,2024-12-27T16:00:00Z,6_1,Control
a4e9,6_1,Control,2024-12-27T16:18:00Z,0.77,17.21875,17.265625,3.62,2024-12-27T16:20:00Z,6_1,Control
a4e9,6_1,Control,2024-12-27T16:39:00Z,0.78,16.8125,16.8515625,3.61,2024-12-27T16:40:00Z,6_1,Control
a4e9,6_1,Control,2024-12-27T17:01:00Z,0.78,16.6796875,16.7109375,3.62,2024-12-27T17:00:00Z,6_1,Control
a4e9,6_1,Control,2024-12-27T17:22:00Z,0.78,16.6640625,16.6953125,3.61,2024-12-27T17:20:00Z,6_1,Control
a4e9,6_1,Control,2024-12-27T17:44:00Z,0.8,16.5546875,16.5859375,3.61,2024-12-27T17:40:00Z,6_1,Control
a4e9,6_1,Control,2024-12-27T18:05:00Z,0.79,16.53125,16.5546875,3.61,2024-12-27T18:00:00Z,6_1,Control
a4e9,6_1,Control,2024-12-27T18:27:00Z,0.78,16.3828125,16.4140625,3.61,2024-12-27T18:20:00Z,6_1,Control
a4e9,6_1,Control,2024-12-27T18:48:00Z,0.78,16.1875,16.21875,3.61,2024-12-27T18:40:00Z,6_1,Control
a4e9,6_1,Control,2024-12-27T19:09:00Z,0.78,16.1328125,16.1484375,3.61,2024-12-27T19:00:00Z,6_1,Control
a4e9,6_1,Control,2024-12-27T19:31:00Z,0.78,16.1015625,16.125,3.61,2024-12-27T19:40:00Z,6_1,Control
a4e9,6_1,Control,2024-12-27T19:52:00Z,0.8,16.0234375,16.0546875,3.61,2024-12-27T20:00:00Z,6_1,Control
a4e9,6_1,Control,2024-12-27T20:14:00Z,0.78,16,16.015625,3.61,2024-12-27T20:20:00Z,6_1,Control
a4e9,6_1,Control,2024-12-27T20:35:00Z,0.79,16.09375,16.109375,3.61,2024-12-27T20:40:00Z,6_1,Control
a4e9,6_1,Control,2024-12-27T20:57:00Z,0.79,15.9453125,15.96875,3.61,2024-12-27T21:00:00Z,6_1,Control
a4e9,6_1,Control,2024-12-27T21:18:00Z,0.8,15.8984375,15.921875,3.61,2024-12-27T21:20:00Z,6_1,Control
a4e9,6_1,Control,2024-12-27T21:40:00Z,0.78,15.8125,15.8359375,3.6,2024-12-27T21:40:00Z,6_1,Control
a4e9,6_1,Control,2024-12-27T22:01:00Z,0.78,15.8359375,15.859375,3.6,2024-12-27T22:00:00Z,6_1,Control
a4e9,6_1,Control,2024-12-27T22:23:00Z,0.79,15.8984375,15.9140625,3.61,2024-12-27T22:20:00Z,6_1,Control
a4e9,6_1,Control,2024-12-27T22:44:00Z,0.79,15.9453125,15.9609375,3.6,2024-12-27T22:40:00Z,6_1,Control
a4e9,6_1,Control,2024-12-27T23:06:00Z,0.79,15.9296875,15.9453125,3.61,2024-12-27T23:00:00Z,6_1,Control
a4e9,6_1,Control,2024-12-27T23:27:00Z,0.78,15.8984375,15.90625,3.6,2024-12-27T23:20:00Z,6_1,Control
a4e9,6_1,Control,2024-12-27T23:49:00Z,0.77,15.84375,15.8359375,3.61,2024-12-27T23:40:00Z,6_1,Control
a4e9,6_1,Control,2024-12-28T00:10:00Z,0.79,15.640625,15.640625,3.6,2024-12-28T00:00:00Z,6_1,Control
a4e9,6_1,Control,2024-12-28T00:31:00Z,0.77,15.5703125,15.578125,3.61,2024-12-28T00:40:00Z,6_1,Control
a4e9,6_1,Control,2024-12-28T00:53:00Z,0.77,15.5625,15.5703125,3.6,2024-12-28T01:00:00Z,6_1,Control
a4e9,6_1,Control,2024-12-28T01:14:00Z,0.78,15.5234375,15.5390625,3.6,2024-12-28T01:20:00Z,6_1,Control
a4e9,6_1,Control,2024-12-28T01:36:00Z,0.77,15.3359375,15.3671875,3.6,2024-12-28T01:40:00Z,6_1,Control
a4e9,6_1,Control,2024-12-28T01:57:00Z,0.78,15.171875,15.234375,3.61,2024-12-28T02:00:00Z,6_1,Control
a4e9,6_1,Control,2024-12-28T02:19:00Z,0.79,15.4453125,15.484375,3.61,2024-12-28T02:20:00Z,6_1,Control
a4e9,6_1,Control,2024-12-28T02:40:00Z,0.81,15.796875,15.796875,3.61,2024-12-28T02:40:00Z,6_1,Control
a4e9,6_1,Control,2024-12-28T03:02:00Z,0.86,17.5859375,17.375,3.61,2024-12-28T03:00:00Z,6_1,Control
a4e9,6_1,Control,2024-12-28T03:23:00Z,0.86,19.3984375,19.1484375,3.61,2024-12-28T03:20:00Z,6_1,Control
a4e9,6_1,Control,2024-12-28T03:45:00Z,0.87,20.96875,20.65625,3.61,2024-12-28T03:40:00Z,6_1,Control
a4e9,6_1,Control,2024-12-28T04:06:00Z,0.86,21.8828125,21.640625,3.61,2024-12-28T04:00:00Z,6_1,Control
a4e9,6_1,Control,2024-12-28T04:28:00Z,0.83,23.265625,23.140625,3.61,2024-12-28T04:20:00Z,6_1,Control
a4e9,6_1,Control,2024-12-28T04:49:00Z,0.85,24.234375,24.1640625,3.61,2024-12-28T04:40:00Z,6_1,Control
a4e9,6_1,Control,2024-12-28T05:11:00Z,0.84,24.796875,24.8671875,3.62,2024-12-28T05:20:00Z,6_1,Control
a4e9,6_1,Control,2024-12-28T05:32:00Z,0.83,24.875,24.953125,3.62,2024-12-28T05:40:00Z,6_1,Control
a4e9,6_1,Control,2024-12-28T05:54:00Z,0.89,25.1328125,25.109375,3.62,2024-12-28T06:00:00Z,6_1,Control
a4e9,6_1,Control,2024-12-28T06:15:00Z,0.9,26.328125,26.34375,3.62,2024-12-28T06:20:00Z,6_1,Control
a4e9,6_1,Control,2024-12-28T06:36:00Z,0.86,27.2421875,27.3203125,3.62,2024-12-28T06:40:00Z,6_1,Control
a4e9,6_1,Control,2024-12-28T06:58:00Z,0.92,28.1640625,28.2265625,3.62,2024-12-28T07:00:00Z,6_1,Control
a4e9,6_1,Control,2024-12-28T07:19:00Z,0.95,29.703125,29.734375,3.62,2024-12-28T07:20:00Z,6_1,Control
a4e9,6_1,Control,2024-12-28T07:41:00Z,0.83,30.9921875,31.015625,3.62,2024-12-28T07:40:00Z,6_1,Control
a4e9,6_1,Control,2024-12-28T08:02:00Z,0.85,30.96875,30.7578125,3.62,2024-12-28T08:00:00Z,6_1,Control
a4e9,6_1,Control,2024-12-28T08:24:00Z,0.96,30.703125,30.59375,3.63,2024-12-28T08:20:00Z,6_1,Control
a4e9,6_1,Control,2024-12-28T08:45:00Z,0.87,32.0078125,31.96875,3.62,2024-12-28T08:40:00Z,6_1,Control
a4e9,6_1,Control,2024-12-28T09:07:00Z,0.93,32.21875,32.25,3.63,2024-12-28T09:00:00Z,6_1,Control
a4e9,6_1,Control,2024-12-28T09:28:00Z,0.92,33.1328125,33.1171875,3.62,2024-12-28T09:20:00Z,6_1,Control
a4e9,6_1,Control,2025-01-23T06:24:00Z,0.82,31.875,31.859375,3.63,2025-01-23T06:20:00Z,6_1,Control
a4e9,6_1,Control,2025-01-23T06:45:00Z,0.87,32.6796875,32.6640625,3.64,2025-01-23T06:40:00Z,6_1,Control
a4e9,6_1,Control,2025-01-23T07:07:00Z,0.83,33.5390625,33.484375,3.64,2025-01-23T07:00:00Z,6_1,Control
a4e9,6_1,Control,2025-01-23T07:28:00Z,0.85,34.9296875,34.8125,3.64,2025-01-23T07:20:00Z,6_1,Control
a4e9,6_1,Control,2025-01-23T07:50:00Z,0.86,36.1171875,35.8984375,3.64,2025-01-23T07:40:00Z,6_1,Control
a4e9,6_1,Control,2025-01-23T08:11:00Z,0.86,36.5546875,36.265625,3.64,2025-01-23T08:20:00Z,6_1,Control
a4e9,6_1,Control,2025-01-23T08:33:00Z,0.83,36.9921875,36.6328125,3.64,2025-01-23T08:40:00Z,6_1,Control
a4e9,6_1,Control,2025-01-23T08:54:00Z,0.79,36.9375,36.71875,3.64,2025-01-23T09:00:00Z,6_1,Control
a4e9,6_1,Control,2025-01-23T09:16:00Z,0.8,37.1484375,36.8515625,3.64,2025-01-23T09:20:00Z,6_1,Control
a4e9,6_1,Control,2025-01-23T09:37:00Z,0.79,36.8125,36.796875,3.65,2025-01-23T09:40:00Z,6_1,Control
a4e9,6_1,Control,2025-01-23T09:59:00Z,0.8,36.53125,36.5,3.64,2025-01-23T10:00:00Z,6_1,Control
a4e9,6_1,Control,2025-01-23T10:20:00Z,0.79,36.40625,36.375,3.64,2025-01-23T10:20:00Z,6_1,Control
a4e9,6_1,Control,2025-01-23T10:42:00Z,0.78,35.859375,35.90625,3.64,2025-01-23T10:40:00Z,6_1,Control
a4e9,6_1,Control,2025-01-23T11:03:00Z,0.82,35.6796875,35.734375,3.64,2025-01-23T11:00:00Z,6_1,Control
a4e9,6_1,Control,2025-01-23T11:25:00Z,0.83,35.65625,35.6171875,3.64,2025-01-23T11:20:00Z,6_1,Control
a4e9,6_1,Control,2025-01-23T11:46:00Z,0.8,35.4140625,35.3046875,3.64,2025-01-23T11:40:00Z,6_1,Control
a4e9,6_1,Control,2025-01-23T12:07:00Z,0.78,34.453125,34.3828125,3.64,2025-01-23T12:00:00Z,6_1,Control
a4e9,6_1,Control,2025-01-23T12:29:00Z,0.81,33.9765625,34.015625,3.64,2025-01-23T12:20:00Z,6_1,Control
a4e9,6_1,Control,2025-01-23T12:50:00Z,0.83,33.4453125,33.515625,3.64,2025-01-23T12:40:00Z,6_1,Control
a4e9,6_1,Control,2025-01-23T13:12:00Z,0.8,32.3125,32.328125,3.64,2025-01-23T13:20:00Z,6_1,Control
a4e9,6_1,Control,2025-01-23T13:33:00Z,0.79,31.421875,31.46875,3.63,2025-01-23T13:40:00Z,6_1,Control
a4e9,6_1,Control,2025-01-23T13:55:00Z,0.8,30.59375,30.6484375,3.63,2025-01-23T14:00:00Z,6_1,Control
a4e9,6_1,Control,2025-01-23T14:16:00Z,0.77,29.609375,29.7109375,3.63,2025-01-23T14:20:00Z,6_1,Control
a4e9,6_1,Control,2025-01-23T14:38:00Z,0.76,27.9765625,28.0390625,3.63,2025-01-23T14:40:00Z,6_1,Control
a4e9,6_1,Control,2025-01-23T14:59:00Z,0.75,26.625,26.6328125,3.63,2025-01-23T15:00:00Z,6_1,Control
a4e9,6_1,Control,2025-01-23T15:21:00Z,0.75,24.7578125,24.734375,3.63,2025-01-23T15:20:00Z,6_1,Control
a4e9,6_1,Control,2025-01-23T15:42:00Z,0.75,22.953125,22.9375,3.62,2025-01-23T15:40:00Z,6_1,Control
a4e9,6_1,Control,2025-01-23T16:04:00Z,0.75,21.7109375,21.734375,3.63,2025-01-23T16:00:00Z,6_1,Control
a4e9,6_1,Control,2025-01-23T16:25:00Z,0.76,20.84375,20.875,3.63,2025-01-23T16:20:00Z,6_1,Control
a4e9,6_1,Control,2025-01-23T16:47:00Z,0.76,20.140625,20.171875,3.62,2025-01-23T16:40:00Z,6_1,Control
a4e9,6_1,Control,2025-01-23T17:08:00Z,0.77,19.5859375,19.6328125,3.61,2025-01-23T17:00:00Z,6_1,Control
a4e9,6_1,Control,2025-01-23T17:29:00Z,0.77,19.0625,19.1015625,3.62,2025-01-23T17:20:00Z,6_1,Control
a4e9,6_1,Control,2025-01-23T17:51:00Z,0.78,18.671875,18.703125,3.62,2025-01-23T18:00:00Z,6_1,Control
a4e9,6_1,Control,2025-01-23T18:12:00Z,0.76,18.3203125,18.34375,3.62,2025-01-23T18:20:00Z,6_1,Control
a4e9,6_1,Control,2025-01-23T18:34:00Z,0.78,18.015625,18.0390625,3.61,2025-01-23T18:40:00Z,6_1,Control
a4e9,6_1,Control,2025-01-23T18:55:00Z,0.76,17.78125,17.8046875,3.62,2025-01-23T19:00:00Z,6_1,Control
a4e9,6_1,Control,2025-01-23T19:17:00Z,0.78,17.515625,17.53125,3.62,2025-01-23T19:20:00Z,6_1,Control
a4e9,6_1,Control,2025-01-23T19:38:00Z,0.76,17.2109375,17.2109375,3.62,2025-01-23T19:40:00Z,6_1,Control
a4e9,6_1,Control,2025-01-23T20:00:00Z,0.78,17.0078125,17.015625,3.62,2025-01-23T20:00:00Z,6_1,Control
a4e9,6_1,Control,2025-01-23T20:21:00Z,0.78,16.9140625,16.921875,3.62,2025-01-23T20:20:00Z,6_1,Control
a4e9,6_1,Control,2025-01-23T20:43:00Z,0.79,16.921875,16.9296875,3.62,2025-01-23T20:40:00Z,6_1,Control
a4e9,6_1,Control,2025-01-23T21:04:00Z,0.79,17.0859375,17.109375,3.62,2025-01-23T21:00:00Z,6_1,Control
a4e9,6_1,Control,2025-01-23T21:26:00Z,0.77,16.9296875,16.9609375,3.61,2025-01-23T21:20:00Z,6_1,Control
a4e9,6_1,Control,2025-01-23T21:47:00Z,0.77,16.5859375,16.625,3.61,2025-01-23T21:40:00Z,6_1,Control
a4e9,6_1,Control,2025-01-23T22:09:00Z,0.78,16.3828125,16.4140625,3.62,2025-01-23T22:00:00Z,6_1,Control
a4e9,6_1,Control,2025-01-23T22:30:00Z,0.79,16.515625,16.53125,3.61,2025-01-23T22:40:00Z,6_1,Control
a4e9,6_1,Control,2025-01-23T22:51:00Z,0.78,16.5078125,16.5390625,3.61,2025-01-23T23:00:00Z,6_1,Control
a4e9,6_1,Control,2025-01-23T23:13:00Z,0.76,16.1875,16.2421875,3.62,2025-01-23T23:20:00Z,6_1,Control
a4e9,6_1,Control,2025-01-23T23:34:00Z,0.76,15.6796875,15.75,3.61,2025-01-23T23:40:00Z,6_1,Control
a4e9,6_1,Control,2025-01-23T23:56:00Z,0.78,15.296875,15.359375,3.61,2025-01-24T00:00:00Z,6_1,Control
a4e9,6_1,Control,2025-01-24T00:17:00Z,0.77,15.0546875,15.09375,3.61,2025-01-24T00:20:00Z,6_1,Control
a4e9,6_1,Control,2025-01-24T00:39:00Z,0.78,14.84375,14.875,3.61,2025-01-24T00:40:00Z,6_1,Control
a4e9,6_1,Control,2025-01-24T01:00:00Z,0.77,14.875,14.90625,3.61,2025-01-24T01:00:00Z,6_1,Control
a4e9,6_1,Control,2025-01-24T01:22:00Z,0.79,14.78125,14.8125,3.61,2025-01-24T01:20:00Z,6_1,Control
a4e9,6_1,Control,2025-01-24T01:43:00Z,0.78,14.6171875,14.6484375,3.61,2025-01-24T01:40:00Z,6_1,Control
a4e9,6_1,Control,2025-01-24T02:05:00Z,0.78,14.5546875,14.5703125,3.61,2025-01-24T02:00:00Z,6_1,Control
a4e9,6_1,Control,2025-01-24T02:26:00Z,0.8,14.5546875,14.546875,3.61,2025-01-24T02:20:00Z,6_1,Control
a4e9,6_1,Control,2025-01-24T02:48:00Z,0.87,15.6171875,15.484375,3.61,2025-01-24T02:40:00Z,6_1,Control
a4e9,6_1,Control,2025-01-24T03:09:00Z,0.85,18.4296875,17.9609375,3.61,2025-01-24T03:00:00Z,6_1,Control
a4e9,6_1,Control,2025-01-24T03:31:00Z,0.86,21.0078125,20.5234375,3.61,2025-01-24T03:40:00Z,6_1,Control
a4e9,6_1,Control,2025-01-24T03:52:00Z,0.85,23.8046875,23.140625,3.62,2025-01-24T04:00:00Z,6_1,Control
a4e9,6_1,Control,2025-01-24T04:13:00Z,0.88,26.09375,25.5625,3.62,2025-01-24T04:20:00Z,6_1,Control
a4e9,6_1,Control,2025-01-24T04:35:00Z,0.87,28.4140625,27.7890625,3.62,2025-01-24T04:40:00Z,6_1,Control
a4e9,6_1,Control,2025-01-24T04:56:00Z,0.85,30.5546875,29.875,3.62,2025-01-24T05:00:00Z,6_1,Control
a4e9,6_1,Control,2025-01-24T05:18:00Z,0.72,31.1484375,30.5703125,3.63,2025-01-24T05:20:00Z,6_1,Control
a4e9,6_1,Control,2025-01-24T05:39:00Z,0.79,29.984375,29.8203125,3.62,2025-01-24T05:40:00Z,6_1,Control
a4e9,6_1,Control,2025-01-24T06:01:00Z,0.85,30.1328125,29.8515625,3.63,2025-01-24T06:00:00Z,6_1,Control
a4e9,6_1,Control,2025-01-24T06:22:00Z,0.8,29.7421875,29.59375,3.63,2025-01-24T06:20:00Z,6_1,Control
a4e9,6_1,Control,2025-01-24T06:44:00Z,0.82,29.6953125,29.6875,3.63,2025-01-24T06:40:00Z,6_1,Control
a4e9,6_1,Control,2025-01-24T07:05:00Z,0.84,30.46875,30.53125,3.63,2025-01-24T07:00:00Z,6_1,Control
a4e9,6_1,Control,2025-01-24T07:27:00Z,0.87,31.46875,31.53125,3.63,2025-01-24T07:20:00Z,6_1,Control
a4e9,6_1,Control,2025-01-24T07:48:00Z,0.86,33.0546875,32.9609375,3.63,2025-01-24T07:40:00Z,6_1,Control
a4e9,6_1,Control,2025-01-24T08:10:00Z,0.84,33.921875,33.71875,3.63,2025-01-24T08:00:00Z,6_1,Control
a4e9,6_1,Control,2025-01-24T08:31:00Z,0.82,34.53125,34.2734375,3.63,2025-01-24T08:40:00Z,6_1,Control
a4e9,6_1,Control,2025-01-24T08:53:00Z,0.84,34.5234375,34.390625,3.63,2025-01-24T09:00:00Z,6_1,Control
a4e9,6_1,Control,2025-01-24T09:14:00Z,0.8,34.5078125,34.34375,3.63,2025-01-24T09:20:00Z,6_1,Control
a4e9,6_1,Control,2025-01-24T09:35:00Z,0.86,34.4765625,34.4765625,3.63,2025-01-24T09:40:00Z,6_1,Control
a4e9,6_1,Control,2025-01-24T09:57:00Z,0.84,34.6484375,34.703125,3.63,2025-01-24T10:00:00Z,6_1,Control
a4e9,6_1,Control,2025-01-24T10:18:00Z,0.84,34.671875,34.75,3.63,2025-01-24T10:20:00Z,6_1,Control
a4e9,6_1,Control,2025-01-24T10:40:00Z,0.84,34.8203125,35.03125,3.64,2025-01-24T10:40:00Z,6_1,Control
a4e9,6_1,Control,2025-01-24T11:01:00Z,0.85,35.2578125,35.515625,3.63,2025-01-24T11:00:00Z,6_1,Control
a4e9,6_1,Control,2025-01-24T11:23:00Z,0.85,34.90625,35.0390625,3.63,2025-01-24T11:20:00Z,6_1,Control
a4e9,6_1,Control,2025-01-24T11:44:00Z,0.83,34.453125,34.421875,3.63,2025-01-24T11:40:00Z,6_1,Control
a4e9,6_1,Control,2025-01-24T12:06:00Z,0.83,33.359375,33.3828125,3.64,2025-01-24T12:00:00Z,6_1,Control
a4e9,6_1,Control,2025-01-24T12:27:00Z,0.79,32.59375,32.7421875,3.63,2025-01-24T12:20:00Z,6_1,Control
a4e9,6_1,Control,2025-01-24T12:49:00Z,0.8,31.8046875,31.921875,3.63,2025-01-24T12:40:00Z,6_1,Control
a4e9,6_1,Control,2025-01-24T13:10:00Z,0.82,31.15625,31.2421875,3.63,2025-01-24T13:00:00Z,6_1,Control
a4e9,6_1,Control,2025-01-24T13:32:00Z,0.78,30.421875,30.5390625,3.63,2025-01-24T13:40:00Z,6_1,Control
a4e9,6_1,Control,2025-01-24T13:53:00Z,0.77,29.234375,29.34375,3.63,2025-01-24T14:00:00Z,6_1,Control
a4e9,6_1,Control,2025-01-24T14:14:00Z,0.76,27.8828125,28,3.63,2025-01-24T14:20:00Z,6_1,Control
a4e9,6_1,Control,2025-01-24T14:36:00Z,0.78,26.7265625,26.828125,3.63,2025-01-24T14:40:00Z,6_1,Control
a4e9,6_1,Control,2025-01-24T14:57:00Z,0.77,25.65625,25.71875,3.62,2025-01-24T15:00:00Z,6_1,Control
a4e9,6_1,Control,2025-01-24T15:19:00Z,0.77,24.3359375,24.34375,3.62,2025-01-24T15:20:00Z,6_1,Control
a4e9,6_1,Control,2025-01-24T15:40:00Z,0.75,22.953125,22.9765625,3.62,2025-01-24T15:40:00Z,6_1,Control
a4e9,6_1,Control,2025-01-24T16:02:00Z,0.77,21.9453125,21.9765625,3.62,2025-01-24T16:00:00Z,6_1,Control
a4e9,6_1,Control,2025-01-24T16:23:00Z,0.77,21.171875,21.2109375,3.62,2025-01-24T16:20:00Z,6_1,Control
a4e9,6_1,Control,2025-01-24T16:45:00Z,0.78,20.578125,20.609375,3.62,2025-01-24T16:40:00Z,6_1,Control
a4e9,6_1,Control,2025-01-24T17:06:00Z,0.77,20.1796875,20.203125,3.62,2025-01-24T17:00:00Z,6_1,Control
a4e9,6_1,Control,2025-01-24T17:28:00Z,0.78,19.9375,19.9609375,3.61,2025-01-24T17:20:00Z,6_1,Control
a4e9,6_1,Control,2025-01-24T17:49:00Z,0.78,19.703125,19.7265625,3.62,2025-01-24T17:40:00Z,6_1,Control
a4e9,6_1,Control,2025-01-24T18:11:00Z,0.79,19.3984375,19.4296875,3.61,2025-01-24T18:20:00Z,6_1,Control
a4e9,6_1,Control,2025-01-24T18:32:00Z,0.78,19.09375,19.125,3.61,2025-01-24T18:40:00Z,6_1,Control
a4e9,6_1,Control,2025-01-24T18:54:00Z,0.77,18.84375,18.8671875,3.62,2025-01-24T19:00:00Z,6_1,Control
a4e9,6_1,Control,2025-01-24T19:15:00Z,0.78,18.625,18.640625,3.61,2025-01-24T19:20:00Z,6_1,Control
a4e9,6_1,Control,2025-01-24T19:36:00Z,0.78,18.53125,18.546875,3.61,2025-01-24T19:40:00Z,6_1,Control
a4e9,6_1,Control,2025-01-24T19:58:00Z,0.78,18.5234375,18.53125,3.61,2025-01-24T20:00:00Z,6_1,Control
a4e9,6_1,Control,2025-01-24T20:19:00Z,0.78,18.46875,18.484375,3.61,2025-01-24T20:20:00Z,6_1,Control
a4e9,6_1,Control,2025-01-24T20:41:00Z,0.77,18.34375,18.3515625,3.61,2025-01-24T20:40:00Z,6_1,Control
a4e9,6_1,Control,2025-01-24T21:02:00Z,0.76,18.265625,18.28125,3.61,2025-01-24T21:00:00Z,6_1,Control
a4e9,6_1,Control,2025-01-24T21:24:00Z,0.76,17.78125,17.828125,3.61,2025-01-24T21:20:00Z,6_1,Control
a4e9,6_1,Control,2025-01-24T21:45:00Z,0.76,17.3125,17.3671875,3.61,2025-01-24T21:40:00Z,6_1,Control
a4e9,6_1,Control,2025-01-24T22:07:00Z,0.76,17.03125,17.09375,3.6,2025-01-24T22:00:00Z,6_1,Control
a4e9,6_1,Control,2025-01-24T22:28:00Z,0.76,16.734375,16.796875,3.61,2025-01-24T22:20:00Z,6_1,Control
a4e9,6_1,Control,2025-01-24T22:50:00Z,0.78,16.5078125,16.5546875,3.61,2025-01-24T22:40:00Z,6_1,Control
a4e9,6_1,Control,2025-01-24T23:11:00Z,0.78,16.328125,16.3671875,3.61,2025-01-24T23:20:00Z,6_1,Control
a4e9,6_1,Control,2025-01-24T23:33:00Z,0.78,16.2734375,16.3125,3.61,2025-01-24T23:40:00Z,6_1,Control
a4e9,6_1,Control,2025-01-24T23:54:00Z,0.76,16.0859375,16.1328125,3.61,2025-01-25T00:00:00Z,6_1,Control
a4e9,6_1,Control,2025-01-25T00:16:00Z,0.78,15.953125,15.9921875,3.6,2025-01-25T00:20:00Z,6_1,Control
a4e9,6_1,Control,2025-01-25T00:37:00Z,0.78,15.890625,15.921875,3.61,2025-01-25T00:40:00Z,6_1,Control
a4e9,6_1,Control,2025-01-25T00:58:00Z,0.78,15.734375,15.78125,3.6,2025-01-25T01:00:00Z,6_1,Control
a4e9,6_1,Control,2025-01-25T01:20:00Z,0.78,15.65625,15.6953125,3.61,2025-01-25T01:20:00Z,6_1,Control
a4e9,6_1,Control,2025-01-25T01:41:00Z,0.78,15.625,15.6484375,3.6,2025-01-25T01:40:00Z,6_1,Control
a4e9,6_1,Control,2025-01-25T02:03:00Z,0.78,15.6640625,15.671875,3.61,2025-01-25T02:00:00Z,6_1,Control
a4e9,6_1,Control,2025-01-25T02:24:00Z,0.8,15.828125,15.8125,3.6,2025-01-25T02:20:00Z,6_1,Control
a4e9,6_1,Control,2025-01-25T02:46:00Z,0.87,17.2734375,17.1328125,3.6,2025-01-25T02:40:00Z,6_1,Control
a4e9,6_1,Control,2025-01-25T03:07:00Z,0.9,20.40625,20.015625,3.6,2025-01-25T03:00:00Z,6_1,Control
a4e9,6_1,Control,2025-01-25T03:29:00Z,0.87,23.546875,22.9609375,3.61,2025-01-25T03:20:00Z,6_1,Control
a4e9,6_1,Control,2025-01-25T03:50:00Z,0.87,25.75,25.0390625,3.61,2025-01-25T03:40:00Z,6_1,Control
a4e9,6_1,Control,2025-01-25T04:12:00Z,0.81,27.515625,26.9296875,3.61,2025-01-25T04:20:00Z,6_1,Control
a4e9,6_1,Control,2025-01-25T04:33:00Z,0.85,28.3359375,27.921875,3.62,2025-01-25T04:40:00Z,6_1,Control
a4e9,6_1,Control,2025-01-25T04:55:00Z,0.86,29.1484375,28.84375,3.62,2025-01-25T05:00:00Z,6_1,Control
a4e9,6_1,Control,2025-01-25T05:16:00Z,0.84,30.671875,30.328125,3.63,2025-01-25T05:20:00Z,6_1,Control
a4e9,6_1,Control,2025-01-25T05:38:00Z,0.8,30.59375,30.421875,3.63,2025-01-25T05:40:00Z,6_1,Control
a4e9,6_1,Control,2025-01-25T05:59:00Z,0.84,30.203125,30.03125,3.62,2025-01-25T06:00:00Z,6_1,Control
a4e9,6_1,Control,2025-01-25T06:20:00Z,0.83,30.6015625,30.5234375,3.62,2025-01-25T06:20:00Z,6_1,Control
a4e9,6_1,Control,2025-01-25T06:42:00Z,0.85,31.421875,31.34375,3.63,2025-01-25T06:40:00Z,6_1,Control
a4e9,6_1,Control,2025-01-25T07:03:00Z,0.83,32.0078125,32.0625,3.63,2025-01-25T07:00:00Z,6_1,Control
a4e9,6_1,Control,2025-01-25T07:25:00Z,0.84,33.03125,33.0625,3.63,2025-01-25T07:20:00Z,6_1,Control
a4e9,6_1,Control,2025-01-25T07:46:00Z,0.87,34.4296875,34.4140625,3.63,2025-01-25T07:40:00Z,6_1,Control
a4e9,6_1,Control,2025-01-25T08:08:00Z,0.87,35.640625,35.46875,3.63,2025-01-25T08:00:00Z,6_1,Control
a4e9,6_1,Control,2025-01-25T08:29:00Z,0.87,37.15625,36.8984375,3.63,2025-01-25T08:20:00Z,6_1,Control
a4e9,6_1,Control,2025-01-25T08:51:00Z,0.8,38.3359375,38.1328125,3.62,2025-01-25T09:00:00Z,6_1,Control
a4e9,6_1,Control,2025-01-25T09:12:00Z,0.8,38.3984375,38.234375,3.63,2025-01-25T09:20:00Z,6_1,Control
a4e9,6_1,Control,2025-01-25T09:34:00Z,0.81,38.6640625,38.65625,3.63,2025-01-25T09:40:00Z,6_1,Control
a4e9,6_1,Control,2025-01-25T09:55:00Z,0.82,39.2421875,39.1953125,3.64,2025-01-25T10:00:00Z,6_1,Control
a4e9,6_1,Control,2025-01-25T10:17:00Z,0.78,39.3125,39.3046875,3.64,2025-01-25T10:20:00Z,6_1,Control
a4e9,6_1,Control,2025-01-25T10:38:00Z,0.75,38.9453125,39.125,3.63,2025-01-25T10:40:00Z,6_1,Control
a4e9,6_1,Control,2025-01-25T11:00:00Z,0.85,38.8671875,39.078125,3.63,2025-01-25T11:00:00Z,6_1,Control
a4e9,6_1,Control,2025-01-25T11:21:00Z,0.86,38.828125,38.9296875,3.64,2025-01-25T11:20:00Z,6_1,Control
a4e9,6_1,Control,2025-01-25T11:42:00Z,0.81,38.375,38.2890625,3.63,2025-01-25T11:40:00Z,6_1,Control
a4e9,6_1,Control,2025-01-25T12:04:00Z,0.74,38.125,38.0546875,3.63,2025-01-25T12:00:00Z,6_1,Control
a4e9,6_1,Control,2025-01-25T12:25:00Z,0.77,37.3671875,37.4453125,3.63,2025-01-25T12:20:00Z,6_1,Control
a4e9,6_1,Control,2025-01-25T12:47:00Z,0.79,36.9296875,37.03125,3.64,2025-01-25T12:40:00Z,6_1,Control
a4e9,6_1,Control,2025-01-25T13:08:00Z,0.8,36.171875,36.2265625,3.63,2025-01-25T13:00:00Z,6_1,Control
a4e9,6_1,Control,2025-01-25T13:30:00Z,0.76,34.8671875,34.9453125,3.64,2025-01-25T13:40:00Z,6_1,Control
a4e9,6_1,Control,2025-01-25T13:51:00Z,0.77,33.6171875,33.7109375,3.63,2025-01-25T14:00:00Z,6_1,Control
a4e9,6_1,Control,2025-01-25T14:13:00Z,0.75,32.4140625,32.515625,3.63,2025-01-25T14:20:00Z,6_1,Control
a4e9,6_1,Control,2025-01-25T14:34:00Z,0.76,30.7421875,30.8515625,3.64,2025-01-25T14:40:00Z,6_1,Control
a4e9,6_1,Control,2025-01-25T14:56:00Z,0.76,29.28125,29.3125,3.63,2025-01-25T15:00:00Z,6_1,Control
a4e9,6_1,Control,2025-01-25T15:17:00Z,0.75,27.9375,27.9296875,3.63,2025-01-25T15:20:00Z,6_1,Control
a4e9,6_1,Control,2025-01-25T15:39:00Z,0.75,26.3671875,26.3671875,3.62,2025-01-25T15:40:00Z,6_1,Control
a4e9,6_1,Control,2025-01-25T16:00:00Z,0.75,25.140625,25.1640625,3.63,2025-01-25T16:00:00Z,6_1,Control
a4e9,6_1,Control,2025-01-25T16:22:00Z,0.77,24.1796875,24.2109375,3.62,2025-01-25T16:20:00Z,6_1,Control
a4e9,6_1,Control,2025-01-25T16:43:00Z,0.77,23.5546875,23.5859375,3.62,2025-01-25T16:40:00Z,6_1,Control
a4e9,6_1,Control,2025-01-25T17:04:00Z,0.79,23.1640625,23.1875,3.62,2025-01-25T17:00:00Z,6_1,Control
a4e9,6_1,Control,2025-01-25T17:26:00Z,0.78,22.84375,22.859375,3.61,2025-01-25T17:20:00Z,6_1,Control
a4e9,6_1,Control,2025-01-25T17:47:00Z,0.8,22.59375,22.6015625,3.62,2025-01-25T17:40:00Z,6_1,Control
a4e9,6_1,Control,2025-01-25T18:09:00Z,0.78,22.390625,22.3984375,3.62,2025-01-25T18:00:00Z,6_1,Control
a4e9,6_1,Control,2025-01-25T18:30:00Z,0.78,22.1328125,22.140625,3.61,2025-01-25T18:40:00Z,6_1,Control
a4e9,6_1,Control,2025-01-25T18:52:00Z,0.79,21.828125,21.8359375,3.61,2025-01-25T19:00:00Z,6_1,Control
a4e9,6_1,Control,2025-01-25T19:13:00Z,0.77,21.5078125,21.5078125,3.61,2025-01-25T19:20:00Z,6_1,Control
a4e9,6_1,Control,2025-01-25T19:35:00Z,0.78,21.1953125,21.203125,3.62,2025-01-25T19:40:00Z,6_1,Control
a4e9,6_1,Control,2025-01-25T19:56:00Z,0.79,20.9609375,20.9609375,3.61,2025-01-25T20:00:00Z,6_1,Control
a4e9,6_1,Control,2025-01-25T20:18:00Z,0.78,20.6953125,20.703125,3.62,2025-01-25T20:20:00Z,6_1,Control
a4e9,6_1,Control,2025-01-25T20:39:00Z,0.78,20.515625,20.5078125,3.61,2025-01-25T20:40:00Z,6_1,Control
a4e9,6_1,Control,2025-01-25T21:01:00Z,0.78,20.2578125,20.2578125,3.62,2025-01-25T21:00:00Z,6_1,Control
a4e9,6_1,Control,2025-01-25T21:22:00Z,0.79,20.2578125,20.2578125,3.61,2025-01-25T21:20:00Z,6_1,Control
a4e9,6_1,Control,2025-01-25T21:44:00Z,0.78,20.34375,20.3515625,3.61,2025-01-25T21:40:00Z,6_1,Control
a4e9,6_1,Control,2025-01-25T22:05:00Z,0.77,20.3515625,20.3515625,3.62,2025-01-25T22:00:00Z,6_1,Control
a4e9,6_1,Control,2025-01-25T22:26:00Z,0.78,20.421875,20.421875,3.62,2025-01-25T22:20:00Z,6_1,Control
a4e9,6_1,Control,2025-01-25T22:48:00Z,0.77,20.1015625,20.125,3.61,2025-01-25T22:40:00Z,6_1,Control
a4e9,6_1,Control,2025-01-25T23:09:00Z,0.79,19.875,19.8984375,3.61,2025-01-25T23:00:00Z,6_1,Control
a4e9,6_1,Control,2025-01-25T23:31:00Z,0.78,19.7890625,19.796875,3.61,2025-01-25T23:40:00Z,6_1,Control
a4e9,6_1,Control,2025-01-25T23:52:00Z,0.77,19.6796875,19.6875,3.61,2025-01-26T00:00:00Z,6_1,Control
a4e9,6_1,Control,2025-01-26T00:14:00Z,0.79,19.5078125,19.515625,3.61,2025-01-26T00:20:00Z,6_1,Control
a4e9,6_1,Control,2025-01-26T00:35:00Z,0.79,19.4453125,19.453125,3.61,2025-01-26T00:40:00Z,6_1,Control
a4e9,6_1,Control,2025-01-26T00:57:00Z,0.78,19.484375,19.484375,3.61,2025-01-26T01:00:00Z,6_1,Control
a4e9,6_1,Control,2025-01-26T01:18:00Z,0.78,19.4453125,19.4375,3.61,2025-01-26T01:20:00Z,6_1,Control
a4e9,6_1,Control,2025-01-26T01:40:00Z,0.78,19.421875,19.40625,3.61,2025-01-26T01:40:00Z,6_1,Control
a4e9,6_1,Control,2025-01-26T02:01:00Z,0.79,19.4375,19.4140625,3.61,2025-01-26T02:00:00Z,6_1,Control
a4e9,6_1,Control,2025-01-26T02:23:00Z,0.8,19.515625,19.484375,3.61,2025-01-26T02:20:00Z,6_1,Control
a4e9,6_1,Control,2025-01-26T02:44:00Z,0.83,20,19.9296875,3.61,2025-01-26T02:40:00Z,6_1,Control
a4e9,6_1,Control,2025-01-26T03:06:00Z,0.87,21.390625,21.1796875,3.61,2025-01-26T03:00:00Z,6_1,Control
a4e9,6_1,Control,2025-01-26T03:27:00Z,0.89,23.3515625,22.953125,3.61,2025-01-26T03:20:00Z,6_1,Control
a4e9,6_1,Control,2025-01-26T03:48:00Z,0.89,25.625,25.0859375,3.61,2025-01-26T03:40:00Z,6_1,Control
a4e9,6_1,Control,2025-01-26T04:10:00Z,0.88,28.359375,27.734375,3.62,2025-01-26T04:00:00Z,6_1,Control
a4e9,6_1,Control,2025-01-26T04:31:00Z,0.85,29.9140625,29.265625,3.62,2025-01-26T04:40:00Z,6_1,Control
a4e9,6_1,Control,2025-01-26T04:53:00Z,0.82,30.8828125,30.2890625,3.62,2025-01-26T05:00:00Z,6_1,Control
a4e9,6_1,Control,2025-01-26T05:14:00Z,0.81,31.546875,31.046875,3.62,2025-01-26T05:20:00Z,6_1,Control
a4e9,6_1,Control,2025-01-26T05:36:00Z,0.74,31.5703125,31.390625,3.62,2025-01-26T05:40:00Z,6_1,Control
a4e9,6_1,Control,2025-01-26T05:57:00Z,0.83,30.90625,30.8203125,3.62,2025-01-26T06:00:00Z,6_1,Control
a4e9,6_1,Control,2025-01-26T06:19:00Z,0.83,30.75,30.640625,3.63,2025-01-26T06:20:00Z,6_1,Control
a4e9,6_1,Control,2025-01-26T06:40:00Z,0.83,30.890625,30.8125,3.62,2025-01-26T06:40:00Z,6_1,Control
a4e9,6_1,Control,2025-01-26T07:02:00Z,0.83,30.8671875,30.8359375,3.62,2025-01-26T07:00:00Z,6_1,Control
a4e9,6_1,Control,2025-01-26T07:23:00Z,0.85,31.296875,31.25,3.62,2025-01-26T07:20:00Z,6_1,Control
a4e9,6_1,Control,2025-01-26T07:45:00Z,0.87,32.265625,32.1015625,3.63,2025-01-26T07:40:00Z,6_1,Control
a4e9,6_1,Control,2025-01-26T08:06:00Z,0.87,33.28125,32.984375,3.62,2025-01-26T08:00:00Z,6_1,Control
a4e9,6_1,Control,2025-01-26T08:28:00Z,0.82,34.328125,34.0546875,3.62,2025-01-26T08:20:00Z,6_1,Control
a4e9,6_1,Control,2025-01-26T08:49:00Z,0.79,34.46875,34.2890625,3.63,2025-01-26T08:40:00Z,6_1,Control
a4e9,6_1,Control,2025-01-26T09:10:00Z,0.82,34.4765625,34.2890625,3.63,2025-01-26T09:00:00Z,6_1,Control
a4e9,6_1,Control,2025-01-26T09:32:00Z,0.81,34.21875,34.2421875,3.62,2025-01-26T09:40:00Z,6_1,Control
a4e9,6_1,Control,2025-01-26T09:53:00Z,0.82,33.921875,33.90625,3.63,2025-01-26T10:00:00Z,6_1,Control
a4e9,6_1,Control,2025-01-26T10:15:00Z,0.82,33.6640625,33.6640625,3.63,2025-01-26T10:20:00Z,6_1,Control
a4e9,6_1,Control,2025-01-26T10:36:00Z,0.82,33.5546875,33.71875,3.63,2025-01-26T10:40:00Z,6_1,Control
a4e9,6_1,Control,2025-01-26T10:58:00Z,0.84,33.4453125,33.6328125,3.62,2025-01-26T11:00:00Z,6_1,Control
a4e9,6_1,Control,2025-01-26T11:19:00Z,0.85,33.40625,33.4921875,3.63,2025-01-26T11:20:00Z,6_1,Control
a4e9,6_1,Control,2025-01-26T11:41:00Z,0.78,32.9609375,32.921875,3.63,2025-01-26T11:40:00Z,6_1,Control
a4e9,6_1,Control,2025-01-26T12:02:00Z,0.79,31.796875,31.734375,3.62,2025-01-26T12:00:00Z,6_1,Control
a4e9,6_1,Control,2025-01-26T12:24:00Z,0.78,30.71875,30.7734375,3.63,2025-01-26T12:20:00Z,6_1,Control
a4e9,6_1,Control,2025-01-26T12:45:00Z,0.78,29.3125,29.40625,3.62,2025-01-26T12:40:00Z,6_1,Control
a4e9,6_1,Control,2025-01-26T13:07:00Z,0.78,27.9453125,28,3.62,2025-01-26T13:00:00Z,6_1,Control
a4e9,6_1,Control,2025-01-26T13:28:00Z,0.78,26.796875,26.8515625,3.62,2025-01-26T13:20:00Z,6_1,Control
a4e9,6_1,Control,2025-01-26T13:50:00Z,0.8,26.0234375,26.09375,3.62,2025-01-26T13:40:00Z,6_1,Control
a4e9,6_1,Control,2025-01-26T14:11:00Z,0.76,24.890625,24.953125,3.62,2025-01-26T14:20:00Z,6_1,Control
a4e9,6_1,Control,2025-01-26T14:32:00Z,0.75,22.828125,22.875,3.61,2025-01-26T14:40:00Z,6_1,Control
a4e9,6_1,Control,2025-01-26T14:54:00Z,0.76,21.125,21.140625,3.62,2025-01-26T15:00:00Z,6_1,Control
a4e9,6_1,Control,2025-01-26T15:15:00Z,0.77,20.140625,20.1484375,3.61,2025-01-26T15:20:00Z,6_1,Control
a4e9,6_1,Control,2025-01-26T15:37:00Z,0.78,19.46875,19.4765625,3.61,2025-01-26T15:40:00Z,6_1,Control
a4e9,6_1,Control,2025-01-26T15:58:00Z,0.8,18.8828125,18.8828125,3.62,2025-01-26T16:00:00Z,6_1,Control
a4e9,6_1,Control,2025-01-26T16:20:00Z,0.78,18.4140625,18.4296875,3.61,2025-01-26T16:20:00Z,6_1,Control
a4e9,6_1,Control,2025-01-26T16:41:00Z,0.79,18.1640625,18.1640625,3.61,2025-01-26T16:40:00Z,6_1,Control
a4e9,6_1,Control,2025-01-26T17:03:00Z,0.77,17.8671875,17.8671875,3.6,2025-01-26T17:00:00Z,6_1,Control
a4e9,6_1,Control,2025-01-26T17:24:00Z,0.78,17.671875,17.6875,3.61,2025-01-26T17:20:00Z,6_1,Control
a4e9,6_1,Control,2025-01-26T17:46:00Z,0.79,17.5546875,17.5703125,3.61,2025-01-26T17:40:00Z,6_1,Control
a4e9,6_1,Control,2025-01-26T18:07:00Z,0.79,17.5078125,17.515625,3.61,2025-01-26T18:00:00Z,6_1,Control
a4e9,6_1,Control,2025-01-26T18:29:00Z,0.78,17.4296875,17.4453125,3.61,2025-01-26T18:20:00Z,6_1,Control
a4e9,6_1,Control,2025-01-26T18:50:00Z,0.78,17.3671875,17.375,3.61,2025-01-26T18:40:00Z,6_1,Control
a4e9,6_1,Control,2025-01-26T19:12:00Z,0.78,17.2265625,17.234375,3.61,2025-01-26T19:20:00Z,6_1,Control
a4e9,6_1,Control,2025-01-26T19:33:00Z,0.78,17.0390625,17.046875,3.61,2025-01-26T19:40:00Z,6_1,Control
a4e9,6_1,Control,2025-01-26T19:54:00Z,0.79,16.921875,16.9140625,3.61,2025-01-26T20:00:00Z,6_1,Control
a4e9,6_1,Control,2025-01-26T20:16:00Z,0.78,16.859375,16.859375,3.6,2025-01-26T20:20:00Z,6_1,Control
a4e9,6_1,Control,2025-01-26T20:37:00Z,0.8,16.921875,16.9140625,3.61,2025-01-26T20:40:00Z,6_1,Control
a4e9,6_1,Control,2025-01-26T20:59:00Z,0.78,16.9140625,16.8984375,3.6,2025-01-26T21:00:00Z,6_1,Control
a4e9,6_1,Control,2025-01-26T21:20:00Z,0.79,16.9375,16.921875,3.6,2025-01-26T21:20:00Z,6_1,Control
a4e9,6_1,Control,2025-01-26T21:42:00Z,0.78,16.9609375,16.9453125,3.6,2025-01-26T21:40:00Z,6_1,Control
a4e9,6_1,Control,2025-01-26T22:03:00Z,0.78,16.9140625,16.90625,3.6,2025-01-26T22:00:00Z,6_1,Control
a4e9,6_1,Control,2025-01-26T22:25:00Z,0.79,16.9296875,16.9140625,3.6,2025-01-26T22:20:00Z,6_1,Control
a4e9,6_1,Control,2025-01-26T22:46:00Z,0.78,16.9921875,16.9765625,3.6,2025-01-26T22:40:00Z,6_1,Control
a4e9,6_1,Control,2025-01-26T23:08:00Z,0.78,17.015625,17.0078125,3.6,2025-01-26T23:00:00Z,6_1,Control
a4e9,6_1,Control,2025-01-26T23:29:00Z,0.78,17.09375,17.0859375,3.6,2025-01-26T23:20:00Z,6_1,Control
a4e9,6_1,Control,2025-01-26T23:51:00Z,0.79,17.0390625,17.0390625,3.6,2025-01-27T00:00:00Z,6_1,Control
a4e9,6_1,Control,2025-01-27T00:12:00Z,0.79,17.09375,17.078125,3.6,2025-01-27T00:20:00Z,6_1,Control
a4e9,6_1,Control,2025-01-27T00:34:00Z,0.78,17.0546875,17.0546875,3.6,2025-01-27T00:40:00Z,6_1,Control
a4e9,6_1,Control,2025-01-27T00:55:00Z,0.79,16.875,16.890625,3.6,2025-01-27T01:00:00Z,6_1,Control
a4e9,6_1,Control,2025-01-27T01:16:00Z,0.76,16.6640625,16.671875,3.6,2025-01-27T01:20:00Z,6_1,Control
a4e9,6_1,Control,2025-01-27T01:38:00Z,0.78,16.3359375,16.359375,3.6,2025-01-27T01:40:00Z,6_1,Control
a4e9,6_1,Control,2025-01-27T01:59:00Z,0.77,16.1875,16.1953125,3.6,2025-01-27T02:00:00Z,6_1,Control
a4e9,6_1,Control,2025-01-27T02:21:00Z,0.77,16.1015625,16.109375,3.6,2025-01-27T02:20:00Z,6_1,Control
a4e9,6_1,Control,2025-01-27T02:42:00Z,0.77,16.15625,16.15625,3.6,2025-01-27T02:40:00Z,6_1,Control
a4e9,6_1,Control,2025-01-27T03:04:00Z,0.78,16.1484375,16.1484375,3.59,2025-01-27T03:00:00Z,6_1,Control
a4e9,6_1,Control,2025-01-27T03:25:00Z,0.8,16.3125,16.296875,3.59,2025-01-27T03:20:00Z,6_1,Control
a4e9,6_1,Control,2025-01-27T03:47:00Z,0.81,16.734375,16.7109375,3.6,2025-01-27T03:40:00Z,6_1,Control
a4e9,6_1,Control,2025-01-27T04:08:00Z,0.8,17.2890625,17.265625,3.59,2025-01-27T04:00:00Z,6_1,Control
a4e9,6_1,Control,2025-01-27T04:30:00Z,0.8,17.765625,17.734375,3.6,2025-01-27T04:40:00Z,6_1,Control
a4e9,6_1,Control,2025-01-27T04:51:00Z,0.82,18.21875,18.15625,3.6,2025-01-27T05:00:00Z,6_1,Control
a4e9,6_1,Control,2025-01-27T05:13:00Z,0.79,19.3046875,19.25,3.6,2025-01-27T05:20:00Z,6_1,Control
a4e9,6_1,Control,2025-01-27T05:34:00Z,0.8,19.1171875,19.125,3.61,2025-01-27T05:40:00Z,6_1,Control
a4e9,6_1,Control,2025-01-27T05:56:00Z,0.8,19.3671875,19.328125,3.6,2025-01-27T06:00:00Z,6_1,Control
a4e9,6_1,Control,2025-01-27T06:17:00Z,0.79,19.359375,19.328125,3.6,2025-01-27T06:20:00Z,6_1,Control
a4e9,6_1,Control,2025-01-27T06:38:00Z,0.76,18.8203125,18.8203125,3.6,2025-01-27T06:40:00Z,6_1,Control
a4e9,6_1,Control,2025-01-27T07:00:00Z,0.76,18.3515625,18.390625,3.6,2025-01-27T07:00:00Z,6_1,Control
a4e9,6_1,Control,2025-01-27T07:21:00Z,0.79,17.9375,18,3.6,2025-01-27T07:20:00Z,6_1,Control
a4e9,6_1,Control,2025-01-27T07:43:00Z,0.77,17.65625,17.7109375,3.6,2025-01-27T07:40:00Z,6_1,Control
a4e9,6_1,Control,2025-01-27T08:04:00Z,0.77,17.1328125,17.1875,3.6,2025-01-27T08:00:00Z,6_1,Control
a4e9,6_1,Control,2025-01-27T08:26:00Z,0.79,17.046875,17.0703125,3.6,2025-01-27T08:20:00Z,6_1,Control
a4e9,6_1,Control,2025-01-27T08:47:00Z,0.8,17.2890625,17.3046875,3.6,2025-01-27T08:40:00Z,6_1,Control
a4e9,6_1,Control,2025-01-27T09:09:00Z,0.8,17.9609375,17.953125,3.6,2025-01-27T09:00:00Z,6_1,Control
a4e9,6_1,Control,2025-01-27T09:30:00Z,0.76,18.1171875,18.1328125,3.6,2025-01-27T09:40:00Z,6_1,Control
a4e9,6_1,Control,2025-01-27T09:52:00Z,0.79,17.9609375,17.9921875,3.6,2025-01-27T10:00:00Z,6_1,Control
a4e9,6_1,Control,2025-01-27T10:13:00Z,0.78,17.890625,17.9140625,3.6,2025-01-27T10:20:00Z,6_1,Control
a4e9,6_1,Control,2025-01-27T10:35:00Z,0.79,18.21875,18.2421875,3.6,2025-01-27T10:40:00Z,6_1,Control
a4e9,6_1,Control,2025-01-27T10:56:00Z,0.79,18.7890625,18.828125,3.6,2025-01-27T11:00:00Z,6_1,Control
a4e9,6_1,Control,2025-01-27T11:17:00Z,0.74,18.765625,18.8359375,3.6,2025-01-27T11:20:00Z,6_1,Control
a4e9,6_1,Control,2025-01-27T11:39:00Z,0.76,18.1640625,18.28125,3.59,2025-01-27T11:40:00Z,6_1,Control
a4e9,6_1,Control,2025-01-27T12:00:00Z,0.79,17.90625,17.9921875,3.6,2025-01-27T12:00:00Z,6_1,Control
a4e9,6_1,Control,2025-01-27T12:22:00Z,0.78,17.65625,17.734375,3.6,2025-01-27T12:20:00Z,6_1,Control
a4e9,6_1,Control,2025-01-27T12:43:00Z,0.77,17.2265625,17.3046875,3.6,2025-01-27T12:40:00Z,6_1,Control
a4e9,6_1,Control,2025-01-27T13:05:00Z,0.79,16.8203125,16.890625,3.6,2025-01-27T13:00:00Z,6_1,Control
a4e9,6_1,Control,2025-01-27T13:26:00Z,0.79,16.375,16.4453125,3.6,2025-01-27T13:20:00Z,6_1,Control
a4e9,6_1,Control,2025-01-27T13:48:00Z,0.76,15.890625,15.9375,3.6,2025-01-27T13:40:00Z,6_1,Control
a4e9,6_1,Control,2025-01-27T14:09:00Z,0.79,15.4609375,15.5,3.59,2025-01-27T14:00:00Z,6_1,Control
a4e9,6_1,Control,2025-01-27T14:31:00Z,0.76,15.1796875,15.2109375,3.59,2025-01-27T14:40:00Z,6_1,Control
a4e9,6_1,Control,2025-01-27T14:52:00Z,0.78,14.921875,14.9296875,3.59,2025-01-27T15:00:00Z,6_1,Control
a4e9,6_1,Control,2025-01-27T15:14:00Z,0.77,14.6875,14.703125,3.59,2025-01-27T15:20:00Z,6_1,Control
a4e9,6_1,Control,2025-01-27T15:35:00Z,0.77,14.5078125,14.515625,3.59,2025-01-27T15:40:00Z,6_1,Control
a4e9,6_1,Control,2025-01-27T15:57:00Z,0.78,14.375,14.375,3.59,2025-01-27T16:00:00Z,6_1,Control
a4e9,6_1,Control,2025-01-27T16:18:00Z,0.78,14.2734375,14.265625,3.59,2025-01-27T16:20:00Z,6_1,Control
a4e9,6_1,Control,2025-01-27T16:39:00Z,0.79,14.125,14.125,3.59,2025-01-27T16:40:00Z,6_1,Control
a4e9,6_1,Control,2025-01-27T17:01:00Z,0.78,14.046875,14.0390625,3.59,2025-01-27T17:00:00Z,6_1,Control
a4e9,6_1,Control,2025-01-27T17:22:00Z,0.78,14.046875,14.03125,3.59,2025-01-27T17:20:00Z,6_1,Control
a4e9,6_1,Control,2025-01-27T17:44:00Z,0.76,13.984375,13.9609375,3.58,2025-01-27T17:40:00Z,6_1,Control
a4e9,6_1,Control,2025-01-27T18:05:00Z,0.77,13.90625,13.890625,3.59,2025-01-27T18:00:00Z,6_1,Control
a4e9,6_1,Control,2025-01-27T18:27:00Z,0.79,13.828125,13.8125,3.59,2025-01-27T18:20:00Z,6_1,Control
a4e9,6_1,Control,2025-01-27T18:48:00Z,0.78,13.8203125,13.8046875,3.59,2025-01-27T18:40:00Z,6_1,Control
a4e9,6_1,Control,2025-01-27T19:10:00Z,0.78,13.8203125,13.8046875,3.58,2025-01-27T19:00:00Z,6_1,Control
a4e9,6_1,Control,2025-01-27T19:31:00Z,0.78,13.796875,13.7734375,3.59,2025-01-27T19:40:00Z,6_1,Control
a4e9,6_1,Control,2025-01-27T19:53:00Z,0.78,13.7734375,13.75,3.58,2025-01-27T20:00:00Z,6_1,Control
a4e9,6_1,Control,2025-01-27T20:14:00Z,0.78,13.7421875,13.7265625,3.59,2025-01-27T20:20:00Z,6_1,Control
a4e9,6_1,Control,2025-01-27T20:36:00Z,0.79,13.78125,13.7734375,3.58,2025-01-27T20:40:00Z,6_1,Control
a4e9,6_1,Control,2025-01-27T20:57:00Z,0.79,13.8671875,13.859375,3.59,2025-01-27T21:00:00Z,6_1,Control
a4e9,6_1,Control,2025-01-27T21:19:00Z,0.77,14.0234375,14.015625,3.59,2025-01-27T21:20:00Z,6_1,Control
a4e9,6_1,Control,2025-01-27T21:40:00Z,0.78,14.1171875,14.1171875,3.59,2025-01-27T21:40:00Z,6_1,Control
a4e9,6_1,Control,2025-01-27T22:01:00Z,0.78,14.109375,14.109375,3.58,2025-01-27T22:00:00Z,6_1,Control
a4e9,6_1,Control,2025-01-27T22:23:00Z,0.77,14.0234375,14.015625,3.59,2025-01-27T22:20:00Z,6_1,Control
a4e9,6_1,Control,2025-01-27T22:44:00Z,0.77,14.03125,14.0234375,3.59,2025-01-27T22:40:00Z,6_1,Control
a4e9,6_1,Control,2025-01-27T23:06:00Z,0.79,14.09375,14.0859375,3.59,2025-01-27T23:00:00Z,6_1,Control
a4e9,6_1,Control,2025-01-27T23:27:00Z,0.77,14.109375,14.09375,3.59,2025-01-27T23:20:00Z,6_1,Control
a4e9,6_1,Control,2025-01-27T23:49:00Z,0.77,14.0625,14.0390625,3.59,2025-01-27T23:40:00Z,6_1,Control
a4e9,6_1,Control,2025-01-28T00:10:00Z,0.77,14.0234375,14,3.59,2025-01-28T00:00:00Z,6_1,Control
a4e9,6_1,Control,2025-01-28T00:32:00Z,0.77,13.96875,13.9453125,3.58,2025-01-28T00:40:00Z,6_1,Control
a4e9,6_1,Control,2025-01-28T00:53:00Z,0.77,13.953125,13.9296875,3.59,2025-01-28T01:00:00Z,6_1,Control
a4e9,6_1,Control,2025-01-28T01:15:00Z,0.77,13.921875,13.890625,3.58,2025-01-28T01:20:00Z,6_1,Control
a4e9,6_1,Control,2025-01-28T01:36:00Z,0.78,13.9375,13.90625,3.58,2025-01-28T01:40:00Z,6_1,Control
a4e9,6_1,Control,2025-01-28T01:58:00Z,0.77,13.984375,13.953125,3.59,2025-01-28T02:00:00Z,6_1,Control
a4e9,6_1,Control,2025-01-28T02:19:00Z,0.77,14.0625,14.0390625,3.59,2025-01-28T02:20:00Z,6_1,Control
a4e9,6_1,Control,2025-01-28T02:41:00Z,0.78,14.1328125,14.109375,3.58,2025-01-28T02:40:00Z,6_1,Control
a4e9,6_1,Control,2025-01-28T03:02:00Z,0.78,14.171875,14.1484375,3.58,2025-01-28T03:00:00Z,6_1,Control
a4e9,6_1,Control,2025-01-28T03:23:00Z,0.79,14.296875,14.265625,3.58,2025-01-28T03:20:00Z,6_1,Control
a4e9,6_1,Control,2025-01-28T03:45:00Z,0.78,14.4375,14.4140625,3.59,2025-01-28T03:40:00Z,6_1,Control
a4e9,6_1,Control,2025-01-28T04:06:00Z,0.78,14.6328125,14.609375,3.59,2025-01-28T04:00:00Z,6_1,Control
a4e9,6_1,Control,2025-01-28T04:28:00Z,0.78,15.03125,15,3.59,2025-01-28T04:20:00Z,6_1,Control
a4e9,6_1,Control,2025-01-28T04:49:00Z,0.79,15.53125,15.5078125,3.59,2025-01-28T04:40:00Z,6_1,Control
a4e9,6_1,Control,2025-01-28T05:11:00Z,0.8,16.0390625,16.015625,3.59,2025-01-28T05:20:00Z,6_1,Control
a4e9,6_1,Control,2025-01-28T05:32:00Z,0.79,16.6328125,16.609375,3.59,2025-01-28T05:40:00Z,6_1,Control
a4e9,6_1,Control,2025-01-28T05:54:00Z,0.82,17.3125,17.2890625,3.59,2025-01-28T06:00:00Z,6_1,Control
a4e9,6_1,Control,2025-01-28T06:15:00Z,0.81,18.2578125,18.203125,3.59,2025-01-28T06:20:00Z,6_1,Control
a4e9,6_1,Control,2025-01-28T06:37:00Z,0.83,19.390625,19.3125,3.59,2025-01-28T06:40:00Z,6_1,Control
a4e9,6_1,Control,2025-01-28T06:58:00Z,0.82,21.2890625,21.1484375,3.6,2025-01-28T07:00:00Z,6_1,Control
a4e9,6_1,Control,2025-01-28T07:20:00Z,0.86,22.5625,22.46875,3.6,2025-01-28T07:20:00Z,6_1,Control
a4e9,6_1,Control,2025-01-28T07:41:00Z,0.84,24.0546875,24.0078125,3.6,2025-01-28T07:40:00Z,6_1,Control
a4e9,6_1,Control,2025-01-28T08:03:00Z,0.86,25.890625,25.765625,3.6,2025-01-28T08:00:00Z,6_1,Control
a4e9,6_1,Control,2025-01-28T08:24:00Z,0.83,25.84375,25.8359375,3.61,2025-01-28T08:20:00Z,6_1,Control
a4e9,6_1,Control,2025-01-28T08:45:00Z,0.87,25.5859375,25.5546875,3.61,2025-01-28T08:40:00Z,6_1,Control
a4e9,6_1,Control,2025-01-28T09:07:00Z,0.9,27.390625,27.234375,3.61,2025-01-28T09:00:00Z,6_1,Control
a4e9,6_1,Control,2025-01-28T09:28:00Z,0.84,27.6484375,27.6796875,3.61,2025-01-28T09:20:00Z,6_1,Control
a4e9,6_1,Control,2025-01-28T09:50:00Z,0.85,28.9375,28.9140625,3.61,2025-01-28T09:40:00Z,6_1,Control
a4e9,6_1,Control,2025-01-28T10:11:00Z,0.85,29.7265625,29.7578125,3.61,2025-01-28T10:20:00Z,6_1,Control
a4e9,6_1,Control,2025-01-28T10:33:00Z,0.82,30.921875,31.15625,3.61,2025-01-28T10:40:00Z,6_1,Control
a4e9,6_1,Control,2025-01-28T10:54:00Z,0.87,30.9296875,31.171875,3.61,2025-01-28T11:00:00Z,6_1,Control
a4e9,6_1,Control,2025-01-28T11:16:00Z,0.88,31.7421875,31.921875,3.62,2025-01-28T11:20:00Z,6_1,Control
a4e9,6_1,Control,2025-01-28T11:37:00Z,0.75,31.7109375,31.8203125,3.61,2025-01-28T11:40:00Z,6_1,Control
a4e9,6_1,Control,2025-01-28T11:59:00Z,0.84,31.2734375,31.2109375,3.62,2025-01-28T12:00:00Z,6_1,Control
a4e9,6_1,Control,2025-01-28T12:20:00Z,0.8,31.4765625,31.5078125,3.62,2025-01-28T12:20:00Z,6_1,Control
a4e9,6_1,Control,2025-01-28T12:42:00Z,0.85,31.0078125,31.1328125,3.62,2025-01-28T12:40:00Z,6_1,Control
a4e9,6_1,Control,2025-01-28T13:03:00Z,0.84,30.984375,31.1015625,3.62,2025-01-28T13:00:00Z,6_1,Control
a4e9,6_1,Control,2025-01-28T13:25:00Z,0.79,30.46875,30.546875,3.62,2025-01-28T13:20:00Z,6_1,Control
a4e9,6_1,Control,2025-01-28T13:46:00Z,0.84,29.875,29.9453125,3.62,2025-01-28T13:40:00Z,6_1,Control
a4e9,6_1,Control,2025-01-28T14:07:00Z,0.8,29.546875,29.640625,3.62,2025-01-28T14:00:00Z,6_1,Control
a4e9,6_1,Control,2025-01-28T14:29:00Z,0.77,28.4921875,28.59375,3.61,2025-01-28T14:20:00Z,6_1,Control
a4e9,6_1,Control,2025-01-28T14:50:00Z,0.79,27.1640625,27.234375,3.62,2025-01-28T14:40:00Z,6_1,Control
a4e9,6_1,Control,2025-01-28T15:12:00Z,0.78,26.0078125,26.015625,3.62,2025-01-28T15:20:00Z,6_1,Control
a4e9,6_1,Control,2025-01-28T15:33:00Z,0.74,24.4609375,24.4609375,3.61,2025-01-28T15:40:00Z,6_1,Control
a4e9,6_1,Control,2025-01-28T15:55:00Z,0.77,23.3671875,23.375,3.61,2025-01-28T16:00:00Z,6_1,Control
a4e9,6_1,Control,2025-01-28T16:16:00Z,0.79,22.6015625,22.6171875,3.61,2025-01-28T16:20:00Z,6_1,Control
a4e9,6_1,Control,2025-01-28T16:38:00Z,0.78,22.25,22.2421875,3.61,2025-01-28T16:40:00Z,6_1,Control
a4e9,6_1,Control,2025-01-28T16:59:00Z,0.78,21.9765625,21.96875,3.61,2025-01-28T17:00:00Z,6_1,Control
a4e9,6_1,Control,2025-01-28T17:21:00Z,0.76,21.5546875,21.5625,3.61,2025-01-28T17:20:00Z,6_1,Control
a4e9,6_1,Control,2025-01-28T17:42:00Z,0.78,20.734375,20.765625,3.61,2025-01-28T17:40:00Z,6_1,Control
a4e9,6_1,Control,2025-01-28T18:04:00Z,0.76,20.140625,20.15625,3.61,2025-01-28T18:00:00Z,6_1,Control
a4e9,6_1,Control,2025-01-28T18:25:00Z,0.78,19.578125,19.5859375,3.61,2025-01-28T18:20:00Z,6_1,Control
a4e9,6_1,Control,2025-01-28T18:47:00Z,0.77,19.25,19.25,3.61,2025-01-28T18:40:00Z,6_1,Control
a4e9,6_1,Control,2025-01-28T19:08:00Z,0.78,19.109375,19.0859375,3.61,2025-01-28T19:00:00Z,6_1,Control
a4e9,6_1,Control,2025-01-28T19:29:00Z,0.77,18.84375,18.8359375,3.61,2025-01-28T19:20:00Z,6_1,Control
a4e9,6_1,Control,2025-01-28T19:51:00Z,0.77,18.484375,18.484375,3.61,2025-01-28T20:00:00Z,6_1,Control
a4e9,6_1,Control,2025-01-28T20:12:00Z,0.78,18.015625,18.0390625,3.6,2025-01-28T20:20:00Z,6_1,Control
a4e9,6_1,Control,2025-01-28T20:34:00Z,0.77,17.640625,17.6640625,3.6,2025-01-28T20:40:00Z,6_1,Control
a4e9,6_1,Control,2025-01-28T20:55:00Z,0.77,17.3515625,17.375,3.6,2025-01-28T21:00:00Z,6_1,Control
a4e9,6_1,Control,2025-01-28T21:17:00Z,0.77,17.046875,17.078125,3.6,2025-01-28T21:20:00Z,6_1,Control
a4e9,6_1,Control,2025-01-28T21:38:00Z,0.79,17.015625,17.0234375,3.6,2025-01-28T21:40:00Z,6_1,Control
a4e9,6_1,Control,2025-01-28T22:00:00Z,0.77,17.1953125,17.1953125,3.6,2025-01-28T22:00:00Z,6_1,Control
a4e9,6_1,Control,2025-01-28T22:21:00Z,0.77,17.3203125,17.3125,3.6,2025-01-28T22:20:00Z,6_1,Control
a4e9,6_1,Control,2025-01-28T22:43:00Z,0.78,17.3203125,17.3125,3.6,2025-01-28T22:40:00Z,6_1,Control
a4e9,6_1,Control,2025-01-28T23:04:00Z,0.78,17.5390625,17.515625,3.6,2025-01-28T23:00:00Z,6_1,Control
a4e9,6_1,Control,2025-01-28T23:26:00Z,0.78,17.4140625,17.4140625,3.59,2025-01-28T23:20:00Z,6_1,Control
a4e9,6_1,Control,2025-01-28T23:47:00Z,0.78,17.5234375,17.5,3.59,2025-01-28T23:40:00Z,6_1,Control
a4e9,6_1,Control,2025-01-29T00:09:00Z,0.77,17.4296875,17.421875,3.6,2025-01-29T00:00:00Z,6_1,Control
a4e9,6_1,Control,2025-01-29T00:30:00Z,0.77,17.2578125,17.2578125,3.6,2025-01-29T00:40:00Z,6_1,Control
a4e9,6_1,Control,2025-01-29T00:51:00Z,0.79,17.4296875,17.4140625,3.6,2025-01-29T01:00:00Z,6_1,Control
a4e9,6_1,Control,2025-01-29T01:13:00Z,0.78,17.5078125,17.5,3.6,2025-01-29T01:20:00Z,6_1,Control
a4e9,6_1,Control,2025-01-29T01:34:00Z,0.79,17.6796875,17.65625,3.6,2025-01-29T01:40:00Z,6_1,Control
a4e9,6_1,Control,2025-01-29T01:56:00Z,0.79,17.8515625,17.828125,3.6,2025-01-29T02:00:00Z,6_1,Control
a4e9,6_1,Control,2025-01-29T02:17:00Z,0.79,18.1328125,18.09375,3.6,2025-01-29T02:20:00Z,6_1,Control
a4e9,6_1,Control,2025-01-29T02:39:00Z,0.83,18.8984375,18.796875,3.6,2025-01-29T02:40:00Z,6_1,Control
a4e9,6_1,Control,2025-01-29T03:00:00Z,0.82,19.8046875,19.6640625,3.59,2025-01-29T03:00:00Z,6_1,Control
a4e9,6_1,Control,2025-01-29T03:22:00Z,0.92,21.8203125,21.28125,3.6,2025-01-29T03:20:00Z,6_1,Control
a4e9,6_1,Control,2025-01-29T03:43:00Z,0.86,24.515625,23.828125,3.6,2025-01-29T03:40:00Z,6_1,Control
a4e9,6_1,Control,2025-01-29T04:05:00Z,0.87,26.7109375,26.0234375,3.61,2025-01-29T04:00:00Z,6_1,Control
a4e9,6_1,Control,2025-01-29T04:26:00Z,0.84,28.265625,27.640625,3.61,2025-01-29T04:20:00Z,6_1,Control
a4e9,6_1,Control,2025-01-29T04:48:00Z,0.83,29.484375,28.921875,3.62,2025-01-29T04:40:00Z,6_1,Control
a4e9,6_1,Control,2025-01-29T05:09:00Z,0.85,30.6875,30.2265625,3.62,2025-01-29T05:00:00Z,6_1,Control
a4e9,6_1,Control,2025-01-29T05:31:00Z,0.82,31.8046875,31.4765625,3.62,2025-01-29T05:40:00Z,6_1,Control
a4e9,6_1,Control,2025-01-29T05:52:00Z,0.88,31.4765625,31.4375,3.62,2025-01-29T06:00:00Z,6_1,Control
a4e9,6_1,Control,2025-01-29T06:13:00Z,0.75,31.1953125,31.1328125,3.61,2025-01-29T06:20:00Z,6_1,Control
a4e9,6_1,Control,2025-01-29T06:35:00Z,0.85,31.328125,31.2890625,3.62,2025-01-29T06:40:00Z,6_1,Control
a4e9,6_1,Control,2025-01-29T06:56:00Z,0.86,32.3125,32.2421875,3.62,2025-01-29T07:00:00Z,6_1,Control
a4e9,6_1,Control,2025-01-29T07:18:00Z,0.8,33.265625,33.28125,3.63,2025-01-29T07:20:00Z,6_1,Control
a4e9,6_1,Control,2025-01-29T07:39:00Z,0.88,34.09375,34.0703125,3.62,2025-01-29T07:40:00Z,6_1,Control
a4e9,6_1,Control,2025-01-29T08:01:00Z,0.78,34.25,34.265625,3.62,2025-01-29T08:00:00Z,6_1,Control
a4e9,6_1,Control,2025-01-29T08:22:00Z,0.85,34.875,34.796875,3.62,2025-01-29T08:20:00Z,6_1,Control
a4e9,6_1,Control,2025-01-29T08:44:00Z,0.78,35.671875,35.609375,3.62,2025-01-29T08:40:00Z,6_1,Control
a4e9,6_1,Control,2025-01-29T09:05:00Z,0.81,34.546875,34.5,3.62,2025-01-29T09:00:00Z,6_1,Control
a4e9,6_1,Control,2025-01-29T09:27:00Z,0.85,34.3984375,34.3515625,3.63,2025-01-29T09:20:00Z,6_1,Control
a4e9,6_1,Control,2025-01-29T09:48:00Z,0.67,34.9609375,34.9609375,3.62,2025-01-29T09:40:00Z,6_1,Control
a4e9,6_1,Control,2025-01-29T10:10:00Z,0.87,34.1015625,34.1484375,3.63,2025-01-29T10:00:00Z,6_1,Control
a4e9,6_1,Control,2025-01-29T10:31:00Z,0.83,36.28125,36.4140625,3.62,2025-01-29T10:40:00Z,6_1,Control
a4e9,6_1,Control,2025-01-29T10:53:00Z,0.85,37.71875,37.90625,3.63,2025-01-29T11:00:00Z,6_1,Control
a4e9,6_1,Control,2025-01-29T11:14:00Z,0.78,37.765625,37.84375,3.63,2025-01-29T11:20:00Z,6_1,Control
a4e9,6_1,Control,2025-01-29T11:35:00Z,0.82,37.6953125,37.6875,3.63,2025-01-29T11:40:00Z,6_1,Control
a4e9,6_1,Control,2025-01-29T11:57:00Z,0.82,37.015625,36.9296875,3.63,2025-01-29T12:00:00Z,6_1,Control
a4e9,6_1,Control,2025-01-29T12:18:00Z,0.77,36.328125,36.3125,3.63,2025-01-29T12:20:00Z,6_1,Control
a4e9,6_1,Control,2025-01-29T12:40:00Z,0.81,35.6015625,35.6640625,3.64,2025-01-29T12:40:00Z,6_1,Control
a4e9,6_1,Control,2025-01-29T13:01:00Z,0.79,35.0546875,35.1171875,3.63,2025-01-29T13:00:00Z,6_1,Control
a4e9,6_1,Control,2025-01-29T13:23:00Z,0.8,34.5078125,34.609375,3.63,2025-01-29T13:20:00Z,6_1,Control
a4e9,6_1,Control,2025-01-29T13:44:00Z,0.82,34.1015625,34.21875,3.63,2025-01-29T13:40:00Z,6_1,Control
a4e9,6_1,Control,2025-01-29T14:06:00Z,0.8,33.40625,33.5234375,3.64,2025-01-29T14:00:00Z,6_1,Control
a4e9,6_1,Control,2025-01-29T14:27:00Z,0.78,32.28125,32.40625,3.63,2025-01-29T14:20:00Z,6_1,Control
a4e9,6_1,Control,2025-01-29T14:49:00Z,0.78,31.2578125,31.3671875,3.63,2025-01-29T14:40:00Z,6_1,Control
a4e9,6_1,Control,2025-01-29T15:10:00Z,0.77,30.25,30.25,3.63,2025-01-29T15:00:00Z,6_1,Control
a4e9,6_1,Control,2025-01-29T15:32:00Z,0.71,28.3203125,28.2890625,3.63,2025-01-29T15:40:00Z,6_1,Control
a4e9,6_1,Control,2025-01-29T15:53:00Z,0.76,26.53125,26.5078125,3.63,2025-01-29T16:00:00Z,6_1,Control
a4e9,6_1,Control,2025-01-29T16:15:00Z,0.75,25.2578125,25.265625,3.62,2025-01-29T16:20:00Z,6_1,Control
a4e9,6_1,Control,2025-01-29T16:36:00Z,0.79,24.5,24.4921875,3.62,2025-01-29T16:40:00Z,6_1,Control
a4e9,6_1,Control,2025-01-29T16:57:00Z,0.77,24.09375,24.078125,3.62,2025-01-29T17:00:00Z,6_1,Control
a4e9,6_1,Control,2025-01-29T17:19:00Z,0.77,22.890625,22.8984375,3.62,2025-01-29T17:20:00Z,6_1,Control
a4e9,6_1,Control,2025-01-29T17:40:00Z,0.74,21.9453125,21.953125,3.62,2025-01-29T17:40:00Z,6_1,Control
a4e9,6_1,Control,2025-01-29T18:02:00Z,0.77,21.0390625,21.0390625,3.62,2025-01-29T18:00:00Z,6_1,Control
a4e9,6_1,Control,2025-01-29T18:23:00Z,0.8,20.5234375,20.5234375,3.61,2025-01-29T18:20:00Z,6_1,Control
a4e9,6_1,Control,2025-01-29T18:45:00Z,0.78,20.15625,20.15625,3.62,2025-01-29T18:40:00Z,6_1,Control
a4e9,6_1,Control,2025-01-29T19:06:00Z,0.76,19.3515625,19.3671875,3.61,2025-01-29T19:00:00Z,6_1,Control
a4e9,6_1,Control,2025-01-29T19:28:00Z,0.78,18.9140625,18.90625,3.61,2025-01-29T19:20:00Z,6_1,Control
a4e9,6_1,Control,2025-01-29T19:49:00Z,0.77,18.0625,18.0859375,3.6,2025-01-29T19:40:00Z,6_1,Control
a4e9,6_1,Control,2025-01-29T20:11:00Z,0.76,17.3125,17.3359375,3.61,2025-01-29T20:20:00Z,6_1,Control
a4e9,6_1,Control,2025-01-29T20:32:00Z,0.76,16.7578125,16.78125,3.61,2025-01-29T20:40:00Z,6_1,Control
a4e9,6_1,Control,2025-01-29T20:54:00Z,0.77,16.25,16.2734375,3.61,2025-01-29T21:00:00Z,6_1,Control
a4e9,6_1,Control,2025-01-29T21:15:00Z,0.77,15.7421875,15.765625,3.6,2025-01-29T21:20:00Z,6_1,Control
a4e9,6_1,Control,2025-01-29T21:37:00Z,0.78,15.25,15.28125,3.6,2025-01-29T21:40:00Z,6_1,Control
a4e9,6_1,Control,2025-01-29T21:58:00Z,0.78,15.1953125,15.1953125,3.6,2025-01-29T22:00:00Z,6_1,Control
a4e9,6_1,Control,2025-01-29T22:19:00Z,0.78,14.6640625,14.703125,3.6,2025-01-29T22:20:00Z,6_1,Control
a4e9,6_1,Control,2025-01-29T22:41:00Z,0.79,14.3671875,14.3828125,3.6,2025-01-29T22:40:00Z,6_1,Control
a4e9,6_1,Control,2025-01-29T23:02:00Z,0.77,14.125,14.140625,3.61,2025-01-29T23:00:00Z,6_1,Control
a4e9,6_1,Control,2025-01-29T23:24:00Z,0.78,13.9375,13.9375,3.6,2025-01-29T23:20:00Z,6_1,Control
a4e9,6_1,Control,2025-01-29T23:45:00Z,0.77,13.78125,13.7890625,3.6,2025-01-29T23:40:00Z,6_1,Control
a4e9,6_1,Control,2025-01-30T00:07:00Z,0.78,13.109375,13.1484375,3.6,2025-01-30T00:00:00Z,6_1,Control
a4e9,6_1,Control,2025-01-30T00:28:00Z,0.8,12.8046875,12.8359375,3.59,2025-01-30T00:20:00Z,6_1,Control
a4e9,6_1,Control,2025-01-30T00:50:00Z,0.78,12.6875,12.7109375,3.6,2025-01-30T00:40:00Z,6_1,Control
a4e9,6_1,Control,2025-01-30T01:11:00Z,0.78,12.25,12.296875,3.59,2025-01-30T01:20:00Z,6_1,Control
a4e9,6_1,Control,2025-01-30T01:33:00Z,0.78,11.7265625,11.78125,3.59,2025-01-30T01:40:00Z,6_1,Control
a4e9,6_1,Control,2025-01-30T01:54:00Z,0.8,11.515625,11.5390625,3.6,2025-01-30T02:00:00Z,6_1,Control
a4e9,6_1,Control,2025-01-30T02:16:00Z,0.8,11.65625,11.65625,3.59,2025-01-30T02:20:00Z,6_1,Control
a4e9,6_1,Control,2025-01-30T02:37:00Z,0.83,12.3828125,12.328125,3.59,2025-01-30T02:40:00Z,6_1,Control
a4e9,6_1,Control,2025-01-30T02:59:00Z,0.87,13.9140625,13.6953125,3.59,2025-01-30T03:00:00Z,6_1,Control
a4e9,6_1,Control,2025-01-30T03:20:00Z,0.86,16.0859375,15.6015625,3.59,2025-01-30T03:20:00Z,6_1,Control
a4e9,6_1,Control,2025-01-30T03:41:00Z,0.84,18.0625,17.4765625,3.6,2025-01-30T03:40:00Z,6_1,Control
a4e9,6_1,Control,2025-01-30T04:03:00Z,0.84,20.0859375,19.421875,3.6,2025-01-30T04:00:00Z,6_1,Control
a4e9,6_1,Control,2025-01-30T04:24:00Z,0.87,21.671875,20.96875,3.6,2025-01-30T04:20:00Z,6_1,Control
a4e9,6_1,Control,2025-01-30T04:46:00Z,0.82,22.578125,22.0703125,3.61,2025-01-30T04:40:00Z,6_1,Control
a4e9,6_1,Control,2025-01-30T05:07:00Z,0.81,22.953125,22.609375,3.61,2025-01-30T05:00:00Z,6_1,Control
a4e9,6_1,Control,2025-01-30T05:29:00Z,0.8,23.8984375,23.7109375,3.61,2025-01-30T05:20:00Z,6_1,Control
a4e9,6_1,Control,2025-01-30T05:50:00Z,0.79,23.2421875,23.2578125,3.61,2025-01-30T05:40:00Z,6_1,Control
a4e9,6_1,Control,2025-01-30T06:12:00Z,0.82,23.375,23.2890625,3.61,2025-01-30T06:20:00Z,6_1,Control
a4e9,6_1,Control,2025-01-30T06:33:00Z,0.87,23.828125,23.796875,3.61,2025-01-30T06:40:00Z,6_1,Control
a4e9,6_1,Control,2025-01-30T06:55:00Z,0.83,24.859375,24.828125,3.62,2025-01-30T07:00:00Z,6_1,Control
a4e9,6_1,Control,2025-01-30T07:16:00Z,0.86,26,25.9921875,3.62,2025-01-30T07:20:00Z,6_1,Control
a4e9,6_1,Control,2025-01-30T07:38:00Z,0.85,27.3203125,27.265625,3.61,2025-01-30T07:40:00Z,6_1,Control
a4e9,6_1,Control,2025-01-30T07:59:00Z,0.86,28.7578125,28.609375,3.62,2025-01-30T08:00:00Z,6_1,Control
a4e9,6_1,Control,2025-01-30T08:21:00Z,0.82,29.5390625,29.3984375,3.62,2025-01-30T08:20:00Z,6_1,Control
a4e9,6_1,Control,2025-01-30T08:42:00Z,0.82,30.2421875,30.140625,3.62,2025-01-30T08:40:00Z,6_1,Control
a4e9,6_1,Control,2025-01-30T09:03:00Z,0.87,31.1484375,31.0078125,3.62,2025-01-30T09:00:00Z,6_1,Control
a4e9,6_1,Control,2025-01-30T09:25:00Z,0.83,32.171875,32.2109375,3.61,2025-01-30T09:20:00Z,6_1,Control
a4e9,6_1,Control,2025-01-30T09:46:00Z,0.88,32.9140625,32.9140625,3.62,2025-01-30T09:40:00Z,6_1,Control
a4e9,6_1,Control,2025-01-30T10:08:00Z,0.8,34.0390625,34.1015625,3.63,2025-01-30T10:00:00Z,6_1,Control
a4e9,6_1,Control,2025-01-30T10:29:00Z,0.85,34.0625,34.28125,3.62,2025-01-30T10:20:00Z,6_1,Control
a4e9,6_1,Control,2025-01-30T10:51:00Z,0.85,35.0859375,35.3671875,3.63,2025-01-30T11:00:00Z,6_1,Control
a4e9,6_1,Control,2025-01-30T11:12:00Z,0.86,35.4140625,35.578125,3.62,2025-01-30T11:20:00Z,6_1,Control
a4e9,6_1,Control,2025-01-30T11:34:00Z,0.77,34.3984375,34.4765625,3.63,2025-01-30T11:40:00Z,6_1,Control
a4e9,6_1,Control,2025-01-30T11:55:00Z,0.76,33.3515625,33.3671875,3.62,2025-01-30T12:00:00Z,6_1,Control
a4e9,6_1,Control,2025-01-30T12:17:00Z,0.82,32.3359375,32.34375,3.62,2025-01-30T12:20:00Z,6_1,Control
a4e9,6_1,Control,2025-01-30T12:38:00Z,0.83,32.2421875,32.3125,3.63,2025-01-30T12:40:00Z,6_1,Control
a4e9,6_1,Control,2025-01-30T13:00:00Z,0.82,31.9921875,32.0859375,3.63,2025-01-30T13:00:00Z,6_1,Control
a4e9,6_1,Control,2025-01-30T13:21:00Z,0.8,31.015625,31.0703125,3.63,2025-01-30T13:20:00Z,6_1,Control
a4e9,6_1,Control,2025-01-30T13:42:00Z,0.8,29.8828125,29.921875,3.62,2025-01-30T13:40:00Z,6_1,Control
a4e9,6_1,Control,2025-01-30T14:04:00Z,0.79,29.1015625,29.15625,3.62,2025-01-30T14:00:00Z,6_1,Control
a4e9,6_1,Control,2025-01-30T14:25:00Z,0.77,28.296875,28.4140625,3.63,2025-01-30T14:20:00Z,6_1,Control
a4e9,6_1,Control,2025-01-30T14:47:00Z,0.76,26.8125,26.9140625,3.62,2025-01-30T14:40:00Z,6_1,Control
a4e9,6_1,Control,2025-01-30T15:08:00Z,0.76,24.9921875,24.96875,3.62,2025-01-30T15:00:00Z,6_1,Control
a4e9,6_1,Control,2025-01-30T15:30:00Z,0.73,23.0859375,23.0390625,3.62,2025-01-30T15:40:00Z,6_1,Control
a4e9,6_1,Control,2025-01-30T15:51:00Z,0.75,21.4765625,21.46875,3.62,2025-01-30T16:00:00Z,6_1,Control
a4e9,6_1,Control,2025-01-30T16:13:00Z,0.76,20.2109375,20.21875,3.61,2025-01-30T16:20:00Z,6_1,Control
a4e9,6_1,Control,2025-01-30T16:34:00Z,0.76,19.25,19.25,3.61,2025-01-30T16:40:00Z,6_1,Control
a4e9,6_1,Control,2025-01-30T16:56:00Z,0.77,18.546875,18.546875,3.61,2025-01-30T17:00:00Z,6_1,Control
a4e9,6_1,Control,2025-01-30T17:17:00Z,0.78,18.0234375,18.015625,3.61,2025-01-30T17:20:00Z,6_1,Control
a4e9,6_1,Control,2025-01-30T17:39:00Z,0.77,17.4140625,17.4453125,3.61,2025-01-30T17:40:00Z,6_1,Control
a4e9,6_1,Control,2025-01-30T18:00:00Z,0.79,16.90625,16.921875,3.61,2025-01-30T18:00:00Z,6_1,Control
a4e9,6_1,Control,2025-01-30T18:22:00Z,0.79,16.78125,16.7734375,3.6,2025-01-30T18:20:00Z,6_1,Control
a4e9,6_1,Control,2025-01-30T18:43:00Z,0.75,16.21875,16.234375,3.61,2025-01-30T18:40:00Z,6_1,Control
a4e9,6_1,Control,2025-01-30T19:04:00Z,0.78,15.6796875,15.703125,3.61,2025-01-30T19:00:00Z,6_1,Control
a4e9,6_1,Control,2025-01-30T19:26:00Z,0.77,15.5625,15.5625,3.6,2025-01-30T19:20:00Z,6_1,Control
a4e9,6_1,Control,2025-01-30T19:47:00Z,0.77,15.2109375,15.21875,3.6,2025-01-30T19:40:00Z,6_1,Control
a4e9,6_1,Control,2025-01-30T20:09:00Z,0.78,14.7734375,14.78125,3.6,2025-01-30T20:00:00Z,6_1,Control
a4e9,6_1,Control,2025-01-30T20:30:00Z,0.8,14.8046875,14.796875,3.6,2025-01-30T20:40:00Z,6_1,Control
a4e9,6_1,Control,2025-01-30T20:52:00Z,0.78,14.84375,14.828125,3.6,2025-01-30T21:00:00Z,6_1,Control
a4e9,6_1,Control,2025-01-30T21:13:00Z,0.78,14.453125,14.4453125,3.6,2025-01-30T21:20:00Z,6_1,Control
a4e9,6_1,Control,2025-01-30T21:35:00Z,0.78,14.359375,14.34375,3.6,2025-01-30T21:40:00Z,6_1,Control
a4e9,6_1,Control,2025-01-30T21:56:00Z,0.76,14.046875,14.0390625,3.6,2025-01-30T22:00:00Z,6_1,Control
a4e9,6_1,Control,2025-01-30T22:18:00Z,0.79,13.9609375,13.9453125,3.59,2025-01-30T22:20:00Z,6_1,Control
a4e9,6_1,Control,2025-01-30T22:39:00Z,0.8,14.2890625,14.2578125,3.59,2025-01-30T22:40:00Z,6_1,Control
a4e9,6_1,Control,2025-01-30T23:01:00Z,0.79,14.296875,14.28125,3.59,2025-01-30T23:00:00Z,6_1,Control
a4e9,6_1,Control,2025-01-30T23:22:00Z,0.78,14.375,14.359375,3.59,2025-01-30T23:20:00Z,6_1,Control
a4e9,6_1,Control,2025-01-30T23:44:00Z,0.79,14.6640625,14.6484375,3.59,2025-01-30T23:40:00Z,6_1,Control
a4e9,6_1,Control,2025-01-31T00:05:00Z,0.79,14.7890625,14.78125,3.6,2025-01-31T00:00:00Z,6_1,Control
a4e9,6_1,Control,2025-01-31T00:26:00Z,0.79,14.6171875,14.6171875,3.59,2025-01-31T00:20:00Z,6_1,Control
a4e9,6_1,Control,2025-01-31T00:48:00Z,0.76,14.5,14.5,3.59,2025-01-31T00:40:00Z,6_1,Control
a4e9,6_1,Control,2025-01-31T01:09:00Z,0.79,14.3359375,14.3359375,3.6,2025-01-31T01:00:00Z,6_1,Control
a4e9,6_1,Control,2025-01-31T01:31:00Z,0.78,14.453125,14.453125,3.59,2025-01-31T01:40:00Z,6_1,Control
a4e9,6_1,Control,2025-01-31T01:52:00Z,0.78,14.328125,14.328125,3.6,2025-01-31T02:00:00Z,6_1,Control
a4e9,6_1,Control,2025-01-31T02:14:00Z,0.77,14.0546875,14.0546875,3.59,2025-01-31T02:20:00Z,6_1,Control
a4e9,6_1,Control,2025-01-31T02:35:00Z,0.79,13.96875,13.953125,3.59,2025-01-31T02:40:00Z,6_1,Control
a4e9,6_1,Control,2025-01-31T02:57:00Z,0.8,14.28125,14.2421875,3.59,2025-01-31T03:00:00Z,6_1,Control
a4e9,6_1,Control,2025-01-31T03:18:00Z,0.8,14.53125,14.4921875,3.59,2025-01-31T03:20:00Z,6_1,Control
a4e9,6_1,Control,2025-01-31T03:40:00Z,0.8,14.8359375,14.796875,3.59,2025-01-31T03:40:00Z,6_1,Control
a4e9,6_1,Control,2025-01-31T04:01:00Z,0.81,15.484375,15.40625,3.59,2025-01-31T04:00:00Z,6_1,Control
a4e9,6_1,Control,2025-01-31T04:23:00Z,0.83,16.9921875,16.75,3.59,2025-01-31T04:20:00Z,6_1,Control
a4e9,6_1,Control,2025-01-31T04:44:00Z,0.82,18.078125,17.8828125,3.6,2025-01-31T04:40:00Z,6_1,Control
a4e9,6_1,Control,2025-01-31T05:06:00Z,0.84,19.859375,19.59375,3.61,2025-01-31T05:00:00Z,6_1,Control
a4e9,6_1,Control,2025-01-31T05:27:00Z,0.83,21.625,21.40625,3.6,2025-01-31T05:20:00Z,6_1,Control
a4e9,6_1,Control,2025-01-31T05:48:00Z,0.84,22.2109375,22.0625,3.61,2025-01-31T05:40:00Z,6_1,Control
a4e9,6_1,Control,2025-01-31T06:10:00Z,0.85,23.171875,23.0390625,3.61,2025-01-31T06:00:00Z,6_1,Control
a4e9,6_1,Control,2025-01-31T06:31:00Z,0.86,23.9140625,23.78125,3.61,2025-01-31T06:40:00Z,6_1,Control
a4e9,6_1,Control,2025-01-31T06:53:00Z,0.85,24.796875,24.6875,3.61,2025-01-31T07:00:00Z,6_1,Control
a4e9,6_1,Control,2025-01-31T07:14:00Z,0.86,25.6953125,25.6015625,3.61,2025-01-31T07:20:00Z,6_1,Control
a4e9,6_1,Control,2025-01-31T07:36:00Z,0.83,26.84375,26.703125,3.61,2025-01-31T07:40:00Z,6_1,Control
a4e9,6_1,Control,2025-01-31T07:57:00Z,0.87,27.78125,27.53125,3.61,2025-01-31T08:00:00Z,6_1,Control
a4e9,6_1,Control,2025-01-31T08:19:00Z,0.84,28.7265625,28.5078125,3.61,2025-01-31T08:20:00Z,6_1,Control
a4e9,6_1,Control,2025-01-31T08:40:00Z,0.85,28.8359375,28.7109375,3.62,2025-01-31T08:40:00Z,6_1,Control
a4e9,6_1,Control,2025-01-31T09:02:00Z,0.83,29.6328125,29.4375,3.61,2025-01-31T09:00:00Z,6_1,Control
a4e9,6_1,Control,2025-01-31T09:23:00Z,0.83,30.2890625,30.2578125,3.62,2025-01-31T09:20:00Z,6_1,Control
a4e9,6_1,Control,2025-01-31T09:45:00Z,0.87,30.84375,30.8203125,3.62,2025-01-31T09:40:00Z,6_1,Control
a4e9,6_1,Control,2025-01-31T10:06:00Z,0.83,30.5859375,30.546875,3.62,2025-01-31T10:00:00Z,6_1,Control
a4e9,6_1,Control,2025-01-31T10:28:00Z,0.82,30.8828125,31,3.61,2025-01-31T10:20:00Z,6_1,Control
a4e9,6_1,Control,2025-01-31T10:49:00Z,0.85,31.359375,31.578125,3.62,2025-01-31T10:40:00Z,6_1,Control
a4e9,6_1,Control,2025-01-31T11:10:00Z,0.86,31.203125,31.2734375,3.62,2025-01-31T11:00:00Z,6_1,Control
a4e9,6_1,Control,2025-01-31T11:32:00Z,0.81,31.2265625,31.1953125,3.62,2025-01-31T11:40:00Z,6_1,Control
a4e9,6_1,Control,2025-01-31T11:53:00Z,0.81,30.6015625,30.4921875,3.62,2025-01-31T12:00:00Z,6_1,Control
a4e9,6_1,Control,2025-01-31T12:15:00Z,0.8,29.5703125,29.484375,3.62,2025-01-31T12:20:00Z,6_1,Control
a4e9,6_1,Control,2025-01-31T12:36:00Z,0.78,28.84375,28.90625,3.62,2025-01-31T12:40:00Z,6_1,Control
a4e9,6_1,Control,2025-01-31T12:58:00Z,0.81,28.15625,28.2578125,3.62,2025-01-31T13:00:00Z,6_1,Control
a4e9,6_1,Control,2025-01-31T13:19:00Z,0.81,27.4375,27.5234375,3.61,2025-01-31T13:20:00Z,6_1,Control
a4e9,6_1,Control,2025-01-31T13:41:00Z,0.81,26.75,26.8359375,3.61,2025-01-31T13:40:00Z,6_1,Control
a4e9,6_1,Control,2025-01-31T14:02:00Z,0.79,25.53125,25.6015625,3.62,2025-01-31T14:00:00Z,6_1,Control
a4e9,6_1,Control,2025-01-31T14:24:00Z,0.78,24.46875,24.578125,3.62,2025-01-31T14:20:00Z,6_1,Control
a4e9,6_1,Control,2025-01-31T14:45:00Z,0.79,23.2421875,23.3671875,3.62,2025-01-31T14:40:00Z,6_1,Control
a4e9,6_1,Control,2025-01-31T15:07:00Z,0.76,22.2734375,22.3125,3.61,2025-01-31T15:00:00Z,6_1,Control
a4e9,6_1,Control,2025-01-31T15:28:00Z,0.74,20.7734375,20.7890625,3.61,2025-01-31T15:20:00Z,6_1,Control
a4e9,6_1,Control,2025-01-31T15:50:00Z,0.76,19.3046875,19.3359375,3.61,2025-01-31T15:40:00Z,6_1,Control
a4e9,6_1,Control,2025-01-31T16:11:00Z,0.75,18.21875,18.25,3.6,2025-01-31T16:20:00Z,6_1,Control
a4e9,6_1,Control,2025-01-31T16:32:00Z,0.76,17.203125,17.2421875,3.61,2025-01-31T16:40:00Z,6_1,Control
a4e9,6_1,Control,2025-01-31T16:54:00Z,0.77,16.4609375,16.4921875,3.6,2025-01-31T17:00:00Z,6_1,Control
a4e9,6_1,Control,2025-01-31T17:15:00Z,0.79,15.9609375,15.984375,3.6,2025-01-31T17:20:00Z,6_1,Control
a4e9,6_1,Control,2025-01-31T17:37:00Z,0.77,15.546875,15.5703125,3.6,2025-01-31T17:40:00Z,6_1,Control
a4e9,6_1,Control,2025-01-31T17:58:00Z,0.77,15.1640625,15.1875,3.6,2025-01-31T18:00:00Z,6_1,Control
a4e9,6_1,Control,2025-01-31T18:20:00Z,0.78,14.8984375,14.9140625,3.6,2025-01-31T18:20:00Z,6_1,Control
a4e9,6_1,Control,2025-01-31T18:41:00Z,0.78,14.671875,14.6875,3.6,2025-01-31T18:40:00Z,6_1,Control
a4e9,6_1,Control,2025-01-31T19:03:00Z,0.78,14.3984375,14.421875,3.6,2025-01-31T19:00:00Z,6_1,Control
a4e9,6_1,Control,2025-01-31T19:24:00Z,0.78,14.140625,14.1640625,3.6,2025-01-31T19:20:00Z,6_1,Control
a4e9,6_1,Control,2025-01-31T19:46:00Z,0.77,13.9453125,13.9609375,3.6,2025-01-31T19:40:00Z,6_1,Control
a4e9,6_1,Control,2025-01-31T20:07:00Z,0.77,13.7578125,13.7734375,3.6,2025-01-31T20:00:00Z,6_1,Control
a4e9,6_1,Control,2025-01-31T20:29:00Z,0.77,13.5234375,13.5390625,3.59,2025-01-31T20:20:00Z,6_1,Control
a4e9,6_1,Control,2025-01-31T20:50:00Z,0.78,13.2578125,13.2734375,3.59,2025-01-31T20:40:00Z,6_1,Control
a4e9,6_1,Control,2025-01-31T21:12:00Z,0.78,13,13.015625,3.59,2025-01-31T21:20:00Z,6_1,Control
a4e9,6_1,Control,2025-01-31T21:33:00Z,0.79,12.7109375,12.734375,3.59,2025-01-31T21:40:00Z,6_1,Control
a4e9,6_1,Control,2025-01-31T21:54:00Z,0.78,12.59375,12.609375,3.59,2025-01-31T22:00:00Z,6_1,Control
a4e9,6_1,Control,2025-01-31T22:16:00Z,0.79,12.5078125,12.5234375,3.59,2025-01-31T22:20:00Z,6_1,Control
a4e9,6_1,Control,2025-01-31T22:37:00Z,0.78,12.4609375,12.4765625,3.59,2025-01-31T22:40:00Z,6_1,Control
a4e9,6_1,Control,2025-01-31T22:59:00Z,0.79,12.4375,12.453125,3.59,2025-01-31T23:00:00Z,6_1,Control
a4e9,6_1,Control,2025-01-31T23:20:00Z,0.78,12.171875,12.2265625,3.59,2025-01-31T23:20:00Z,6_1,Control
a4e9,6_1,Control,2025-01-31T23:42:00Z,0.79,12.171875,12.1875,3.58,2025-01-31T23:40:00Z,6_1,Control
a4e9,6_1,Control,2025-02-01T00:03:00Z,0.77,12.2109375,12.2265625,3.59,2025-02-01T00:00:00Z,6_1,Control
a4e9,6_1,Control,2025-02-01T00:25:00Z,0.77,11.9609375,11.9921875,3.59,2025-02-01T00:20:00Z,6_1,Control
a4e9,6_1,Control,2025-02-01T00:46:00Z,0.79,11.8125,11.828125,3.59,2025-02-01T00:40:00Z,6_1,Control
a4e9,6_1,Control,2025-02-01T01:08:00Z,0.79,12.09375,12.1015625,3.58,2025-02-01T01:00:00Z,6_1,Control
a4e9,6_1,Control,2025-02-01T01:29:00Z,0.79,12.4609375,12.4921875,3.59,2025-02-01T01:20:00Z,6_1,Control
a4e9,6_1,Control,2025-02-01T01:51:00Z,0.75,12.34375,12.390625,3.58,2025-02-01T02:00:00Z,6_1,Control
a4e9,6_1,Control,2025-02-01T02:12:00Z,0.78,11.8359375,11.875,3.59,2025-02-01T02:20:00Z,6_1,Control
a4e9,6_1,Control,2025-02-01T02:33:00Z,0.79,12.3359375,12.34375,3.59,2025-02-01T02:40:00Z,6_1,Control
a4e9,6_1,Control,2025-02-01T02:55:00Z,0.82,13.09375,13.0625,3.58,2025-02-01T03:00:00Z,6_1,Control
a4e9,6_1,Control,2025-02-01T03:16:00Z,0.8,13.921875,13.8671875,3.59,2025-02-01T03:20:00Z,6_1,Control
a4e9,6_1,Control,2025-02-01T03:38:00Z,0.8,14.4921875,14.4453125,3.59,2025-02-01T03:40:00Z,6_1,Control
a4e9,6_1,Control,2025-02-01T03:59:00Z,0.83,15.703125,15.5625,3.59,2025-02-01T04:00:00Z,6_1,Control
a4e9,6_1,Control,2025-02-01T04:21:00Z,0.82,17.5078125,17.2734375,3.59,2025-02-01T04:20:00Z,6_1,Control
a4e9,6_1,Control,2025-02-01T04:42:00Z,0.84,19.1015625,18.90625,3.59,2025-02-01T04:40:00Z,6_1,Control
a4e9,6_1,Control,2025-02-01T05:04:00Z,0.81,21.421875,21.15625,3.61,2025-02-01T05:00:00Z,6_1,Control
a4e9,6_1,Control,2025-02-01T05:25:00Z,0.81,22.9609375,22.90625,3.61,2025-02-01T05:20:00Z,6_1,Control
a4e9,6_1,Control,2025-02-01T05:47:00Z,0.81,23.5,23.6171875,3.61,2025-02-01T05:40:00Z,6_1,Control
a4e9,6_1,Control,2025-02-01T06:08:00Z,0.82,23.609375,23.6796875,3.61,2025-02-01T06:00:00Z,6_1,Control
a4e9,6_1,Control,2025-02-01T06:30:00Z,0.84,23.9921875,24,3.61,2025-02-01T06:40:00Z,6_1,Control
a4e9,6_1,Control,2025-02-01T06:51:00Z,0.76,24.2421875,24.203125,3.6,2025-02-01T07:00:00Z,6_1,Control
a4e9,6_1,Control,2025-02-01T07:13:00Z,0.85,25.015625,24.9375,3.61,2025-02-01T07:20:00Z,6_1,Control
a4e9,6_1,Control,2025-02-01T07:34:00Z,0.84,26.484375,26.4140625,3.62,2025-02-01T07:40:00Z,6_1,Control
a4e9,6_1,Control,2025-02-01T07:56:00Z,0.89,27.8125,27.59375,3.61,2025-02-01T08:00:00Z,6_1,Control
a4e9,6_1,Control,2025-02-01T08:17:00Z,0.8,29.0546875,28.8828125,3.61,2025-02-01T08:20:00Z,6_1,Control
a4e9,6_1,Control,2025-02-01T08:38:00Z,0.84,29.7890625,29.6328125,3.62,2025-02-01T08:40:00Z,6_1,Control
a4e9,6_1,Control,2025-02-01T09:00:00Z,0.83,30.359375,30.2421875,3.62,2025-02-01T09:00:00Z,6_1,Control
a4e9,6_1,Control,2025-02-01T09:21:00Z,0.8,31.125,31.1796875,3.61,2025-02-01T09:20:00Z,6_1,Control
a4e9,6_1,Control,2025-02-01T09:43:00Z,0.86,31.8671875,31.8515625,3.62,2025-02-01T09:40:00Z,6_1,Control
a4e9,6_1,Control,2025-02-01T10:04:00Z,0.78,32.5859375,32.5546875,3.62,2025-02-01T10:00:00Z,6_1,Control
a4e9,6_1,Control,2025-02-01T10:26:00Z,0.81,32.9375,33.109375,3.62,2025-02-01T10:20:00Z,6_1,Control
a4e9,6_1,Control,2025-02-01T10:47:00Z,0.83,33.0234375,33.1875,3.62,2025-02-01T10:40:00Z,6_1,Control
a4e9,6_1,Control,2025-02-01T11:09:00Z,0.85,33.28125,33.421875,3.62,2025-02-01T11:00:00Z,6_1,Control
a4e9,6_1,Control,2025-02-01T11:30:00Z,0.8,33.1171875,33.1953125,3.62,2025-02-01T11:40:00Z,6_1,Control
a4e9,6_1,Control,2025-02-01T11:52:00Z,0.78,31.5703125,31.5625,3.62,2025-02-01T12:00:00Z,6_1,Control
a4e9,6_1,Control,2025-02-01T12:13:00Z,0.8,31.1796875,31.1171875,3.62,2025-02-01T12:20:00Z,6_1,Control
a4e9,6_1,Control,2025-02-01T12:35:00Z,0.8,30.234375,30.2734375,3.62,2025-02-01T12:40:00Z,6_1,Control
a4e9,6_1,Control,2025-02-01T12:56:00Z,0.83,30.0859375,30.1953125,3.62,2025-02-01T13:00:00Z,6_1,Control
a4e9,6_1,Control,2025-02-01T13:17:00Z,0.81,29.6328125,29.7109375,3.63,2025-02-01T13:20:00Z,6_1,Control
a4e9,6_1,Control,2025-02-01T13:39:00Z,0.75,28.5078125,28.625,3.62,2025-02-01T13:40:00Z,6_1,Control
a4e9,6_1,Control,2025-02-01T14:00:00Z,0.78,26.96875,27.0625,3.62,2025-02-01T14:00:00Z,6_1,Control
a4e9,6_1,Control,2025-02-01T14:22:00Z,0.77,25.4296875,25.5625,3.62,2025-02-01T14:20:00Z,6_1,Control
a4e9,6_1,Control,2025-02-01T14:43:00Z,0.75,23.90625,24.046875,3.61,2025-02-01T14:40:00Z,6_1,Control
a4e9,6_1,Control,2025-02-01T15:05:00Z,0.75,22.1796875,22.2421875,3.61,2025-02-01T15:00:00Z,6_1,Control
a4e9,6_1,Control,2025-02-01T15:26:00Z,0.73,20.421875,20.4375,3.61,2025-02-01T15:20:00Z,6_1,Control
a4e9,6_1,Control,2025-02-01T15:48:00Z,0.75,18.8828125,18.9140625,3.61,2025-02-01T15:40:00Z,6_1,Control
a4e9,6_1,Control,2025-02-01T16:09:00Z,0.77,17.890625,17.921875,3.61,2025-02-01T16:00:00Z,6_1,Control
a4e9,6_1,Control,2025-02-01T16:31:00Z,0.77,17.3984375,17.421875,3.6,2025-02-01T16:40:00Z,6_1,Control
a4e9,6_1,Control,2025-02-01T16:52:00Z,0.78,16.96875,16.9921875,3.6,2025-02-01T17:00:00Z,6_1,Control
a4e9,6_1,Control,2025-02-01T17:14:00Z,0.77,16.7265625,16.75,3.61,2025-02-01T17:20:00Z,6_1,Control
a4e9,6_1,Control,2025-02-01T17:35:00Z,0.78,16.4375,16.4609375,3.6,2025-02-01T17:40:00Z,6_1,Control
a4e9,6_1,Control,2025-02-01T17:57:00Z,0.77,16.171875,16.1953125,3.6,2025-02-01T18:00:00Z,6_1,Control
a4e9,6_1,Control,2025-02-01T18:18:00Z,0.78,16.125,16.140625,3.61,2025-02-01T18:20:00Z,6_1,Control
a4e9,6_1,Control,2025-02-01T18:40:00Z,0.78,16.1171875,16.1328125,3.6,2025-02-01T18:40:00Z,6_1,Control
a4e9,6_1,Control,2025-02-01T19:01:00Z,0.78,16.03125,16.046875,3.6,2025-02-01T19:00:00Z,6_1,Control
a4e9,6_1,Control,2025-02-01T19:22:00Z,0.78,15.890625,15.90625,3.6,2025-02-01T19:20:00Z,6_1,Control
a4e9,6_1,Control,2025-02-01T19:44:00Z,0.79,15.7890625,15.8046875,3.6,2025-02-01T19:40:00Z,6_1,Control
a4e9,6_1,Control,2025-02-01T20:05:00Z,0.76,15.640625,15.6484375,3.6,2025-02-01T20:00:00Z,6_1,Control
a4e9,6_1,Control,2025-02-01T20:27:00Z,0.79,15.3046875,15.3203125,3.6,2025-02-01T20:20:00Z,6_1,Control
a4e9,6_1,Control,2025-02-01T20:48:00Z,0.79,15.2578125,15.265625,3.6,2025-02-01T20:40:00Z,6_1,Control
a4e9,6_1,Control,2025-02-01T21:10:00Z,0.78,15.1796875,15.1875,3.6,2025-02-01T21:00:00Z,6_1,Control
a4e9,6_1,Control,2025-02-01T21:31:00Z,0.77,15.0703125,15.09375,3.6,2025-02-01T21:40:00Z,6_1,Control
a4e9,6_1,Control,2025-02-01T21:53:00Z,0.77,15.0859375,15.109375,3.6,2025-02-01T22:00:00Z,6_1,Control
a4e9,6_1,Control,2025-02-01T22:14:00Z,0.77,14.7578125,14.78125,3.6,2025-02-01T22:20:00Z,6_1,Control
a4e9,6_1,Control,2025-02-01T22:36:00Z,0.78,14.546875,14.5703125,3.6,2025-02-01T22:40:00Z,6_1,Control
a4e9,6_1,Control,2025-02-01T22:57:00Z,0.79,14.4609375,14.4765625,3.6,2025-02-01T23:00:00Z,6_1,Control
a4e9,6_1,Control,2025-02-01T23:19:00Z,0.78,14.546875,14.5546875,3.59,2025-02-01T23:20:00Z,6_1,Control
a4e9,6_1,Control,2025-02-01T23:40:00Z,0.78,14.4453125,14.46875,3.59,2025-02-01T23:40:00Z,6_1,Control
a4e9,6_1,Control,2025-02-02T00:01:00Z,0.76,14.0703125,14.1015625,3.59,2025-02-02T00:00:00Z,6_1,Control
a4e9,6_1,Control,2025-02-02T00:23:00Z,0.78,13.5546875,13.5703125,3.59,2025-02-02T00:20:00Z,6_1,Control
a4e9,6_1,Control,2025-02-02T00:44:00Z,0.76,13.4609375,13.46875,3.59,2025-02-02T00:40:00Z,6_1,Control
a4e9,6_1,Control,2025-02-02T01:06:00Z,0.76,12.828125,12.8671875,3.59,2025-02-02T01:00:00Z,6_1,Control
a4e9,6_1,Control,2025-02-02T01:27:00Z,0.78,12.390625,12.40625,3.59,2025-02-02T01:20:00Z,6_1,Control
a4e9,6_1,Control,2025-02-02T01:49:00Z,0.78,12.15625,12.171875,3.59,2025-02-02T01:40:00Z,6_1,Control
a4e9,6_1,Control,2025-02-02T02:10:00Z,0.79,12.015625,12.0234375,3.59,2025-02-02T02:00:00Z,6_1,Control
a4e9,6_1,Control,2025-02-02T02:32:00Z,0.8,12.40625,12.3828125,3.58,2025-02-02T02:40:00Z,6_1,Control
a4e9,6_1,Control,2025-02-02T02:53:00Z,0.84,13.4609375,13.3515625,3.59,2025-02-02T03:00:00Z,6_1,Control
a4e9,6_1,Control,2025-02-02T03:15:00Z,0.89,16.0234375,15.5234375,3.59,2025-02-02T03:20:00Z,6_1,Control
a4e9,6_1,Control,2025-02-02T03:36:00Z,0.86,18.5390625,17.7890625,3.59,2025-02-02T03:40:00Z,6_1,Control
a4e9,6_1,Control,2025-02-02T03:58:00Z,0.86,20.234375,19.4375,3.59,2025-02-02T04:00:00Z,6_1,Control
a4e9,6_1,Control,2025-02-02T04:19:00Z,0.84,22.1484375,21.3203125,3.6,2025-02-02T04:20:00Z,6_1,Control
a4e9,6_1,Control,2025-02-02T04:41:00Z,0.84,22.671875,21.921875,3.6,2025-02-02T04:40:00Z,6_1,Control
a4e9,6_1,Control,2025-02-02T05:02:00Z,0.84,23.1796875,22.53125,3.6,2025-02-02T05:00:00Z,6_1,Control
a4e9,6_1,Control,2025-02-02T05:23:00Z,0.81,24.5703125,24.078125,3.61,2025-02-02T05:20:00Z,6_1,Control
a4e9,6_1,Control,2025-02-02T05:45:00Z,0.78,25.0390625,24.7421875,3.61,2025-02-02T05:40:00Z,6_1,Control
a4e9,6_1,Control,2025-02-02T06:06:00Z,0.84,24.640625,24.453125,3.61,2025-02-02T06:00:00Z,6_1,Control
a4e9,6_1,Control,2025-02-02T06:28:00Z,0.83,25.296875,25.1640625,3.61,2025-02-02T06:20:00Z,6_1,Control
a4e9,6_1,Control,2025-02-02T06:49:00Z,0.86,25.9375,25.8359375,3.61,2025-02-02T06:40:00Z,6_1,Control
a4e9,6_1,Control,2025-02-02T07:11:00Z,0.83,26.6640625,26.53125,3.61,2025-02-02T07:20:00Z,6_1,Control
a4e9,6_1,Control,2025-02-02T07:32:00Z,0.85,27.7421875,27.5859375,3.61,2025-02-02T07:40:00Z,6_1,Control
a4e9,6_1,Control,2025-02-02T07:54:00Z,0.87,29.0703125,28.8359375,3.61,2025-02-02T08:00:00Z,6_1,Control
a4e9,6_1,Control,2025-02-02T08:15:00Z,0.84,29.9453125,29.6640625,3.61,2025-02-02T08:20:00Z,6_1,Control
a4e9,6_1,Control,2025-02-02T08:37:00Z,0.85,30.40625,30.1796875,3.61,2025-02-02T08:40:00Z,6_1,Control
a4e9,6_1,Control,2025-02-02T08:58:00Z,0.81,30.734375,30.515625,3.61,2025-02-02T09:00:00Z,6_1,Control
a4e9,6_1,Control,2025-02-02T09:20:00Z,0.81,30.6953125,30.6171875,3.62,2025-02-02T09:20:00Z,6_1,Control
a4e9,6_1,Control,2025-02-02T09:41:00Z,0.86,31.1953125,31.140625,3.62,2025-02-02T09:40:00Z,6_1,Control
a4e9,6_1,Control,2025-02-02T10:03:00Z,0.8,31.21875,31.1640625,3.62,2025-02-02T10:00:00Z,6_1,Control
a4e9,6_1,Control,2025-02-02T10:24:00Z,0.84,31.328125,31.4453125,3.62,2025-02-02T10:20:00Z,6_1,Control
a4e9,6_1,Control,2025-02-02T10:45:00Z,0.85,31.8515625,32,3.62,2025-02-02T10:40:00Z,6_1,Control
a4e9,6_1,Control,2025-02-02T11:07:00Z,0.84,31.625,31.6640625,3.62,2025-02-02T11:00:00Z,6_1,Control
a4e9,6_1,Control,2025-02-02T11:28:00Z,0.84,31.2109375,31.1640625,3.62,2025-02-02T11:20:00Z,6_1,Control
a4e9,6_1,Control,2025-02-02T11:50:00Z,0.84,30.6953125,30.5703125,3.62,2025-02-02T11:40:00Z,6_1,Control
a4e9,6_1,Control,2025-02-02T12:11:00Z,0.81,30.2734375,30.171875,3.62,2025-02-02T12:20:00Z,6_1,Control
a4e9,6_1,Control,2025-02-02T12:33:00Z,0.79,29.7265625,29.7421875,3.62,2025-02-02T12:40:00Z,6_1,Control
a4e9,6_1,Control,2025-02-02T12:54:00Z,0.81,28.8671875,28.9296875,3.62,2025-02-02T13:00:00Z,6_1,Control
a4e9,6_1,Control,2025-02-02T13:16:00Z,0.8,28.2890625,28.3359375,3.62,2025-02-02T13:20:00Z,6_1,Control
a4e9,6_1,Control,2025-02-02T13:37:00Z,0.83,28.0546875,28.1328125,3.62,2025-02-02T13:40:00Z,6_1,Control
a4e9,6_1,Control,2025-02-02T13:59:00Z,0.81,27.609375,27.7109375,3.62,2025-02-02T14:00:00Z,6_1,Control
a4e9,6_1,Control,2025-02-02T14:20:00Z,0.72,25.9921875,26.171875,3.61,2025-02-02T14:20:00Z,6_1,Control
a4e9,6_1,Control,2025-02-02T14:42:00Z,0.76,24.375,24.5859375,3.62,2025-02-02T14:40:00Z,6_1,Control
a4e9,6_1,Control,2025-02-02T15:03:00Z,0.78,22.9296875,23.078125,3.62,2025-02-02T15:00:00Z,6_1,Control
a4e9,6_1,Control,2025-02-02T15:25:00Z,0.74,21.3671875,21.4140625,3.61,2025-02-02T15:20:00Z,6_1,Control
a4e9,6_1,Control,2025-02-02T15:46:00Z,0.73,19.6875,19.75,3.62,2025-02-02T15:40:00Z,6_1,Control
a4e9,6_1,Control,2025-02-02T16:07:00Z,0.74,18.3984375,18.46875,3.61,2025-02-02T16:00:00Z,6_1,Control
a4e9,6_1,Control,2025-02-02T16:29:00Z,0.74,17.21875,17.28125,3.61,2025-02-02T16:20:00Z,6_1,Control
a4e9,6_1,Control,2025-02-02T16:50:00Z,0.78,16.3828125,16.4375,3.6,2025-02-02T16:40:00Z,6_1,Control
a4e9,6_1,Control,2025-02-02T17:12:00Z,0.78,15.9140625,15.96875,3.6,2025-02-02T17:20:00Z,6_1,Control
a4e9,6_1,Control,2025-02-02T17:33:00Z,0.77,15.6875,15.7265625,3.61,2025-02-02T17:40:00Z,6_1,Control
a4e9,6_1,Control,2025-02-02T17:55:00Z,0.77,15.2421875,15.296875,3.59,2025-02-02T18:00:00Z,6_1,Control
a4e9,6_1,Control,2025-02-02T18:16:00Z,0.78,14.671875,14.7265625,3.6,2025-02-02T18:20:00Z,6_1,Control
a4e9,6_1,Control,2025-02-02T18:38:00Z,0.78,14.28125,14.328125,3.59,2025-02-02T18:40:00Z,6_1,Control
a4e9,6_1,Control,2025-02-02T18:59:00Z,0.78,13.734375,13.78125,3.59,2025-02-02T19:00:00Z,6_1,Control
a4e9,6_1,Control,2025-02-02T19:21:00Z,0.76,13.4375,13.484375,3.6,2025-02-02T19:20:00Z,6_1,Control
a4e9,6_1,Control,2025-02-02T19:42:00Z,0.77,13.03125,13.078125,3.59,2025-02-02T19:40:00Z,6_1,Control
a4e9,6_1,Control,2025-02-02T20:04:00Z,0.78,12.6171875,12.6796875,3.59,2025-02-02T20:00:00Z,6_1,Control
a4e9,6_1,Control,2025-02-02T20:25:00Z,0.79,12.3125,12.3828125,3.59,2025-02-02T20:20:00Z,6_1,Control
a4e9,6_1,Control,2025-02-02T20:47:00Z,0.78,12.3671875,12.3984375,3.6,2025-02-02T20:40:00Z,6_1,Control
a4e9,6_1,Control,2025-02-02T21:08:00Z,0.77,12.0078125,12.0546875,3.59,2025-02-02T21:00:00Z,6_1,Control
a4e9,6_1,Control,2025-02-02T21:29:00Z,0.8,11.859375,11.8828125,3.59,2025-02-02T21:20:00Z,6_1,Control
a4e9,6_1,Control,2025-02-02T21:51:00Z,0.78,12.3359375,12.328125,3.59,2025-02-02T22:00:00Z,6_1,Control
a4e9,6_1,Control,2025-02-02T22:12:00Z,0.77,12.09375,12.1484375,3.59,2025-02-02T22:20:00Z,6_1,Control
a4e9,6_1,Control,2025-02-02T22:34:00Z,0.77,11.5546875,11.6328125,3.59,2025-02-02T22:40:00Z,6_1,Control
a4e9,6_1,Control,2025-02-02T22:55:00Z,0.79,11.140625,11.1796875,3.59,2025-02-02T23:00:00Z,6_1,Control
a4e9,6_1,Control,2025-02-02T23:17:00Z,0.78,10.9140625,10.9375,3.59,2025-02-02T23:20:00Z,6_1,Control
a4e9,6_1,Control,2025-02-02T23:38:00Z,0.79,10.75,10.765625,3.59,2025-02-02T23:40:00Z,6_1,Control
a4e9,6_1,Control,2025-02-03T00:00:00Z,0.79,10.921875,10.9296875,3.59,2025-02-03T00:00:00Z,6_1,Control
a4e9,6_1,Control,2025-02-03T00:21:00Z,0.78,10.6328125,10.6484375,3.59,2025-02-03T00:20:00Z,6_1,Control
a4e9,6_1,Control,2025-02-03T00:43:00Z,0.78,10.390625,10.4140625,3.58,2025-02-03T00:40:00Z,6_1,Control
a4e9,6_1,Control,2025-02-03T01:04:00Z,0.79,10.4609375,10.4765625,3.58,2025-02-03T01:00:00Z,6_1,Control
a4e9,6_1,Control,2025-02-03T01:26:00Z,0.77,10.234375,10.265625,3.58,2025-02-03T01:20:00Z,6_1,Control
a4e9,6_1,Control,2025-02-03T01:47:00Z,0.78,10.046875,10.0625,3.58,2025-02-03T01:40:00Z,6_1,Control
a4e9,6_1,Control,2025-02-03T02:09:00Z,0.8,10.3984375,10.375,3.59,2025-02-03T02:00:00Z,6_1,Control
a4e9,6_1,Control,2025-02-03T02:30:00Z,0.79,10.796875,10.78125,3.58,2025-02-03T02:40:00Z,6_1,Control
a4e9,6_1,Control,2025-02-03T02:51:00Z,0.83,11.5546875,11.4609375,3.58,2025-02-03T03:00:00Z,6_1,Control
a4e9,6_1,Control,2025-02-03T03:13:00Z,0.9,13.84375,13.3125,3.59,2025-02-03T03:20:00Z,6_1,Control
a4e9,6_1,Control,2025-02-03T03:34:00Z,0.88,17.203125,16.171875,3.59,2025-02-03T03:40:00Z,6_1,Control
a4e9,6_1,Control,2025-02-03T03:56:00Z,0.8,20.375,19.4765625,3.59,2025-02-03T04:00:00Z,6_1,Control
a4e9,6_1,Control,2025-02-03T04:17:00Z,0.86,22.796875,22.0859375,3.6,2025-02-03T04:20:00Z,6_1,Control
a4e9,6_1,Control,2025-02-03T04:39:00Z,0.78,24.2421875,23.796875,3.61,2025-02-03T04:40:00Z,6_1,Control
a4e9,6_1,Control,2025-02-03T05:00:00Z,0.81,24.5078125,24.2578125,3.61,2025-02-03T05:00:00Z,6_1,Control
a4e9,6_1,Control,2025-02-03T05:22:00Z,0.82,24.90625,24.8203125,3.61,2025-02-03T05:20:00Z,6_1,Control
a4e9,6_1,Control,2025-02-03T05:43:00Z,0.77,25.0859375,25.0234375,3.61,2025-02-03T05:40:00Z,6_1,Control
a4e9,6_1,Control,2025-02-03T06:05:00Z,0.86,24.96875,24.984375,3.61,2025-02-03T06:00:00Z,6_1,Control
a4e9,6_1,Control,2025-02-03T06:26:00Z,0.82,25.6171875,25.546875,3.61,2025-02-03T06:20:00Z,6_1,Control
a4e9,6_1,Control,2025-02-03T06:48:00Z,0.86,26.2890625,26.2265625,3.61,2025-02-03T06:40:00Z,6_1,Control
a4e9,6_1,Control,2025-02-03T07:09:00Z,0.85,27.2578125,27.2421875,3.61,2025-02-03T07:00:00Z,6_1,Control
a4e9,6_1,Control,2025-02-03T07:31:00Z,0.87,29.0859375,28.9765625,3.61,2025-02-03T07:40:00Z,6_1,Control
a4e9,6_1,Control,2025-02-03T07:52:00Z,0.88,30.078125,29.953125,3.61,2025-02-03T08:00:00Z,6_1,Control
a4e9,6_1,Control,2025-02-03T08:13:00Z,0.82,31.734375,31.4921875,3.62,2025-02-03T08:20:00Z,6_1,Control
a4e9,6_1,Control,2025-02-03T08:35:00Z,0.77,32.8828125,32.6953125,3.62,2025-02-03T08:40:00Z,6_1,Control
a4e9,6_1,Control,2025-02-03T08:56:00Z,0.84,33.359375,33.203125,3.62,2025-02-03T09:00:00Z,6_1,Control
a4e9,6_1,Control,2025-02-03T09:18:00Z,0.79,33.8203125,33.8359375,3.62,2025-02-03T09:20:00Z,6_1,Control
a4e9,6_1,Control,2025-02-03T09:39:00Z,0.9,33.875,34.015625,3.62,2025-02-03T09:40:00Z,6_1,Control
a4e9,6_1,Control,2025-02-03T10:01:00Z,0.84,34.4921875,34.5234375,3.62,2025-02-03T10:00:00Z,6_1,Control
a4e9,6_1,Control,2025-02-03T10:22:00Z,0.75,36.1953125,36.421875,3.63,2025-02-03T10:20:00Z,6_1,Control
a4e9,6_1,Control,2025-02-03T10:44:00Z,0.85,36.0859375,36.4609375,3.63,2025-02-03T10:40:00Z,6_1,Control
a4e9,6_1,Control,2025-02-03T11:05:00Z,0.8,36.3515625,36.6640625,3.63,2025-02-03T11:00:00Z,6_1,Control
a4e9,6_1,Control,2025-02-03T11:27:00Z,0.81,35.9765625,36.1015625,3.63,2025-02-03T11:20:00Z,6_1,Control
a4e9,6_1,Control,2025-02-03T11:48:00Z,0.81,35.046875,35.015625,3.63,2025-02-03T11:40:00Z,6_1,Control
a4e9,6_1,Control,2025-02-03T12:10:00Z,0.79,34.1328125,34.0625,3.62,2025-02-03T12:00:00Z,6_1,Control
a4e9,6_1,Control,2025-02-03T12:31:00Z,0.75,33.375,33.4296875,3.62,2025-02-03T12:40:00Z,6_1,Control
a4e9,6_1,Control,2025-02-03T12:53:00Z,0.79,32.3359375,32.4453125,3.63,2025-02-03T13:00:00Z,6_1,Control
a4e9,6_1,Control,2025-02-03T13:14:00Z,0.78,31.796875,31.921875,3.62,2025-02-03T13:20:00Z,6_1,Control
a4e9,6_1,Control,2025-02-03T13:35:00Z,0.8,30.859375,30.9765625,3.63,2025-02-03T13:40:00Z,6_1,Control
a4e9,6_1,Control,2025-02-03T13:57:00Z,0.78,29.6640625,29.7734375,3.62,2025-02-03T14:00:00Z,6_1,Control
a4e9,6_1,Control,2025-02-03T14:18:00Z,0.78,28.8125,28.921875,3.63,2025-02-03T14:20:00Z,6_1,Control
a4e9,6_1,Control,2025-02-03T14:40:00Z,0.75,27.6875,27.8359375,3.62,2025-02-03T14:40:00Z,6_1,Control
a4e9,6_1,Control,2025-02-03T15:01:00Z,0.76,26.09375,26.1953125,3.62,2025-02-03T15:00:00Z,6_1,Control
a4e9,6_1,Control,2025-02-03T15:23:00Z,0.74,24.3046875,24.328125,3.61,2025-02-03T15:20:00Z,6_1,Control
a4e9,6_1,Control,2025-02-03T15:44:00Z,0.76,22.875,22.90625,3.62,2025-02-03T15:40:00Z,6_1,Control
a4e9,6_1,Control,2025-02-03T16:06:00Z,0.78,22.046875,22.0703125,3.62,2025-02-03T16:00:00Z,6_1,Control
a4e9,6_1,Control,2025-02-03T16:27:00Z,0.78,21.640625,21.65625,3.62,2025-02-03T16:20:00Z,6_1,Control
a4e9,6_1,Control,2025-02-03T16:49:00Z,0.78,21.625,21.625,3.61,2025-02-03T16:40:00Z,6_1,Control
a4e9,6_1,Control,2025-02-03T17:10:00Z,0.78,21.359375,21.3671875,3.61,2025-02-03T17:00:00Z,6_1,Control
a4e9,6_1,Control,2025-02-03T17:32:00Z,0.78,21.09375,21.09375,3.61,2025-02-03T17:40:00Z,6_1,Control
a4e9,6_1,Control,2025-02-03T17:53:00Z,0.77,20.8515625,20.859375,3.61,2025-02-03T18:00:00Z,6_1,Control
a4e9,6_1,Control,2025-02-03T18:15:00Z,0.77,20.421875,20.4375,3.61,2025-02-03T18:20:00Z,6_1,Control
a4e9,6_1,Control,2025-02-03T18:36:00Z,0.78,20.0234375,20.0390625,3.61,2025-02-03T18:40:00Z,6_1,Control
a4e9,6_1,Control,2025-02-03T18:57:00Z,0.77,19.703125,19.71875,3.61,2025-02-03T19:00:00Z,6_1,Control
a4e9,6_1,Control,2025-02-03T19:19:00Z,0.78,19.3125,19.328125,3.61,2025-02-03T19:20:00Z,6_1,Control
a4e9,6_1,Control,2025-02-03T19:40:00Z,0.77,19.015625,19.03125,3.6,2025-02-03T19:40:00Z,6_1,Control
a4e9,6_1,Control,2025-02-03T20:02:00Z,0.77,18.84375,18.859375,3.6,2025-02-03T20:00:00Z,6_1,Control
a4e9,6_1,Control,2025-02-03T20:23:00Z,0.78,18.65625,18.671875,3.61,2025-02-03T20:20:00Z,6_1,Control
a4e9,6_1,Control,2025-02-03T20:45:00Z,0.78,18.4453125,18.4609375,3.6,2025-02-03T20:40:00Z,6_1,Control
a4e9,6_1,Control,2025-02-03T21:06:00Z,0.76,18.1875,18.1953125,3.61,2025-02-03T21:00:00Z,6_1,Control
a4e9,6_1,Control,2025-02-03T21:28:00Z,0.75,17.2890625,17.3515625,3.61,2025-02-03T21:20:00Z,6_1,Control
a4e9,6_1,Control,2025-02-03T21:49:00Z,0.76,16.3828125,16.4609375,3.6,2025-02-03T21:40:00Z,6_1,Control
a4e9,6_1,Control,2025-02-03T22:11:00Z,0.8,16.015625,16.0546875,3.6,2025-02-03T22:20:00Z,6_1,Control
a4e9,6_1,Control,2025-02-03T22:32:00Z,0.79,16.5234375,16.5,3.6,2025-02-03T22:40:00Z,6_1,Control
a4e9,6_1,Control,2025-02-03T22:54:00Z,0.77,16.5,16.5078125,3.6,2025-02-03T23:00:00Z,6_1,Control
a4e9,6_1,Control,2025-02-03T23:15:00Z,0.76,15.9140625,15.9609375,3.6,2025-02-03T23:20:00Z,6_1,Control
a4e9,6_1,Control,2025-02-03T23:37:00Z,0.76,15.109375,15.171875,3.6,2025-02-03T23:40:00Z,6_1,Control
a4e9,6_1,Control,2025-02-03T23:58:00Z,0.77,14.46875,14.5234375,3.6,2025-02-04T00:00:00Z,6_1,Control
a4e9,6_1,Control,2025-02-04T00:19:00Z,0.77,14.1484375,14.1953125,3.59,2025-02-04T00:20:00Z,6_1,Control
a4e9,6_1,Control,2025-02-04T00:41:00Z,0.78,13.8125,13.8515625,3.6,2025-02-04T00:40:00Z,6_1,Control
a4e9,6_1,Control,2025-02-04T01:02:00Z,0.77,13.8046875,13.8203125,3.59,2025-02-04T01:00:00Z,6_1,Control
a4e9,6_1,Control,2025-02-04T01:24:00Z,0.76,13.5,13.546875,3.59,2025-02-04T01:20:00Z,6_1,Control
a4e9,6_1,Control,2025-02-04T01:45:00Z,0.77,13.0859375,13.1328125,3.6,2025-02-04T01:40:00Z,6_1,Control
a4e9,6_1,Control,2025-02-04T02:07:00Z,0.79,13.2109375,13.21875,3.6,2025-02-04T02:00:00Z,6_1,Control
a4e9,6_1,Control,2025-02-04T02:28:00Z,0.79,13.3984375,13.390625,3.59,2025-02-04T02:20:00Z,6_1,Control
a4e9,6_1,Control,2025-02-04T02:50:00Z,0.85,14.296875,14.1953125,3.59,2025-02-04T02:40:00Z,6_1,Control
a4e9,6_1,Control,2025-02-04T03:11:00Z,0.93,17.671875,17.0703125,3.59,2025-02-04T03:20:00Z,6_1,Control
a4e9,6_1,Control,2025-02-04T03:33:00Z,0.87,22.1171875,21.203125,3.6,2025-02-04T03:40:00Z,6_1,Control
a4e9,6_1,Control,2025-02-04T03:54:00Z,0.85,25.4140625,24.5234375,3.61,2025-02-04T04:00:00Z,6_1,Control
a4e9,6_1,Control,2025-02-04T04:16:00Z,0.8,27.0546875,26.4140625,3.61,2025-02-04T04:20:00Z,6_1,Control
a4e9,6_1,Control,2025-02-04T04:37:00Z,0.82,27.7421875,27.3359375,3.61,2025-02-04T04:40:00Z,6_1,Control
a4e9,6_1,Control,2025-02-04T04:58:00Z,0.8,28.6171875,28.390625,3.62,2025-02-04T05:00:00Z,6_1,Control
a4e9,6_1,Control,2025-02-04T05:20:00Z,0.81,29.125,29.03125,3.62,2025-02-04T05:20:00Z,6_1,Control
a4e9,6_1,Control,2025-02-04T05:41:00Z,0.78,29.6640625,29.6953125,3.62,2025-02-04T05:40:00Z,6_1,Control
a4e9,6_1,Control,2025-02-04T06:03:00Z,0.81,29.09375,29.203125,3.62,2025-02-04T06:00:00Z,6_1,Control
a4e9,6_1,Control,2025-02-04T06:24:00Z,0.86,29.796875,29.75,3.62,2025-02-04T06:20:00Z,6_1,Control
a4e9,6_1,Control,2025-02-04T06:46:00Z,0.83,30.5078125,30.4140625,3.62,2025-02-04T06:40:00Z,6_1,Control
a4e9,6_1,Control,2025-02-04T07:07:00Z,0.84,31.3515625,31.3125,3.62,2025-02-04T07:00:00Z,6_1,Control
a4e9,6_1,Control,2025-02-04T07:29:00Z,0.86,32.6484375,32.609375,3.62,2025-02-04T07:20:00Z,6_1,Control
a4e9,6_1,Control,2025-02-04T07:50:00Z,0.86,34,33.953125,3.62,2025-02-04T07:40:00Z,6_1,Control
a4e9,6_1,Control,2025-02-04T08:12:00Z,0.85,35.6171875,35.5,3.62,2025-02-04T08:20:00Z,6_1,Control
a4e9,6_1,Control,2025-02-04T08:33:00Z,0.83,36.4375,36.2421875,3.63,2025-02-04T08:40:00Z,6_1,Control
a4e9,6_1,Control,2025-02-04T08:54:00Z,0.75,36.6328125,36.421875,3.63,2025-02-04T09:00:00Z,6_1,Control
a4e9,6_1,Control,2025-02-04T09:16:00Z,0.8,36.703125,36.640625,3.63,2025-02-04T09:20:00Z,6_1,Control
a4e9,6_1,Control,2025-02-04T09:37:00Z,0.81,37.2421875,37.2265625,3.63,2025-02-04T09:40:00Z,6_1,Control
a4e9,6_1,Control,2025-02-04T09:59:00Z,0.79,37.109375,37.0546875,3.63,2025-02-04T10:00:00Z,6_1,Control
a4e9,6_1,Control,2025-02-04T10:20:00Z,0.8,37.375,37.4609375,3.63,2025-02-04T10:20:00Z,6_1,Control
a4e9,6_1,Control,2025-02-04T10:42:00Z,0.76,37.046875,37.3203125,3.62,2025-02-04T10:40:00Z,6_1,Control
a4e9,6_1,Control,2025-02-04T11:03:00Z,0.79,36.953125,37.1875,3.63,2025-02-04T11:00:00Z,6_1,Control
a4e9,6_1,Control,2025-02-04T11:25:00Z,0.85,36.4375,36.5546875,3.63,2025-02-04T11:20:00Z,6_1,Control
a4e9,6_1,Control,2025-02-04T11:46:00Z,0.8,36.296875,36.265625,3.63,2025-02-04T11:40:00Z,6_1,Control
a4e9,6_1,Control,2025-02-04T12:08:00Z,0.78,35.2421875,35.1640625,3.63,2025-02-04T12:00:00Z,6_1,Control
a4e9,6_1,Control,2025-02-04T12:29:00Z,0.77,33.8984375,33.8828125,3.63,2025-02-04T12:20:00Z,6_1,Control
a4e9,6_1,Control,2025-02-04T12:51:00Z,0.77,33.390625,33.484375,3.63,2025-02-04T13:00:00Z,6_1,Control
a4e9,6_1,Control,2025-02-04T13:12:00Z,0.77,32.0234375,32.140625,3.63,2025-02-04T13:20:00Z,6_1,Control
a4e9,6_1,Control,2025-02-04T13:34:00Z,0.79,30.265625,30.3515625,3.62,2025-02-04T13:40:00Z,6_1,Control
a4e9,6_1,Control,2025-02-04T13:55:00Z,0.78,28.890625,28.9453125,3.63,2025-02-04T14:00:00Z,6_1,Control
a4e9,6_1,Control,2025-02-04T14:16:00Z,0.76,27.796875,27.890625,3.63,2025-02-04T14:20:00Z,6_1,Control
a4e9,6_1,Control,2025-02-04T14:38:00Z,0.75,26.3671875,26.46875,3.62,2025-02-04T14:40:00Z,6_1,Control
a4e9,6_1,Control,2025-02-04T14:59:00Z,0.74,24.546875,24.640625,3.62,2025-02-04T15:00:00Z,6_1,Control
a4e9,6_1,Control,2025-02-04T15:21:00Z,0.75,22.65625,22.6875,3.62,2025-02-04T15:20:00Z,6_1,Control
a4e9,6_1,Control,2025-02-04T15:42:00Z,0.75,21.015625,21.0390625,3.62,2025-02-04T15:40:00Z,6_1,Control
a4e9,6_1,Control,2025-02-04T16:04:00Z,0.75,19.875,19.90625,3.61,2025-02-04T16:00:00Z,6_1,Control
a4e9,6_1,Control,2025-02-04T16:25:00Z,0.76,18.9609375,18.984375,3.61,2025-02-04T16:20:00Z,6_1,Control
a4e9,6_1,Control,2025-02-04T16:47:00Z,0.78,18.4296875,18.453125,3.62,2025-02-04T16:40:00Z,6_1,Control
a4e9,6_1,Control,2025-02-04T17:08:00Z,0.78,17.8828125,17.90625,3.61,2025-02-04T17:00:00Z,6_1,Control
a4e9,6_1,Control,2025-02-04T17:30:00Z,0.79,17.5859375,17.6015625,3.61,2025-02-04T17:40:00Z,6_1,Control
a4e9,6_1,Control,2025-02-04T17:51:00Z,0.78,17.390625,17.3984375,3.61,2025-02-04T18:00:00Z,6_1,Control
a4e9,6_1,Control,2025-02-04T18:13:00Z,0.77,17.03125,17.046875,3.61,2025-02-04T18:20:00Z,6_1,Control
a4e9,6_1,Control,2025-02-04T18:34:00Z,0.77,16.6953125,16.7109375,3.6,2025-02-04T18:40:00Z,6_1,Control
a4e9,6_1,Control,2025-02-04T18:56:00Z,0.78,16.6171875,16.6328125,3.61,2025-02-04T19:00:00Z,6_1,Control
a4e9,6_1,Control,2025-02-04T19:17:00Z,0.79,16.546875,16.5625,3.6,2025-02-04T19:20:00Z,6_1,Control
a4e9,6_1,Control,2025-02-04T19:38:00Z,0.79,16.546875,16.5625,3.6,2025-02-04T19:40:00Z,6_1,Control
a4e9,6_1,Control,2025-02-04T20:00:00Z,0.78,16.5703125,16.578125,3.6,2025-02-04T20:00:00Z,6_1,Control
a4e9,6_1,Control,2025-02-04T20:21:00Z,0.79,16.5,16.515625,3.6,2025-02-04T20:20:00Z,6_1,Control
a4e9,6_1,Control,2025-02-04T20:43:00Z,0.77,16.3203125,16.3359375,3.6,2025-02-04T20:40:00Z,6_1,Control
a4e9,6_1,Control,2025-02-04T21:04:00Z,0.78,16.09375,16.109375,3.6,2025-02-04T21:00:00Z,6_1,Control
a4e9,6_1,Control,2025-02-04T21:26:00Z,0.77,15.953125,15.9609375,3.6,2025-02-04T21:20:00Z,6_1,Control
a4e9,6_1,Control,2025-02-04T21:47:00Z,0.77,15.5859375,15.6015625,3.6,2025-02-04T21:40:00Z,6_1,Control
a4e9,6_1,Control,2025-02-04T22:09:00Z,0.77,15.328125,15.3359375,3.6,2025-02-04T22:00:00Z,6_1,Control
a4e9,6_1,Control,2025-02-04T22:30:00Z,0.8,15.2109375,15.2109375,3.6,2025-02-04T22:40:00Z,6_1,Control
a4e9,6_1,Control,2025-02-04T22:52:00Z,0.8,15.734375,15.71875,3.6,2025-02-04T23:00:00Z,6_1,Control
a4e9,6_1,Control,2025-02-04T23:13:00Z,0.74,15.3671875,15.40625,3.6,2025-02-04T23:20:00Z,6_1,Control
a4e9,6_1,Control,2025-02-04T23:35:00Z,0.75,14.1640625,14.2578125,3.6,2025-02-04T23:40:00Z,6_1,Control
a4e9,6_1,Control,2025-02-04T23:56:00Z,0.77,13.296875,13.3671875,3.6,2025-02-05T00:00:00Z,6_1,Control
a4e9,6_1,Control,2025-02-05T00:17:00Z,0.77,12.671875,12.734375,3.6,2025-02-05T00:20:00Z,6_1,Control
a4e9,6_1,Control,2025-02-05T00:39:00Z,0.78,12.71875,12.75,3.59,2025-02-05T00:40:00Z,6_1,Control
a4e9,6_1,Control,2025-02-05T01:00:00Z,0.82,12.96875,12.953125,3.6,2025-02-05T01:00:00Z,6_1,Control
a4e9,6_1,Control,2025-02-05T01:22:00Z,0.79,13.6640625,13.6328125,3.59,2025-02-05T01:20:00Z,6_1,Control
a4e9,6_1,Control,2025-02-05T01:43:00Z,0.8,13.90625,13.8828125,3.59,2025-02-05T01:40:00Z,6_1,Control
a4e9,6_1,Control,2025-02-05T02:05:00Z,0.78,14.0546875,14.0546875,3.59,2025-02-05T02:00:00Z,6_1,Control
a4e9,6_1,Control,2025-02-05T02:26:00Z,0.79,13.8984375,13.890625,3.59,2025-02-05T02:20:00Z,6_1,Control
a4e9,6_1,Control,2025-02-05T02:48:00Z,0.81,13.9375,13.90625,3.59,2025-02-05T02:40:00Z,6_1,Control
a4e9,6_1,Control,2025-02-05T03:09:00Z,0.86,14.921875,14.6953125,3.6,2025-02-05T03:00:00Z,6_1,Control
a4e9,6_1,Control,2025-02-05T03:31:00Z,0.86,16.4765625,16.0625,3.6,2025-02-05T03:40:00Z,6_1,Control
a4e9,6_1,Control,2025-02-05T03:52:00Z,0.84,17.859375,17.375,3.6,2025-02-05T04:00:00Z,6_1,Control
a4e9,6_1,Control,2025-02-05T04:14:00Z,0.86,19.125,18.59375,3.6,2025-02-05T04:20:00Z,6_1,Control
a4e9,6_1,Control,2025-02-05T04:35:00Z,0.86,20.75,20.203125,3.6,2025-02-05T04:40:00Z,6_1,Control
a4e9,6_1,Control,2025-02-05T04:57:00Z,0.84,22.140625,21.6328125,3.61,2025-02-05T05:00:00Z,6_1,Control
a4e9,6_1,Control,2025-02-05T05:18:00Z,0.81,23.3515625,22.984375,3.61,2025-02-05T05:20:00Z,6_1,Control
a4e9,6_1,Control,2025-02-05T05:39:00Z,0.83,23.8203125,23.5390625,3.61,2025-02-05T05:40:00Z,6_1,Control
a4e9,6_1,Control,2025-02-05T06:01:00Z,0.79,24.171875,24.1015625,3.6,2025-02-05T06:00:00Z,6_1,Control
a4e9,6_1,Control,2025-02-05T06:22:00Z,0.72,22.1875,22.15625,3.61,2025-02-05T06:20:00Z,6_1,Control
a4e9,6_1,Control,2025-02-05T06:44:00Z,0.8,20.421875,20.453125,3.6,2025-02-05T06:40:00Z,6_1,Control
a4e9,6_1,Control,2025-02-05T07:05:00Z,0.79,20.046875,20.0625,3.61,2025-02-05T07:00:00Z,6_1,Control
a4e9,6_1,Control,2025-02-05T07:27:00Z,0.75,18.78125,18.8515625,3.61,2025-02-05T07:20:00Z,6_1,Control
a4e9,6_1,Control,2025-02-05T07:48:00Z,0.89,19.546875,19.4765625,3.6,2025-02-05T07:40:00Z,6_1,Control
a4e9,6_1,Control,2025-02-05T08:10:00Z,0.85,22.640625,22.53125,3.6,2025-02-05T08:00:00Z,6_1,Control
a4e9,6_1,Control,2025-02-05T08:31:00Z,0.83,24.421875,24.3046875,3.61,2025-02-05T08:40:00Z,6_1,Control
a4e9,6_1,Control,2025-02-05T08:53:00Z,0.79,24.53125,24.3828125,3.61,2025-02-05T09:00:00Z,6_1,Control
a4e9,6_1,Control,2025-02-05T09:14:00Z,0.83,24.6328125,24.609375,3.61,2025-02-05T09:20:00Z,6_1,Control
a4e9,6_1,Control,2025-02-05T09:36:00Z,0.84,24.9453125,24.953125,3.61,2025-02-05T09:40:00Z,6_1,Control
a4e9,6_1,Control,2025-02-05T09:57:00Z,0.81,25.0859375,25.0625,3.61,2025-02-05T10:00:00Z,6_1,Control
a4e9,6_1,Control,2025-02-05T10:19:00Z,0.81,25.1953125,25.265625,3.61,2025-02-05T10:20:00Z,6_1,Control
a4e9,6_1,Control,2025-02-05T10:40:00Z,0.81,25.515625,25.6953125,3.61,2025-02-05T10:40:00Z,6_1,Control
a4e9,6_1,Control,2025-02-05T11:01:00Z,0.84,25.7578125,25.953125,3.61,2025-02-05T11:00:00Z,6_1,Control
a4e9,6_1,Control,2025-02-05T11:23:00Z,0.83,26.0703125,26.1875,3.61,2025-02-05T11:20:00Z,6_1,Control
a4e9,6_1,Control,2025-02-05T11:44:00Z,0.81,25.3828125,25.375,3.61,2025-02-05T11:40:00Z,6_1,Control
a4e9,6_1,Control,2025-02-05T12:06:00Z,0.78,24.34375,24.2734375,3.61,2025-02-05T12:00:00Z,6_1,Control
a4e9,6_1,Control,2025-02-05T12:27:00Z,0.78,22.6171875,22.625,3.61,2025-02-05T12:20:00Z,6_1,Control
a4e9,6_1,Control,2025-02-05T12:49:00Z,0.8,21.890625,21.984375,3.61,2025-02-05T12:40:00Z,6_1,Control
a4e9,6_1,Control,2025-02-05T13:10:00Z,0.79,21.1171875,21.234375,3.61,2025-02-05T13:00:00Z,6_1,Control
a4e9,6_1,Control,2025-02-05T13:32:00Z,0.77,20.1640625,20.2578125,3.61,2025-02-05T13:40:00Z,6_1,Control
a4e9,6_1,Control,2025-02-05T13:53:00Z,0.77,19.15625,19.2578125,3.61,2025-02-05T14:00:00Z,6_1,Control
a4e9,6_1,Control,2025-02-05T14:15:00Z,0.78,18.109375,18.21875,3.61,2025-02-05T14:20:00Z,6_1,Control
a4e9,6_1,Control,2025-02-05T14:36:00Z,0.76,16.921875,17.046875,3.6,2025-02-05T14:40:00Z,6_1,Control
a4e9,6_1,Control,2025-02-05T14:58:00Z,0.76,15.3125,15.40625,3.59,2025-02-05T15:00:00Z,6_1,Control
a4e9,6_1,Control,2025-02-05T15:19:00Z,0.77,14.1875,14.234375,3.6,2025-02-05T15:20:00Z,6_1,Control
a4e9,6_1,Control,2025-02-05T15:41:00Z,0.76,13.46875,13.5,3.6,2025-02-05T15:40:00Z,6_1,Control
a4e9,6_1,Control,2025-02-05T16:02:00Z,0.77,12.859375,12.8828125,3.6,2025-02-05T16:00:00Z,6_1,Control
a4e9,6_1,Control,2025-02-05T16:23:00Z,0.78,12.421875,12.4453125,3.59,2025-02-05T16:20:00Z,6_1,Control
a4e9,6_1,Control,2025-02-05T16:45:00Z,0.78,12.34375,12.3515625,3.58,2025-02-05T16:40:00Z,6_1,Control
a4e9,6_1,Control,2025-02-05T17:06:00Z,0.78,12.2421875,12.2578125,3.59,2025-02-05T17:00:00Z,6_1,Control
a4e9,6_1,Control,2025-02-05T17:28:00Z,0.78,12.1015625,12.109375,3.58,2025-02-05T17:20:00Z,6_1,Control
a4e9,6_1,Control,2025-02-05T17:49:00Z,0.79,11.921875,11.9296875,3.59,2025-02-05T17:40:00Z,6_1,Control
a4e9,6_1,Control,2025-02-05T18:11:00Z,0.78,11.7578125,11.7734375,3.59,2025-02-05T18:20:00Z,6_1,Control
a4e9,6_1,Control,2025-02-05T18:32:00Z,0.78,11.5390625,11.5546875,3.58,2025-02-05T18:40:00Z,6_1,Control
a4e9,6_1,Control,2025-02-05T18:54:00Z,0.77,11.2890625,11.3125,3.58,2025-02-05T19:00:00Z,6_1,Control
a4e9,6_1,Control,2025-02-05T19:15:00Z,0.78,11.0625,11.078125,3.58,2025-02-05T19:20:00Z,6_1,Control
a4e9,6_1,Control,2025-02-05T19:37:00Z,0.79,10.953125,10.96875,3.58,2025-02-05T19:40:00Z,6_1,Control
a4e9,6_1,Control,2025-02-05T19:58:00Z,0.78,10.8984375,10.9140625,3.59,2025-02-05T20:00:00Z,6_1,Control
a4e9,6_1,Control,2025-02-05T20:20:00Z,0.78,10.8828125,10.890625,3.58,2025-02-05T20:20:00Z,6_1,Control
a4e9,6_1,Control,2025-02-05T20:41:00Z,0.79,10.8984375,10.90625,3.59,2025-02-05T20:40:00Z,6_1,Control
a4e9,6_1,Control,2025-02-05T21:03:00Z,0.78,10.8359375,10.84375,3.58,2025-02-05T21:00:00Z,6_1,Control
a4e9,6_1,Control,2025-02-05T21:24:00Z,0.79,10.9375,10.9453125,3.58,2025-02-05T21:20:00Z,6_1,Control
a4e9,6_1,Control,2025-02-05T21:45:00Z,0.8,11.015625,11.0234375,3.59,2025-02-05T21:40:00Z,6_1,Control
a4e9,6_1,Control,2025-02-05T22:07:00Z,0.79,11.046875,11.0546875,3.58,2025-02-05T22:00:00Z,6_1,Control
a4e9,6_1,Control,2025-02-05T22:28:00Z,0.78,10.984375,11,3.58,2025-02-05T22:20:00Z,6_1,Control
a4e9,6_1,Control,2025-02-05T22:50:00Z,0.79,10.90625,10.9140625,3.58,2025-02-05T22:40:00Z,6_1,Control
a4e9,6_1,Control,2025-02-05T23:11:00Z,0.78,10.84375,10.8515625,3.58,2025-02-05T23:20:00Z,6_1,Control
a4e9,6_1,Control,2025-02-05T23:33:00Z,0.78,10.75,10.7578125,3.59,2025-02-05T23:40:00Z,6_1,Control
a4e9,6_1,Control,2025-02-05T23:54:00Z,0.78,10.7421875,10.7421875,3.58,2025-02-06T00:00:00Z,6_1,Control
a4e9,6_1,Control,2025-02-06T00:16:00Z,0.78,10.8046875,10.8125,3.58,2025-02-06T00:20:00Z,6_1,Control
a4e9,6_1,Control,2025-02-06T00:37:00Z,0.79,10.875,10.8828125,3.58,2025-02-06T00:40:00Z,6_1,Control
a4e9,6_1,Control,2025-02-06T00:59:00Z,0.79,10.9609375,10.9609375,3.58,2025-02-06T01:00:00Z,6_1,Control
a4e9,6_1,Control,2025-02-06T01:20:00Z,0.79,11.0625,11.0703125,3.58,2025-02-06T01:20:00Z,6_1,Control
a4e9,6_1,Control,2025-02-06T01:42:00Z,0.78,11.1953125,11.1953125,3.58,2025-02-06T01:40:00Z,6_1,Control
a4e9,6_1,Control,2025-02-06T02:03:00Z,0.79,11.15625,11.1640625,3.58,2025-02-06T02:00:00Z,6_1,Control
a4e9,6_1,Control,2025-02-06T02:25:00Z,0.78,11.109375,11.1171875,3.59,2025-02-06T02:20:00Z,6_1,Control
a4e9,6_1,Control,2025-02-06T02:46:00Z,0.79,11.0859375,11.09375,3.58,2025-02-06T02:40:00Z,6_1,Control
a4e9,6_1,Control,2025-02-06T03:07:00Z,0.79,11.0546875,11.0625,3.58,2025-02-06T03:00:00Z,6_1,Control
a4e9,6_1,Control,2025-02-06T03:29:00Z,0.79,11.1640625,11.1640625,3.59,2025-02-06T03:20:00Z,6_1,Control
a4e9,6_1,Control,2025-02-06T03:50:00Z,0.79,11.5390625,11.5234375,3.58,2025-02-06T03:40:00Z,6_1,Control
a4e9,6_1,Control,2025-02-06T04:12:00Z,0.77,11.8125,11.8046875,3.58,2025-02-06T04:20:00Z,6_1,Control
a4e9,6_1,Control,2025-02-06T04:33:00Z,0.8,12.1328125,12.109375,3.59,2025-02-06T04:40:00Z,6_1,Control
a4e9,6_1,Control,2025-02-06T04:55:00Z,0.79,12.59375,12.5625,3.58,2025-02-06T05:00:00Z,6_1,Control
a4e9,6_1,Control,2025-02-06T05:16:00Z,0.78,12.6953125,12.6953125,3.59,2025-02-06T05:20:00Z,6_1,Control
a4e9,6_1,Control,2025-02-06T05:38:00Z,0.8,12.7265625,12.7265625,3.58,2025-02-06T05:40:00Z,6_1,Control
a4e9,6_1,Control,2025-02-06T05:59:00Z,0.8,13.1640625,13.1484375,3.59,2025-02-06T06:00:00Z,6_1,Control
a4e9,6_1,Control,2025-02-06T06:21:00Z,0.8,13.640625,13.609375,3.59,2025-02-06T06:20:00Z,6_1,Control
a4e9,6_1,Control,2025-02-06T06:42:00Z,0.81,14.0234375,14,3.59,2025-02-06T06:40:00Z,6_1,Control
a4e9,6_1,Control,2025-02-06T07:04:00Z,0.8,14.8125,14.7734375,3.59,2025-02-06T07:00:00Z,6_1,Control
a4e9,6_1,Control,2025-02-06T07:25:00Z,0.82,15.5546875,15.515625,3.59,2025-02-06T07:20:00Z,6_1,Control
a4e9,6_1,Control,2025-02-06T07:47:00Z,0.83,17.3515625,17.28125,3.6,2025-02-06T07:40:00Z,6_1,Control
a4e9,6_1,Control,2025-02-06T08:08:00Z,0.83,18.921875,18.8984375,3.59,2025-02-06T08:00:00Z,6_1,Control
a4e9,6_1,Control,2025-02-06T08:29:00Z,0.88,21.140625,21.0859375,3.6,2025-02-06T08:20:00Z,6_1,Control
a4e9,6_1,Control,2025-02-06T08:51:00Z,0.82,23.375,23.28125,3.6,2025-02-06T09:00:00Z,6_1,Control
a4e9,6_1,Control,2025-02-06T09:12:00Z,0.83,24.03125,24.1328125,3.61,2025-02-06T09:20:00Z,6_1,Control
a4e9,6_1,Control,2025-02-06T09:34:00Z,0.86,24.6328125,24.734375,3.6,2025-02-06T09:40:00Z,6_1,Control
a4e9,6_1,Control,2025-02-06T09:55:00Z,0.83,26.3828125,26.390625,3.6,2025-02-06T10:00:00Z,6_1,Control
a4e9,6_1,Control,2025-02-06T10:17:00Z,0.81,26.5,26.6875,3.61,2025-02-06T10:20:00Z,6_1,Control
a4e9,6_1,Control,2025-02-06T10:38:00Z,0.82,26.9140625,27.1953125,3.61,2025-02-06T10:40:00Z,6_1,Control
a4e9,6_1,Control,2025-02-06T11:00:00Z,0.85,27.6328125,27.9609375,3.61,2025-02-06T11:00:00Z,6_1,Control
a4e9,6_1,Control,2025-02-06T11:21:00Z,0.81,28.2109375,28.5,3.61,2025-02-06T11:20:00Z,6_1,Control
a4e9,6_1,Control,2025-02-06T11:43:00Z,0.83,27.7734375,27.9140625,3.61,2025-02-06T11:40:00Z,6_1,Control
a4e9,6_1,Control,2025-02-06T12:04:00Z,0.78,27.6953125,27.6953125,3.61,2025-02-06T12:00:00Z,6_1,Control
a4e9,6_1,Control,2025-02-06T12:26:00Z,0.79,27.0234375,27.0625,3.61,2025-02-06T12:20:00Z,6_1,Control
a4e9,6_1,Control,2025-02-06T12:47:00Z,0.81,26.4921875,26.6015625,3.61,2025-02-06T12:40:00Z,6_1,Control
a4e9,6_1,Control,2025-02-06T13:09:00Z,0.81,26.3125,26.4375,3.61,2025-02-06T13:00:00Z,6_1,Control
a4e9,6_1,Control,2025-02-06T13:30:00Z,0.77,25.765625,25.8515625,3.61,2025-02-06T13:40:00Z,6_1,Control
a4e9,6_1,Control,2025-02-06T13:51:00Z,0.79,24.96875,25.0546875,3.61,2025-02-06T14:00:00Z,6_1,Control
a4e9,6_1,Control,2025-02-06T14:13:00Z,0.77,24.3984375,24.5,3.61,2025-02-06T14:20:00Z,6_1,Control
a4e9,6_1,Control,2025-02-06T14:34:00Z,0.78,23.3828125,23.5390625,3.61,2025-02-06T14:40:00Z,6_1,Control
a4e9,6_1,Control,2025-02-06T14:56:00Z,0.76,22.203125,22.3515625,3.61,2025-02-06T15:00:00Z,6_1,Control
a4e9,6_1,Control,2025-02-06T15:17:00Z,0.75,20.7109375,20.78125,3.61,2025-02-06T15:20:00Z,6_1,Control
a4e9,6_1,Control,2025-02-06T15:39:00Z,0.75,19.2578125,19.296875,3.6,2025-02-06T15:40:00Z,6_1,Control
a4e9,6_1,Control,2025-02-06T16:00:00Z,0.75,18.265625,18.296875,3.6,2025-02-06T16:00:00Z,6_1,Control
a4e9,6_1,Control,2025-02-06T16:22:00Z,0.77,17.5390625,17.5703125,3.6,2025-02-06T16:20:00Z,6_1,Control
a4e9,6_1,Control,2025-02-06T16:43:00Z,0.78,16.984375,17.015625,3.6,2025-02-06T16:40:00Z,6_1,Control
a4e9,6_1,Control,2025-02-06T17:05:00Z,0.78,16.546875,16.578125,3.6,2025-02-06T17:00:00Z,6_1,Control
a4e9,6_1,Control,2025-02-06T17:26:00Z,0.76,16.1640625,16.1875,3.6,2025-02-06T17:20:00Z,6_1,Control
a4e9,6_1,Control,2025-02-06T17:48:00Z,0.78,15.96875,15.984375,3.59,2025-02-06T17:40:00Z,6_1,Control
a4e9,6_1,Control,2025-02-06T18:09:00Z,0.78,15.8359375,15.84375,3.59,2025-02-06T18:00:00Z,6_1,Control
a4e9,6_1,Control,2025-02-06T18:31:00Z,0.78,15.640625,15.65625,3.6,2025-02-06T18:40:00Z,6_1,Control
a4e9,6_1,Control,2025-02-06T18:52:00Z,0.78,15.46875,15.4921875,3.6,2025-02-06T19:00:00Z,6_1,Control
a4e9,6_1,Control,2025-02-06T19:13:00Z,0.78,15.25,15.2578125,3.59,2025-02-06T19:20:00Z,6_1,Control
a4e9,6_1,Control,2025-02-06T19:35:00Z,0.76,14.8671875,14.890625,3.59,2025-02-06T19:40:00Z,6_1,Control
a4e9,6_1,Control,2025-02-06T19:56:00Z,0.76,14.171875,14.234375,3.59,2025-02-06T20:00:00Z,6_1,Control
a4e9,6_1,Control,2025-02-06T20:18:00Z,0.77,13.6328125,13.6875,3.59,2025-02-06T20:20:00Z,6_1,Control
a4e9,6_1,Control,2025-02-06T20:39:00Z,0.78,13.3359375,13.375,3.59,2025-02-06T20:40:00Z,6_1,Control
a4e9,6_1,Control,2025-02-06T21:01:00Z,0.77,13.0703125,13.109375,3.59,2025-02-06T21:00:00Z,6_1,Control
a4e9,6_1,Control,2025-02-06T21:22:00Z,0.77,12.84375,12.875,3.59,2025-02-06T21:20:00Z,6_1,Control
a4e9,6_1,Control,2025-02-06T21:44:00Z,0.78,12.6015625,12.6328125,3.58,2025-02-06T21:40:00Z,6_1,Control
a4e9,6_1,Control,2025-02-06T22:05:00Z,0.8,12.5,12.5234375,3.59,2025-02-06T22:00:00Z,6_1,Control
a4e9,6_1,Control,2025-02-06T22:27:00Z,0.77,12.3828125,12.4140625,3.58,2025-02-06T22:20:00Z,6_1,Control
a4e9,6_1,Control,2025-02-06T22:48:00Z,0.79,12.4296875,12.4375,3.58,2025-02-06T22:40:00Z,6_1,Control
a4e9,6_1,Control,2025-02-06T23:10:00Z,0.78,12.7890625,12.78125,3.58,2025-02-06T23:00:00Z,6_1,Control
a4e9,6_1,Control,2025-02-06T23:31:00Z,0.78,12.78125,12.8046875,3.59,2025-02-06T23:40:00Z,6_1,Control
a4e9,6_1,Control,2025-02-06T23:53:00Z,0.79,12.578125,12.6015625,3.59,2025-02-07T00:00:00Z,6_1,Control
a4e9,6_1,Control,2025-02-07T00:14:00Z,0.78,12.703125,12.71875,3.58,2025-02-07T00:20:00Z,6_1,Control
a4e9,6_1,Control,2025-02-07T00:35:00Z,0.79,12.6796875,12.6875,3.59,2025-02-07T00:40:00Z,6_1,Control
a4e9,6_1,Control,2025-02-07T00:57:00Z,0.78,12.8671875,12.8671875,3.58,2025-02-07T01:00:00Z,6_1,Control
a4e9,6_1,Control,2025-02-07T01:18:00Z,0.78,13.109375,13.09375,3.58,2025-02-07T01:20:00Z,6_1,Control
a4e9,6_1,Control,2025-02-07T01:40:00Z,0.77,13.0703125,13.0703125,3.59,2025-02-07T01:40:00Z,6_1,Control
a4e9,6_1,Control,2025-02-07T02:01:00Z,0.79,12.984375,12.984375,3.59,2025-02-07T02:00:00Z,6_1,Control
a4e9,6_1,Control,2025-02-07T02:23:00Z,0.79,13.15625,13.140625,3.59,2025-02-07T02:20:00Z,6_1,Control
a4e9,6_1,Control,2025-02-07T02:44:00Z,0.82,13.53125,13.484375,3.59,2025-02-07T02:40:00Z,6_1,Control
a4e9,6_1,Control,2025-02-07T03:06:00Z,0.89,15.0390625,14.75,3.59,2025-02-07T03:00:00Z,6_1,Control
a4e9,6_1,Control,2025-02-07T03:27:00Z,0.87,17.84375,17.171875,3.59,2025-02-07T03:20:00Z,6_1,Control
a4e9,6_1,Control,2025-02-07T03:49:00Z,0.83,20.546875,19.8125,3.59,2025-02-07T03:40:00Z,6_1,Control
a4e9,6_1,Control,2025-02-07T04:10:00Z,0.84,22.7734375,22.1328125,3.6,2025-02-07T04:00:00Z,6_1,Control
a4e9,6_1,Control,2025-02-07T04:32:00Z,0.78,24.28125,23.7734375,3.6,2025-02-07T04:40:00Z,6_1,Control
a4e9,6_1,Control,2025-02-07T04:53:00Z,0.83,25.2734375,24.8359375,3.6,2025-02-07T05:00:00Z,6_1,Control
a4e9,6_1,Control,2025-02-07T05:15:00Z,0.81,25.8671875,25.5703125,3.61,2025-02-07T05:20:00Z,6_1,Control
a4e9,6_1,Control,2025-02-07T05:36:00Z,0.78,26.4140625,26.203125,3.61,2025-02-07T05:40:00Z,6_1,Control
a4e9,6_1,Control,2025-02-07T05:57:00Z,0.78,26.03125,26.0625,3.61,2025-02-07T06:00:00Z,6_1,Control
a4e9,6_1,Control,2025-02-07T06:19:00Z,0.85,26.140625,26.0703125,3.61,2025-02-07T06:20:00Z,6_1,Control
a4e9,6_1,Control,2025-02-07T06:40:00Z,0.83,27.3203125,27.203125,3.61,2025-02-07T06:40:00Z,6_1,Control
a4e9,6_1,Control,2025-02-07T07:02:00Z,0.85,28.578125,28.4453125,3.61,2025-02-07T07:00:00Z,6_1,Control
a4e9,6_1,Control,2025-02-07T07:23:00Z,0.85,30.09375,29.9921875,3.61,2025-02-07T07:20:00Z,6_1,Control
a4e9,6_1,Control,2025-02-07T07:45:00Z,0.85,31.71875,31.5703125,3.61,2025-02-07T07:40:00Z,6_1,Control
a4e9,6_1,Control,2025-02-07T08:06:00Z,0.81,32.546875,32.421875,3.62,2025-02-07T08:00:00Z,6_1,Control
a4e9,6_1,Control,2025-02-07T08:28:00Z,0.82,33.546875,33.453125,3.61,2025-02-07T08:20:00Z,6_1,Control
a4e9,6_1,Control,2025-02-07T08:49:00Z,0.8,34.7578125,34.625,3.62,2025-02-07T08:40:00Z,6_1,Control
a4e9,6_1,Control,2025-02-07T09:11:00Z,0.82,35.34375,35.359375,3.62,2025-02-07T09:20:00Z,6_1,Control
a4e9,6_1,Control,2025-02-07T09:32:00Z,0.85,35.9453125,35.9375,3.62,2025-02-07T09:40:00Z,6_1,Control
a4e9,6_1,Control,2025-02-07T09:54:00Z,0.82,36.625,36.6015625,3.62,2025-02-07T10:00:00Z,6_1,Control
a4e9,6_1,Control,2025-02-07T10:15:00Z,0.76,37.3984375,37.4765625,3.63,2025-02-07T10:20:00Z,6_1,Control
a4e9,6_1,Control,2025-02-07T10:36:00Z,0.82,38.203125,38.3671875,3.63,2025-02-07T10:40:00Z,6_1,Control
a4e9,6_1,Control,2025-02-07T10:58:00Z,0.74,36.8828125,37.015625,3.63,2025-02-07T11:00:00Z,6_1,Control
a4e9,6_1,Control,2025-02-07T11:19:00Z,0.87,36.9765625,36.90625,3.63,2025-02-07T11:20:00Z,6_1,Control
a4e9,6_1,Control,2025-02-07T11:41:00Z,0.83,39.328125,39.2578125,3.62,2025-02-07T11:40:00Z,6_1,Control
a4e9,6_1,Control,2025-02-07T12:02:00Z,0.79,38.9296875,38.8828125,3.63,2025-02-07T12:00:00Z,6_1,Control
a4e9,6_1,Control,2025-02-07T12:24:00Z,0.78,38.6484375,38.5703125,3.63,2025-02-07T12:20:00Z,6_1,Control
a4e9,6_1,Control,2025-02-07T12:45:00Z,0.68,37.03125,37.0546875,3.63,2025-02-07T12:40:00Z,6_1,Control
a4e9,6_1,Control,2025-02-07T13:07:00Z,0.78,35.7109375,35.7109375,3.63,2025-02-07T13:00:00Z,6_1,Control
a4e9,6_1,Control,2025-02-07T13:28:00Z,0.82,35.671875,35.671875,3.63,2025-02-07T13:20:00Z,6_1,Control
a4e9,6_1,Control,2025-02-07T13:50:00Z,0.78,35.7265625,35.7578125,3.63,2025-02-07T13:40:00Z,6_1,Control
a4e9,6_1,Control,2025-02-07T14:11:00Z,0.75,35.203125,35.2578125,3.63,2025-02-07T14:20:00Z,6_1,Control
a4e9,6_1,Control,2025-02-07T14:33:00Z,0.76,33.9296875,34.015625,3.63,2025-02-07T14:40:00Z,6_1,Control
a4e9,6_1,Control,2025-02-07T14:54:00Z,0.73,32.515625,32.578125,3.63,2025-02-07T15:00:00Z,6_1,Control
a4e9,6_1,Control,2025-02-07T15:16:00Z,0.74,30.8359375,30.8359375,3.63,2025-02-07T15:20:00Z,6_1,Control
a4e9,6_1,Control,2025-02-07T15:37:00Z,0.74,29.2109375,29.203125,3.62,2025-02-07T15:40:00Z,6_1,Control
a4e9,6_1,Control,2025-02-07T15:58:00Z,0.74,27.53125,27.5625,3.62,2025-02-07T16:00:00Z,6_1,Control
a4e9,6_1,Control,2025-02-07T16:20:00Z,0.77,26.328125,26.34375,3.62,2025-02-07T16:20:00Z,6_1,Control
a4e9,6_1,Control,2025-02-07T16:41:00Z,0.78,25.5703125,25.5703125,3.62,2025-02-07T16:40:00Z,6_1,Control
a4e9,6_1,Control,2025-02-07T17:03:00Z,0.78,25.1796875,25.1640625,3.62,2025-02-07T17:00:00Z,6_1,Control
a4e9,6_1,Control,2025-02-07T17:24:00Z,0.75,24.71875,24.7265625,3.62,2025-02-07T17:20:00Z,6_1,Control
a4e9,6_1,Control,2025-02-07T17:46:00Z,0.8,24.09375,24.0859375,3.62,2025-02-07T17:40:00Z,6_1,Control
a4e9,6_1,Control,2025-02-07T18:07:00Z,0.78,24.234375,24.2109375,3.62,2025-02-07T18:00:00Z,6_1,Control
a4e9,6_1,Control,2025-02-07T18:29:00Z,0.76,23.640625,23.6640625,3.62,2025-02-07T18:20:00Z,6_1,Control
a4e9,6_1,Control,2025-02-07T18:50:00Z,0.76,22.9921875,23.0078125,3.62,2025-02-07T18:40:00Z,6_1,Control
a4e9,6_1,Control,2025-02-07T19:12:00Z,0.78,22.28125,22.296875,3.62,2025-02-07T19:20:00Z,6_1,Control
a4e9,6_1,Control,2025-02-07T19:33:00Z,0.79,22.078125,22.0859375,3.62,2025-02-07T19:40:00Z,6_1,Control
a4e9,6_1,Control,2025-02-07T19:55:00Z,0.76,21.578125,21.6015625,3.61,2025-02-07T20:00:00Z,6_1,Control
a4e9,6_1,Control,2025-02-07T20:16:00Z,0.79,21.25,21.25,3.62,2025-02-07T20:20:00Z,6_1,Control
a4e9,6_1,Control,2025-02-07T20:38:00Z,0.79,20.8515625,20.8515625,3.61,2025-02-07T20:40:00Z,6_1,Control
a4e9,6_1,Control,2025-02-07T20:59:00Z,0.78,20.4609375,20.46875,3.61,2025-02-07T21:00:00Z,6_1,Control
a4e9,6_1,Control,2025-02-07T21:20:00Z,0.77,20.1328125,20.140625,3.61,2025-02-07T21:20:00Z,6_1,Control
a4e9,6_1,Control,2025-02-07T21:42:00Z,0.78,19.8671875,19.8671875,3.6,2025-02-07T21:40:00Z,6_1,Control
a4e9,6_1,Control,2025-02-07T22:03:00Z,0.77,19.7421875,19.7421875,3.61,2025-02-07T22:00:00Z,6_1,Control
a4e9,6_1,Control,2025-02-07T22:25:00Z,0.78,19.6171875,19.6171875,3.61,2025-02-07T22:20:00Z,6_1,Control
a4e9,6_1,Control,2025-02-07T22:46:00Z,0.78,19.53125,19.5234375,3.61,2025-02-07T22:40:00Z,6_1,Control
a4e9,6_1,Control,2025-02-07T23:08:00Z,0.79,19.6015625,19.578125,3.61,2025-02-07T23:00:00Z,6_1,Control
a4e9,6_1,Control,2025-02-07T23:29:00Z,0.79,19.90625,19.875,3.61,2025-02-07T23:20:00Z,6_1,Control
a4e9,6_1,Control,2025-02-07T23:51:00Z,0.77,19.7890625,19.7734375,3.6,2025-02-08T00:00:00Z,6_1,Control
a4e9,6_1,Control,2025-02-08T00:12:00Z,0.8,19.9375,19.8984375,3.61,2025-02-08T00:20:00Z,6_1,Control
a4e9,6_1,Control,2025-02-08T00:34:00Z,0.79,20.28125,20.25,3.61,2025-02-08T00:40:00Z,6_1,Control
a4e9,6_1,Control,2025-02-08T00:55:00Z,0.75,20.1171875,20.1015625,3.61,2025-02-08T01:00:00Z,6_1,Control
a4e9,6_1,Control,2025-02-08T01:17:00Z,0.76,19.515625,19.5,3.6,2025-02-08T01:20:00Z,6_1,Control
a4e9,6_1,Control,2025-02-08T01:38:00Z,0.77,18.6875,18.6875,3.61,2025-02-08T01:40:00Z,6_1,Control
a4e9,6_1,Control,2025-02-08T02:00:00Z,0.75,17.7421875,17.7734375,3.61,2025-02-08T02:00:00Z,6_1,Control
a4e9,6_1,Control,2025-02-08T02:21:00Z,0.78,17.390625,17.3984375,3.6,2025-02-08T02:20:00Z,6_1,Control
a4e9,6_1,Control,2025-02-08T02:42:00Z,0.8,16.9375,16.9296875,3.61,2025-02-08T02:40:00Z,6_1,Control
a4e9,6_1,Control,2025-02-08T03:04:00Z,0.87,17.7890625,17.6171875,3.6,2025-02-08T03:00:00Z,6_1,Control
a4e9,6_1,Control,2025-02-08T03:25:00Z,0.9,21.3046875,20.609375,3.61,2025-02-08T03:20:00Z,6_1,Control
a4e9,6_1,Control,2025-02-08T03:47:00Z,0.84,25.2421875,24.21875,3.61,2025-02-08T03:40:00Z,6_1,Control
a4e9,6_1,Control,2025-02-08T04:08:00Z,0.85,27.6484375,26.6953125,3.6,2025-02-08T04:00:00Z,6_1,Control
a4e9,6_1,Control,2025-02-08T04:30:00Z,0.82,29.328125,28.65625,3.62,2025-02-08T04:40:00Z,6_1,Control
a4e9,6_1,Control,2025-02-08T04:51:00Z,0.82,30.1015625,29.5,3.61,2025-02-08T05:00:00Z,6_1,Control
a4e9,6_1,Control,2025-02-08T05:13:00Z,0.84,30.1796875,29.890625,3.61,2025-02-08T05:20:00Z,6_1,Control
a4e9,6_1,Control,2025-02-08T05:34:00Z,0.77,31.1875,30.9453125,3.61,2025-02-08T05:40:00Z,6_1,Control
a4e9,6_1,Control,2025-02-08T05:56:00Z,0.79,30.625,30.6171875,3.61,2025-02-08T06:00:00Z,6_1,Control
a4e9,6_1,Control,2025-02-08T06:17:00Z,0.85,30.7109375,30.6015625,3.61,2025-02-08T06:20:00Z,6_1,Control
a4e9,6_1,Control,2025-02-08T06:39:00Z,0.82,31.578125,31.3671875,3.62,2025-02-08T06:40:00Z,6_1,Control
a4e9,6_1,Control,2025-02-08T07:00:00Z,0.84,32.078125,31.9375,3.62,2025-02-08T07:00:00Z,6_1,Control
a4e9,6_1,Control,2025-02-08T07:22:00Z,0.83,32.9609375,32.7890625,3.62,2025-02-08T07:20:00Z,6_1,Control
a4e9,6_1,Control,2025-02-08T07:43:00Z,0.82,33.75,33.53125,3.62,2025-02-08T07:40:00Z,6_1,Control
a4e9,6_1,Control,2025-02-08T08:04:00Z,0.81,34.7109375,34.46875,3.62,2025-02-08T08:00:00Z,6_1,Control
a4e9,6_1,Control,2025-02-08T08:26:00Z,0.84,35.015625,34.8828125,3.63,2025-02-08T08:20:00Z,6_1,Control
a4e9,6_1,Control,2025-02-08T08:47:00Z,0.79,35.0546875,34.90625,3.62,2025-02-08T08:40:00Z,6_1,Control
a4e9,6_1,Control,2025-02-08T09:09:00Z,0.83,35.5625,35.5546875,3.63,2025-02-08T09:00:00Z,6_1,Control
a4e9,6_1,Control,2025-02-08T09:30:00Z,0.82,35.65625,35.625,3.63,2025-02-08T09:40:00Z,6_1,Control
a4e9,6_1,Control,2025-02-08T09:52:00Z,0.8,36.21875,36.1953125,3.62,2025-02-08T10:00:00Z,6_1,Control
a4e9,6_1,Control,2025-02-08T10:13:00Z,0.78,36.46875,36.5234375,3.63,2025-02-08T10:20:00Z,6_1,Control
a4e9,6_1,Control,2025-02-08T10:35:00Z,0.83,36.8203125,37.0234375,3.63,2025-02-08T10:40:00Z,6_1,Control
a4e9,6_1,Control,2025-02-08T10:56:00Z,0.83,37.359375,37.6484375,3.62,2025-02-08T11:00:00Z,6_1,Control
a4e9,6_1,Control,2025-02-08T11:18:00Z,0.82,37.0234375,37.15625,3.63,2025-02-08T11:20:00Z,6_1,Control
a4e9,6_1,Control,2025-02-08T11:39:00Z,0.8,36.3828125,36.3203125,3.63,2025-02-08T11:40:00Z,6_1,Control
a4e9,6_1,Control,2025-02-08T12:01:00Z,0.79,35.453125,35.3359375,3.63,2025-02-08T12:00:00Z,6_1,Control
a4e9,6_1,Control,2025-02-08T12:22:00Z,0.77,34.4765625,34.3828125,3.63,2025-02-08T12:20:00Z,6_1,Control
a4e9,6_1,Control,2025-02-08T12:44:00Z,0.77,33.625,33.640625,3.63,2025-02-08T12:40:00Z,6_1,Control
a4e9,6_1,Control,2025-02-08T13:05:00Z,0.78,32.5234375,32.6015625,3.63,2025-02-08T13:00:00Z,6_1,Control
a4e9,6_1,Control,2025-02-08T13:26:00Z,0.78,31.25,31.3203125,3.63,2025-02-08T13:20:00Z,6_1,Control
a4e9,6_1,Control,2025-02-08T13:48:00Z,0.78,29.9609375,30.015625,3.63,2025-02-08T13:40:00Z,6_1,Control
a4e9,6_1,Control,2025-02-08T14:09:00Z,0.77,28.6875,28.734375,3.63,2025-02-08T14:00:00Z,6_1,Control
a4e9,6_1,Control,2025-02-08T14:31:00Z,0.76,27.484375,27.5859375,3.62,2025-02-08T14:40:00Z,6_1,Control
a4e9,6_1,Control,2025-02-08T14:52:00Z,0.75,26.09375,26.2265625,3.63,2025-02-08T15:00:00Z,6_1,Control
a4e9,6_1,Control,2025-02-08T15:14:00Z,0.73,23.8828125,23.8984375,3.62,2025-02-08T15:20:00Z,6_1,Control
a4e9,6_1,Control,2025-02-08T15:35:00Z,0.75,21.9375,21.96875,3.62,2025-02-08T15:40:00Z,6_1,Control
a4e9,6_1,Control,2025-02-08T15:57:00Z,0.75,20.5703125,20.609375,3.62,2025-02-08T16:00:00Z,6_1,Control
a4e9,6_1,Control,2025-02-08T16:18:00Z,0.76,19.3984375,19.4609375,3.61,2025-02-08T16:20:00Z,6_1,Control
a4e9,6_1,Control,2025-02-08T16:40:00Z,0.76,18.40625,18.46875,3.62,2025-02-08T16:40:00Z,6_1,Control
a4e9,6_1,Control,2025-02-08T17:01:00Z,0.77,17.546875,17.6015625,3.62,2025-02-08T17:00:00Z,6_1,Control
a4e9,6_1,Control,2025-02-08T17:23:00Z,0.79,16.8515625,16.9140625,3.61,2025-02-08T17:20:00Z,6_1,Control
a4e9,6_1,Control,2025-02-08T17:44:00Z,0.78,16.3984375,16.4609375,3.61,2025-02-08T17:40:00Z,6_1,Control
a4e9,6_1,Control,2025-02-08T18:06:00Z,0.77,16.1171875,16.1484375,3.61,2025-02-08T18:00:00Z,6_1,Control
a4e9,6_1,Control,2025-02-08T18:27:00Z,0.78,15.890625,15.921875,3.61,2025-02-08T18:20:00Z,6_1,Control
a4e9,6_1,Control,2025-02-08T18:48:00Z,0.77,15.6015625,15.6328125,3.61,2025-02-08T18:40:00Z,6_1,Control
a4e9,6_1,Control,2025-02-08T19:10:00Z,0.78,15.203125,15.2421875,3.6,2025-02-08T19:00:00Z,6_1,Control
a4e9,6_1,Control,2025-02-08T19:31:00Z,0.78,14.8828125,14.90625,3.61,2025-02-08T19:40:00Z,6_1,Control
a4e9,6_1,Control,2025-02-08T19:53:00Z,0.78,14.65625,14.6796875,3.6,2025-02-08T20:00:00Z,6_1,Control
a4e9,6_1,Control,2025-02-08T20:14:00Z,0.78,14.46875,14.4921875,3.6,2025-02-08T20:20:00Z,6_1,Control
a4e9,6_1,Control,2025-02-08T20:36:00Z,0.79,14.3828125,14.3984375,3.6,2025-02-08T20:40:00Z,6_1,Control
a4e9,6_1,Control,2025-02-08T20:57:00Z,0.8,14.375,14.390625,3.6,2025-02-08T21:00:00Z,6_1,Control
a4e9,6_1,Control,2025-02-08T21:19:00Z,0.79,14.4375,14.4453125,3.6,2025-02-08T21:20:00Z,6_1,Control
a4e9,6_1,Control,2025-02-08T21:40:00Z,0.78,14.4765625,14.4765625,3.6,2025-02-08T21:40:00Z,6_1,Control
a4e9,6_1,Control,2025-02-08T22:02:00Z,0.79,14.34375,14.3671875,3.6,2025-02-08T22:00:00Z,6_1,Control
a4e9,6_1,Control,2025-02-08T22:23:00Z,0.78,14.1015625,14.1328125,3.6,2025-02-08T22:20:00Z,6_1,Control
a4e9,6_1,Control,2025-02-08T22:45:00Z,0.77,14,14.015625,3.6,2025-02-08T22:40:00Z,6_1,Control
a4e9,6_1,Control,2025-02-08T23:06:00Z,0.77,13.96875,13.9765625,3.59,2025-02-08T23:00:00Z,6_1,Control
a4e9,6_1,Control,2025-02-08T23:28:00Z,0.78,13.8828125,13.8984375,3.6,2025-02-08T23:20:00Z,6_1,Control
a4e9,6_1,Control,2025-02-08T23:49:00Z,0.78,13.703125,13.71875,3.59,2025-02-08T23:40:00Z,6_1,Control
a4e9,6_1,Control,2025-02-09T00:10:00Z,0.78,13.5859375,13.6015625,3.59,2025-02-09T00:00:00Z,6_1,Control
a4e9,6_1,Control,2025-02-09T00:32:00Z,0.77,13.421875,13.4375,3.59,2025-02-09T00:40:00Z,6_1,Control
a4e9,6_1,Control,2025-02-09T00:53:00Z,0.78,13.2734375,13.28125,3.6,2025-02-09T01:00:00Z,6_1,Control
a4e9,6_1,Control,2025-02-09T01:15:00Z,0.78,13.109375,13.125,3.6,2025-02-09T01:20:00Z,6_1,Control
a4e9,6_1,Control,2025-02-09T01:36:00Z,0.78,13.0390625,13.046875,3.59,2025-02-09T01:40:00Z,6_1,Control
a4e9,6_1,Control,2025-02-09T01:58:00Z,0.77,12.84375,12.859375,3.6,2025-02-09T02:00:00Z,6_1,Control
a4e9,6_1,Control,2025-02-09T02:19:00Z,0.79,12.625,12.640625,3.6,2025-02-09T02:20:00Z,6_1,Control
a4e9,6_1,Control,2025-02-09T02:41:00Z,0.79,12.4296875,12.4375,3.59,2025-02-09T02:40:00Z,6_1,Control
a4e9,6_1,Control,2025-02-09T03:02:00Z,0.83,13.0390625,12.9609375,3.6,2025-02-09T03:00:00Z,6_1,Control
a4e9,6_1,Control,2025-02-09T03:24:00Z,0.84,14.8984375,14.5,3.59,2025-02-09T03:20:00Z,6_1,Control
a4e9,6_1,Control,2025-02-09T03:45:00Z,0.85,17,16.3359375,3.59,2025-02-09T03:40:00Z,6_1,Control
a4e9,6_1,Control,2025-02-09T04:07:00Z,0.81,18.7734375,18.0703125,3.6,2025-02-09T04:00:00Z,6_1,Control
a4e9,6_1,Control,2025-02-09T04:28:00Z,0.83,20.0078125,19.375,3.6,2025-02-09T04:20:00Z,6_1,Control
a4e9,6_1,Control,2025-02-09T04:50:00Z,0.81,21,20.4296875,3.6,2025-02-09T04:40:00Z,6_1,Control
a4e9,6_1,Control,2025-02-09T05:11:00Z,0.82,22.09375,21.6328125,3.6,2025-02-09T05:20:00Z,6_1,Control
a4e9,6_1,Control,2025-02-09T05:32:00Z,0.78,22.90625,22.5390625,3.61,2025-02-09T05:40:00Z,6_1,Control
a4e9,6_1,Control,2025-02-09T05:54:00Z,0.78,22.96875,22.8203125,3.61,2025-02-09T06:00:00Z,6_1,Control
a4e9,6_1,Control,2025-02-09T06:15:00Z,0.81,22.8515625,22.7734375,3.61,2025-02-09T06:20:00Z,6_1,Control
a4e9,6_1,Control,2025-02-09T06:37:00Z,0.85,23.515625,23.4140625,3.61,2025-02-09T06:40:00Z,6_1,Control
a4e9,6_1,Control,2025-02-09T06:58:00Z,0.81,24.3359375,24.1875,3.6,2025-02-09T07:00:00Z,6_1,Control
a4e9,6_1,Control,2025-02-09T07:20:00Z,0.83,25.1015625,24.9765625,3.61,2025-02-09T07:20:00Z,6_1,Control
a4e9,6_1,Control,2025-02-09T07:41:00Z,0.81,25.7109375,25.5078125,3.61,2025-02-09T07:40:00Z,6_1,Control
a4e9,6_1,Control,2025-02-09T08:03:00Z,0.85,26.359375,26.1171875,3.61,2025-02-09T08:00:00Z,6_1,Control
a4e9,6_1,Control,2025-02-09T08:24:00Z,0.84,27.1015625,26.9609375,3.61,2025-02-09T08:20:00Z,6_1,Control
a4e9,6_1,Control,2025-02-09T08:46:00Z,0.81,27.078125,26.921875,3.61,2025-02-09T08:40:00Z,6_1,Control
a4e9,6_1,Control,2025-02-09T09:07:00Z,0.83,27.3125,27.328125,3.61,2025-02-09T09:00:00Z,6_1,Control
a4e9,6_1,Control,2025-02-09T09:29:00Z,0.8,27.78125,27.703125,3.61,2025-02-09T09:20:00Z,6_1,Control
a4e9,6_1,Control,2025-02-09T09:50:00Z,0.82,28.0625,28.0546875,3.61,2025-02-09T09:40:00Z,6_1,Control
a4e9,6_1,Control,2025-02-09T10:12:00Z,0.81,28.3671875,28.3984375,3.61,2025-02-09T10:20:00Z,6_1,Control
a4e9,6_1,Control,2025-02-09T10:33:00Z,0.81,28.609375,28.765625,3.62,2025-02-09T10:40:00Z,6_1,Control
a4e9,6_1,Control,2025-02-09T10:54:00Z,0.82,28.765625,29.0703125,3.61,2025-02-09T11:00:00Z,6_1,Control
a4e9,6_1,Control,2025-02-09T11:16:00Z,0.8,28.9765625,29.1953125,3.62,2025-02-09T11:20:00Z,6_1,Control
a4e9,6_1,Control,2025-02-09T11:37:00Z,0.84,28.7109375,28.7890625,3.61,2025-02-09T11:40:00Z,6_1,Control
a4e9,6_1,Control,2025-02-09T11:59:00Z,0.82,28.28125,28.2421875,3.61,2025-02-09T12:00:00Z,6_1,Control
a4e9,6_1,Control,2025-02-09T12:20:00Z,0.78,27.515625,27.5078125,3.62,2025-02-09T12:20:00Z,6_1,Control
a4e9,6_1,Control,2025-02-09T12:42:00Z,0.78,26.53125,26.578125,3.61,2025-02-09T12:40:00Z,6_1,Control
a4e9,6_1,Control,2025-02-09T13:03:00Z,0.8,25.8828125,25.9921875,3.62,2025-02-09T13:00:00Z,6_1,Control
a4e9,6_1,Control,2025-02-09T13:25:00Z,0.76,24.9921875,25.1171875,3.62,2025-02-09T13:20:00Z,6_1,Control
a4e9,6_1,Control,2025-02-09T13:46:00Z,0.77,23.765625,23.8828125,3.62,2025-02-09T13:40:00Z,6_1,Control
a4e9,6_1,Control,2025-02-09T14:08:00Z,0.77,22.703125,22.8203125,3.62,2025-02-09T14:00:00Z,6_1,Control
a4e9,6_1,Control,2025-02-09T14:29:00Z,0.76,21.3828125,21.53125,3.61,2025-02-09T14:20:00Z,6_1,Control
a4e9,6_1,Control,2025-02-09T14:51:00Z,0.75,20.1015625,20.2421875,3.61,2025-02-09T15:00:00Z,6_1,Control
a4e9,6_1,Control,2025-02-09T15:12:00Z,0.75,18.6015625,18.6796875,3.6,2025-02-09T15:20:00Z,6_1,Control
a4e9,6_1,Control,2025-02-09T15:33:00Z,0.75,17.0078125,17.0546875,3.6,2025-02-09T15:40:00Z,6_1,Control
a4e9,6_1,Control,2025-02-09T15:55:00Z,0.76,15.9375,15.9765625,3.6,2025-02-09T16:00:00Z,6_1,Control
a4e9,6_1,Control,2025-02-09T16:16:00Z,0.77,15.171875,15.2109375,3.6,2025-02-09T16:20:00Z,6_1,Control
a4e9,6_1,Control,2025-02-09T16:38:00Z,0.77,14.609375,14.640625,3.6,2025-02-09T16:40:00Z,6_1,Control
a4e9,6_1,Control,2025-02-09T16:59:00Z,0.78,14.109375,14.140625,3.6,2025-02-09T17:00:00Z,6_1,Control
a4e9,6_1,Control,2025-02-09T17:21:00Z,0.78,13.734375,13.7578125,3.6,2025-02-09T17:20:00Z,6_1,Control
a4e9,6_1,Control,2025-02-09T17:42:00Z,0.77,13.4765625,13.5,3.6,2025-02-09T17:40:00Z,6_1,Control
a4e9,6_1,Control,2025-02-09T18:04:00Z,0.78,13.2109375,13.234375,3.59,2025-02-09T18:00:00Z,6_1,Control
a4e9,6_1,Control,2025-02-09T18:25:00Z,0.78,13.0078125,13.03125,3.59,2025-02-09T18:20:00Z,6_1,Control
a4e9,6_1,Control,2025-02-09T18:47:00Z,0.77,12.84375,12.875,3.6,2025-02-09T18:40:00Z,6_1,Control
a4e9,6_1,Control,2025-02-09T19:08:00Z,0.78,12.828125,12.8515625,3.6,2025-02-09T19:00:00Z,6_1,Control
a4e9,6_1,Control,2025-02-09T19:30:00Z,0.79,12.9609375,12.96875,3.59,2025-02-09T19:40:00Z,6_1,Control
a4e9,6_1,Control,2025-02-09T19:51:00Z,0.78,13.03125,13.0390625,3.59,2025-02-09T20:00:00Z,6_1,Control
a4e9,6_1,Control,2025-02-09T20:13:00Z,0.78,13.046875,13.0546875,3.59,2025-02-09T20:20:00Z,6_1,Control
a4e9,6_1,Control,2025-02-09T20:34:00Z,0.78,13.1015625,13.109375,3.59,2025-02-09T20:40:00Z,6_1,Control
a4e9,6_1,Control,2025-02-09T20:55:00Z,0.79,13.1015625,13.1015625,3.59,2025-02-09T21:00:00Z,6_1,Control
a4e9,6_1,Control,2025-02-09T21:17:00Z,0.79,13.171875,13.15625,3.59,2025-02-09T21:20:00Z,6_1,Control
a4e9,6_1,Control,2025-02-09T21:38:00Z,0.78,13.2421875,13.2265625,3.59,2025-02-09T21:40:00Z,6_1,Control
a4e9,6_1,Control,2025-02-09T22:00:00Z,0.78,13.2578125,13.2421875,3.59,2025-02-09T22:00:00Z,6_1,Control
a4e9,6_1,Control,2025-02-09T22:21:00Z,0.78,13.1875,13.1796875,3.59,2025-02-09T22:20:00Z,6_1,Control
a4e9,6_1,Control,2025-02-09T22:43:00Z,0.78,12.9765625,12.9765625,3.59,2025-02-09T22:40:00Z,6_1,Control
a4e9,6_1,Control,2025-02-09T23:04:00Z,0.77,12.6953125,12.703125,3.59,2025-02-09T23:00:00Z,6_1,Control
a4e9,6_1,Control,2025-02-09T23:26:00Z,0.78,12.3984375,12.390625,3.58,2025-02-09T23:20:00Z,6_1,Control
a4e9,6_1,Control,2025-02-09T23:47:00Z,0.76,12.390625,12.3671875,3.58,2025-02-09T23:40:00Z,6_1,Control
a4e9,6_1,Control,2025-02-10T00:09:00Z,0.77,12.3359375,12.3203125,3.59,2025-02-10T00:00:00Z,6_1,Control
a4e9,6_1,Control,2025-02-10T00:30:00Z,0.78,12.2578125,12.25,3.58,2025-02-10T00:40:00Z,6_1,Control
a4e9,6_1,Control,2025-02-10T00:52:00Z,0.78,12.1953125,12.1796875,3.59,2025-02-10T01:00:00Z,6_1,Control
a4e9,6_1,Control,2025-02-10T01:13:00Z,0.78,12.109375,12.1015625,3.58,2025-02-10T01:20:00Z,6_1,Control
a4e9,6_1,Control,2025-02-10T01:35:00Z,0.77,11.90625,11.8984375,3.58,2025-02-10T01:40:00Z,6_1,Control
a4e9,6_1,Control,2025-02-10T01:56:00Z,0.76,11.5625,11.578125,3.58,2025-02-10T02:00:00Z,6_1,Control
a4e9,6_1,Control,2025-02-10T02:17:00Z,0.78,11.3125,11.3203125,3.58,2025-02-10T02:20:00Z,6_1,Control
a4e9,6_1,Control,2025-02-10T02:39:00Z,0.77,11.296875,11.2890625,3.58,2025-02-10T02:40:00Z,6_1,Control
a4e9,6_1,Control,2025-02-10T03:00:00Z,0.83,11.53125,11.484375,3.58,2025-02-10T03:00:00Z,6_1,Control
a4e9,6_1,Control,2025-02-10T03:22:00Z,0.84,13.4609375,13.0703125,3.58,2025-02-10T03:20:00Z,6_1,Control
a4e9,6_1,Control,2025-02-10T03:43:00Z,0.85,15.9296875,15.3359375,3.59,2025-02-10T03:40:00Z,6_1,Control
a4e9,6_1,Control,2025-02-10T04:05:00Z,0.83,18.578125,17.9375,3.59,2025-02-10T04:00:00Z,6_1,Control
a4e9,6_1,Control,2025-02-10T04:26:00Z,0.8,19.9765625,19.546875,3.6,2025-02-10T04:20:00Z,6_1,Control
a4e9,6_1,Control,2025-02-10T04:48:00Z,0.79,21.015625,20.703125,3.6,2025-02-10T04:40:00Z,6_1,Control
a4e9,6_1,Control,2025-02-10T05:09:00Z,0.78,21.5,21.3671875,3.6,2025-02-10T05:00:00Z,6_1,Control
a4e9,6_1,Control,2025-02-10T05:31:00Z,0.82,21.8359375,21.8125,3.61,2025-02-10T05:40:00Z,6_1,Control
a4e9,6_1,Control,2025-02-10T05:52:00Z,0.78,22.46875,22.453125,3.61,2025-02-10T06:00:00Z,6_1,Control
a4e9,6_1,Control,2025-02-10T06:14:00Z,0.83,22.609375,22.671875,3.6,2025-02-10T06:20:00Z,6_1,Control
a4e9,6_1,Control,2025-02-10T06:35:00Z,0.84,23.2421875,23.265625,3.61,2025-02-10T06:40:00Z,6_1,Control
a4e9,6_1,Control,2025-02-10T06:57:00Z,0.83,24.4921875,24.4453125,3.6,2025-02-10T07:00:00Z,6_1,Control
a4e9,6_1,Control,2025-02-10T07:18:00Z,0.8,25.515625,25.515625,3.6,2025-02-10T07:20:00Z,6_1,Control
a4e9,6_1,Control,2025-02-10T07:39:00Z,0.82,25.9609375,25.9296875,3.61,2025-02-10T07:40:00Z,6_1,Control
a4e9,6_1,Control,2025-02-10T08:01:00Z,0.81,26.734375,26.6640625,3.62,2025-02-10T08:00:00Z,6_1,Control
a4e9,6_1,Control,2025-02-10T08:22:00Z,0.84,27.6328125,27.6171875,3.61,2025-02-10T08:20:00Z,6_1,Control
a4e9,6_1,Control,2025-02-10T08:44:00Z,0.81,28.28125,28.2890625,3.61,2025-02-10T08:40:00Z,6_1,Control
a4e9,6_1,Control,2025-02-10T09:05:00Z,0.84,29.578125,29.65625,3.62,2025-02-10T09:00:00Z,6_1,Control
a4e9,6_1,Control,2025-02-10T09:27:00Z,0.81,30.015625,29.9921875,3.61,2025-02-10T09:20:00Z,6_1,Control
a4e9,6_1,Control,2025-02-10T09:48:00Z,0.84,30.7109375,30.7578125,3.62,2025-02-10T09:40:00Z,6_1,Control
a4e9,6_1,Control,2025-02-10T10:10:00Z,0.8,31.765625,31.84375,3.61,2025-02-10T10:00:00Z,6_1,Control
a4e9,6_1,Control,2025-02-10T10:31:00Z,0.79,32.2265625,32.4296875,3.62,2025-02-10T10:40:00Z,6_1,Control
a4e9,6_1,Control,2025-02-10T10:53:00Z,0.79,32.421875,32.734375,3.62,2025-02-10T11:00:00Z,6_1,Control
a4e9,6_1,Control,2025-02-10T11:14:00Z,0.87,32.515625,32.8046875,3.62,2025-02-10T11:20:00Z,6_1,Control
a4e9,6_1,Control,2025-02-10T11:36:00Z,0.86,32.3515625,32.53125,3.62,2025-02-10T11:40:00Z,6_1,Control
a4e9,6_1,Control,2025-02-10T11:57:00Z,0.68,31.8359375,31.890625,3.61,2025-02-10T12:00:00Z,6_1,Control
a4e9,6_1,Control,2025-02-10T12:19:00Z,0.8,30.625,30.609375,3.62,2025-02-10T12:20:00Z,6_1,Control
a4e9,6_1,Control,2025-02-10T12:40:00Z,0.76,29.453125,29.4921875,3.62,2025-02-10T12:40:00Z,6_1,Control
a4e9,6_1,Control,2025-02-10T13:01:00Z,0.74,27.6796875,27.7890625,3.62,2025-02-10T13:00:00Z,6_1,Control
a4e9,6_1,Control,2025-02-10T13:23:00Z,0.78,26.140625,26.2421875,3.61,2025-02-10T13:20:00Z,6_1,Control
a4e9,6_1,Control,2025-02-10T13:44:00Z,0.79,24.8359375,24.921875,3.62,2025-02-10T13:40:00Z,6_1,Control
a4e9,6_1,Control,2025-02-10T14:06:00Z,0.76,23.9921875,24.078125,3.61,2025-02-10T14:00:00Z,6_1,Control
a4e9,6_1,Control,2025-02-10T14:27:00Z,0.77,22.734375,22.84375,3.61,2025-02-10T14:20:00Z,6_1,Control
a4e9,6_1,Control,2025-02-10T14:49:00Z,0.77,21.390625,21.5,3.61,2025-02-10T14:40:00Z,6_1,Control
a4e9,6_1,Control,2025-02-10T15:10:00Z,0.75,20.0390625,20.1015625,3.61,2025-02-10T15:00:00Z,6_1,Control
a4e9,6_1,Control,2025-02-10T15:32:00Z,0.74,18.421875,18.4609375,3.61,2025-02-10T15:40:00Z,6_1,Control
a4e9,6_1,Control,2025-02-10T15:53:00Z,0.76,17.1328125,17.171875,3.61,2025-02-10T16:00:00Z,6_1,Control
a4e9,6_1,Control,2025-02-10T16:15:00Z,0.76,16.28125,16.3046875,3.61,2025-02-10T16:20:00Z,6_1,Control
a4e9,6_1,Control,2025-02-10T16:36:00Z,0.76,15.5859375,15.609375,3.6,2025-02-10T16:40:00Z,6_1,Control
a4e9,6_1,Control,2025-02-10T16:58:00Z,0.77,14.9375,14.9609375,3.6,2025-02-10T17:00:00Z,6_1,Control
a4e9,6_1,Control,2025-02-10T17:19:00Z,0.77,14.4296875,14.4453125,3.59,2025-02-10T17:20:00Z,6_1,Control
a4e9,6_1,Control,2025-02-10T17:41:00Z,0.77,14.0859375,14.1015625,3.6,2025-02-10T17:40:00Z,6_1,Control
a4e9,6_1,Control,2025-02-10T18:02:00Z,0.78,13.8125,13.828125,3.6,2025-02-10T18:00:00Z,6_1,Control
a4e9,6_1,Control,2025-02-10T18:23:00Z,0.78,13.59375,13.609375,3.59,2025-02-10T18:20:00Z,6_1,Control
a4e9,6_1,Control,2025-02-10T18:45:00Z,0.78,13.3359375,13.359375,3.6,2025-02-10T18:40:00Z,6_1,Control
a4e9,6_1,Control,2025-02-10T19:06:00Z,0.78,13.1640625,13.1875,3.59,2025-02-10T19:00:00Z,6_1,Control
a4e9,6_1,Control,2025-02-10T19:28:00Z,0.78,13.015625,13.03125,3.59,2025-02-10T19:20:00Z,6_1,Control
a4e9,6_1,Control,2025-02-10T19:49:00Z,0.79,12.984375,12.9921875,3.59,2025-02-10T19:40:00Z,6_1,Control
a4e9,6_1,Control,2025-02-10T20:11:00Z,0.77,12.7890625,12.8046875,3.59,2025-02-10T20:20:00Z,6_1,Control
a4e9,6_1,Control,2025-02-10T20:32:00Z,0.77,12.4453125,12.4765625,3.59,2025-02-10T20:40:00Z,6_1,Control
a4e9,6_1,Control,2025-02-10T20:54:00Z,0.76,11.921875,11.9921875,3.59,2025-02-10T21:00:00Z,6_1,Control
a4e9,6_1,Control,2025-02-10T21:15:00Z,0.79,11.4921875,11.5625,3.58,2025-02-10T21:20:00Z,6_1,Control
a4e9,6_1,Control,2025-02-10T21:37:00Z,0.78,11.8984375,11.90625,3.58,2025-02-10T21:40:00Z,6_1,Control
a4e9,6_1,Control,2025-02-10T21:58:00Z,0.76,11.359375,11.421875,3.59,2025-02-10T22:00:00Z,6_1,Control
a4e9,6_1,Control,2025-02-10T22:20:00Z,0.77,10.65625,10.7421875,3.59,2025-02-10T22:20:00Z,6_1,Control
a4e9,6_1,Control,2025-02-10T22:41:00Z,0.77,10.203125,10.2734375,3.59,2025-02-10T22:40:00Z,6_1,Control
a4e9,6_1,Control,2025-02-10T23:03:00Z,0.78,9.9609375,10.0078125,3.59,2025-02-10T23:00:00Z,6_1,Control
a4e9,6_1,Control,2025-02-10T23:24:00Z,0.79,9.8125,9.8515625,3.59,2025-02-10T23:20:00Z,6_1,Control
a4e9,6_1,Control,2025-02-10T23:45:00Z,0.78,9.6875,9.7265625,3.58,2025-02-10T23:40:00Z,6_1,Control
a4e9,6_1,Control,2025-02-11T00:07:00Z,0.77,9.6953125,9.7265625,3.58,2025-02-11T00:00:00Z,6_1,Control
a4e9,6_1,Control,2025-02-11T00:28:00Z,0.78,9.7890625,9.8046875,3.58,2025-02-11T00:20:00Z,6_1,Control
a4e9,6_1,Control,2025-02-11T00:50:00Z,0.79,9.7578125,9.7734375,3.58,2025-02-11T00:40:00Z,6_1,Control
a4e9,6_1,Control,2025-02-11T01:11:00Z,0.78,9.734375,9.7421875,3.58,2025-02-11T01:20:00Z,6_1,Control
a4e9,6_1,Control,2025-02-11T01:33:00Z,0.8,10.09375,10.0703125,3.58,2025-02-11T01:40:00Z,6_1,Control
a4e9,6_1,Control,2025-02-11T01:54:00Z,0.8,10.6640625,10.625,3.58,2025-02-11T02:00:00Z,6_1,Control
a4e9,6_1,Control,2025-02-11T02:16:00Z,0.8,11.3359375,11.2890625,3.58,2025-02-11T02:20:00Z,6_1,Control
a4e9,6_1,Control,2025-02-11T02:37:00Z,0.78,11.8203125,11.78125,3.59,2025-02-11T02:40:00Z,6_1,Control
a4e9,6_1,Control,2025-02-11T02:59:00Z,0.85,12.796875,12.6953125,3.58,2025-02-11T03:00:00Z,6_1,Control
a4e9,6_1,Control,2025-02-11T03:20:00Z,0.86,15.4296875,14.8828125,3.58,2025-02-11T03:20:00Z,6_1,Control
a4e9,6_1,Control,2025-02-11T03:42:00Z,0.86,18.421875,17.6640625,3.59,2025-02-11T03:40:00Z,6_1,Control
a4e9,6_1,Control,2025-02-11T04:03:00Z,0.85,21.15625,20.453125,3.6,2025-02-11T04:00:00Z,6_1,Control
a4e9,6_1,Control,2025-02-11T04:25:00Z,0.79,23.1796875,22.5859375,3.6,2025-02-11T04:20:00Z,6_1,Control
a4e9,6_1,Control,2025-02-11T04:46:00Z,0.81,23.6640625,23.3046875,3.6,2025-02-11T04:40:00Z,6_1,Control
a4e9,6_1,Control,2025-02-11T05:07:00Z,0.79,24.359375,24.109375,3.61,2025-02-11T05:00:00Z,6_1,Control
a4e9,6_1,Control,2025-02-11T05:29:00Z,0.79,25.109375,24.9765625,3.61,2025-02-11T05:20:00Z,6_1,Control
a4e9,6_1,Control,2025-02-11T05:50:00Z,0.78,25.7421875,25.8046875,3.61,2025-02-11T05:40:00Z,6_1,Control
a4e9,6_1,Control,2025-02-11T06:12:00Z,0.83,25.40625,25.5390625,3.61,2025-02-11T06:20:00Z,6_1,Control
a4e9,6_1,Control,2025-02-11T06:33:00Z,0.84,25.9296875,25.9375,3.61,2025-02-11T06:40:00Z,6_1,Control
a4e9,6_1,Control,2025-02-11T06:55:00Z,0.84,26.8359375,26.796875,3.61,2025-02-11T07:00:00Z,6_1,Control
a4e9,6_1,Control,2025-02-11T07:16:00Z,0.82,28.015625,27.984375,3.61,2025-02-11T07:20:00Z,6_1,Control
a4e9,6_1,Control,2025-02-11T07:38:00Z,0.83,28.828125,28.7578125,3.62,2025-02-11T07:40:00Z,6_1,Control
a4e9,6_1,Control,2025-02-11T07:59:00Z,0.81,29.6953125,29.6484375,3.61,2025-02-11T08:00:00Z,6_1,Control
a4e9,6_1,Control,2025-02-11T08:21:00Z,0.83,30.1875,30.1875,3.61,2025-02-11T08:20:00Z,6_1,Control
a4e9,6_1,Control,2025-02-11T08:42:00Z,0.8,30.78125,30.8125,3.62,2025-02-11T08:40:00Z,6_1,Control
a4e9,6_1,Control,2025-02-11T09:04:00Z,0.82,31.453125,31.65625,3.62,2025-02-11T09:00:00Z,6_1,Control
a4e9,6_1,Control,2025-02-11T09:25:00Z,0.81,32.2421875,32.3046875,3.62,2025-02-11T09:20:00Z,6_1,Control
a4e9,6_1,Control,2025-02-11T09:47:00Z,0.81,33.1640625,33.2421875,3.62,2025-02-11T09:40:00Z,6_1,Control
a4e9,6_1,Control,2025-02-11T10:08:00Z,0.85,33.9296875,34.0078125,3.62,2025-02-11T10:00:00Z,6_1,Control
a4e9,6_1,Control,2025-02-11T10:29:00Z,0.77,34.828125,35.046875,3.62,2025-02-11T10:20:00Z,6_1,Control
a4e9,6_1,Control,2025-02-11T10:51:00Z,0.78,35.0546875,35.453125,3.62,2025-02-11T11:00:00Z,6_1,Control
a4e9,6_1,Control,2025-02-11T11:12:00Z,0.84,35.640625,36.015625,3.63,2025-02-11T11:20:00Z,6_1,Control
a4e9,6_1,Control,2025-02-11T11:34:00Z,0.79,35.859375,36.1328125,3.62,2025-02-11T11:40:00Z,6_1,Control
a4e9,6_1,Control,2025-02-11T11:55:00Z,0.83,35.5078125,35.5390625,3.62,2025-02-11T12:00:00Z,6_1,Control
a4e9,6_1,Control,2025-02-11T12:17:00Z,0.79,35.0390625,35.0078125,3.63,2025-02-11T12:20:00Z,6_1,Control
a4e9,6_1,Control,2025-02-11T12:38:00Z,0.79,34.6015625,34.625,3.63,2025-02-11T12:40:00Z,6_1,Control
a4e9,6_1,Control,2025-02-11T13:00:00Z,0.77,33.4921875,33.640625,3.63,2025-02-11T13:00:00Z,6_1,Control
a4e9,6_1,Control,2025-02-11T13:21:00Z,0.78,32.9296875,33.0546875,3.62,2025-02-11T13:20:00Z,6_1,Control
a4e9,6_1,Control,2025-02-11T13:43:00Z,0.76,31.9765625,32.109375,3.62,2025-02-11T13:40:00Z,6_1,Control
a4e9,6_1,Control,2025-02-11T14:04:00Z,0.75,30.65625,30.78125,3.62,2025-02-11T14:00:00Z,6_1,Control
a4e9,6_1,Control,2025-02-11T14:26:00Z,0.76,29.203125,29.3359375,3.62,2025-02-11T14:20:00Z,6_1,Control
a4e9,6_1,Control,2025-02-11T14:47:00Z,0.74,27.78125,27.9296875,3.62,2025-02-11T14:40:00Z,6_1,Control
a4e9,6_1,Control,2025-02-11T15:08:00Z,0.74,26.0390625,26.1015625,3.62,2025-02-11T15:00:00Z,6_1,Control
a4e9,6_1,Control,2025-02-11T15:30:00Z,0.74,24.2890625,24.328125,3.61,2025-02-11T15:40:00Z,6_1,Control
a4e9,6_1,Control,2025-02-11T15:51:00Z,0.76,22.9609375,23.0078125,3.62,2025-02-11T16:00:00Z,6_1,Control
a4e9,6_1,Control,2025-02-11T16:13:00Z,0.77,22.0703125,22.109375,3.61,2025-02-11T16:20:00Z,6_1,Control
a4e9,6_1,Control,2025-02-11T16:34:00Z,0.77,21.484375,21.515625,3.61,2025-02-11T16:40:00Z,6_1,Control
a4e9,6_1,Control,2025-02-11T16:56:00Z,0.77,21.0234375,21.0546875,3.62,2025-02-11T17:00:00Z,6_1,Control
a4e9,6_1,Control,2025-02-11T17:17:00Z,0.78,20.5546875,20.59375,3.61,2025-02-11T17:20:00Z,6_1,Control
a4e9,6_1,Control,2025-02-11T17:39:00Z,0.78,20.171875,20.1953125,3.61,2025-02-11T17:40:00Z,6_1,Control
a4e9,6_1,Control,2025-02-11T18:00:00Z,0.75,19.6953125,19.734375,3.61,2025-02-11T18:00:00Z,6_1,Control
a4e9,6_1,Control,2025-02-11T18:22:00Z,0.76,18.5859375,18.6796875,3.61,2025-02-11T18:20:00Z,6_1,Control
a4e9,6_1,Control,2025-02-11T18:43:00Z,0.78,18.2421875,18.28125,3.61,2025-02-11T18:40:00Z,6_1,Control
a4e9,6_1,Control,2025-02-11T19:05:00Z,0.78,18.2578125,18.265625,3.6,2025-02-11T19:00:00Z,6_1,Control
a4e9,6_1,Control,2025-02-11T19:26:00Z,0.76,17.5859375,17.6484375,3.6,2025-02-11T19:20:00Z,6_1,Control
a4e9,6_1,Control,2025-02-11T19:48:00Z,0.75,16.7578125,16.828125,3.6,2025-02-11T19:40:00Z,6_1,Control
a4e9,6_1,Control,2025-02-11T20:09:00Z,0.78,16.234375,16.28125,3.6,2025-02-11T20:00:00Z,6_1,Control
a4e9,6_1,Control,2025-02-11T20:30:00Z,0.78,15.9296875,15.9609375,3.6,2025-02-11T20:40:00Z,6_1,Control
a4e9,6_1,Control,2025-02-11T20:52:00Z,0.75,15.5859375,15.609375,3.6,2025-02-11T21:00:00Z,6_1,Control
a4e9,6_1,Control,2025-02-11T21:13:00Z,0.77,15.140625,15.1796875,3.6,2025-02-11T21:20:00Z,6_1,Control
a4e9,6_1,Control,2025-02-11T21:35:00Z,0.78,14.78125,14.828125,3.6,2025-02-11T21:40:00Z,6_1,Control
a4e9,6_1,Control,2025-02-11T21:56:00Z,0.79,14.5625,14.59375,3.6,2025-02-11T22:00:00Z,6_1,Control
a4e9,6_1,Control,2025-02-11T22:18:00Z,0.79,14.7734375,14.7734375,3.59,2025-02-11T22:20:00Z,6_1,Control
a4e9,6_1,Control,2025-02-11T22:39:00Z,0.78,15.03125,15.0234375,3.6,2025-02-11T22:40:00Z,6_1,Control
a4e9,6_1,Control,2025-02-11T23:01:00Z,0.77,14.921875,14.9375,3.6,2025-02-11T23:00:00Z,6_1,Control
a4e9,6_1,Control,2025-02-11T23:22:00Z,0.79,14.796875,14.8125,3.6,2025-02-11T23:20:00Z,6_1,Control
a4e9,6_1,Control,2025-02-11T23:44:00Z,0.8,15.21875,15.1875,3.59,2025-02-11T23:40:00Z,6_1,Control
a4e9,6_1,Control,2025-02-12T00:05:00Z,0.79,15.5,15.484375,3.6,2025-02-12T00:00:00Z,6_1,Control
a4e9,6_1,Control,2025-02-12T00:27:00Z,0.81,16.2109375,16.1640625,3.6,2025-02-12T00:20:00Z,6_1,Control
a4e9,6_1,Control,2025-02-12T00:48:00Z,0.78,16.75,16.7109375,3.59,2025-02-12T00:40:00Z,6_1,Control
a4e9,6_1,Control,2025-02-12T01:10:00Z,0.77,16.65625,16.6484375,3.59,2025-02-12T01:00:00Z,6_1,Control
a4e9,6_1,Control,2025-02-12T01:31:00Z,0.76,15.8515625,15.875,3.6,2025-02-12T01:40:00Z,6_1,Control
a4e9,6_1,Control,2025-02-12T01:52:00Z,0.77,15.6484375,15.6328125,3.59,2025-02-12T02:00:00Z,6_1,Control
a4e9,6_1,Control,2025-02-12T02:14:00Z,0.78,15.3828125,15.375,3.6,2025-02-12T02:20:00Z,6_1,Control
a4e9,6_1,Control,2025-02-12T02:35:00Z,0.8,15.3671875,15.3359375,3.59,2025-02-12T02:40:00Z,6_1,Control
a4e9,6_1,Control,2025-02-12T02:57:00Z,0.86,16.578125,16.453125,3.59,2025-02-12T03:00:00Z,6_1,Control
a4e9,6_1,Control,2025-02-12T03:18:00Z,0.88,19.5078125,19.0859375,3.6,2025-02-12T03:20:00Z,6_1,Control
a4e9,6_1,Control,2025-02-12T03:40:00Z,0.93,23.3828125,22.609375,3.6,2025-02-12T03:40:00Z,6_1,Control
a4e9,6_1,Control,2025-02-12T04:01:00Z,0.83,27.1015625,26.2109375,3.6,2025-02-12T04:00:00Z,6_1,Control
a4e9,6_1,Control,2025-02-12T04:23:00Z,0.84,29.2421875,28.3828125,3.61,2025-02-12T04:20:00Z,6_1,Control
a4e9,6_1,Control,2025-02-12T04:44:00Z,0.79,30.5234375,29.765625,3.61,2025-02-12T04:40:00Z,6_1,Control
a4e9,6_1,Control,2025-02-12T05:06:00Z,0.81,30.3359375,29.9375,3.61,2025-02-12T05:00:00Z,6_1,Control
a4e9,6_1,Control,2025-02-12T05:27:00Z,0.82,30.6640625,30.375,3.61,2025-02-12T05:20:00Z,6_1,Control
a4e9,6_1,Control,2025-02-12T05:49:00Z,0.79,31.046875,30.84375,3.62,2025-02-12T05:40:00Z,6_1,Control
a4e9,6_1,Control,2025-02-12T06:10:00Z,0.84,31,30.9140625,3.62,2025-02-12T06:00:00Z,6_1,Control
a4e9,6_1,Control,2025-02-12T06:32:00Z,0.83,31.796875,31.671875,3.62,2025-02-12T06:40:00Z,6_1,Control
a4e9,6_1,Control,2025-02-12T06:53:00Z,0.84,32.6953125,32.5,3.62,2025-02-12T07:00:00Z,6_1,Control
a4e9,6_1,Control,2025-02-12T07:14:00Z,0.85,34.59375,34.3828125,3.62,2025-02-12T07:20:00Z,6_1,Control
a4e9,6_1,Control,2025-02-12T07:36:00Z,0.81,36.203125,36,3.63,2025-02-12T07:40:00Z,6_1,Control
a4e9,6_1,Control,2025-02-12T07:57:00Z,0.84,36.7421875,36.640625,3.63,2025-02-12T08:00:00Z,6_1,Control
a4e9,6_1,Control,2025-02-12T08:19:00Z,0.81,37.453125,37.3359375,3.62,2025-02-12T08:20:00Z,6_1,Control
a4e9,6_1,Control,2025-02-12T08:40:00Z,0.8,37.8203125,37.75,3.63,2025-02-12T08:40:00Z,6_1,Control
a4e9,6_1,Control,2025-02-12T09:02:00Z,0.82,37.9765625,37.9765625,3.63,2025-02-12T09:00:00Z,6_1,Control
a4e9,6_1,Control,2025-02-12T09:23:00Z,0.77,37.9140625,37.8359375,3.63,2025-02-12T09:20:00Z,6_1,Control
a4e9,6_1,Control,2025-02-12T09:45:00Z,0.8,38.046875,38.078125,3.62,2025-02-12T09:40:00Z,6_1,Control
a4e9,6_1,Control,2025-02-12T10:06:00Z,0.81,38.40625,38.4375,3.63,2025-02-12T10:00:00Z,6_1,Control
a4e9,6_1,Control,2025-02-12T10:28:00Z,0.79,38.484375,38.5546875,3.63,2025-02-12T10:20:00Z,6_1,Control
a4e9,6_1,Control,2025-02-12T10:49:00Z,0.8,38.4921875,38.625,3.63,2025-02-12T10:40:00Z,6_1,Control
a4e9,6_1,Control,2025-02-12T11:11:00Z,0.8,38.109375,38.1640625,3.63,2025-02-12T11:20:00Z,6_1,Control
a4e9,6_1,Control,2025-02-12T11:32:00Z,0.8,37.3125,37.2421875,3.63,2025-02-12T11:40:00Z,6_1,Control
a4e9,6_1,Control,2025-02-12T11:54:00Z,0.8,36.4921875,36.3515625,3.63,2025-02-12T12:00:00Z,6_1,Control
a4e9,6_1,Control,2025-02-12T12:15:00Z,0.78,36.140625,36.0234375,3.63,2025-02-12T12:20:00Z,6_1,Control
a4e9,6_1,Control,2025-02-12T12:36:00Z,0.79,35.4765625,35.4140625,3.63,2025-02-12T12:40:00Z,6_1,Control
a4e9,6_1,Control,2025-02-12T12:58:00Z,0.76,34.3515625,34.3671875,3.63,2025-02-12T13:00:00Z,6_1,Control
a4e9,6_1,Control,2025-02-12T13:19:00Z,0.76,33.1796875,33.203125,3.63,2025-02-12T13:20:00Z,6_1,Control
a4e9,6_1,Control,2025-02-12T13:41:00Z,0.8,31.9375,31.96875,3.63,2025-02-12T13:40:00Z,6_1,Control
a4e9,6_1,Control,2025-02-12T14:02:00Z,0.77,30.9765625,31.0078125,3.63,2025-02-12T14:00:00Z,6_1,Control
a4e9,6_1,Control,2025-02-12T14:24:00Z,0.75,29.9921875,30.046875,3.62,2025-02-12T14:20:00Z,6_1,Control
a4e9,6_1,Control,2025-02-12T14:45:00Z,0.76,28.328125,28.40625,3.63,2025-02-12T14:40:00Z,6_1,Control
a4e9,6_1,Control,2025-02-12T15:07:00Z,0.7,26.390625,26.4140625,3.62,2025-02-12T15:00:00Z,6_1,Control
a4e9,6_1,Control,2025-02-12T15:28:00Z,0.74,24.09375,24.1171875,3.62,2025-02-12T15:20:00Z,6_1,Control
a4e9,6_1,Control,2025-02-12T15:50:00Z,0.74,22.453125,22.4921875,3.62,2025-02-12T15:40:00Z,6_1,Control
a4e9,6_1,Control,2025-02-12T16:11:00Z,0.76,21.28125,21.3203125,3.62,2025-02-12T16:20:00Z,6_1,Control
a4e9,6_1,Control,2025-02-12T16:33:00Z,0.77,20.5078125,20.5546875,3.61,2025-02-12T16:40:00Z,6_1,Control
a4e9,6_1,Control,2025-02-12T16:54:00Z,0.77,19.875,19.9296875,3.61,2025-02-12T17:00:00Z,6_1,Control
a4e9,6_1,Control,2025-02-12T17:16:00Z,0.77,19.234375,19.28125,3.62,2025-02-12T17:20:00Z,6_1,Control
a4e9,6_1,Control,2025-02-12T17:37:00Z,0.77,18.75,18.78125,3.62,2025-02-12T17:40:00Z,6_1,Control
a4e9,6_1,Control,2025-02-12T17:58:00Z,0.78,18.125,18.15625,3.62,2025-02-12T18:00:00Z,6_1,Control
a4e9,6_1,Control,2025-02-12T18:20:00Z,0.77,17.109375,17.1640625,3.61,2025-02-12T18:20:00Z,6_1,Control
a4e9,6_1,Control,2025-02-12T18:41:00Z,0.78,16.3671875,16.4140625,3.6,2025-02-12T18:40:00Z,6_1,Control
a4e9,6_1,Control,2025-02-12T19:03:00Z,0.78,15.9609375,16,3.61,2025-02-12T19:00:00Z,6_1,Control
a4e9,6_1,Control,2025-02-12T19:24:00Z,0.77,15.640625,15.671875,3.61,2025-02-12T19:20:00Z,6_1,Control
a4e9,6_1,Control,2025-02-12T19:46:00Z,0.78,15.3359375,15.359375,3.61,2025-02-12T19:40:00Z,6_1,Control
a4e9,6_1,Control,2025-02-12T20:07:00Z,0.78,15.0625,15.0859375,3.6,2025-02-12T20:00:00Z,6_1,Control
a4e9,6_1,Control,2025-02-12T20:29:00Z,0.78,14.7734375,14.796875,3.6,2025-02-12T20:20:00Z,6_1,Control
a4e9,6_1,Control,2025-02-12T20:50:00Z,0.79,14.65625,14.65625,3.6,2025-02-12T20:40:00Z,6_1,Control
a4e9,6_1,Control,2025-02-12T21:12:00Z,0.78,14.46875,14.4921875,3.6,2025-02-12T21:20:00Z,6_1,Control
a4e9,6_1,Control,2025-02-12T21:33:00Z,0.78,14.1796875,14.1953125,3.6,2025-02-12T21:40:00Z,6_1,Control
a4e9,6_1,Control,2025-02-12T21:55:00Z,0.77,14.0078125,14.015625,3.6,2025-02-12T22:00:00Z,6_1,Control
a4e9,6_1,Control,2025-02-12T22:16:00Z,0.78,13.8046875,13.8203125,3.6,2025-02-12T22:20:00Z,6_1,Control
a4e9,6_1,Control,2025-02-12T22:38:00Z,0.77,13.4921875,13.5078125,3.6,2025-02-12T22:40:00Z,6_1,Control
a4e9,6_1,Control,2025-02-12T22:59:00Z,0.78,13.125,13.1484375,3.6,2025-02-12T23:00:00Z,6_1,Control
a4e9,6_1,Control,2025-02-12T23:20:00Z,0.79,12.703125,12.734375,3.6,2025-02-12T23:20:00Z,6_1,Control
a4e9,6_1,Control,2025-02-12T23:42:00Z,0.78,12.7109375,12.7265625,3.6,2025-02-12T23:40:00Z,6_1,Control
a4e9,6_1,Control,2025-02-13T00:03:00Z,0.8,12.65625,12.671875,3.59,2025-02-13T00:00:00Z,6_1,Control
a4e9,6_1,Control,2025-02-13T00:25:00Z,0.79,12.9921875,12.9921875,3.6,2025-02-13T00:20:00Z,6_1,Control
a4e9,6_1,Control,2025-02-13T00:46:00Z,0.79,13.2265625,13.2265625,3.6,2025-02-13T00:40:00Z,6_1,Control
a4e9,6_1,Control,2025-02-13T01:08:00Z,0.79,13.3125,13.3203125,3.6,2025-02-13T01:00:00Z,6_1,Control
a4e9,6_1,Control,2025-02-13T01:29:00Z,0.78,13.5,13.5,3.6,2025-02-13T01:20:00Z,6_1,Control
a4e9,6_1,Control,2025-02-13T01:51:00Z,0.78,13.640625,13.65625,3.6,2025-02-13T02:00:00Z,6_1,Control
a4e9,6_1,Control,2025-02-13T02:12:00Z,0.78,13.6328125,13.65625,3.59,2025-02-13T02:20:00Z,6_1,Control
a4e9,6_1,Control,2025-02-13T02:34:00Z,0.77,13.5703125,13.6015625,3.6,2025-02-13T02:40:00Z,6_1,Control
a4e9,6_1,Control,2025-02-13T02:55:00Z,0.77,13.3671875,13.40625,3.59,2025-02-13T03:00:00Z,6_1,Control
a4e9,6_1,Control,2025-02-13T03:17:00Z,0.79,13.1640625,13.1875,3.59,2025-02-13T03:20:00Z,6_1,Control
a4e9,6_1,Control,2025-02-13T03:38:00Z,0.91,13.6796875,13.5859375,3.6,2025-02-13T03:40:00Z,6_1,Control
a4e9,6_1,Control,2025-02-13T04:00:00Z,0.81,16.859375,16.359375,3.6,2025-02-13T04:00:00Z,6_1,Control
a4e9,6_1,Control,2025-02-13T04:21:00Z,0.75,18.2890625,17.84375,3.6,2025-02-13T04:20:00Z,6_1,Control
a4e9,6_1,Control,2025-02-13T04:42:00Z,0.8,19.578125,19.1953125,3.6,2025-02-13T04:40:00Z,6_1,Control
a4e9,6_1,Control,2025-02-13T05:04:00Z,0.84,20.71875,20.390625,3.61,2025-02-13T05:00:00Z,6_1,Control
a4e9,6_1,Control,2025-02-13T05:25:00Z,0.76,20.546875,20.3359375,3.6,2025-02-13T05:20:00Z,6_1,Control
a4e9,6_1,Control,2025-02-13T05:47:00Z,0.84,20.609375,20.4453125,3.61,2025-02-13T05:40:00Z,6_1,Control
a4e9,6_1,Control,2025-02-13T06:08:00Z,0.79,21.0546875,21.0234375,3.61,2025-02-13T06:00:00Z,6_1,Control
a4e9,6_1,Control,2025-02-13T06:30:00Z,0.84,21.390625,21.234375,3.6,2025-02-13T06:40:00Z,6_1,Control
a4e9,6_1,Control,2025-02-13T06:51:00Z,0.82,22.6640625,22.4609375,3.61,2025-02-13T07:00:00Z,6_1,Control
a4e9,6_1,Control,2025-02-13T07:13:00Z,0.82,23.8125,23.5859375,3.61,2025-02-13T07:20:00Z,6_1,Control
a4e9,6_1,Control,2025-02-13T07:34:00Z,0.83,24.59375,24.5234375,3.61,2025-02-13T07:40:00Z,6_1,Control
a4e9,6_1,Control,2025-02-13T07:56:00Z,0.82,25.375,25.3046875,3.61,2025-02-13T08:00:00Z,6_1,Control
a4e9,6_1,Control,2025-02-13T08:17:00Z,0.84,25.9609375,25.8671875,3.61,2025-02-13T08:20:00Z,6_1,Control
a4e9,6_1,Control,2025-02-13T08:39:00Z,0.8,26.6171875,26.5390625,3.61,2025-02-13T08:40:00Z,6_1,Control
a4e9,6_1,Control,2025-02-13T09:00:00Z,0.82,27.1328125,27.1875,3.61,2025-02-13T09:00:00Z,6_1,Control
a4e9,6_1,Control,2025-02-13T09:22:00Z,0.83,27.5,27.421875,3.61,2025-02-13T09:20:00Z,6_1,Control
a4e9,6_1,Control,2025-02-13T09:43:00Z,0.82,28.2421875,28.1796875,3.62,2025-02-13T09:40:00Z,6_1,Control
a4e9,6_1,Control,2025-02-13T10:04:00Z,0.81,28.6796875,28.609375,3.61,2025-02-13T10:00:00Z,6_1,Control
a4e9,6_1,Control,2025-02-13T10:26:00Z,0.77,28.4296875,28.5234375,3.62,2025-02-13T10:20:00Z,6_1,Control
a4e9,6_1,Control,2025-02-13T10:47:00Z,0.81,28.484375,28.75,3.61,2025-02-13T10:40:00Z,6_1,Control
a4e9,6_1,Control,2025-02-13T11:09:00Z,0.84,28.7578125,29.03125,3.61,2025-02-13T11:00:00Z,6_1,Control
a4e9,6_1,Control,2025-02-13T11:30:00Z,0.82,30.125,30.3125,3.61,2025-02-13T11:40:00Z,6_1,Control
a4e9,6_1,Control,2025-02-13T11:52:00Z,0.77,29.828125,29.90625,3.61,2025-02-13T12:00:00Z,6_1,Control
a4e9,6_1,Control,2025-02-13T12:13:00Z,0.78,29.296875,29.3046875,3.61,2025-02-13T12:20:00Z,6_1,Control
a4e9,6_1,Control,2025-02-13T12:35:00Z,0.73,27.8203125,27.796875,3.62,2025-02-13T12:40:00Z,6_1,Control
a4e9,6_1,Control,2025-02-13T12:56:00Z,0.72,25.703125,25.765625,3.61,2025-02-13T13:00:00Z,6_1,Control
a4e9,6_1,Control,2025-02-13T13:18:00Z,0.75,23.8984375,23.9921875,3.62,2025-02-13T13:20:00Z,6_1,Control
a4e9,6_1,Control,2025-02-13T13:39:00Z,0.77,22.4296875,22.5234375,3.61,2025-02-13T13:40:00Z,6_1,Control
a4e9,6_1,Control,2025-02-13T14:01:00Z,0.76,21.515625,21.6171875,3.61,2025-02-13T14:00:00Z,6_1,Control
a4e9,6_1,Control,2025-02-13T14:22:00Z,0.74,20.3984375,20.5,3.61,2025-02-13T14:20:00Z,6_1,Control
a4e9,6_1,Control,2025-02-13T14:44:00Z,0.77,19.1328125,19.2421875,3.6,2025-02-13T14:40:00Z,6_1,Control
a4e9,6_1,Control,2025-02-13T15:05:00Z,0.74,17.8671875,17.921875,3.6,2025-02-13T15:00:00Z,6_1,Control
a4e9,6_1,Control,2025-02-13T15:26:00Z,0.77,16.6484375,16.6875,3.6,2025-02-13T15:20:00Z,6_1,Control
a4e9,6_1,Control,2025-02-13T15:48:00Z,0.78,16.0390625,16.0703125,3.6,2025-02-13T15:40:00Z,6_1,Control
a4e9,6_1,Control,2025-02-13T16:09:00Z,0.77,15.703125,15.7421875,3.6,2025-02-13T16:00:00Z,6_1,Control
a4e9,6_1,Control,2025-02-13T16:31:00Z,0.78,15.21875,15.2578125,3.59,2025-02-13T16:40:00Z,6_1,Control
a4e9,6_1,Control,2025-02-13T16:52:00Z,0.78,14.828125,14.859375,3.6,2025-02-13T17:00:00Z,6_1,Control
a4e9,6_1,Control,2025-02-13T17:14:00Z,0.78,14.484375,14.515625,3.59,2025-02-13T17:20:00Z,6_1,Control
a4e9,6_1,Control,2025-02-13T17:35:00Z,0.76,14,14.03125,3.59,2025-02-13T17:40:00Z,6_1,Control
a4e9,6_1,Control,2025-02-13T17:57:00Z,0.77,13.4609375,13.4921875,3.6,2025-02-13T18:00:00Z,6_1,Control
a4e9,6_1,Control,2025-02-13T18:18:00Z,0.77,12.9921875,13.015625,3.59,2025-02-13T18:20:00Z,6_1,Control
a4e9,6_1,Control,2025-02-13T18:40:00Z,0.78,12.78125,12.796875,3.59,2025-02-13T18:40:00Z,6_1,Control
a4e9,6_1,Control,2025-02-13T19:01:00Z,0.77,12.5078125,12.5390625,3.59,2025-02-13T19:00:00Z,6_1,Control
a4e9,6_1,Control,2025-02-13T19:23:00Z,0.77,12.2109375,12.234375,3.58,2025-02-13T19:20:00Z,6_1,Control
a4e9,6_1,Control,2025-02-13T19:44:00Z,0.77,12,12.015625,3.59,2025-02-13T19:40:00Z,6_1,Control
a4e9,6_1,Control,2025-02-13T20:05:00Z,0.77,11.859375,11.875,3.59,2025-02-13T20:00:00Z,6_1,Control
a4e9,6_1,Control,2025-02-13T20:27:00Z,0.78,11.75,11.7734375,3.59,2025-02-13T20:20:00Z,6_1,Control
a4e9,6_1,Control,2025-02-13T20:48:00Z,0.8,12.0703125,12.0625,3.59,2025-02-13T20:40:00Z,6_1,Control
a4e9,6_1,Control,2025-02-13T21:10:00Z,0.76,12.34375,12.34375,3.58,2025-02-13T21:00:00Z,6_1,Control
a4e9,6_1,Control,2025-02-13T21:31:00Z,0.75,11.8671875,11.9375,3.59,2025-02-13T21:40:00Z,6_1,Control
a4e9,6_1,Control,2025-02-13T21:53:00Z,0.77,11.2265625,11.3046875,3.59,2025-02-13T22:00:00Z,6_1,Control
a4e9,6_1,Control,2025-02-13T22:14:00Z,0.79,11.0703125,11.1171875,3.59,2025-02-13T22:20:00Z,6_1,Control
a4e9,6_1,Control,2025-02-13T22:36:00Z,0.79,11.1328125,11.1640625,3.59,2025-02-13T22:40:00Z,6_1,Control
a4e9,6_1,Control,2025-02-13T22:57:00Z,0.77,10.875,10.921875,3.58,2025-02-13T23:00:00Z,6_1,Control
a4e9,6_1,Control,2025-02-13T23:19:00Z,0.77,10.421875,10.4921875,3.58,2025-02-13T23:20:00Z,6_1,Control
a4e9,6_1,Control,2025-02-13T23:40:00Z,0.78,10.2421875,10.2890625,3.58,2025-02-13T23:40:00Z,6_1,Control
a4e9,6_1,Control,2025-02-14T00:02:00Z,0.79,10.453125,10.4921875,3.58,2025-02-14T00:00:00Z,6_1,Control
a4e9,6_1,Control,2025-02-14T00:23:00Z,0.8,10.875,10.8671875,3.59,2025-02-14T00:20:00Z,6_1,Control
a4e9,6_1,Control,2025-02-14T00:45:00Z,0.79,11.15625,11.140625,3.59,2025-02-14T00:40:00Z,6_1,Control
a4e9,6_1,Control,2025-02-14T01:06:00Z,0.79,11.328125,11.3203125,3.58,2025-02-14T01:00:00Z,6_1,Control
a4e9,6_1,Control,2025-02-14T01:28:00Z,0.78,11.5234375,11.5234375,3.58,2025-02-14T01:20:00Z,6_1,Control
a4e9,6_1,Control,2025-02-14T01:49:00Z,0.76,11.1796875,11.2421875,3.59,2025-02-14T01:40:00Z,6_1,Control
a4e9,6_1,Control,2025-02-14T02:10:00Z,0.79,10.5234375,10.578125,3.58,2025-02-14T02:00:00Z,6_1,Control
a4e9,6_1,Control,2025-02-14T02:32:00Z,0.8,10.453125,10.4609375,3.58,2025-02-14T02:40:00Z,6_1,Control
a4e9,6_1,Control,2025-02-14T02:53:00Z,0.8,11.234375,11.1484375,3.58,2025-02-14T03:00:00Z,6_1,Control
a4e9,6_1,Control,2025-02-14T03:15:00Z,0.84,12.421875,12.234375,3.58,2025-02-14T03:20:00Z,6_1,Control
a4e9,6_1,Control,2025-02-14T03:36:00Z,0.94,14.7421875,14.1953125,3.59,2025-02-14T03:40:00Z,6_1,Control
a4e9,6_1,Control,2025-02-14T03:58:00Z,0.83,18.671875,17.9375,3.59,2025-02-14T04:00:00Z,6_1,Control
a4e9,6_1,Control,2025-02-14T04:19:00Z,0.81,21.359375,20.625,3.6,2025-02-14T04:20:00Z,6_1,Control
a4e9,6_1,Control,2025-02-14T04:41:00Z,0.82,23.1953125,22.6640625,3.6,2025-02-14T04:40:00Z,6_1,Control
a4e9,6_1,Control,2025-02-14T05:02:00Z,0.8,24.8828125,24.4609375,3.61,2025-02-14T05:00:00Z,6_1,Control
a4e9,6_1,Control,2025-02-14T05:24:00Z,0.78,25.546875,25.4140625,3.61,2025-02-14T05:20:00Z,6_1,Control
a4e9,6_1,Control,2025-02-14T05:45:00Z,0.85,25.9921875,25.890625,3.61,2025-02-14T05:40:00Z,6_1,Control
a4e9,6_1,Control,2025-02-14T06:07:00Z,0.85,26.1484375,26.1171875,3.61,2025-02-14T06:00:00Z,6_1,Control
a4e9,6_1,Control,2025-02-14T06:28:00Z,0.86,27.3828125,27.1796875,3.61,2025-02-14T06:20:00Z,6_1,Control
a4e9,6_1,Control,2025-02-14T06:49:00Z,0.82,28.21875,27.984375,3.61,2025-02-14T06:40:00Z,6_1,Control
a4e9,6_1,Control,2025-02-14T07:11:00Z,0.82,28.890625,28.6171875,3.61,2025-02-14T07:20:00Z,6_1,Control
a4e9,6_1,Control,2025-02-14T07:32:00Z,0.83,29.2890625,29.03125,3.62,2025-02-14T07:40:00Z,6_1,Control
a4e9,6_1,Control,2025-02-14T07:54:00Z,0.82,29.75,29.515625,3.61,2025-02-14T08:00:00Z,6_1,Control
a4e9,6_1,Control,2025-02-14T08:15:00Z,0.83,30.2890625,30.0390625,3.62,2025-02-14T08:20:00Z,6_1,Control
a4e9,6_1,Control,2025-02-14T08:37:00Z,0.77,30.9140625,30.796875,3.61,2025-02-14T08:40:00Z,6_1,Control
a4e9,6_1,Control,2025-02-14T08:58:00Z,0.82,30.578125,30.5390625,3.62,2025-02-14T09:00:00Z,6_1,Control
a4e9,6_1,Control,2025-02-14T09:20:00Z,0.78,30.9609375,30.84375,3.61,2025-02-14T09:20:00Z,6_1,Control
a4e9,6_1,Control,2025-02-14T09:41:00Z,0.79,30.921875,30.84375,3.61,2025-02-14T09:40:00Z,6_1,Control
a4e9,6_1,Control,2025-02-14T10:03:00Z,0.81,31.3125,31.21875,3.62,2025-02-14T10:00:00Z,6_1,Control
a4e9,6_1,Control,2025-02-14T10:24:00Z,0.81,31.859375,31.9453125,3.62,2025-02-14T10:20:00Z,6_1,Control
a4e9,6_1,Control,2025-02-14T10:46:00Z,0.81,32.3203125,32.65625,3.62,2025-02-14T10:40:00Z,6_1,Control
a4e9,6_1,Control,2025-02-14T11:07:00Z,0.79,32.4140625,32.734375,3.62,2025-02-14T11:00:00Z,6_1,Control
a4e9,6_1,Control,2025-02-14T11:29:00Z,0.79,31.6640625,31.8984375,3.61,2025-02-14T11:20:00Z,6_1,Control
a4e9,6_1,Control,2025-02-14T11:50:00Z,0.81,30.125,30.1953125,3.62,2025-02-14T11:40:00Z,6_1,Control
a4e9,6_1,Control,2025-02-14T12:11:00Z,0.8,29.421875,29.34375,3.62,2025-02-14T12:20:00Z,6_1,Control
a4e9,6_1,Control,2025-02-14T12:33:00Z,0.8,28.6328125,28.609375,3.62,2025-02-14T12:40:00Z,6_1,Control
a4e9,6_1,Control,2025-02-14T12:54:00Z,0.77,28.1953125,28.2578125,3.62,2025-02-14T13:00:00Z,6_1,Control
a4e9,6_1,Control,2025-02-14T13:16:00Z,0.79,27.4921875,27.609375,3.62,2025-02-14T13:20:00Z,6_1,Control
a4e9,6_1,Control,2025-02-14T13:37:00Z,0.76,27.046875,27.1875,3.62,2025-02-14T13:40:00Z,6_1,Control
a4e9,6_1,Control,2025-02-14T13:59:00Z,0.79,25.9453125,26.0703125,3.61,2025-02-14T14:00:00Z,6_1,Control
a4e9,6_1,Control,2025-02-14T14:20:00Z,0.76,24.625,24.734375,3.62,2025-02-14T14:20:00Z,6_1,Control
a4e9,6_1,Control,2025-02-14T14:42:00Z,0.75,23.1875,23.2890625,3.62,2025-02-14T14:40:00Z,6_1,Control
a4e9,6_1,Control,2025-02-14T15:03:00Z,0.74,21.5,21.5546875,3.61,2025-02-14T15:00:00Z,6_1,Control
a4e9,6_1,Control,2025-02-14T15:25:00Z,0.74,19.6640625,19.71875,3.61,2025-02-14T15:20:00Z,6_1,Control
a4e9,6_1,Control,2025-02-14T15:46:00Z,0.76,18.390625,18.4296875,3.61,2025-02-14T15:40:00Z,6_1,Control
a4e9,6_1,Control,2025-02-14T16:08:00Z,0.77,17.5,17.5390625,3.6,2025-02-14T16:00:00Z,6_1,Control
a4e9,6_1,Control,2025-02-14T16:29:00Z,0.78,16.828125,16.8671875,3.61,2025-02-14T16:20:00Z,6_1,Control
a4e9,6_1,Control,2025-02-14T16:51:00Z,0.77,16.4453125,16.4765625,3.6,2025-02-14T17:00:00Z,6_1,Control
a4e9,6_1,Control,2025-02-14T17:12:00Z,0.78,16.0078125,16.0234375,3.61,2025-02-14T17:20:00Z,6_1,Control
a4e9,6_1,Control,2025-02-14T17:33:00Z,0.76,15.6015625,15.6328125,3.6,2025-02-14T17:40:00Z,6_1,Control
a4e9,6_1,Control,2025-02-14T17:55:00Z,0.78,15.0859375,15.109375,3.6,2025-02-14T18:00:00Z,6_1,Control
a4e9,6_1,Control,2025-02-14T18:16:00Z,0.78,14.9296875,14.9375,3.59,2025-02-14T18:20:00Z,6_1,Control
a4e9,6_1,Control,2025-02-14T18:38:00Z,0.77,14.4921875,14.5390625,3.6,2025-02-14T18:40:00Z,6_1,Control
a4e9,6_1,Control,2025-02-14T18:59:00Z,0.8,14.4140625,14.4453125,3.6,2025-02-14T19:00:00Z,6_1,Control
a4e9,6_1,Control,2025-02-14T19:21:00Z,0.79,14.625,14.6328125,3.59,2025-02-14T19:20:00Z,6_1,Control
a4e9,6_1,Control,2025-02-14T19:42:00Z,0.78,14.6484375,14.6484375,3.59,2025-02-14T19:40:00Z,6_1,Control
a4e9,6_1,Control,2025-02-14T20:04:00Z,0.79,14.34375,14.359375,3.6,2025-02-14T20:00:00Z,6_1,Control
a4e9,6_1,Control,2025-02-14T20:25:00Z,0.77,14.140625,14.1640625,3.59,2025-02-14T20:20:00Z,6_1,Control
a4e9,6_1,Control,2025-02-14T20:47:00Z,0.78,13.703125,13.7421875,3.59,2025-02-14T20:40:00Z,6_1,Control
a4e9,6_1,Control,2025-02-14T21:08:00Z,0.78,13.171875,13.21875,3.59,2025-02-14T21:00:00Z,6_1,Control
a4e9,6_1,Control,2025-02-14T21:30:00Z,0.78,12.7734375,12.8046875,3.59,2025-02-14T21:40:00Z,6_1,Control
a4e9,6_1,Control,2025-02-14T21:51:00Z,0.79,12.6875,12.6953125,3.59,2025-02-14T22:00:00Z,6_1,Control
a4e9,6_1,Control,2025-02-14T22:13:00Z,0.79,12.7578125,12.7578125,3.58,2025-02-14T22:20:00Z,6_1,Control
a4e9,6_1,Control,2025-02-14T22:34:00Z,0.78,12.8984375,12.8828125,3.59,2025-02-14T22:40:00Z,6_1,Control
a4e9,6_1,Control,2025-02-14T22:55:00Z,0.78,12.5234375,12.546875,3.58,2025-02-14T23:00:00Z,6_1,Control
a4e9,6_1,Control,2025-02-14T23:17:00Z,0.8,12.703125,12.6796875,3.6,2025-02-14T23:20:00Z,6_1,Control
a4e9,6_1,Control,2025-02-14T23:38:00Z,0.78,12.6328125,12.6328125,3.59,2025-02-14T23:40:00Z,6_1,Control
a4e9,6_1,Control,2025-02-15T00:00:00Z,0.77,12.421875,12.4375,3.59,2025-02-15T00:00:00Z,6_1,Control
a4e9,6_1,Control,2025-02-15T00:21:00Z,0.76,11.7109375,11.7578125,3.59,2025-02-15T00:20:00Z,6_1,Control
a4e9,6_1,Control,2025-02-15T00:43:00Z,0.76,10.7421875,10.8125,3.59,2025-02-15T00:40:00Z,6_1,Control
a4e9,6_1,Control,2025-02-15T01:04:00Z,0.77,10.3046875,10.375,3.58,2025-02-15T01:00:00Z,6_1,Control
a4e9,6_1,Control,2025-02-15T01:26:00Z,0.78,9.8125,9.875,3.58,2025-02-15T01:20:00Z,6_1,Control
a4e9,6_1,Control,2025-02-15T01:47:00Z,0.78,9.625,9.6640625,3.58,2025-02-15T01:40:00Z,6_1,Control
a4e9,6_1,Control,2025-02-15T02:09:00Z,0.81,9.5625,9.578125,3.58,2025-02-15T02:00:00Z,6_1,Control
a4e9,6_1,Control,2025-02-15T02:30:00Z,0.79,10.25,10.2421875,3.58,2025-02-15T02:40:00Z,6_1,Control
a4e9,6_1,Control,2025-02-15T02:52:00Z,0.79,10.78125,10.796875,3.59,2025-02-15T03:00:00Z,6_1,Control
a4e9,6_1,Control,2025-02-15T03:13:00Z,0.82,11.46875,11.3671875,3.58,2025-02-15T03:20:00Z,6_1,Control
a4e9,6_1,Control,2025-02-15T03:35:00Z,0.9,12.9609375,12.5703125,3.58,2025-02-15T03:40:00Z,6_1,Control
a4e9,6_1,Control,2025-02-15T03:56:00Z,0.88,14.3515625,13.90625,3.58,2025-02-15T04:00:00Z,6_1,Control
a4e9,6_1,Control,2025-02-15T04:17:00Z,0.82,18.140625,17.296875,3.59,2025-02-15T04:20:00Z,6_1,Control
a4e9,6_1,Control,2025-02-15T04:39:00Z,0.86,20.59375,19.7890625,3.59,2025-02-15T04:40:00Z,6_1,Control
a4e9,6_1,Control,2025-02-15T05:00:00Z,0.78,21.890625,21.34375,3.6,2025-02-15T05:00:00Z,6_1,Control
a4e9,6_1,Control,2025-02-15T05:22:00Z,0.79,22.828125,22.625,3.61,2025-02-15T05:20:00Z,6_1,Control
a4e9,6_1,Control,2025-02-15T05:43:00Z,0.78,23.4140625,23.3984375,3.61,2025-02-15T05:40:00Z,6_1,Control
a4e9,6_1,Control,2025-02-15T06:05:00Z,0.8,23.4296875,23.59375,3.6,2025-02-15T06:00:00Z,6_1,Control
a4e9,6_1,Control,2025-02-15T06:26:00Z,0.82,24,24.046875,3.6,2025-02-15T06:20:00Z,6_1,Control
a4e9,6_1,Control,2025-02-15T06:48:00Z,0.82,24.671875,24.6328125,3.61,2025-02-15T06:40:00Z,6_1,Control
a4e9,6_1,Control,2025-02-15T07:09:00Z,0.84,25.765625,25.6953125,3.61,2025-02-15T07:00:00Z,6_1,Control
a4e9,6_1,Control,2025-02-15T07:31:00Z,0.82,26.765625,26.6953125,3.61,2025-02-15T07:40:00Z,6_1,Control
a4e9,6_1,Control,2025-02-15T07:52:00Z,0.82,27.1875,27.1328125,3.61,2025-02-15T08:00:00Z,6_1,Control
a4e9,6_1,Control,2025-02-15T08:14:00Z,0.83,27.9375,27.8828125,3.61,2025-02-15T08:20:00Z,6_1,Control
a4e9,6_1,Control,2025-02-15T08:35:00Z,0.8,28.703125,28.765625,3.61,2025-02-15T08:40:00Z,6_1,Control
a4e9,6_1,Control,2025-02-15T08:57:00Z,0.86,29.9140625,30.03125,3.62,2025-02-15T09:00:00Z,6_1,Control
a4e9,6_1,Control,2025-02-15T09:18:00Z,0.78,31.2734375,31.2578125,3.62,2025-02-15T09:20:00Z,6_1,Control
a4e9,6_1,Control,2025-02-15T09:39:00Z,0.76,31.765625,31.7890625,3.62,2025-02-15T09:40:00Z,6_1,Control
a4e9,6_1,Control,2025-02-15T10:01:00Z,0.8,32.7578125,32.6640625,3.61,2025-02-15T10:00:00Z,6_1,Control
a4e9,6_1,Control,2025-02-15T10:22:00Z,0.78,32.921875,33.0078125,3.62,2025-02-15T10:20:00Z,6_1,Control
a4e9,6_1,Control,2025-02-15T10:44:00Z,0.77,33.0546875,33.4375,3.62,2025-02-15T10:40:00Z,6_1,Control
a4e9,6_1,Control,2025-02-15T11:05:00Z,0.8,33.3125,33.7734375,3.62,2025-02-15T11:00:00Z,6_1,Control
a4e9,6_1,Control,2025-02-15T11:27:00Z,0.85,33.65625,33.9765625,3.62,2025-02-15T11:20:00Z,6_1,Control
a4e9,6_1,Control,2025-02-15T11:48:00Z,0.82,33.7421875,33.890625,3.62,2025-02-15T11:40:00Z,6_1,Control
a4e9,6_1,Control,2025-02-15T12:10:00Z,0.82,33.734375,33.6484375,3.62,2025-02-15T12:00:00Z,6_1,Control
a4e9,6_1,Control,2025-02-15T12:31:00Z,0.75,32.53125,32.4765625,3.62,2025-02-15T12:40:00Z,6_1,Control
a4e9,6_1,Control,2025-02-15T12:53:00Z,0.76,31.4609375,31.46875,3.62,2025-02-15T13:00:00Z,6_1,Control
a4e9,6_1,Control,2025-02-15T13:14:00Z,0.79,30.578125,30.6796875,3.62,2025-02-15T13:20:00Z,6_1,Control
a4e9,6_1,Control,2025-02-15T13:36:00Z,0.76,29.984375,30.125,3.62,2025-02-15T13:40:00Z,6_1,Control
a4e9,6_1,Control,2025-02-15T13:57:00Z,0.79,29.1953125,29.359375,3.63,2025-02-15T14:00:00Z,6_1,Control
a4e9,6_1,Control,2025-02-15T14:19:00Z,0.77,28.28125,28.421875,3.62,2025-02-15T14:20:00Z,6_1,Control
a4e9,6_1,Control,2025-02-15T14:40:00Z,0.76,27.2421875,27.359375,3.62,2025-02-15T14:40:00Z,6_1,Control
a4e9,6_1,Control,2025-02-15T15:01:00Z,0.74,25.4453125,25.5078125,3.62,2025-02-15T15:00:00Z,6_1,Control
a4e9,6_1,Control,2025-02-15T15:23:00Z,0.73,23.5859375,23.6171875,3.62,2025-02-15T15:20:00Z,6_1,Control
a4e9,6_1,Control,2025-02-15T15:44:00Z,0.75,22.1328125,22.1796875,3.62,2025-02-15T15:40:00Z,6_1,Control
a4e9,6_1,Control,2025-02-15T16:06:00Z,0.75,21.015625,21.0625,3.61,2025-02-15T16:00:00Z,6_1,Control
a4e9,6_1,Control,2025-02-15T16:27:00Z,0.77,20.296875,20.328125,3.61,2025-02-15T16:20:00Z,6_1,Control
a4e9,6_1,Control,2025-02-15T16:49:00Z,0.76,19.8515625,19.8828125,3.61,2025-02-15T16:40:00Z,6_1,Control
a4e9,6_1,Control,2025-02-15T17:10:00Z,0.78,19.4296875,19.453125,3.61,2025-02-15T17:00:00Z,6_1,Control
a4e9,6_1,Control,2025-02-15T17:32:00Z,0.78,19.2109375,19.2265625,3.61,2025-02-15T17:40:00Z,6_1,Control
a4e9,6_1,Control,2025-02-15T17:53:00Z,0.77,18.90625,18.921875,3.61,2025-02-15T18:00:00Z,6_1,Control
a4e9,6_1,Control,2025-02-15T18:15:00Z,0.78,18.5390625,18.5546875,3.61,2025-02-15T18:20:00Z,6_1,Control
a4e9,6_1,Control,2025-02-15T18:36:00Z,0.78,18.421875,18.421875,3.61,2025-02-15T18:40:00Z,6_1,Control
a4e9,6_1,Control,2025-02-15T18:58:00Z,0.77,18.2578125,18.265625,3.6,2025-02-15T19:00:00Z,6_1,Control
a4e9,6_1,Control,2025-02-15T19:19:00Z,0.78,18.046875,18.0546875,3.6,2025-02-15T19:20:00Z,6_1,Control
a4e9,6_1,Control,2025-02-15T19:41:00Z,0.77,17.671875,17.6953125,3.6,2025-02-15T19:40:00Z,6_1,Control
a4e9,6_1,Control,2025-02-15T20:02:00Z,0.76,17.171875,17.2109375,3.6,2025-02-15T20:00:00Z,6_1,Control
a4e9,6_1,Control,2025-02-15T20:23:00Z,0.77,16.6328125,16.671875,3.6,2025-02-15T20:20:00Z,6_1,Control
a4e9,6_1,Control,2025-02-15T20:45:00Z,0.79,16.5,16.5,3.6,2025-02-15T20:40:00Z,6_1,Control
a4e9,6_1,Control,2025-02-15T21:06:00Z,0.78,16.3359375,16.3515625,3.6,2025-02-15T21:00:00Z,6_1,Control
a4e9,6_1,Control,2025-02-15T21:28:00Z,0.77,15.9765625,16.0078125,3.6,2025-02-15T21:20:00Z,6_1,Control
a4e9,6_1,Control,2025-02-15T21:49:00Z,0.79,15.5,15.5390625,3.6,2025-02-15T21:40:00Z,6_1,Control
a4e9,6_1,Control,2025-02-15T22:11:00Z,0.8,15.4921875,15.4921875,3.6,2025-02-15T22:20:00Z,6_1,Control
a4e9,6_1,Control,2025-02-15T22:32:00Z,0.76,14.9296875,14.984375,3.6,2025-02-15T22:40:00Z,6_1,Control
a4e9,6_1,Control,2025-02-15T22:54:00Z,0.76,14.0859375,14.1640625,3.59,2025-02-15T23:00:00Z,6_1,Control
a4e9,6_1,Control,2025-02-15T23:15:00Z,0.78,13.6640625,13.6953125,3.59,2025-02-15T23:20:00Z,6_1,Control
a4e9,6_1,Control,2025-02-15T23:37:00Z,0.8,14.453125,14.3984375,3.59,2025-02-15T23:40:00Z,6_1,Control
a4e9,6_1,Control,2025-02-15T23:58:00Z,0.76,14.6328125,14.640625,3.6,2025-02-16T00:00:00Z,6_1,Control
a4e9,6_1,Control,2025-02-16T00:20:00Z,0.76,13.7890625,13.84375,3.59,2025-02-16T00:20:00Z,6_1,Control
a4e9,6_1,Control,2025-02-16T00:41:00Z,0.76,12.9765625,13.03125,3.59,2025-02-16T00:40:00Z,6_1,Control
a4e9,6_1,Control,2025-02-16T01:03:00Z,0.77,12.4140625,12.453125,3.59,2025-02-16T01:00:00Z,6_1,Control
a4e9,6_1,Control,2025-02-16T01:24:00Z,0.81,12.609375,12.609375,3.59,2025-02-16T01:20:00Z,6_1,Control
a4e9,6_1,Control,2025-02-16T01:45:00Z,0.8,13.6328125,13.5859375,3.59,2025-02-16T01:40:00Z,6_1,Control
a4e9,6_1,Control,2025-02-16T02:07:00Z,0.8,14.2734375,14.234375,3.59,2025-02-16T02:00:00Z,6_1,Control
a4e9,6_1,Control,2025-02-16T02:28:00Z,0.76,14.296875,14.296875,3.59,2025-02-16T02:20:00Z,6_1,Control
a4e9,6_1,Control,2025-02-16T02:50:00Z,0.81,13.9453125,13.9453125,3.59,2025-02-16T02:40:00Z,6_1,Control
a4e9,6_1,Control,2025-02-16T03:11:00Z,0.85,15.1875,15.03125,3.59,2025-02-16T03:20:00Z,6_1,Control
a4e9,6_1,Control,2025-02-16T03:33:00Z,0.9,17.390625,16.9921875,3.6,2025-02-16T03:40:00Z,6_1,Control
a4e9,6_1,Control,2025-02-16T03:54:00Z,0.88,21.5390625,20.6484375,3.6,2025-02-16T04:00:00Z,6_1,Control
a4e9,6_1,Control,2025-02-16T04:16:00Z,0.79,24.5703125,23.6171875,3.6,2025-02-16T04:20:00Z,6_1,Control
a4e9,6_1,Control,2025-02-16T04:37:00Z,0.8,26.015625,25.3984375,3.6,2025-02-16T04:40:00Z,6_1,Control
a4e9,6_1,Control,2025-02-16T04:59:00Z,0.76,26.8046875,26.4375,3.61,2025-02-16T05:00:00Z,6_1,Control
a4e9,6_1,Control,2025-02-16T05:20:00Z,0.82,27.453125,27.203125,3.61,2025-02-16T05:20:00Z,6_1,Control
a4e9,6_1,Control,2025-02-16T05:42:00Z,0.77,27.8359375,27.8203125,3.61,2025-02-16T05:40:00Z,6_1,Control
a4e9,6_1,Control,2025-02-16T06:03:00Z,0.78,27.203125,27.375,3.61,2025-02-16T06:00:00Z,6_1,Control
a4e9,6_1,Control,2025-02-16T06:24:00Z,0.83,27.0234375,27.046875,3.61,2025-02-16T06:20:00Z,6_1,Control
a4e9,6_1,Control,2025-02-16T06:46:00Z,0.85,27.8515625,27.8125,3.61,2025-02-16T06:40:00Z,6_1,Control
a4e9,6_1,Control,2025-02-16T07:07:00Z,0.82,28.8515625,28.796875,3.61,2025-02-16T07:00:00Z,6_1,Control
a4e9,6_1,Control,2025-02-16T07:29:00Z,0.8,29.5703125,29.5078125,3.61,2025-02-16T07:20:00Z,6_1,Control
a4e9,6_1,Control,2025-02-16T07:50:00Z,0.85,29.890625,29.828125,3.61,2025-02-16T07:40:00Z,6_1,Control
a4e9,6_1,Control,2025-02-16T08:12:00Z,0.81,30.84375,30.8046875,3.61,2025-02-16T08:20:00Z,6_1,Control
a4e9,6_1,Control,2025-02-16T08:33:00Z,0.77,31.421875,31.5234375,3.62,2025-02-16T08:40:00Z,6_1,Control
a4e9,6_1,Control,2025-02-16T08:55:00Z,0.86,32.8828125,32.921875,3.62,2025-02-16T09:00:00Z,6_1,Control
a4e9,6_1,Control,2025-02-16T09:16:00Z,0.79,33.7421875,33.796875,3.62,2025-02-16T09:20:00Z,6_1,Control
a4e9,6_1,Control,2025-02-16T09:38:00Z,0.83,33.5703125,33.671875,3.62,2025-02-16T09:40:00Z,6_1,Control
a4e9,6_1,Control,2025-02-16T09:59:00Z,0.84,33.953125,33.9296875,3.62,2025-02-16T10:00:00Z,6_1,Control
a4e9,6_1,Control,2025-02-16T10:21:00Z,0.78,35.0390625,35.109375,3.63,2025-02-16T10:20:00Z,6_1,Control
a4e9,6_1,Control,2025-02-16T10:42:00Z,0.75,34.953125,35.265625,3.62,2025-02-16T10:40:00Z,6_1,Control
a4e9,6_1,Control,2025-02-16T11:04:00Z,0.8,34.3515625,34.71875,3.62,2025-02-16T11:00:00Z,6_1,Control
a4e9,6_1,Control,2025-02-16T11:25:00Z,0.82,33.609375,33.8203125,3.62,2025-02-16T11:20:00Z,6_1,Control
a4e9,6_1,Control,2025-02-16T11:46:00Z,0.8,33.125,33.125,3.62,2025-02-16T11:40:00Z,6_1,Control
a4e9,6_1,Control,2025-02-16T12:08:00Z,0.8,31.921875,31.84375,3.62,2025-02-16T12:00:00Z,6_1,Control
a4e9,6_1,Control,2025-02-16T12:29:00Z,0.79,31.5078125,31.4140625,3.61,2025-02-16T12:20:00Z,6_1,Control
a4e9,6_1,Control,2025-02-16T12:51:00Z,0.75,31.109375,31.109375,3.62,2025-02-16T13:00:00Z,6_1,Control
a4e9,6_1,Control,2025-02-16T13:12:00Z,0.74,29.421875,29.5234375,3.62,2025-02-16T13:20:00Z,6_1,Control
a4e9,6_1,Control,2025-02-16T13:34:00Z,0.78,28.0234375,28.125,3.62,2025-02-16T13:40:00Z,6_1,Control
a4e9,6_1,Control,2025-02-16T13:55:00Z,0.76,26.6875,26.8125,3.62,2025-02-16T14:00:00Z,6_1,Control
a4e9,6_1,Control,2025-02-16T14:17:00Z,0.76,25.4921875,25.6015625,3.62,2025-02-16T14:20:00Z,6_1,Control
a4e9,6_1,Control,2025-02-16T14:38:00Z,0.74,24.1328125,24.234375,3.62,2025-02-16T14:40:00Z,6_1,Control
a4e9,6_1,Control,2025-02-16T15:00:00Z,0.73,22.4140625,22.4609375,3.61,2025-02-16T15:00:00Z,6_1,Control
a4e9,6_1,Control,2025-02-16T15:21:00Z,0.73,20.421875,20.4609375,3.61,2025-02-16T15:20:00Z,6_1,Control
a4e9,6_1,Control,2025-02-16T15:43:00Z,0.75,18.890625,18.9296875,3.61,2025-02-16T15:40:00Z,6_1,Control
a4e9,6_1,Control,2025-02-16T16:04:00Z,0.77,17.875,17.90625,3.61,2025-02-16T16:00:00Z,6_1,Control
a4e9,6_1,Control,2025-02-16T16:26:00Z,0.77,17.1953125,17.21875,3.61,2025-02-16T16:20:00Z,6_1,Control
a4e9,6_1,Control,2025-02-16T16:47:00Z,0.77,16.7265625,16.7421875,3.61,2025-02-16T16:40:00Z,6_1,Control
a4e9,6_1,Control,2025-02-16T17:08:00Z,0.78,16.3046875,16.3203125,3.6,2025-02-16T17:00:00Z,6_1,Control
a4e9,6_1,Control,2025-02-16T17:30:00Z,0.78,15.890625,15.90625,3.61,2025-02-16T17:40:00Z,6_1,Control
a4e9,6_1,Control,2025-02-16T17:51:00Z,0.77,15.5546875,15.5625,3.61,2025-02-16T18:00:00Z,6_1,Control
a4e9,6_1,Control,2025-02-16T18:13:00Z,0.79,15.25,15.2578125,3.59,2025-02-16T18:20:00Z,6_1,Control
a4e9,6_1,Control,2025-02-16T18:34:00Z,0.78,14.9609375,14.9765625,3.6,2025-02-16T18:40:00Z,6_1,Control
a4e9,6_1,Control,2025-02-16T18:56:00Z,0.78,14.7421875,14.7421875,3.6,2025-02-16T19:00:00Z,6_1,Control
a4e9,6_1,Control,2025-02-16T19:17:00Z,0.79,14.640625,14.6328125,3.6,2025-02-16T19:20:00Z,6_1,Control
a4e9,6_1,Control,2025-02-16T19:39:00Z,0.78,14.6796875,14.6640625,3.59,2025-02-16T19:40:00Z,6_1,Control
a4e9,6_1,Control,2025-02-16T20:00:00Z,0.78,14.6328125,14.625,3.59,2025-02-16T20:00:00Z,6_1,Control
a4e9,6_1,Control,2025-02-16T20:22:00Z,0.79,14.625,14.609375,3.6,2025-02-16T20:20:00Z,6_1,Control
a4e9,6_1,Control,2025-02-16T20:43:00Z,0.77,14.5546875,14.5546875,3.6,2025-02-16T20:40:00Z,6_1,Control
a4e9,6_1,Control,2025-02-16T21:05:00Z,0.79,14.65625,14.6328125,3.6,2025-02-16T21:00:00Z,6_1,Control
a4e9,6_1,Control,2025-02-16T21:26:00Z,0.78,14.9296875,14.90625,3.59,2025-02-16T21:20:00Z,6_1,Control
a4e9,6_1,Control,2025-02-16T21:48:00Z,0.78,15.0546875,15.0390625,3.6,2025-02-16T21:40:00Z,6_1,Control
a4e9,6_1,Control,2025-02-16T22:09:00Z,0.78,15.21875,15.1953125,3.6,2025-02-16T22:00:00Z,6_1,Control
a4e9,6_1,Control,2025-02-16T22:30:00Z,0.78,15.28125,15.2734375,3.6,2025-02-16T22:40:00Z,6_1,Control
a4e9,6_1,Control,2025-02-16T22:52:00Z,0.77,14.9765625,14.9921875,3.59,2025-02-16T23:00:00Z,6_1,Control
a4e9,6_1,Control,2025-02-16T23:13:00Z,0.79,14.640625,14.6484375,3.59,2025-02-16T23:20:00Z,6_1,Control
a4e9,6_1,Control,2025-02-16T23:35:00Z,0.78,14.71875,14.703125,3.6,2025-02-16T23:40:00Z,6_1,Control
a4e9,6_1,Control,2025-02-16T23:56:00Z,0.78,14.7109375,14.7109375,3.59,2025-02-17T00:00:00Z,6_1,Control
a4e9,6_1,Control,2025-02-17T00:18:00Z,0.77,14.625,14.609375,3.59,2025-02-17T00:20:00Z,6_1,Control
a4e9,6_1,Control,2025-02-17T00:39:00Z,0.77,14.5078125,14.5,3.59,2025-02-17T00:40:00Z,6_1,Control
a4e9,6_1,Control,2025-02-17T01:01:00Z,0.78,14.2890625,14.2890625,3.59,2025-02-17T01:00:00Z,6_1,Control
a4e9,6_1,Control,2025-02-17T01:22:00Z,0.77,13.8359375,13.859375,3.59,2025-02-17T01:20:00Z,6_1,Control
a4e9,6_1,Control,2025-02-17T01:44:00Z,0.78,13.6484375,13.6484375,3.59,2025-02-17T01:40:00Z,6_1,Control
a4e9,6_1,Control,2025-02-17T02:05:00Z,0.77,13.5546875,13.5546875,3.59,2025-02-17T02:00:00Z,6_1,Control
a4e9,6_1,Control,2025-02-17T02:27:00Z,0.77,13.265625,13.2890625,3.59,2025-02-17T02:20:00Z,6_1,Control
a4e9,6_1,Control,2025-02-17T02:48:00Z,0.81,13.1953125,13.1953125,3.59,2025-02-17T02:40:00Z,6_1,Control
a4e9,6_1,Control,2025-02-17T03:10:00Z,0.83,14.1640625,14.0625,3.58,2025-02-17T03:00:00Z,6_1,Control
a4e9,6_1,Control,2025-02-17T03:31:00Z,0.87,15.65625,15.3671875,3.59,2025-02-17T03:40:00Z,6_1,Control
a4e9,6_1,Control,2025-02-17T03:52:00Z,0.84,19.28125,18.4609375,3.59,2025-02-17T04:00:00Z,6_1,Control
a4e9,6_1,Control,2025-02-17T04:14:00Z,0.82,21.9921875,21.2265625,3.6,2025-02-17T04:20:00Z,6_1,Control
a4e9,6_1,Control,2025-02-17T04:35:00Z,0.8,23.6171875,23.046875,3.61,2025-02-17T04:40:00Z,6_1,Control
a4e9,6_1,Control,2025-02-17T04:57:00Z,0.83,24.890625,24.5,3.61,2025-02-17T05:00:00Z,6_1,Control
a4e9,6_1,Control,2025-02-17T05:18:00Z,0.78,25.6640625,25.453125,3.61,2025-02-17T05:20:00Z,6_1,Control
a4e9,6_1,Control,2025-02-17T05:40:00Z,0.79,25.953125,25.875,3.61,2025-02-17T05:40:00Z,6_1,Control
a4e9,6_1,Control,2025-02-17T06:01:00Z,0.81,26.0546875,26.1875,3.61,2025-02-17T06:00:00Z,6_1,Control
a4e9,6_1,Control,2025-02-17T06:23:00Z,0.84,26.3828125,26.421875,3.61,2025-02-17T06:20:00Z,6_1,Control
a4e9,6_1,Control,2025-02-17T06:44:00Z,0.84,27.1015625,27.015625,3.61,2025-02-17T06:40:00Z,6_1,Control
a4e9,6_1,Control,2025-02-17T07:06:00Z,0.83,28.59375,28.421875,3.61,2025-02-17T07:00:00Z,6_1,Control
a4e9,6_1,Control,2025-02-17T07:27:00Z,0.8,29.703125,29.5390625,3.61,2025-02-17T07:20:00Z,6_1,Control
a4e9,6_1,Control,2025-02-17T07:49:00Z,0.85,30.5625,30.4375,3.61,2025-02-17T07:40:00Z,6_1,Control
a4e9,6_1,Control,2025-02-17T08:10:00Z,0.82,31.9453125,31.875,3.62,2025-02-17T08:00:00Z,6_1,Control
a4e9,6_1,Control,2025-02-17T08:32:00Z,0.85,33.015625,33.09375,3.62,2025-02-17T08:40:00Z,6_1,Control
a4e9,6_1,Control,2025-02-17T08:53:00Z,0.8,34.546875,34.5390625,3.62,2025-02-17T09:00:00Z,6_1,Control
a4e9,6_1,Control,2025-02-17T09:14:00Z,0.82,34.9375,34.828125,3.62,2025-02-17T09:20:00Z,6_1,Control
a4e9,6_1,Control,2025-02-17T09:36:00Z,0.81,35.9296875,35.7265625,3.62,2025-02-17T09:40:00Z,6_1,Control
a4e9,6_1,Control,2025-02-17T09:57:00Z,0.78,35.90625,35.71875,3.62,2025-02-17T10:00:00Z,6_1,Control
a4e9,6_1,Control,2025-02-17T10:19:00Z,0.74,35.109375,35.15625,3.62,2025-02-17T10:20:00Z,6_1,Control
a4e9,6_1,Control,2025-02-17T10:40:00Z,0.8,34.6796875,34.90625,3.62,2025-02-17T10:40:00Z,6_1,Control
a4e9,6_1,Control,2025-02-17T11:02:00Z,0.78,34.3515625,34.7109375,3.62,2025-02-17T11:00:00Z,6_1,Control
a4e9,6_1,Control,2025-02-17T11:23:00Z,0.79,33.5859375,33.828125,3.62,2025-02-17T11:20:00Z,6_1,Control
a4e9,6_1,Control,2025-02-17T11:45:00Z,0.75,33.1484375,33.1953125,3.63,2025-02-17T11:40:00Z,6_1,Control
a4e9,6_1,Control,2025-02-17T12:06:00Z,0.8,31.8515625,31.8046875,3.62,2025-02-17T12:00:00Z,6_1,Control
a4e9,6_1,Control,2025-02-17T12:28:00Z,0.79,31.390625,31.3203125,3.62,2025-02-17T12:20:00Z,6_1,Control
a4e9,6_1,Control,2025-02-17T12:49:00Z,0.76,30.828125,30.8203125,3.63,2025-02-17T12:40:00Z,6_1,Control
a4e9,6_1,Control,2025-02-17T13:11:00Z,0.78,29.8515625,29.9140625,3.63,2025-02-17T13:20:00Z,6_1,Control
a4e9,6_1,Control,2025-02-17T13:32:00Z,0.77,29.03125,29.125,3.62,2025-02-17T13:40:00Z,6_1,Control
a4e9,6_1,Control,2025-02-17T13:54:00Z,0.76,27.8984375,28.015625,3.62,2025-02-17T14:00:00Z,6_1,Control
a4e9,6_1,Control,2025-02-17T14:15:00Z,0.76,26.6484375,26.75,3.62,2025-02-17T14:20:00Z,6_1,Control
a4e9,6_1,Control,2025-02-17T14:36:00Z,0.76,25.34375,25.4140625,3.62,2025-02-17T14:40:00Z,6_1,Control
a4e9,6_1,Control,2025-02-17T14:58:00Z,0.75,23.8984375,23.9453125,3.62,2025-02-17T15:00:00Z,6_1,Control
a4e9,6_1,Control,2025-02-17T15:19:00Z,0.74,22.2421875,22.2890625,3.62,2025-02-17T15:20:00Z,6_1,Control
a4e9,6_1,Control,2025-02-17T15:41:00Z,0.76,20.890625,20.9296875,3.61,2025-02-17T15:40:00Z,6_1,Control
a4e9,6_1,Control,2025-02-17T16:02:00Z,0.77,20.03125,20.0546875,3.61,2025-02-17T16:00:00Z,6_1,Control
a4e9,6_1,Control,2025-02-17T16:24:00Z,0.77,19.4765625,19.4921875,3.61,2025-02-17T16:20:00Z,6_1,Control
a4e9,6_1,Control,2025-02-17T16:45:00Z,0.78,19.1171875,19.125,3.6,2025-02-17T16:40:00Z,6_1,Control
a4e9,6_1,Control,2025-02-17T17:07:00Z,0.78,18.7265625,18.7265625,3.6,2025-02-17T17:00:00Z,6_1,Control
a4e9,6_1,Control,2025-02-17T17:28:00Z,0.79,18.484375,18.484375,3.61,2025-02-17T17:20:00Z,6_1,Control
a4e9,6_1,Control,2025-02-17T17:50:00Z,0.78,18.3515625,18.34375,3.61,2025-02-17T17:40:00Z,6_1,Control
a4e9,6_1,Control,2025-02-17T18:11:00Z,0.79,18.234375,18.2109375,3.61,2025-02-17T18:20:00Z,6_1,Control
a4e9,6_1,Control,2025-02-17T18:33:00Z,0.76,18.203125,18.171875,3.61,2025-02-17T18:40:00Z,6_1,Control
a4e9,6_1,Control,2025-02-17T18:54:00Z,0.79,17.859375,17.8671875,3.61,2025-02-17T19:00:00Z,6_1,Control
a4e9,6_1,Control,2025-02-17T19:16:00Z,0.77,17.59375,17.609375,3.61,2025-02-17T19:20:00Z,6_1,Control
a4e9,6_1,Control,2025-02-17T19:37:00Z,0.79,17.1171875,17.1328125,3.6,2025-02-17T19:40:00Z,6_1,Control
a4e9,6_1,Control,2025-02-17T19:58:00Z,0.79,16.859375,16.8671875,3.61,2025-02-17T20:00:00Z,6_1,Control
a4e9,6_1,Control,2025-02-17T20:20:00Z,0.77,16.5390625,16.5625,3.6,2025-02-17T20:20:00Z,6_1,Control
a4e9,6_1,Control,2025-02-17T20:41:00Z,0.77,16.1484375,16.171875,3.6,2025-02-17T20:40:00Z,6_1,Control
a4e9,6_1,Control,2025-02-17T21:03:00Z,0.78,15.9296875,15.9453125,3.6,2025-02-17T21:00:00Z,6_1,Control
a4e9,6_1,Control,2025-02-17T21:24:00Z,0.79,15.796875,15.8125,3.6,2025-02-17T21:20:00Z,6_1,Control
a4e9,6_1,Control,2025-02-17T21:46:00Z,0.77,15.6328125,15.65625,3.6,2025-02-17T21:40:00Z,6_1,Control
a4e9,6_1,Control,2025-02-17T22:07:00Z,0.79,15.421875,15.4375,3.59,2025-02-17T22:00:00Z,6_1,Control
a4e9,6_1,Control,2025-02-17T22:29:00Z,0.78,15.265625,15.2734375,3.59,2025-02-17T22:20:00Z,6_1,Control
a4e9,6_1,Control,2025-02-17T22:50:00Z,0.77,14.9609375,14.984375,3.59,2025-02-17T22:40:00Z,6_1,Control
a4e9,6_1,Control,2025-02-17T23:12:00Z,0.79,14.9609375,14.9453125,3.59,2025-02-17T23:20:00Z,6_1,Control
a4e9,6_1,Control,2025-02-17T23:33:00Z,0.79,15.1953125,15.1953125,3.59,2025-02-17T23:40:00Z,6_1,Control
a4e9,6_1,Control,2025-02-17T23:55:00Z,0.79,15.53125,15.5234375,3.59,2025-02-18T00:00:00Z,6_1,Control
a4e9,6_1,Control,2025-02-18T00:16:00Z,0.8,15.4921875,15.4921875,3.6,2025-02-18T00:20:00Z,6_1,Control
a4e9,6_1,Control,2025-02-18T00:38:00Z,0.8,15.75,15.7265625,3.59,2025-02-18T00:40:00Z,6_1,Control
a4e9,6_1,Control,2025-02-18T00:59:00Z,0.79,15.9921875,15.9765625,3.6,2025-02-18T01:00:00Z,6_1,Control
a4e9,6_1,Control,2025-02-18T01:20:00Z,0.79,16.1875,16.15625,3.59,2025-02-18T01:20:00Z,6_1,Control
a4e9,6_1,Control,2025-02-18T01:42:00Z,0.79,16.3671875,16.3203125,3.59,2025-02-18T01:40:00Z,6_1,Control
a4e9,6_1,Control,2025-02-18T02:03:00Z,0.79,16.53125,16.484375,3.59,2025-02-18T02:00:00Z,6_1,Control
a4e9,6_1,Control,2025-02-18T02:25:00Z,0.78,16.71875,16.671875,3.6,2025-02-18T02:20:00Z,6_1,Control
a4e9,6_1,Control,2025-02-18T02:46:00Z,0.79,16.59375,16.5546875,3.59,2025-02-18T02:40:00Z,6_1,Control
a4e9,6_1,Control,2025-02-18T03:08:00Z,0.83,17.1015625,17.015625,3.6,2025-02-18T03:00:00Z,6_1,Control
a4e9,6_1,Control,2025-02-18T03:29:00Z,0.85,18.453125,18.2890625,3.6,2025-02-18T03:20:00Z,6_1,Control
a4e9,6_1,Control,2025-02-18T03:51:00Z,0.88,21.2265625,20.6796875,3.6,2025-02-18T04:00:00Z,6_1,Control
a4e9,6_1,Control,2025-02-18T04:12:00Z,0.81,23.375,22.84375,3.6,2025-02-18T04:20:00Z,6_1,Control
a4e9,6_1,Control,2025-02-19T08:57:00Z,0.82,28.0703125,28.1796875,3.62,2025-02-19T09:00:00Z,6_1,Control
a4e9,6_1,Control,2025-02-19T09:19:00Z,0.79,29.0546875,29.1796875,3.62,2025-02-19T09:20:00Z,6_1,Control
a4e9,6_1,Control,2025-02-19T09:40:00Z,0.84,29.4765625,29.5234375,3.62,2025-02-19T09:40:00Z,6_1,Control
a4e9,6_1,Control,2025-02-19T10:02:00Z,0.78,29.1953125,29.2578125,3.62,2025-02-19T10:00:00Z,6_1,Control
a4e9,6_1,Control,2025-02-19T10:23:00Z,0.8,29.875,29.984375,3.62,2025-02-19T10:20:00Z,6_1,Control
a4e9,6_1,Control,2025-02-19T10:45:00Z,0.74,30.140625,30.40625,3.62,2025-02-19T10:40:00Z,6_1,Control
a4e9,6_1,Control,2025-02-19T11:06:00Z,0.81,29.5625,29.796875,3.62,2025-02-19T11:00:00Z,6_1,Control
a4e9,6_1,Control,2025-02-19T11:28:00Z,0.83,29.9296875,30.09375,3.62,2025-02-19T11:20:00Z,6_1,Control
a4e9,6_1,Control,2025-02-19T11:49:00Z,0.78,29.484375,29.625,3.62,2025-02-19T11:40:00Z,6_1,Control
a4e9,6_1,Control,2025-02-19T12:11:00Z,0.8,28.59375,28.6796875,3.63,2025-02-19T12:20:00Z,6_1,Control
a4e9,6_1,Control,2025-02-19T12:32:00Z,0.76,27.53125,27.609375,3.62,2025-02-19T12:40:00Z,6_1,Control
a4e9,6_1,Control,2025-02-19T12:53:00Z,0.82,27.3828125,27.3984375,3.62,2025-02-19T13:00:00Z,6_1,Control
a4e9,6_1,Control,2025-02-19T13:15:00Z,0.81,27.65625,27.671875,3.62,2025-02-19T13:20:00Z,6_1,Control
a4e9,6_1,Control,2025-02-19T13:36:00Z,0.8,27.578125,27.6484375,3.62,2025-02-19T13:40:00Z,6_1,Control
a4e9,6_1,Control,2025-02-19T13:58:00Z,0.76,27.2109375,27.296875,3.61,2025-02-19T14:00:00Z,6_1,Control
a4e9,6_1,Control,2025-02-19T14:19:00Z,0.77,26.3203125,26.375,3.62,2025-02-19T14:20:00Z,6_1,Control
a4e9,6_1,Control,2025-02-19T14:41:00Z,0.78,25.4296875,25.46875,3.62,2025-02-19T14:40:00Z,6_1,Control
a4e9,6_1,Control,2025-02-19T15:02:00Z,0.78,24.8203125,24.8359375,3.62,2025-02-19T15:00:00Z,6_1,Control
a4e9,6_1,Control,2025-02-19T15:24:00Z,0.77,24.3359375,24.3515625,3.61,2025-02-19T15:20:00Z,6_1,Control
a4e9,6_1,Control,2025-02-19T15:45:00Z,0.77,23.8203125,23.828125,3.61,2025-02-19T15:40:00Z,6_1,Control
a4e9,6_1,Control,2025-02-19T16:07:00Z,0.78,23.3671875,23.3828125,3.61,2025-02-19T16:00:00Z,6_1,Control
a4e9,6_1,Control,2025-02-19T16:28:00Z,0.77,22.9375,22.953125,3.61,2025-02-19T16:20:00Z,6_1,Control
a4e9,6_1,Control,2025-02-19T16:50:00Z,0.76,22.453125,22.46875,3.61,2025-02-19T16:40:00Z,6_1,Control
a4e9,6_1,Control,2025-02-19T17:11:00Z,0.78,21.9375,21.9609375,3.61,2025-02-19T17:20:00Z,6_1,Control
a4e9,6_1,Control,2025-02-19T17:33:00Z,0.77,21.3984375,21.4140625,3.61,2025-02-19T17:40:00Z,6_1,Control
a4e9,6_1,Control,2025-02-19T17:54:00Z,0.76,20.8984375,20.90625,3.61,2025-02-19T18:00:00Z,6_1,Control
a4e9,6_1,Control,2025-02-19T18:15:00Z,0.77,20.375,20.390625,3.61,2025-02-19T18:20:00Z,6_1,Control
a4e9,6_1,Control,2025-02-19T18:37:00Z,0.76,20.0546875,20.0625,3.61,2025-02-19T18:40:00Z,6_1,Control
a4e9,6_1,Control,2025-02-19T18:58:00Z,0.76,19.2890625,19.3359375,3.61,2025-02-19T19:00:00Z,6_1,Control
a4e9,6_1,Control,2025-02-19T19:20:00Z,0.78,18.671875,18.703125,3.61,2025-02-19T19:20:00Z,6_1,Control
a4e9,6_1,Control,2025-02-19T19:41:00Z,0.77,18.3515625,18.375,3.61,2025-02-19T19:40:00Z,6_1,Control
a4e9,6_1,Control,2025-02-19T20:03:00Z,0.77,17.9609375,18,3.61,2025-02-19T20:00:00Z,6_1,Control
a4e9,6_1,Control,2025-02-19T20:24:00Z,0.78,17.5,17.53125,3.61,2025-02-19T20:20:00Z,6_1,Control
a4e9,6_1,Control,2025-02-19T20:46:00Z,0.78,17.0625,17.1015625,3.61,2025-02-19T20:40:00Z,6_1,Control
a4e9,6_1,Control,2025-02-19T21:07:00Z,0.78,16.75,16.78125,3.61,2025-02-19T21:00:00Z,6_1,Control
a4e9,6_1,Control,2025-02-19T21:29:00Z,0.79,16.84375,16.84375,3.61,2025-02-19T21:20:00Z,6_1,Control
a4e9,6_1,Control,2025-02-19T21:50:00Z,0.79,16.4375,16.4609375,3.61,2025-02-19T21:40:00Z,6_1,Control
a4e9,6_1,Control,2025-02-19T22:12:00Z,0.77,16.6640625,16.640625,3.6,2025-02-19T22:20:00Z,6_1,Control
a4e9,6_1,Control,2025-02-19T22:33:00Z,0.79,16.7734375,16.765625,3.61,2025-02-19T22:40:00Z,6_1,Control
a4e9,6_1,Control,2025-02-19T22:55:00Z,0.79,16.75,16.7421875,3.6,2025-02-19T23:00:00Z,6_1,Control
a4e9,6_1,Control,2025-02-19T23:16:00Z,0.78,16.4765625,16.4921875,3.6,2025-02-19T23:20:00Z,6_1,Control
a4e9,6_1,Control,2025-02-19T23:37:00Z,0.79,16.3671875,16.3671875,3.6,2025-02-19T23:40:00Z,6_1,Control
a4e9,6_1,Control,2025-02-19T23:59:00Z,0.77,16.2421875,16.2421875,3.6,2025-02-20T00:00:00Z,6_1,Control
a4e9,6_1,Control,2025-02-20T00:20:00Z,0.78,16.0703125,16.0625,3.61,2025-02-20T00:20:00Z,6_1,Control
a4e9,6_1,Control,2025-02-20T00:42:00Z,0.79,15.8359375,15.84375,3.6,2025-02-20T00:40:00Z,6_1,Control
a4e9,6_1,Control,2025-02-20T01:03:00Z,0.79,15.9140625,15.90625,3.6,2025-02-20T01:00:00Z,6_1,Control
a4e9,6_1,Control,2025-02-20T01:25:00Z,0.76,15.5625,15.578125,3.6,2025-02-20T01:20:00Z,6_1,Control
a4e9,6_1,Control,2025-02-20T01:46:00Z,0.78,15.1796875,15.1875,3.6,2025-02-20T01:40:00Z,6_1,Control
a4e9,6_1,Control,2025-02-20T02:08:00Z,0.77,15.0078125,15.0078125,3.6,2025-02-20T02:00:00Z,6_1,Control
a4e9,6_1,Control,2025-02-20T02:29:00Z,0.78,14.8046875,14.8125,3.59,2025-02-20T02:20:00Z,6_1,Control
a4e9,6_1,Control,2025-02-20T02:51:00Z,0.81,15.03125,14.9921875,3.59,2025-02-20T03:00:00Z,6_1,Control
a4e9,6_1,Control,2025-02-20T03:12:00Z,0.86,16.5703125,16.3984375,3.6,2025-02-20T03:20:00Z,6_1,Control
a4e9,6_1,Control,2025-02-20T03:34:00Z,0.93,19.1171875,18.6640625,3.6,2025-02-20T03:40:00Z,6_1,Control
a4e9,6_1,Control,2025-02-20T03:55:00Z,0.86,23.421875,22.3984375,3.6,2025-02-20T04:00:00Z,6_1,Control
a4e9,6_1,Control,2025-02-20T04:17:00Z,0.86,26.5390625,25.6171875,3.61,2025-02-20T04:20:00Z,6_1,Control
a4e9,6_1,Control,2025-02-20T04:38:00Z,0.81,28.125,27.2421875,3.6,2025-02-20T04:40:00Z,6_1,Control
a4e9,6_1,Control,2025-02-20T04:59:00Z,0.78,28.8046875,28.0390625,3.61,2025-02-20T05:00:00Z,6_1,Control
a4e9,6_1,Control,2025-02-20T05:21:00Z,0.81,29.1875,28.796875,3.61,2025-02-20T05:20:00Z,6_1,Control
a4e9,6_1,Control,2025-02-20T05:42:00Z,0.78,29.546875,29.4453125,3.62,2025-02-20T05:40:00Z,6_1,Control
a4e9,6_1,Control,2025-02-20T06:04:00Z,0.79,29.6640625,29.71875,3.61,2025-02-20T06:00:00Z,6_1,Control
a4e9,6_1,Control,2025-02-20T06:25:00Z,0.83,29.4765625,29.4296875,3.61,2025-02-20T06:20:00Z,6_1,Control
a4e9,6_1,Control,2025-02-20T06:47:00Z,0.82,29.3125,29.2734375,3.61,2025-02-20T06:40:00Z,6_1,Control
a4e9,6_1,Control,2025-02-20T07:08:00Z,0.82,30.2265625,30,3.61,2025-02-20T07:00:00Z,6_1,Control
a4e9,6_1,Control,2025-02-20T07:30:00Z,0.82,31.484375,31.2265625,3.62,2025-02-20T07:40:00Z,6_1,Control
a4e9,6_1,Control,2025-02-20T07:51:00Z,0.83,32.2890625,32.125,3.62,2025-02-20T08:00:00Z,6_1,Control
a4e9,6_1,Control,2025-02-20T08:13:00Z,0.81,33.75,33.6015625,3.62,2025-02-20T08:20:00Z,6_1,Control
a4e9,6_1,Control,2025-02-20T08:34:00Z,0.79,34.59375,34.7421875,3.62,2025-02-20T08:40:00Z,6_1,Control
a4e9,6_1,Control,2025-02-20T08:56:00Z,0.83,35.8359375,35.984375,3.62,2025-02-20T09:00:00Z,6_1,Control
a4e9,6_1,Control,2025-02-20T09:17:00Z,0.84,36.3515625,36.5078125,3.63,2025-02-20T09:20:00Z,6_1,Control
a4e9,6_1,Control,2025-02-20T09:39:00Z,0.81,36.7265625,36.6171875,3.62,2025-02-20T09:40:00Z,6_1,Control
a4e9,6_1,Control,2025-02-20T10:00:00Z,0.81,37.515625,37.3515625,3.63,2025-02-20T10:00:00Z,6_1,Control
a4e9,6_1,Control,2025-02-20T10:21:00Z,0.8,37.3984375,37.5859375,3.62,2025-02-20T10:20:00Z,6_1,Control
a4e9,6_1,Control,2025-02-20T10:43:00Z,0.77,37.21875,37.484375,3.62,2025-02-20T10:40:00Z,6_1,Control
a4e9,6_1,Control,2025-02-20T11:04:00Z,0.78,37.296875,37.59375,3.62,2025-02-20T11:00:00Z,6_1,Control
a4e9,6_1,Control,2025-02-20T11:26:00Z,0.81,36.734375,36.796875,3.63,2025-02-20T11:20:00Z,6_1,Control
a4e9,6_1,Control,2025-02-20T11:47:00Z,0.81,36.3671875,36.3046875,3.62,2025-02-20T11:40:00Z,6_1,Control
a4e9,6_1,Control,2025-02-20T12:09:00Z,0.73,35.0703125,35.0703125,3.63,2025-02-20T12:00:00Z,6_1,Control
a4e9,6_1,Control,2025-02-20T12:30:00Z,0.84,35.9921875,35.8125,3.62,2025-02-20T12:40:00Z,6_1,Control
a4e9,6_1,Control,2025-02-20T12:52:00Z,0.62,36.34375,36.3046875,3.63,2025-02-20T13:00:00Z,6_1,Control
a4e9,6_1,Control,2025-02-20T13:13:00Z,0.74,33.703125,33.7109375,3.63,2025-02-20T13:20:00Z,6_1,Control
a4e9,6_1,Control,2025-02-20T13:35:00Z,0.76,33.1875,33.1875,3.63,2025-02-20T13:40:00Z,6_1,Control
a4e9,6_1,Control,2025-02-20T13:56:00Z,0.75,32.109375,32.109375,3.62,2025-02-20T14:00:00Z,6_1,Control
a4e9,6_1,Control,2025-02-20T14:18:00Z,0.72,30.734375,30.78125,3.62,2025-02-20T14:20:00Z,6_1,Control
a4e9,6_1,Control,2025-02-20T14:39:00Z,0.72,28.5625,28.5859375,3.62,2025-02-20T14:40:00Z,6_1,Control
a4e9,6_1,Control,2025-02-20T15:01:00Z,0.75,26.765625,26.7890625,3.62,2025-02-20T15:00:00Z,6_1,Control
a4e9,6_1,Control,2025-02-20T15:22:00Z,0.76,25.5078125,25.5234375,3.62,2025-02-20T15:20:00Z,6_1,Control
a4e9,6_1,Control,2025-02-20T15:43:00Z,0.78,24.7890625,24.7890625,3.62,2025-02-20T15:40:00Z,6_1,Control
a4e9,6_1,Control,2025-02-20T16:05:00Z,0.78,24.2734375,24.265625,3.62,2025-02-20T16:00:00Z,6_1,Control
a4e9,6_1,Control,2025-02-20T16:26:00Z,0.79,23.9609375,23.953125,3.62,2025-02-20T16:20:00Z,6_1,Control
a4e9,6_1,Control,2025-02-20T16:48:00Z,0.78,23.765625,23.7578125,3.62,2025-02-20T16:40:00Z,6_1,Control
a4e9,6_1,Control,2025-02-20T17:09:00Z,0.79,23.640625,23.625,3.62,2025-02-20T17:00:00Z,6_1,Control
a4e9,6_1,Control,2025-02-20T17:31:00Z,0.8,23.7890625,23.765625,3.62,2025-02-20T17:40:00Z,6_1,Control
a4e9,6_1,Control,2025-02-20T17:52:00Z,0.79,24.2265625,24.203125,3.62,2025-02-20T18:00:00Z,6_1,Control
a4e9,6_1,Control,2025-02-20T18:14:00Z,0.78,24.203125,24.203125,3.62,2025-02-20T18:20:00Z,6_1,Control
a4e9,6_1,Control,2025-02-20T18:35:00Z,0.77,23.9375,23.9375,3.61,2025-02-20T18:40:00Z,6_1,Control
a4e9,6_1,Control,2025-02-20T18:57:00Z,0.76,23.28125,23.3125,3.62,2025-02-20T19:00:00Z,6_1,Control
a4e9,6_1,Control,2025-02-20T19:18:00Z,0.78,22.640625,22.671875,3.62,2025-02-20T19:20:00Z,6_1,Control
a4e9,6_1,Control,2025-02-20T19:40:00Z,0.77,22.3828125,22.4140625,3.62,2025-02-20T19:40:00Z,6_1,Control
a4e9,6_1,Control,2025-02-20T20:01:00Z,0.78,22.0703125,22.0859375,3.62,2025-02-20T20:00:00Z,6_1,Control
a4e9,6_1,Control,2025-02-20T20:23:00Z,0.79,22.0078125,22,3.62,2025-02-20T20:20:00Z,6_1,Control
a4e9,6_1,Control,2025-02-20T20:44:00Z,0.78,21.984375,21.984375,3.61,2025-02-20T20:40:00Z,6_1,Control
a4e9,6_1,Control,2025-02-20T21:05:00Z,0.79,21.8671875,21.8671875,3.62,2025-02-20T21:00:00Z,6_1,Control
a4e9,6_1,Control,2025-02-20T21:27:00Z,0.78,21.703125,21.703125,3.61,2025-02-20T21:20:00Z,6_1,Control
a4e9,6_1,Control,2025-02-20T21:48:00Z,0.77,21.5234375,21.5390625,3.61,2025-02-20T21:40:00Z,6_1,Control
a4e9,6_1,Control,2025-02-20T22:10:00Z,0.78,21.3046875,21.3203125,3.61,2025-02-20T22:00:00Z,6_1,Control
a4e9,6_1,Control,2025-02-20T22:31:00Z,0.78,21.109375,21.109375,3.61,2025-02-20T22:40:00Z,6_1,Control
a4e9,6_1,Control,2025-02-20T22:53:00Z,0.79,21.03125,21.03125,3.61,2025-02-20T23:00:00Z,6_1,Control
a4e9,6_1,Control,2025-02-20T23:14:00Z,0.79,21.09375,21.0859375,3.61,2025-02-20T23:20:00Z,6_1,Control
a4e9,6_1,Control,2025-02-20T23:36:00Z,0.78,21.1015625,21.109375,3.61,2025-02-20T23:40:00Z,6_1,Control
a4e9,6_1,Control,2025-02-20T23:57:00Z,0.79,21.0859375,21.09375,3.61,2025-02-21T00:00:00Z,6_1,Control
a4e9,6_1,Control,2025-02-21T00:19:00Z,0.78,21.0546875,21.0703125,3.61,2025-02-21T00:20:00Z,6_1,Control
a4e9,6_1,Control,2025-02-21T00:40:00Z,0.78,21.015625,21.015625,3.61,2025-02-21T00:40:00Z,6_1,Control
a4e9,6_1,Control,2025-02-21T01:02:00Z,0.78,21.03125,21.0234375,3.61,2025-02-21T01:00:00Z,6_1,Control
a4e9,6_1,Control,2025-02-21T01:23:00Z,0.78,20.953125,20.953125,3.61,2025-02-21T01:20:00Z,6_1,Control
a4e9,6_1,Control,2025-02-21T01:45:00Z,0.77,20.5703125,20.578125,3.61,2025-02-21T01:40:00Z,6_1,Control
a4e9,6_1,Control,2025-02-21T02:06:00Z,0.78,20.1953125,20.203125,3.61,2025-02-21T02:00:00Z,6_1,Control
a4e9,6_1,Control,2025-02-21T02:27:00Z,0.77,19.6875,19.703125,3.61,2025-02-21T02:20:00Z,6_1,Control
a4e9,6_1,Control,2025-02-21T02:49:00Z,0.8,19.5625,19.5546875,3.6,2025-02-21T02:40:00Z,6_1,Control
a4e9,6_1,Control,2025-02-21T03:10:00Z,0.81,20.2109375,20.15625,3.61,2025-02-21T03:00:00Z,6_1,Control
a4e9,6_1,Control,2025-02-21T03:32:00Z,0.83,21.28125,21.1796875,3.6,2025-02-21T03:40:00Z,6_1,Control
a4e9,6_1,Control,2025-02-21T03:53:00Z,0.9,24.4296875,23.8671875,3.61,2025-02-21T04:00:00Z,6_1,Control
a4e9,6_1,Control,2025-02-21T04:15:00Z,0.87,29.3828125,28.375,3.61,2025-02-21T04:20:00Z,6_1,Control
a4e9,6_1,Control,2025-02-21T04:36:00Z,0.85,31.734375,30.859375,3.61,2025-02-21T04:40:00Z,6_1,Control
a4e9,6_1,Control,2025-02-21T04:58:00Z,0.72,31.65625,30.9609375,3.62,2025-02-21T05:00:00Z,6_1,Control
a4e9,6_1,Control,2025-02-21T05:19:00Z,0.74,31.0546875,30.4609375,3.61,2025-02-21T05:20:00Z,6_1,Control
a4e9,6_1,Control,2025-02-21T05:41:00Z,0.79,31.2109375,30.7421875,3.62,2025-02-21T05:40:00Z,6_1,Control
a4e9,6_1,Control,2025-02-21T06:02:00Z,0.79,32.203125,31.875,3.61,2025-02-21T06:00:00Z,6_1,Control
a4e9,6_1,Control,2025-02-21T06:24:00Z,0.82,32.09375,31.875,3.62,2025-02-21T06:20:00Z,6_1,Control
a4e9,6_1,Control,2025-02-21T06:45:00Z,0.79,32.265625,31.9765625,3.62,2025-02-21T06:40:00Z,6_1,Control
a4e9,6_1,Control,2025-02-21T07:07:00Z,0.86,31.953125,31.6796875,3.62,2025-02-21T07:00:00Z,6_1,Control
a4e9,6_1,Control,2025-02-21T07:28:00Z,0.81,32.90625,32.5703125,3.62,2025-02-21T07:20:00Z,6_1,Control
a4e9,6_1,Control,2025-02-21T07:49:00Z,0.8,33.765625,33.5234375,3.62,2025-02-21T07:40:00Z,6_1,Control
a4e9,6_1,Control,2025-02-21T08:11:00Z,0.74,33.921875,33.7890625,3.63,2025-02-21T08:20:00Z,6_1,Control
a4e9,6_1,Control,2025-02-21T08:32:00Z,0.8,33.7265625,33.7109375,3.62,2025-02-21T08:40:00Z,6_1,Control
a4e9,6_1,Control,2025-02-21T08:54:00Z,0.82,34.0859375,34.0625,3.63,2025-02-21T09:00:00Z,6_1,Control
a4e9,6_1,Control,2025-02-21T09:15:00Z,0.83,34.3515625,34.25,3.63,2025-02-21T09:20:00Z,6_1,Control
a4e9,6_1,Control,2025-02-21T09:37:00Z,0.81,33.6640625,33.4453125,3.63,2025-02-21T09:40:00Z,6_1,Control
a4e9,6_1,Control,2025-02-21T09:58:00Z,0.79,33.9921875,33.8671875,3.62,2025-02-21T10:00:00Z,6_1,Control
a4e9,6_1,Control,2025-02-21T10:20:00Z,0.81,34.09375,34.1875,3.63,2025-02-21T10:20:00Z,6_1,Control
a4e9,6_1,Control,2025-02-21T10:41:00Z,0.8,34.4921875,34.6640625,3.62,2025-02-21T10:40:00Z,6_1,Control
a4e9,6_1,Control,2025-02-21T11:03:00Z,0.82,35.140625,35.3125,3.63,2025-02-21T11:00:00Z,6_1,Control
a4e9,6_1,Control,2025-02-21T11:24:00Z,0.85,35.4296875,35.4609375,3.62,2025-02-21T11:20:00Z,6_1,Control
a4e9,6_1,Control,2025-02-21T11:46:00Z,0.81,35.5625,35.453125,3.62,2025-02-21T11:40:00Z,6_1,Control
a4e9,6_1,Control,2025-02-21T12:07:00Z,0.79,34.75,34.546875,3.63,2025-02-21T12:00:00Z,6_1,Control
a4e9,6_1,Control,2025-02-21T12:29:00Z,0.76,34.40625,34.2265625,3.62,2025-02-21T12:20:00Z,6_1,Control
a4e9,6_1,Control,2025-02-21T12:50:00Z,0.7,33.21875,33.1484375,3.63,2025-02-21T12:40:00Z,6_1,Control
a4e9,6_1,Control,2025-02-21T13:11:00Z,0.77,31.3984375,31.40625,3.63,2025-02-21T13:20:00Z,6_1,Control
a4e9,6_1,Control,2025-02-21T13:33:00Z,0.73,29.9609375,30.03125,3.63,2025-02-21T13:40:00Z,6_1,Control
a4e9,6_1,Control,2025-02-21T13:54:00Z,0.75,28.328125,28.4140625,3.63,2025-02-21T14:00:00Z,6_1,Control
a4e9,6_1,Control,2025-02-21T14:16:00Z,0.74,27.0859375,27.1796875,3.62,2025-02-21T14:20:00Z,6_1,Control
a4e9,6_1,Control,2025-02-21T14:37:00Z,0.75,25.75,25.796875,3.63,2025-02-21T14:40:00Z,6_1,Control
a4e9,6_1,Control,2025-02-21T14:59:00Z,0.73,24.25,24.265625,3.62,2025-02-21T15:00:00Z,6_1,Control
a4e9,6_1,Control,2025-02-21T15:20:00Z,0.72,22.4375,22.46875,3.62,2025-02-21T15:20:00Z,6_1,Control
a4e9,6_1,Control,2025-02-21T15:42:00Z,0.73,20.796875,20.859375,3.62,2025-02-21T15:40:00Z,6_1,Control
a4e9,6_1,Control,2025-02-21T16:03:00Z,0.76,19.6484375,19.6953125,3.61,2025-02-21T16:00:00Z,6_1,Control
a4e9,6_1,Control,2025-02-21T16:25:00Z,0.79,19.21875,19.2421875,3.62,2025-02-21T16:20:00Z,6_1,Control
a4e9,6_1,Control,2025-02-21T16:46:00Z,0.78,18.9296875,18.953125,3.62,2025-02-21T16:40:00Z,6_1,Control
a4e9,6_1,Control,2025-02-21T17:08:00Z,0.79,18.5390625,18.5546875,3.61,2025-02-21T17:00:00Z,6_1,Control
a4e9,6_1,Control,2025-02-21T17:29:00Z,0.77,18.2578125,18.265625,3.61,2025-02-21T17:20:00Z,6_1,Control
a4e9,6_1,Control,2025-02-21T17:50:00Z,0.79,18,18.0078125,3.61,2025-02-21T17:40:00Z,6_1,Control
a4e9,6_1,Control,2025-02-21T18:12:00Z,0.79,18.171875,18.1796875,3.61,2025-02-21T18:20:00Z,6_1,Control
a4e9,6_1,Control,2025-02-21T18:33:00Z,0.8,18.5390625,18.546875,3.62,2025-02-21T18:40:00Z,6_1,Control
a4e9,6_1,Control,2025-02-21T18:55:00Z,0.78,18.6953125,18.7109375,3.61,2025-02-21T19:00:00Z,6_1,Control
a4e9,6_1,Control,2025-02-21T19:16:00Z,0.78,18.65625,18.6953125,3.61,2025-02-21T19:20:00Z,6_1,Control
a4e9,6_1,Control,2025-02-21T19:38:00Z,0.77,18.359375,18.40625,3.61,2025-02-21T19:40:00Z,6_1,Control
a4e9,6_1,Control,2025-02-21T19:59:00Z,0.77,18.015625,18.0703125,3.61,2025-02-21T20:00:00Z,6_1,Control
a4e9,6_1,Control,2025-02-21T20:21:00Z,0.77,17.6875,17.7578125,3.61,2025-02-21T20:20:00Z,6_1,Control
a4e9,6_1,Control,2025-02-21T20:42:00Z,0.78,17.3046875,17.3671875,3.61,2025-02-21T20:40:00Z,6_1,Control
a4e9,6_1,Control,2025-02-21T21:04:00Z,0.79,17.015625,17.0703125,3.61,2025-02-21T21:00:00Z,6_1,Control
a4e9,6_1,Control,2025-02-21T21:25:00Z,0.78,16.96875,16.9921875,3.6,2025-02-21T21:20:00Z,6_1,Control
a4e9,6_1,Control,2025-02-21T21:47:00Z,0.78,16.7890625,16.8359375,3.61,2025-02-21T21:40:00Z,6_1,Control
a4e9,6_1,Control,2025-02-21T22:08:00Z,0.78,16.6484375,16.6875,3.6,2025-02-21T22:00:00Z,6_1,Control
a4e9,6_1,Control,2025-02-21T22:30:00Z,0.79,16.453125,16.5078125,3.6,2025-02-21T22:40:00Z,6_1,Control
a4e9,6_1,Control,2025-02-21T22:51:00Z,0.77,16.6484375,16.6796875,3.61,2025-02-21T23:00:00Z,6_1,Control
a4e9,6_1,Control,2025-02-21T23:12:00Z,0.78,16.6953125,16.7421875,3.61,2025-02-21T23:20:00Z,6_1,Control
a4e9,6_1,Control,2025-02-21T23:34:00Z,0.79,16.84375,16.859375,3.6,2025-02-21T23:40:00Z,6_1,Control
a4e9,6_1,Control,2025-02-21T23:55:00Z,0.78,17.015625,17.0390625,3.61,2025-02-22T00:00:00Z,6_1,Control
a4e9,6_1,Control,2025-02-22T00:17:00Z,0.77,16.7578125,16.796875,3.61,2025-02-22T00:20:00Z,6_1,Control
a4e9,6_1,Control,2025-02-22T00:38:00Z,0.78,16.3203125,16.34375,3.6,2025-02-22T00:40:00Z,6_1,Control
a4e9,6_1,Control,2025-02-22T01:00:00Z,0.78,16.25,16.2578125,3.61,2025-02-22T01:00:00Z,6_1,Control
a4e9,6_1,Control,2025-02-22T01:21:00Z,0.8,16.59375,16.578125,3.61,2025-02-22T01:20:00Z,6_1,Control
a4e9,6_1,Control,2025-02-22T01:43:00Z,0.79,17.2265625,17.203125,3.6,2025-02-22T01:40:00Z,6_1,Control
a4e9,6_1,Control,2025-02-22T02:04:00Z,0.78,17.4296875,17.4296875,3.6,2025-02-22T02:00:00Z,6_1,Control
a4e9,6_1,Control,2025-02-22T02:26:00Z,0.79,17.515625,17.53125,3.61,2025-02-22T02:20:00Z,6_1,Control
a4e9,6_1,Control,2025-02-22T02:47:00Z,0.78,17.5,17.515625,3.6,2025-02-22T02:40:00Z,6_1,Control
a4e9,6_1,Control,2025-02-22T03:09:00Z,0.81,17.7578125,17.7265625,3.6,2025-02-22T03:00:00Z,6_1,Control
a4e9,6_1,Control,2025-02-22T03:30:00Z,0.88,19.03125,18.8046875,3.61,2025-02-22T03:40:00Z,6_1,Control
a4e9,6_1,Control,2025-02-22T03:52:00Z,0.85,20.921875,20.5234375,3.6,2025-02-22T04:00:00Z,6_1,Control
a4e9,6_1,Control,2025-02-22T04:13:00Z,0.75,22.6796875,22.3359375,3.61,2025-02-22T04:20:00Z,6_1,Control
a4e9,6_1,Control,2025-02-22T04:34:00Z,0.75,22.8828125,22.5546875,3.61,2025-02-22T04:40:00Z,6_1,Control
a4e9,6_1,Control,2025-02-22T04:56:00Z,0.83,22.609375,22.40625,3.61,2025-02-22T05:00:00Z,6_1,Control
a4e9,6_1,Control,2025-02-22T05:17:00Z,0.9,24.6015625,24.21875,3.61,2025-02-22T05:20:00Z,6_1,Control
a4e9,6_1,Control,2025-02-22T05:39:00Z,0.77,27.7734375,27.3125,3.61,2025-02-22T05:40:00Z,6_1,Control
a4e9,6_1,Control,2025-02-22T06:00:00Z,0.77,26.1875,26.1171875,3.61,2025-02-22T06:00:00Z,6_1,Control
a4e9,6_1,Control,2025-02-22T06:22:00Z,0.82,26.65625,26.6484375,3.62,2025-02-22T06:20:00Z,6_1,Control
a4e9,6_1,Control,2025-02-22T06:43:00Z,0.82,27.8671875,27.78125,3.62,2025-02-22T06:40:00Z,6_1,Control
a4e9,6_1,Control,2025-02-22T07:05:00Z,0.79,28.78125,28.609375,3.62,2025-02-22T07:00:00Z,6_1,Control
a4e9,6_1,Control,2025-02-22T07:26:00Z,0.8,29.421875,29.21875,3.62,2025-02-22T07:20:00Z,6_1,Control
a4e9,6_1,Control,2025-02-22T07:48:00Z,0.82,30.8984375,30.7421875,3.62,2025-02-22T07:40:00Z,6_1,Control
a4e9,6_1,Control,2025-02-22T08:09:00Z,0.75,31.9765625,31.8828125,3.62,2025-02-22T08:00:00Z,6_1,Control
a4e9,6_1,Control,2025-02-22T08:31:00Z,0.8,30.9296875,30.8828125,3.62,2025-02-22T08:40:00Z,6_1,Control
a4e9,6_1,Control,2025-02-22T08:52:00Z,0.8,29.859375,29.796875,3.62,2025-02-22T09:00:00Z,6_1,Control
a4e9,6_1,Control,2025-02-22T09:14:00Z,0.83,30.0390625,29.9453125,3.62,2025-02-22T09:20:00Z,6_1,Control
a4e9,6_1,Control,2025-02-22T09:35:00Z,0.85,28.96875,28.890625,3.62,2025-02-22T09:40:00Z,6_1,Control
a4e9,6_1,Control,2025-02-22T09:56:00Z,0.73,30.484375,30.3359375,3.62,2025-02-22T10:00:00Z,6_1,Control
a4e9,6_1,Control,2025-02-22T10:18:00Z,0.75,28.8984375,28.8671875,3.62,2025-02-22T10:20:00Z,6_1,Control
a4e9,6_1,Control,2025-02-22T10:39:00Z,0.78,28.34375,28.3359375,3.62,2025-02-22T10:40:00Z,6_1,Control
a4e9,6_1,Control,2025-02-22T11:01:00Z,0.8,29.2890625,29.3671875,3.62,2025-02-22T11:00:00Z,6_1,Control
a4e9,6_1,Control,2025-02-22T11:22:00Z,0.78,28.6171875,28.6640625,3.62,2025-02-22T11:20:00Z,6_1,Control
a4e9,6_1,Control,2025-02-22T11:44:00Z,0.78,28.34375,28.3203125,3.61,2025-02-22T11:40:00Z,6_1,Control
a4e9,6_1,Control,2025-02-22T12:05:00Z,0.79,27.8359375,27.78125,3.62,2025-02-22T12:00:00Z,6_1,Control
a4e9,6_1,Control,2025-02-22T12:27:00Z,0.85,27.4375,27.3671875,3.62,2025-02-22T12:20:00Z,6_1,Control
a4e9,6_1,Control,2025-02-22T12:48:00Z,0.82,28.9296875,28.84375,3.61,2025-02-22T12:40:00Z,6_1,Control
a4e9,6_1,Control,2025-02-22T13:10:00Z,0.81,29.34375,29.3359375,3.62,2025-02-22T13:00:00Z,6_1,Control
a4e9,6_1,Control,2025-02-22T13:31:00Z,0.76,28.6640625,28.7265625,3.62,2025-02-22T13:40:00Z,6_1,Control
a4e9,6_1,Control,2025-02-22T13:53:00Z,0.77,27.546875,27.65625,3.61,2025-02-22T14:00:00Z,6_1,Control
a4e9,6_1,Control,2025-02-22T14:14:00Z,0.76,26.4453125,26.5625,3.63,2025-02-22T14:20:00Z,6_1,Control
a4e9,6_1,Control,2025-02-22T14:36:00Z,0.75,25.0859375,25.140625,3.61,2025-02-22T14:40:00Z,6_1,Control
a4e9,6_1,Control,2025-02-22T14:57:00Z,0.73,23.4453125,23.4609375,3.62,2025-02-22T15:00:00Z,6_1,Control
a4e9,6_1,Control,2025-02-22T15:18:00Z,0.74,21.8203125,21.859375,3.61,2025-02-22T15:20:00Z,6_1,Control
a4e9,6_1,Control,2025-02-22T15:40:00Z,0.76,20.53125,20.578125,3.61,2025-02-22T15:40:00Z,6_1,Control
a4e9,6_1,Control,2025-02-22T16:01:00Z,0.78,19.53125,19.5703125,3.61,2025-02-22T16:00:00Z,6_1,Control
a4e9,6_1,Control,2025-02-22T16:23:00Z,0.76,18.828125,18.859375,3.61,2025-02-22T16:20:00Z,6_1,Control
a4e9,6_1,Control,2025-02-22T16:44:00Z,0.76,18.265625,18.2890625,3.61,2025-02-22T16:40:00Z,6_1,Control
a4e9,6_1,Control,2025-02-22T17:06:00Z,0.78,17.921875,17.9375,3.61,2025-02-22T17:00:00Z,6_1,Control
a4e9,6_1,Control,2025-02-22T17:27:00Z,0.78,17.5859375,17.609375,3.61,2025-02-22T17:20:00Z,6_1,Control
a4e9,6_1,Control,2025-02-22T17:49:00Z,0.77,17.265625,17.28125,3.6,2025-02-22T17:40:00Z,6_1,Control
a4e9,6_1,Control,2025-02-22T18:10:00Z,0.78,17.0078125,17.03125,3.61,2025-02-22T18:00:00Z,6_1,Control
a4e9,6_1,Control,2025-02-22T18:32:00Z,0.79,16.796875,16.8125,3.61,2025-02-22T18:40:00Z,6_1,Control
a4e9,6_1,Control,2025-02-22T18:53:00Z,0.79,16.53125,16.5546875,3.6,2025-02-22T19:00:00Z,6_1,Control
a4e9,6_1,Control,2025-02-22T19:15:00Z,0.79,16.3984375,16.40625,3.61,2025-02-22T19:20:00Z,6_1,Control
a4e9,6_1,Control,2025-02-22T19:36:00Z,0.81,16.3515625,16.359375,3.6,2025-02-22T19:40:00Z,6_1,Control
a4e9,6_1,Control,2025-02-22T19:58:00Z,0.79,16.6015625,16.59375,3.6,2025-02-22T20:00:00Z,6_1,Control
a4e9,6_1,Control,2025-02-22T20:19:00Z,0.79,16.84375,16.84375,3.6,2025-02-22T20:20:00Z,6_1,Control
a4e9,6_1,Control,2025-02-22T20:41:00Z,0.77,16.7578125,16.7734375,3.6,2025-02-22T20:40:00Z,6_1,Control
a4e9,6_1,Control,2025-02-22T21:02:00Z,0.79,16.5,16.515625,3.6,2025-02-22T21:00:00Z,6_1,Control
a4e9,6_1,Control,2025-02-22T21:23:00Z,0.77,16.3046875,16.3203125,3.6,2025-02-22T21:20:00Z,6_1,Control
a4e9,6_1,Control,2025-02-22T21:45:00Z,0.77,16.0546875,16.0703125,3.6,2025-02-22T21:40:00Z,6_1,Control
a4e9,6_1,Control,2025-02-22T22:06:00Z,0.79,16.0625,16.0625,3.6,2025-02-22T22:00:00Z,6_1,Control
a4e9,6_1,Control,2025-02-22T22:28:00Z,0.8,16.5390625,16.5234375,3.6,2025-02-22T22:20:00Z,6_1,Control
a4e9,6_1,Control,2025-02-22T22:49:00Z,0.79,16.796875,16.796875,3.6,2025-02-22T22:40:00Z,6_1,Control
a4e9,6_1,Control,2025-02-22T23:11:00Z,0.79,16.9921875,17,3.6,2025-02-22T23:20:00Z,6_1,Control
a4e9,6_1,Control,2025-02-22T23:32:00Z,0.78,16.8828125,16.890625,3.6,2025-02-22T23:40:00Z,6_1,Control
a4e9,6_1,Control,2025-02-22T23:54:00Z,0.78,16.3671875,16.390625,3.6,2025-02-23T00:00:00Z,6_1,Control
a4e9,6_1,Control,2025-02-23T00:15:00Z,0.78,15.8359375,15.859375,3.6,2025-02-23T00:20:00Z,6_1,Control
a4e9,6_1,Control,2025-02-23T00:37:00Z,0.79,15.6171875,15.6171875,3.6,2025-02-23T00:40:00Z,6_1,Control
a4e9,6_1,Control,2025-02-23T00:58:00Z,0.79,16.0078125,15.9921875,3.6,2025-02-23T01:00:00Z,6_1,Control
a4e9,6_1,Control,2025-02-23T01:20:00Z,0.77,16.1484375,16.1484375,3.6,2025-02-23T01:20:00Z,6_1,Control
a4e9,6_1,Control,2025-02-23T01:41:00Z,0.77,15.890625,15.90625,3.59,2025-02-23T01:40:00Z,6_1,Control
a4e9,6_1,Control,2025-02-23T02:02:00Z,0.76,15.5625,15.578125,3.6,2025-02-23T02:00:00Z,6_1,Control
a4e9,6_1,Control,2025-02-23T02:24:00Z,0.79,15.390625,15.3984375,3.6,2025-02-23T02:20:00Z,6_1,Control
a4e9,6_1,Control,2025-02-23T02:45:00Z,0.79,15.6015625,15.6015625,3.6,2025-02-23T02:40:00Z,6_1,Control
a4e9,6_1,Control,2025-02-23T03:07:00Z,0.81,15.8125,15.78125,3.6,2025-02-23T03:00:00Z,6_1,Control
a4e9,6_1,Control,2025-02-23T03:28:00Z,0.87,16.3515625,16.2265625,3.6,2025-02-23T03:20:00Z,6_1,Control
a4e9,6_1,Control,2025-02-23T03:50:00Z,0.85,19.4296875,18.7109375,3.59,2025-02-23T03:40:00Z,6_1,Control
a4e9,6_1,Control,2025-02-23T04:11:00Z,0.82,21.8125,21.234375,3.6,2025-02-23T04:20:00Z,6_1,Control
a4e9,6_1,Control,2025-02-23T04:33:00Z,0.78,22.5078125,22.21875,3.61,2025-02-23T04:40:00Z,6_1,Control
a4e9,6_1,Control,2025-02-23T04:54:00Z,0.8,24.25,23.828125,3.6,2025-02-23T05:00:00Z,6_1,Control
a4e9,6_1,Control,2025-02-23T05:16:00Z,0.81,26.328125,25.7578125,3.6,2025-02-23T05:20:00Z,6_1,Control
a4e9,6_1,Control,2025-02-23T05:37:00Z,0.74,26.28125,26.0625,3.61,2025-02-23T05:40:00Z,6_1,Control
a4e9,6_1,Control,2025-02-23T05:59:00Z,0.81,25.8359375,25.8515625,3.61,2025-02-23T06:00:00Z,6_1,Control
a4e9,6_1,Control,2025-02-23T06:20:00Z,0.84,25.7265625,25.828125,3.61,2025-02-23T06:20:00Z,6_1,Control
a4e9,6_1,Control,2025-02-23T06:42:00Z,0.78,26.828125,26.75,3.61,2025-02-23T06:40:00Z,6_1,Control
a4e9,6_1,Control,2025-02-23T07:03:00Z,0.8,27.5,27.3828125,3.62,2025-02-23T07:00:00Z,6_1,Control
a4e9,6_1,Control,2025-02-23T07:24:00Z,0.78,28.8359375,28.609375,3.62,2025-02-23T07:20:00Z,6_1,Control
a4e9,6_1,Control,2025-02-23T07:46:00Z,0.84,29.09375,28.9375,3.61,2025-02-23T07:40:00Z,6_1,Control
a4e9,6_1,Control,2025-02-23T08:07:00Z,0.79,29.9296875,29.796875,3.62,2025-02-23T08:00:00Z,6_1,Control
a4e9,6_1,Control,2025-02-23T08:29:00Z,0.82,30.1796875,30.1875,3.62,2025-02-23T08:20:00Z,6_1,Control
a4e9,6_1,Control,2025-02-23T08:50:00Z,0.81,30.515625,30.5625,3.61,2025-02-23T08:40:00Z,6_1,Control
a4e9,6_1,Control,2025-02-23T09:12:00Z,0.85,31.6796875,31.6796875,3.62,2025-02-23T09:20:00Z,6_1,Control
a4e9,6_1,Control,2025-02-23T09:33:00Z,0.8,32.40625,32.1171875,3.62,2025-02-23T09:40:00Z,6_1,Control
a4e9,6_1,Control,2025-02-23T09:55:00Z,0.76,32.3125,32.0625,3.61,2025-02-23T10:00:00Z,6_1,Control
a4e9,6_1,Control,2025-02-23T10:16:00Z,0.76,31.53125,31.59375,3.62,2025-02-23T10:20:00Z,6_1,Control
a4e9,6_1,Control,2025-02-23T10:38:00Z,0.78,30.7890625,31.09375,3.62,2025-02-23T10:40:00Z,6_1,Control
a4e9,6_1,Control,2025-02-23T10:59:00Z,0.79,30.375,30.7890625,3.62,2025-02-23T11:00:00Z,6_1,Control
a4e9,6_1,Control,2025-02-23T11:21:00Z,0.82,30.4765625,30.7890625,3.62,2025-02-23T11:20:00Z,6_1,Control
a4e9,6_1,Control,2025-02-23T11:42:00Z,0.8,29.546875,29.65625,3.62,2025-02-23T11:40:00Z,6_1,Control
a4e9,6_1,Control,2025-02-23T12:04:00Z,0.81,28.6171875,28.5703125,3.62,2025-02-23T12:00:00Z,6_1,Control
a4e9,6_1,Control,2025-02-23T12:25:00Z,0.79,28.09375,27.9609375,3.62,2025-02-23T12:20:00Z,6_1,Control
a4e9,6_1,Control,2025-02-23T12:46:00Z,0.77,27.03125,26.953125,3.62,2025-02-23T12:40:00Z,6_1,Control
a4e9,6_1,Control,2025-02-23T13:08:00Z,0.74,26.0390625,26.046875,3.61,2025-02-23T13:00:00Z,6_1,Control
a4e9,6_1,Control,2025-02-23T13:29:00Z,0.78,24.0625,24.109375,3.62,2025-02-23T13:20:00Z,6_1,Control
a4e9,6_1,Control,2025-02-23T13:51:00Z,0.79,23.265625,23.359375,3.62,2025-02-23T14:00:00Z,6_1,Control
a4e9,6_1,Control,2025-02-23T14:12:00Z,0.77,22.4296875,22.5625,3.62,2025-02-23T14:20:00Z,6_1,Control
a4e9,6_1,Control,2025-02-23T14:34:00Z,0.75,21.0234375,21.09375,3.62,2025-02-23T14:40:00Z,6_1,Control
a4e9,6_1,Control,2025-02-23T14:55:00Z,0.75,19.546875,19.5703125,3.62,2025-02-23T15:00:00Z,6_1,Control
a4e9,6_1,Control,2025-02-23T15:17:00Z,0.74,18.3125,18.3359375,3.61,2025-02-23T15:20:00Z,6_1,Control
a4e9,6_1,Control,2025-02-23T15:38:00Z,0.77,17.34375,17.3671875,3.61,2025-02-23T15:40:00Z,6_1,Control
a4e9,6_1,Control,2025-02-23T16:00:00Z,0.77,16.609375,16.640625,3.61,2025-02-23T16:00:00Z,6_1,Control
a4e9,6_1,Control,2025-02-23T16:21:00Z,0.77,16.015625,16.0390625,3.61,2025-02-23T16:20:00Z,6_1,Control
a4e9,6_1,Control,2025-02-23T16:43:00Z,0.78,15.59375,15.609375,3.61,2025-02-23T16:40:00Z,6_1,Control
a4e9,6_1,Control,2025-02-23T17:04:00Z,0.79,15.296875,15.3125,3.6,2025-02-23T17:00:00Z,6_1,Control
a4e9,6_1,Control,2025-02-23T17:26:00Z,0.78,15.1875,15.203125,3.6,2025-02-23T17:20:00Z,6_1,Control
a4e9,6_1,Control,2025-02-23T17:47:00Z,0.78,15.1171875,15.125,3.61,2025-02-23T17:40:00Z,6_1,Control
a4e9,6_1,Control,2025-02-23T18:08:00Z,0.78,14.9921875,15.0078125,3.6,2025-02-23T18:00:00Z,6_1,Control
a4e9,6_1,Control,2025-02-23T18:30:00Z,0.78,14.8828125,14.8984375,3.61,2025-02-23T18:40:00Z,6_1,Control
a4e9,6_1,Control,2025-02-23T18:51:00Z,0.8,14.8046875,14.8125,3.6,2025-02-23T19:00:00Z,6_1,Control
a4e9,6_1,Control,2025-02-23T19:13:00Z,0.79,14.765625,14.78125,3.59,2025-02-23T19:20:00Z,6_1,Control
a4e9,6_1,Control,2025-02-23T19:34:00Z,0.78,14.6875,14.6953125,3.6,2025-02-23T19:40:00Z,6_1,Control
a4e9,6_1,Control,2025-02-23T19:56:00Z,0.78,14.671875,14.6796875,3.59,2025-02-23T20:00:00Z,6_1,Control
a4e9,6_1,Control,2025-02-23T20:17:00Z,0.79,14.7421875,14.75,3.6,2025-02-23T20:20:00Z,6_1,Control
a4e9,6_1,Control,2025-02-23T20:39:00Z,0.79,14.796875,14.8046875,3.6,2025-02-23T20:40:00Z,6_1,Control
a4e9,6_1,Control,2025-02-23T21:00:00Z,0.78,14.6875,14.703125,3.6,2025-02-23T21:00:00Z,6_1,Control
a4e9,6_1,Control,2025-02-23T21:22:00Z,0.78,14.640625,14.6484375,3.59,2025-02-23T21:20:00Z,6_1,Control
a4e9,6_1,Control,2025-02-23T21:43:00Z,0.78,14.7265625,14.71875,3.6,2025-02-23T21:40:00Z,6_1,Control
a4e9,6_1,Control,2025-02-23T22:05:00Z,0.78,14.859375,14.84375,3.6,2025-02-23T22:00:00Z,6_1,Control
a4e9,6_1,Control,2025-02-23T22:26:00Z,0.78,15.0390625,15.0078125,3.6,2025-02-23T22:20:00Z,6_1,Control
a4e9,6_1,Control,2025-02-23T22:48:00Z,0.78,15.140625,15.109375,3.59,2025-02-23T22:40:00Z,6_1,Control
a4e9,6_1,Control,2025-02-23T23:09:00Z,0.77,15.0625,15.0390625,3.6,2025-02-23T23:00:00Z,6_1,Control
a4e9,6_1,Control,2025-02-23T23:30:00Z,0.77,15.0078125,14.9765625,3.59,2025-02-23T23:40:00Z,6_1,Control
a4e9,6_1,Control,2025-02-23T23:52:00Z,0.78,15.0546875,15.0234375,3.59,2025-02-24T00:00:00Z,6_1,Control
a4e9,6_1,Control,2025-02-24T00:13:00Z,0.78,15.1796875,15.1484375,3.59,2025-02-24T00:20:00Z,6_1,Control
a4e9,6_1,Control,2025-02-24T00:35:00Z,0.78,15.171875,15.140625,3.6,2025-02-24T00:40:00Z,6_1,Control
a4e9,6_1,Control,2025-02-24T00:56:00Z,0.77,15.09375,15.078125,3.6,2025-02-24T01:00:00Z,6_1,Control
a4e9,6_1,Control,2025-02-24T01:18:00Z,0.77,15.015625,15,3.59,2025-02-24T01:20:00Z,6_1,Control
a4e9,6_1,Control,2025-02-24T01:39:00Z,0.77,14.9453125,14.921875,3.6,2025-02-24T01:40:00Z,6_1,Control
a4e9,6_1,Control,2025-02-24T02:01:00Z,0.78,14.9296875,14.90625,3.6,2025-02-24T02:00:00Z,6_1,Control
a4e9,6_1,Control,2025-02-24T02:22:00Z,0.77,14.890625,14.875,3.6,2025-02-24T02:20:00Z,6_1,Control
a4e9,6_1,Control,2025-02-24T02:44:00Z,0.79,14.953125,14.9296875,3.6,2025-02-24T02:40:00Z,6_1,Control
a4e9,6_1,Control,2025-02-24T03:05:00Z,0.8,15.09375,15.0625,3.6,2025-02-24T03:00:00Z,6_1,Control
a4e9,6_1,Control,2025-02-24T03:27:00Z,0.79,15.28125,15.2578125,3.59,2025-02-24T03:20:00Z,6_1,Control
a4e9,6_1,Control,2025-02-24T03:48:00Z,0.79,15.5390625,15.515625,3.59,2025-02-24T03:40:00Z,6_1,Control
a4e9,6_1,Control,2025-02-24T04:10:00Z,0.79,15.90625,15.8671875,3.59,2025-02-24T04:00:00Z,6_1,Control
a4e9,6_1,Control,2025-02-24T04:31:00Z,0.8,16.3828125,16.3515625,3.6,2025-02-24T04:40:00Z,6_1,Control
a4e9,6_1,Control,2025-02-24T04:52:00Z,0.81,16.921875,16.8828125,3.6,2025-02-24T05:00:00Z,6_1,Control
a4e9,6_1,Control,2025-02-24T05:14:00Z,0.82,18.4609375,18.3671875,3.6,2025-02-24T05:20:00Z,6_1,Control
a4e9,6_1,Control,2025-02-24T05:35:00Z,0.82,20.40625,20.296875,3.6,2025-02-24T05:40:00Z,6_1,Control
a4e9,6_1,Control,2025-02-24T05:57:00Z,0.83,22.828125,22.7421875,3.6,2025-02-24T06:00:00Z,6_1,Control
a4e9,6_1,Control,2025-02-24T06:18:00Z,0.81,24.28125,24.375,3.61,2025-02-24T06:20:00Z,6_1,Control
a4e9,6_1,Control,2025-02-24T06:40:00Z,0.81,25.3828125,25.2890625,3.61,2025-02-24T06:40:00Z,6_1,Control
a4e9,6_1,Control,2025-02-24T07:01:00Z,0.84,26.546875,26.4296875,3.61,2025-02-24T07:00:00Z,6_1,Control
a4e9,6_1,Control,2025-02-24T07:23:00Z,0.83,27.7109375,27.5390625,3.61,2025-02-24T07:20:00Z,6_1,Control
a4e9,6_1,Control,2025-02-24T07:44:00Z,0.82,28.421875,28.3359375,3.61,2025-02-24T07:40:00Z,6_1,Control
a4e9,6_1,Control,2025-02-24T08:06:00Z,0.81,29.4765625,29.4453125,3.61,2025-02-24T08:00:00Z,6_1,Control
a4e9,6_1,Control,2025-02-24T08:27:00Z,0.83,30.703125,30.84375,3.61,2025-02-24T08:20:00Z,6_1,Control
a4e9,6_1,Control,2025-02-24T08:49:00Z,0.79,32.265625,32.53125,3.61,2025-02-24T08:40:00Z,6_1,Control
a4e9,6_1,Control,2025-02-24T09:10:00Z,0.88,33.3984375,33.734375,3.62,2025-02-24T09:00:00Z,6_1,Control
a4e9,6_1,Control,2025-02-24T09:32:00Z,0.83,34.7890625,34.5625,3.62,2025-02-24T09:40:00Z,6_1,Control
a4e9,6_1,Control,2025-02-24T09:53:00Z,0.74,34.125,33.859375,3.62,2025-02-24T10:00:00Z,6_1,Control
a4e9,6_1,Control,2025-02-24T10:14:00Z,0.77,33.1796875,33.203125,3.62,2025-02-24T10:20:00Z,6_1,Control
a4e9,6_1,Control,2025-02-24T10:36:00Z,0.8,32.8046875,33.09375,3.62,2025-02-24T10:40:00Z,6_1,Control
a4e9,6_1,Control,2025-02-24T10:57:00Z,0.8,32.3515625,32.703125,3.62,2025-02-24T11:00:00Z,6_1,Control
a4e9,6_1,Control,2025-02-24T11:19:00Z,0.81,32.2421875,32.5234375,3.62,2025-02-24T11:20:00Z,6_1,Control
a4e9,6_1,Control,2025-02-24T11:40:00Z,0.82,31.9453125,32.0234375,3.62,2025-02-24T11:40:00Z,6_1,Control
a4e9,6_1,Control,2025-02-24T12:02:00Z,0.73,30.828125,30.7734375,3.62,2025-02-24T12:00:00Z,6_1,Control
a4e9,6_1,Control,2025-02-24T12:23:00Z,0.73,28.9453125,28.8125,3.62,2025-02-24T12:20:00Z,6_1,Control
a4e9,6_1,Control,2025-02-24T12:45:00Z,0.7,27.1640625,27.0703125,3.61,2025-02-24T12:40:00Z,6_1,Control
a4e9,6_1,Control,2025-02-24T13:06:00Z,0.73,25.2734375,25.2734375,3.62,2025-02-24T13:00:00Z,6_1,Control
a4e9,6_1,Control,2025-02-24T13:28:00Z,0.75,23.8046875,23.828125,3.62,2025-02-24T13:20:00Z,6_1,Control
a4e9,6_1,Control,2025-02-24T13:49:00Z,0.76,22.5703125,22.640625,3.61,2025-02-24T13:40:00Z,6_1,Control
a4e9,6_1,Control,2025-02-24T14:11:00Z,0.76,21.2890625,21.3828125,3.62,2025-02-24T14:20:00Z,6_1,Control
a4e9,6_1,Control,2025-02-24T14:32:00Z,0.76,19.9765625,20.046875,3.61,2025-02-24T14:40:00Z,6_1,Control
a4e9,6_1,Control,2025-02-24T14:54:00Z,0.77,18.65625,18.6953125,3.61,2025-02-24T15:00:00Z,6_1,Control
a4e9,6_1,Control,2025-02-24T15:15:00Z,0.77,17.8671875,17.890625,3.61,2025-02-24T15:20:00Z,6_1,Control
a4e9,6_1,Control,2025-02-24T15:36:00Z,0.78,17.3515625,17.375,3.61,2025-02-24T15:40:00Z,6_1,Control
a4e9,6_1,Control,2025-02-24T15:58:00Z,0.8,17.046875,17.0625,3.61,2025-02-24T16:00:00Z,6_1,Control
a4e9,6_1,Control,2025-02-24T16:19:00Z,0.79,16.8671875,16.875,3.61,2025-02-24T16:20:00Z,6_1,Control
a4e9,6_1,Control,2025-02-24T16:41:00Z,0.78,16.6328125,16.6484375,3.6,2025-02-24T16:40:00Z,6_1,Control
a4e9,6_1,Control,2025-02-24T17:02:00Z,0.79,16.5,16.515625,3.6,2025-02-24T17:00:00Z,6_1,Control
a4e9,6_1,Control,2025-02-24T17:24:00Z,0.79,16.3203125,16.328125,3.61,2025-02-24T17:20:00Z,6_1,Control
a4e9,6_1,Control,2025-02-24T17:45:00Z,0.78,16.1953125,16.203125,3.61,2025-02-24T17:40:00Z,6_1,Control
a4e9,6_1,Control,2025-02-24T18:07:00Z,0.78,15.9296875,15.953125,3.6,2025-02-24T18:00:00Z,6_1,Control
a4e9,6_1,Control,2025-02-24T18:28:00Z,0.78,15.5625,15.5859375,3.6,2025-02-24T18:20:00Z,6_1,Control
a4e9,6_1,Control,2025-02-24T18:50:00Z,0.79,15.2578125,15.2734375,3.6,2025-02-24T18:40:00Z,6_1,Control
a4e9,6_1,Control,2025-02-24T19:11:00Z,0.79,15.1796875,15.1875,3.6,2025-02-24T19:20:00Z,6_1,Control
a4e9,6_1,Control,2025-02-24T19:33:00Z,0.78,15.1328125,15.140625,3.6,2025-02-24T19:40:00Z,6_1,Control
a4e9,6_1,Control,2025-02-24T19:54:00Z,0.78,15.0390625,15.0390625,3.6,2025-02-24T20:00:00Z,6_1,Control
a4e9,6_1,Control,2025-02-24T20:16:00Z,0.77,15.03125,15.03125,3.6,2025-02-24T20:20:00Z,6_1,Control
a4e9,6_1,Control,2025-02-24T20:37:00Z,0.78,15.015625,15.015625,3.6,2025-02-24T20:40:00Z,6_1,Control
a4e9,6_1,Control,2025-02-24T20:58:00Z,0.78,15.0390625,15.0390625,3.6,2025-02-24T21:00:00Z,6_1,Control
a4e9,6_1,Control,2025-02-24T21:20:00Z,0.78,15.0703125,15.0703125,3.6,2025-02-24T21:20:00Z,6_1,Control
a4e9,6_1,Control,2025-02-24T21:41:00Z,0.78,15.0390625,15.0390625,3.6,2025-02-24T21:40:00Z,6_1,Control
a4e9,6_1,Control,2025-02-24T22:03:00Z,0.79,15.0703125,15.0703125,3.6,2025-02-24T22:00:00Z,6_1,Control
a4e9,6_1,Control,2025-02-24T22:24:00Z,0.78,15.0078125,15.0078125,3.6,2025-02-24T22:20:00Z,6_1,Control
a4e9,6_1,Control,2025-02-24T22:46:00Z,0.78,14.8359375,14.8359375,3.6,2025-02-24T22:40:00Z,6_1,Control
a4e9,6_1,Control,2025-02-24T23:07:00Z,0.79,14.734375,14.734375,3.6,2025-02-24T23:00:00Z,6_1,Control
a4e9,6_1,Control,2025-02-24T23:29:00Z,0.79,14.7421875,14.7421875,3.6,2025-02-24T23:20:00Z,6_1,Control
a4e9,6_1,Control,2025-02-24T23:50:00Z,0.79,14.6328125,14.6328125,3.6,2025-02-24T23:40:00Z,6_1,Control
a4e9,6_1,Control,2025-02-25T00:12:00Z,0.78,14.4609375,14.46875,3.59,2025-02-25T00:20:00Z,6_1,Control
a4e9,6_1,Control,2025-02-25T00:33:00Z,0.78,14.3359375,14.328125,3.6,2025-02-25T00:40:00Z,6_1,Control
a4e9,6_1,Control,2025-02-25T00:55:00Z,0.79,14.1953125,14.203125,3.59,2025-02-25T01:00:00Z,6_1,Control
a4e9,6_1,Control,2025-02-25T01:16:00Z,0.77,13.96875,13.9765625,3.6,2025-02-25T01:20:00Z,6_1,Control
a4e9,6_1,Control,2025-02-25T01:38:00Z,0.79,13.7265625,13.7421875,3.6,2025-02-25T01:40:00Z,6_1,Control
a4e9,6_1,Control,2025-02-25T01:59:00Z,0.77,13.515625,13.5234375,3.59,2025-02-25T02:00:00Z,6_1,Control
a4e9,6_1,Control,2025-02-25T02:20:00Z,0.78,13.2421875,13.25,3.59,2025-02-25T02:20:00Z,6_1,Control
a4e9,6_1,Control,2025-02-25T02:42:00Z,0.79,13.015625,13.0234375,3.59,2025-02-25T02:40:00Z,6_1,Control
a4e9,6_1,Control,2025-02-25T03:03:00Z,0.78,12.90625,12.90625,3.59,2025-02-25T03:00:00Z,6_1,Control
a4e9,6_1,Control,2025-02-25T03:25:00Z,0.79,12.828125,12.8359375,3.59,2025-02-25T03:20:00Z,6_1,Control
a4e9,6_1,Control,2025-02-25T03:46:00Z,0.79,12.8515625,12.8515625,3.59,2025-02-25T03:40:00Z,6_1,Control
a4e9,6_1,Control,2025-02-25T04:08:00Z,0.79,13.109375,13.09375,3.59,2025-02-25T04:00:00Z,6_1,Control
a4e9,6_1,Control,2025-02-25T04:29:00Z,0.8,13.3671875,13.34375,3.59,2025-02-25T04:20:00Z,6_1,Control
a4e9,6_1,Control,2025-02-25T04:51:00Z,0.79,14.828125,14.671875,3.6,2025-02-25T05:00:00Z,6_1,Control
a4e9,6_1,Control,2025-02-25T05:12:00Z,0.8,15.28125,15.1875,3.59,2025-02-25T05:20:00Z,6_1,Control
a4e9,6_1,Control,2025-02-25T05:34:00Z,0.8,15.75,15.6640625,3.6,2025-02-25T05:40:00Z,6_1,Control
a4e9,6_1,Control,2025-02-25T05:55:00Z,0.82,16.4453125,16.3359375,3.59,2025-02-25T06:00:00Z,6_1,Control
a4e9,6_1,Control,2025-02-25T06:17:00Z,0.82,18.328125,18.15625,3.6,2025-02-25T06:20:00Z,6_1,Control
a4e9,6_1,Control,2025-02-25T06:38:00Z,0.82,19.3828125,19.2421875,3.6,2025-02-25T06:40:00Z,6_1,Control
a4e9,6_1,Control,2025-02-25T07:00:00Z,0.8,19.71875,19.6171875,3.6,2025-02-25T07:00:00Z,6_1,Control
a4e9,6_1,Control,2025-02-25T07:21:00Z,0.81,19.8828125,19.796875,3.6,2025-02-25T07:20:00Z,6_1,Control
a4e9,6_1,Control,2025-02-25T07:42:00Z,0.79,19.9375,19.8671875,3.6,2025-02-25T07:40:00Z,6_1,Control
a4e9,6_1,Control,2025-02-25T08:04:00Z,0.8,20.1875,20.0859375,3.6,2025-02-25T08:00:00Z,6_1,Control
a4e9,6_1,Control,2025-02-25T08:25:00Z,0.8,20.2421875,20.1796875,3.61,2025-02-25T08:20:00Z,6_1,Control
a4e9,6_1,Control,2025-02-25T08:47:00Z,0.81,20.2578125,20.171875,3.6,2025-02-25T08:40:00Z,6_1,Control
a4e9,6_1,Control,2025-02-25T09:08:00Z,0.82,20.7109375,20.65625,3.61,2025-02-25T09:00:00Z,6_1,Control
a4e9,6_1,Control,2025-02-25T09:30:00Z,0.8,21.1484375,21.1015625,3.6,2025-02-25T09:40:00Z,6_1,Control
a4e9,6_1,Control,2025-02-25T09:51:00Z,0.82,21.140625,21.1015625,3.6,2025-02-25T10:00:00Z,6_1,Control
a4e9,6_1,Control,2025-02-25T10:13:00Z,0.83,21.5703125,21.5078125,3.6,2025-02-25T10:20:00Z,6_1,Control
a4e9,6_1,Control,2025-02-25T10:34:00Z,0.8,21.6953125,21.640625,3.6,2025-02-25T10:40:00Z,6_1,Control
a4e9,6_1,Control,2025-02-25T10:56:00Z,0.8,21.7890625,21.734375,3.61,2025-02-25T11:00:00Z,6_1,Control
a4e9,6_1,Control,2025-02-25T11:17:00Z,0.79,21.34375,21.3125,3.61,2025-02-25T11:20:00Z,6_1,Control
a4e9,6_1,Control,2025-02-25T11:39:00Z,0.77,20.5859375,20.578125,3.61,2025-02-25T11:40:00Z,6_1,Control
a4e9,6_1,Control,2025-02-25T12:00:00Z,0.77,19.6328125,19.609375,3.61,2025-02-25T12:00:00Z,6_1,Control
a4e9,6_1,Control,2025-02-25T12:22:00Z,0.8,19.2421875,19.21875,3.6,2025-02-25T12:20:00Z,6_1,Control
a4e9,6_1,Control,2025-02-25T12:43:00Z,0.77,18.9375,18.9140625,3.6,2025-02-25T12:40:00Z,6_1,Control
a4e9,6_1,Control,2025-02-25T13:04:00Z,0.78,17.96875,17.96875,3.6,2025-02-25T13:00:00Z,6_1,Control
a4e9,6_1,Control,2025-02-25T13:26:00Z,0.79,17.6484375,17.640625,3.61,2025-02-25T13:20:00Z,6_1,Control
a4e9,6_1,Control,2025-02-25T13:47:00Z,0.77,17.25,17.2421875,3.6,2025-02-25T13:40:00Z,6_1,Control
a4e9,6_1,Control,2025-02-25T14:09:00Z,0.79,16.7890625,16.796875,3.6,2025-02-25T14:00:00Z,6_1,Control
a4e9,6_1,Control,2025-02-25T14:30:00Z,0.79,16.3984375,16.3984375,3.6,2025-02-25T14:40:00Z,6_1,Control
a4e9,6_1,Control,2025-02-25T14:52:00Z,0.79,16.09375,16.09375,3.59,2025-02-25T15:00:00Z,6_1,Control
a4e9,6_1,Control,2025-02-25T15:13:00Z,0.77,15.6640625,15.671875,3.6,2025-02-25T15:20:00Z,6_1,Control
a4e9,6_1,Control,2025-02-25T15:35:00Z,0.78,15.234375,15.25,3.6,2025-02-25T15:40:00Z,6_1,Control
a4e9,6_1,Control,2025-02-25T15:56:00Z,0.78,15.0390625,15.0390625,3.59,2025-02-25T16:00:00Z,6_1,Control
a4e9,6_1,Control,2025-02-25T16:18:00Z,0.79,15.046875,15.03125,3.59,2025-02-25T16:20:00Z,6_1,Control
a4e9,6_1,Control,2025-02-25T16:39:00Z,0.78,15.171875,15.1484375,3.6,2025-02-25T16:40:00Z,6_1,Control
a4e9,6_1,Control,2025-02-25T17:01:00Z,0.79,15.2734375,15.2421875,3.6,2025-02-25T17:00:00Z,6_1,Control
a4e9,6_1,Control,2025-02-25T17:22:00Z,0.79,15.40625,15.3671875,3.6,2025-02-25T17:20:00Z,6_1,Control
a4e9,6_1,Control,2025-02-25T17:44:00Z,0.78,15.484375,15.453125,3.6,2025-02-25T17:40:00Z,6_1,Control
a4e9,6_1,Control,2025-02-25T18:05:00Z,0.77,15.40625,15.390625,3.59,2025-02-25T18:00:00Z,6_1,Control
a4e9,6_1,Control,2025-02-25T18:26:00Z,0.79,15.21875,15.203125,3.59,2025-02-25T18:20:00Z,6_1,Control
a4e9,6_1,Control,2025-02-25T18:48:00Z,0.77,15.0703125,15.046875,3.59,2025-02-25T18:40:00Z,6_1,Control
a4e9,6_1,Control,2025-02-25T19:09:00Z,0.78,14.9453125,14.9296875,3.59,2025-02-25T19:00:00Z,6_1,Control
a4e9,6_1,Control,2025-02-25T19:31:00Z,0.78,14.65625,14.65625,3.59,2025-02-25T19:40:00Z,6_1,Control
a4e9,6_1,Control,2025-02-25T19:52:00Z,0.79,14.5703125,14.5390625,3.59,2025-02-25T20:00:00Z,6_1,Control
a4e9,6_1,Control,2025-02-25T20:14:00Z,0.77,14.5234375,14.5078125,3.59,2025-02-25T20:20:00Z,6_1,Control
a4e9,6_1,Control,2025-02-25T20:35:00Z,0.77,14.4453125,14.421875,3.58,2025-02-25T20:40:00Z,6_1,Control
a4e9,6_1,Control,2025-02-25T20:57:00Z,0.78,14.3515625,14.3359375,3.59,2025-02-25T21:00:00Z,6_1,Control
a4e9,6_1,Control,2025-02-25T21:18:00Z,0.78,14.3203125,14.3046875,3.59,2025-02-25T21:20:00Z,6_1,Control
a4e9,6_1,Control,2025-02-25T21:40:00Z,0.79,14.1875,14.171875,3.59,2025-02-25T21:40:00Z,6_1,Control
a4e9,6_1,Control,2025-02-25T22:01:00Z,0.78,14.078125,14.0625,3.59,2025-02-25T22:00:00Z,6_1,Control
a4e9,6_1,Control,2025-02-25T22:23:00Z,0.78,14.046875,14.0234375,3.59,2025-02-25T22:20:00Z,6_1,Control
a4e9,6_1,Control,2025-02-25T22:44:00Z,0.78,14.0703125,14.046875,3.59,2025-02-25T22:40:00Z,6_1,Control
a4e9,6_1,Control,2025-02-25T23:06:00Z,0.78,14.09375,14.0703125,3.59,2025-02-25T23:00:00Z,6_1,Control
a4e9,6_1,Control,2025-02-25T23:27:00Z,0.76,13.9921875,13.9765625,3.58,2025-02-25T23:20:00Z,6_1,Control
a4e9,6_1,Control,2025-02-25T23:48:00Z,0.77,13.796875,13.7890625,3.59,2025-02-25T23:40:00Z,6_1,Control
a4e9,6_1,Control,2025-02-26T00:10:00Z,0.78,13.6640625,13.6484375,3.59,2025-02-26T00:00:00Z,6_1,Control
a4e9,6_1,Control,2025-02-26T00:31:00Z,0.78,13.6171875,13.6015625,3.59,2025-02-26T00:40:00Z,6_1,Control
a4e9,6_1,Control,2025-02-26T00:53:00Z,0.78,13.625,13.6015625,3.59,2025-02-26T01:00:00Z,6_1,Control
a4e9,6_1,Control,2025-02-26T01:14:00Z,0.78,13.5859375,13.5625,3.59,2025-02-26T01:20:00Z,6_1,Control
a4e9,6_1,Control,2025-02-26T01:36:00Z,0.79,13.59375,13.5703125,3.59,2025-02-26T01:40:00Z,6_1,Control
a4e9,6_1,Control,2025-02-26T01:57:00Z,0.78,13.5625,13.5390625,3.58,2025-02-26T02:00:00Z,6_1,Control
a4e9,6_1,Control,2025-02-26T02:19:00Z,0.77,13.3828125,13.375,3.58,2025-02-26T02:20:00Z,6_1,Control
a4e9,6_1,Control,2025-02-26T02:40:00Z,0.78,13.34375,13.3125,3.59,2025-02-26T02:40:00Z,6_1,Control
a4e9,6_1,Control,2025-02-26T03:02:00Z,0.78,13.3984375,13.3671875,3.58,2025-02-26T03:00:00Z,6_1,Control
a4e9,6_1,Control,2025-02-26T03:23:00Z,0.8,13.5234375,13.484375,3.59,2025-02-26T03:20:00Z,6_1,Control
a4e9,6_1,Control,2025-02-26T03:45:00Z,0.79,13.75,13.703125,3.59,2025-02-26T03:40:00Z,6_1,Control
a4e9,6_1,Control,2025-02-26T04:06:00Z,0.8,14.21875,14.1640625,3.59,2025-02-26T04:00:00Z,6_1,Control
a4e9,6_1,Control,2025-02-26T04:27:00Z,0.79,14.7265625,14.671875,3.58,2025-02-26T04:20:00Z,6_1,Control
a4e9,6_1,Control,2025-02-26T04:49:00Z,0.81,15.3671875,15.3046875,3.6,2025-02-26T04:40:00Z,6_1,Control
a4e9,6_1,Control,2025-02-26T05:10:00Z,0.8,16.328125,16.2734375,3.6,2025-02-26T05:00:00Z,6_1,Control
a4e9,6_1,Control,2025-02-26T05:32:00Z,0.81,17.1875,17.1484375,3.59,2025-02-26T05:40:00Z,6_1,Control
a4e9,6_1,Control,2025-02-26T05:53:00Z,0.83,18.6640625,18.578125,3.59,2025-02-26T06:00:00Z,6_1,Control
a4e9,6_1,Control,2025-02-26T06:15:00Z,0.81,20.546875,20.4765625,3.6,2025-02-26T06:20:00Z,6_1,Control
a4e9,6_1,Control,2025-02-26T06:36:00Z,0.83,22.34375,22.265625,3.6,2025-02-26T06:40:00Z,6_1,Control
a4e9,6_1,Control,2025-02-26T06:58:00Z,0.81,23.421875,23.3125,3.61,2025-02-26T07:00:00Z,6_1,Control
a4e9,6_1,Control,2025-02-26T07:19:00Z,0.83,24.296875,24.140625,3.6,2025-02-26T07:20:00Z,6_1,Control
a4e9,6_1,Control,2025-02-26T07:41:00Z,0.82,24.921875,24.828125,3.6,2025-02-26T07:40:00Z,6_1,Control
a4e9,6_1,Control,2025-02-26T08:02:00Z,0.78,25.765625,25.78125,3.61,2025-02-26T08:00:00Z,6_1,Control
a4e9,6_1,Control,2025-02-26T08:24:00Z,0.8,26.265625,26.453125,3.61,2025-02-26T08:20:00Z,6_1,Control
a4e9,6_1,Control,2025-02-26T08:45:00Z,0.81,28.1171875,28.4453125,3.61,2025-02-26T08:40:00Z,6_1,Control
a4e9,6_1,Control,2025-02-26T09:07:00Z,0.85,29.875,30.2265625,3.61,2025-02-26T09:00:00Z,6_1,Control
a4e9,6_1,Control,2025-02-26T09:28:00Z,0.89,30.734375,30.71875,3.61,2025-02-26T09:20:00Z,6_1,Control
a4e9,6_1,Control,2025-02-26T09:49:00Z,0.76,31.3125,31.2734375,3.61,2025-02-26T09:40:00Z,6_1,Control
a4e9,6_1,Control,2025-02-26T10:11:00Z,0.76,31.171875,31.2734375,3.61,2025-02-26T10:20:00Z,6_1,Control
a4e9,6_1,Control,2025-02-26T10:32:00Z,0.73,31.0546875,31.4609375,3.61,2025-02-26T10:40:00Z,6_1,Control
a4e9,6_1,Control,2025-02-26T10:54:00Z,0.83,31.6953125,32.2265625,3.61,2025-02-26T11:00:00Z,6_1,Control
a4e9,6_1,Control,2025-02-26T11:15:00Z,0.76,31.65625,32.1328125,3.62,2025-02-26T11:20:00Z,6_1,Control
a4e9,6_1,Control,2025-02-26T11:37:00Z,0.87,32.0703125,32.2421875,3.62,2025-02-26T11:40:00Z,6_1,Control
a4e9,6_1,Control,2025-02-26T11:58:00Z,0.85,32.7578125,32.671875,3.62,2025-02-26T12:00:00Z,6_1,Control
a4e9,6_1,Control,2025-02-26T12:20:00Z,0.82,32.6328125,32.4140625,3.61,2025-02-26T12:20:00Z,6_1,Control
a4e9,6_1,Control,2025-02-26T12:41:00Z,0.75,31.953125,31.7265625,3.62,2025-02-26T12:40:00Z,6_1,Control
a4e9,6_1,Control,2025-02-26T13:03:00Z,0.74,30.3046875,30.28125,3.61,2025-02-26T13:00:00Z,6_1,Control
a4e9,6_1,Control,2025-02-26T13:24:00Z,0.77,29.4609375,29.484375,3.62,2025-02-26T13:20:00Z,6_1,Control
a4e9,6_1,Control,2025-02-26T13:46:00Z,0.76,28.109375,28.171875,3.62,2025-02-26T13:40:00Z,6_1,Control
a4e9,6_1,Control,2025-02-26T14:07:00Z,0.75,26.6875,26.8046875,3.62,2025-02-26T14:00:00Z,6_1,Control
a4e9,6_1,Control,2025-02-26T14:29:00Z,0.76,25.3125,25.390625,3.62,2025-02-26T14:20:00Z,6_1,Control
a4e9,6_1,Control,2025-02-26T14:50:00Z,0.74,23.6171875,23.6328125,3.62,2025-02-26T14:40:00Z,6_1,Control
a4e9,6_1,Control,2025-02-26T15:11:00Z,0.74,22.015625,22.03125,3.62,2025-02-26T15:20:00Z,6_1,Control
a4e9,6_1,Control,2025-02-26T15:33:00Z,0.76,20.7578125,20.78125,3.61,2025-02-26T15:40:00Z,6_1,Control
a4e9,6_1,Control,2025-02-26T15:54:00Z,0.77,19.8671875,19.8828125,3.61,2025-02-26T16:00:00Z,6_1,Control
a4e9,6_1,Control,2025-02-26T16:16:00Z,0.77,19.2109375,19.2265625,3.61,2025-02-26T16:20:00Z,6_1,Control
a4e9,6_1,Control,2025-02-26T16:37:00Z,0.77,18.765625,18.7734375,3.6,2025-02-26T16:40:00Z,6_1,Control
a4e9,6_1,Control,2025-02-26T16:59:00Z,0.77,18.53125,18.546875,3.61,2025-02-26T17:00:00Z,6_1,Control
a4e9,6_1,Control,2025-02-26T17:20:00Z,0.77,18.2578125,18.28125,3.61,2025-02-26T17:20:00Z,6_1,Control
a4e9,6_1,Control,2025-02-26T17:42:00Z,0.77,17.8828125,17.890625,3.6,2025-02-26T17:40:00Z,6_1,Control
a4e9,6_1,Control,2025-02-26T18:03:00Z,0.77,17.4921875,17.5,3.6,2025-02-26T18:00:00Z,6_1,Control
a4e9,6_1,Control,2025-02-26T18:25:00Z,0.77,17.2265625,17.234375,3.61,2025-02-26T18:20:00Z,6_1,Control
a4e9,6_1,Control,2025-02-26T18:46:00Z,0.78,17.09375,17.09375,3.61,2025-02-26T18:40:00Z,6_1,Control
a4e9,6_1,Control,2025-02-26T19:08:00Z,0.78,16.890625,16.890625,3.6,2025-02-26T19:00:00Z,6_1,Control
a4e9,6_1,Control,2025-02-26T19:29:00Z,0.77,16.65625,16.6640625,3.61,2025-02-26T19:20:00Z,6_1,Control
a4e9,6_1,Control,2025-02-26T19:51:00Z,0.76,16.546875,16.5390625,3.6,2025-02-26T20:00:00Z,6_1,Control
a4e9,6_1,Control,2025-02-26T20:12:00Z,0.75,15.921875,15.953125,3.6,2025-02-26T20:20:00Z,6_1,Control
a4e9,6_1,Control,2025-02-26T20:34:00Z,0.79,15.28125,15.3203125,3.6,2025-02-26T20:40:00Z,6_1,Control
a4e9,6_1,Control,2025-02-26T20:55:00Z,0.78,14.734375,14.7734375,3.6,2025-02-26T21:00:00Z,6_1,Control
a4e9,6_1,Control,2025-02-26T21:16:00Z,0.79,14.3984375,14.4140625,3.6,2025-02-26T21:20:00Z,6_1,Control
a4e9,6_1,Control,2025-02-26T21:38:00Z,0.78,14.2578125,14.265625,3.6,2025-02-26T21:40:00Z,6_1,Control
a4e9,6_1,Control,2025-02-26T21:59:00Z,0.76,14,14.03125,3.59,2025-02-26T22:00:00Z,6_1,Control
a4e9,6_1,Control,2025-02-25T22:01:00Z,0.78,14.078125,14.0625,3.59,2025-02-25T22:00:00Z,6_1,Control
a4e9,6_1,Control,2025-02-25T22:23:00Z,0.78,14.046875,14.0234375,3.59,2025-02-25T22:20:00Z,6_1,Control
a4e9,6_1,Control,2025-02-25T22:44:00Z,0.78,14.0703125,14.046875,3.59,2025-02-25T22:40:00Z,6_1,Control
a4e9,6_1,Control,2025-02-25T23:06:00Z,0.78,14.09375,14.0703125,3.59,2025-02-25T23:00:00Z,6_1,Control
a4e9,6_1,Control,2025-02-25T23:27:00Z,0.76,13.9921875,13.9765625,3.58,2025-02-25T23:20:00Z,6_1,Control
a4e9,6_1,Control,2025-02-25T23:48:00Z,0.77,13.796875,13.7890625,3.59,2025-02-25T23:40:00Z,6_1,Control
a4e9,6_1,Control,2025-02-26T00:10:00Z,0.78,13.6640625,13.6484375,3.59,2025-02-26T00:00:00Z,6_1,Control
a4e9,6_1,Control,2025-02-26T00:31:00Z,0.78,13.6171875,13.6015625,3.59,2025-02-26T00:40:00Z,6_1,Control
a4e9,6_1,Control,2025-02-26T00:53:00Z,0.78,13.625,13.6015625,3.59,2025-02-26T01:00:00Z,6_1,Control
a4e9,6_1,Control,2025-02-26T01:14:00Z,0.78,13.5859375,13.5625,3.59,2025-02-26T01:20:00Z,6_1,Control
a4e9,6_1,Control,2025-02-26T01:36:00Z,0.79,13.59375,13.5703125,3.59,2025-02-26T01:40:00Z,6_1,Control
a4e9,6_1,Control,2025-02-26T01:57:00Z,0.78,13.5625,13.5390625,3.58,2025-02-26T02:00:00Z,6_1,Control
a4e9,6_1,Control,2025-02-26T02:19:00Z,0.77,13.3828125,13.375,3.58,2025-02-26T02:20:00Z,6_1,Control
a4e9,6_1,Control,2025-02-26T02:40:00Z,0.78,13.34375,13.3125,3.59,2025-02-26T02:40:00Z,6_1,Control
a4e9,6_1,Control,2025-02-26T03:02:00Z,0.78,13.3984375,13.3671875,3.58,2025-02-26T03:00:00Z,6_1,Control
a4e9,6_1,Control,2025-02-26T03:23:00Z,0.8,13.5234375,13.484375,3.59,2025-02-26T03:20:00Z,6_1,Control
a4e9,6_1,Control,2025-02-26T03:45:00Z,0.79,13.75,13.703125,3.59,2025-02-26T03:40:00Z,6_1,Control
a4e9,6_1,Control,2025-02-26T04:06:00Z,0.8,14.21875,14.1640625,3.59,2025-02-26T04:00:00Z,6_1,Control
a4e9,6_1,Control,2025-02-26T04:27:00Z,0.79,14.7265625,14.671875,3.58,2025-02-26T04:20:00Z,6_1,Control
a4e9,6_1,Control,2025-02-26T04:49:00Z,0.81,15.3671875,15.3046875,3.6,2025-02-26T04:40:00Z,6_1,Control
a4e9,6_1,Control,2025-02-26T05:10:00Z,0.8,16.328125,16.2734375,3.6,2025-02-26T05:00:00Z,6_1,Control
a4e9,6_1,Control,2025-02-26T05:32:00Z,0.81,17.1875,17.1484375,3.59,2025-02-26T05:40:00Z,6_1,Control
a4e9,6_1,Control,2025-02-26T05:53:00Z,0.83,18.6640625,18.578125,3.59,2025-02-26T06:00:00Z,6_1,Control
a4e9,6_1,Control,2025-02-26T06:15:00Z,0.81,20.546875,20.4765625,3.6,2025-02-26T06:20:00Z,6_1,Control
a4e9,6_1,Control,2025-02-26T06:36:00Z,0.83,22.34375,22.265625,3.6,2025-02-26T06:40:00Z,6_1,Control
a4e9,6_1,Control,2025-02-26T06:58:00Z,0.81,23.421875,23.3125,3.61,2025-02-26T07:00:00Z,6_1,Control
a4e9,6_1,Control,2025-02-26T07:19:00Z,0.83,24.296875,24.140625,3.6,2025-02-26T07:20:00Z,6_1,Control
a4e9,6_1,Control,2025-02-26T07:41:00Z,0.82,24.921875,24.828125,3.6,2025-02-26T07:40:00Z,6_1,Control
a4e9,6_1,Control,2025-02-26T08:02:00Z,0.78,25.765625,25.78125,3.61,2025-02-26T08:00:00Z,6_1,Control
a4e9,6_1,Control,2025-02-26T08:24:00Z,0.8,26.265625,26.453125,3.61,2025-02-26T08:20:00Z,6_1,Control
a4e9,6_1,Control,2025-02-26T08:45:00Z,0.81,28.1171875,28.4453125,3.61,2025-02-26T08:40:00Z,6_1,Control
a4e9,6_1,Control,2025-02-26T09:07:00Z,0.85,29.875,30.2265625,3.61,2025-02-26T09:00:00Z,6_1,Control
a4e9,6_1,Control,2025-02-26T09:28:00Z,0.89,30.734375,30.71875,3.61,2025-02-26T09:20:00Z,6_1,Control
a4e9,6_1,Control,2025-02-26T09:49:00Z,0.76,31.3125,31.2734375,3.61,2025-02-26T09:40:00Z,6_1,Control
a4e9,6_1,Control,2025-02-26T10:11:00Z,0.76,31.171875,31.2734375,3.61,2025-02-26T10:20:00Z,6_1,Control
a4e9,6_1,Control,2025-02-26T10:32:00Z,0.73,31.0546875,31.4609375,3.61,2025-02-26T10:40:00Z,6_1,Control
a4e9,6_1,Control,2025-02-26T10:54:00Z,0.83,31.6953125,32.2265625,3.61,2025-02-26T11:00:00Z,6_1,Control
a4e9,6_1,Control,2025-02-26T11:15:00Z,0.76,31.65625,32.1328125,3.62,2025-02-26T11:20:00Z,6_1,Control
a4e9,6_1,Control,2025-02-26T11:37:00Z,0.87,32.0703125,32.2421875,3.62,2025-02-26T11:40:00Z,6_1,Control
a4e9,6_1,Control,2025-02-26T11:58:00Z,0.85,32.7578125,32.671875,3.62,2025-02-26T12:00:00Z,6_1,Control
a4e9,6_1,Control,2025-02-26T12:20:00Z,0.82,32.6328125,32.4140625,3.61,2025-02-26T12:20:00Z,6_1,Control
a4e9,6_1,Control,2025-02-26T12:41:00Z,0.75,31.953125,31.7265625,3.62,2025-02-26T12:40:00Z,6_1,Control
a4e9,6_1,Control,2025-02-26T13:03:00Z,0.74,30.3046875,30.28125,3.61,2025-02-26T13:00:00Z,6_1,Control
a4e9,6_1,Control,2025-02-26T13:24:00Z,0.77,29.4609375,29.484375,3.62,2025-02-26T13:20:00Z,6_1,Control
a4e9,6_1,Control,2025-02-26T13:46:00Z,0.76,28.109375,28.171875,3.62,2025-02-26T13:40:00Z,6_1,Control
a4e9,6_1,Control,2025-02-26T14:07:00Z,0.75,26.6875,26.8046875,3.62,2025-02-26T14:00:00Z,6_1,Control
a4e9,6_1,Control,2025-02-26T14:29:00Z,0.76,25.3125,25.390625,3.62,2025-02-26T14:20:00Z,6_1,Control
a4e9,6_1,Control,2025-02-26T14:50:00Z,0.74,23.6171875,23.6328125,3.62,2025-02-26T14:40:00Z,6_1,Control
a4e9,6_1,Control,2025-02-26T15:11:00Z,0.74,22.015625,22.03125,3.62,2025-02-26T15:20:00Z,6_1,Control
a4e9,6_1,Control,2025-02-26T15:33:00Z,0.76,20.7578125,20.78125,3.61,2025-02-26T15:40:00Z,6_1,Control
a4e9,6_1,Control,2025-02-26T15:54:00Z,0.77,19.8671875,19.8828125,3.61,2025-02-26T16:00:00Z,6_1,Control
a4e9,6_1,Control,2025-02-26T16:16:00Z,0.77,19.2109375,19.2265625,3.61,2025-02-26T16:20:00Z,6_1,Control
a4e9,6_1,Control,2025-02-26T16:37:00Z,0.77,18.765625,18.7734375,3.6,2025-02-26T16:40:00Z,6_1,Control
a4e9,6_1,Control,2025-02-26T16:59:00Z,0.77,18.53125,18.546875,3.61,2025-02-26T17:00:00Z,6_1,Control
a4e9,6_1,Control,2025-02-26T17:20:00Z,0.77,18.2578125,18.28125,3.61,2025-02-26T17:20:00Z,6_1,Control
a4e9,6_1,Control,2025-02-26T17:42:00Z,0.77,17.8828125,17.890625,3.6,2025-02-26T17:40:00Z,6_1,Control
a4e9,6_1,Control,2025-02-26T18:03:00Z,0.77,17.4921875,17.5,3.6,2025-02-26T18:00:00Z,6_1,Control
a4e9,6_1,Control,2025-02-26T18:25:00Z,0.77,17.2265625,17.234375,3.61,2025-02-26T18:20:00Z,6_1,Control
a4e9,6_1,Control,2025-02-26T18:46:00Z,0.78,17.09375,17.09375,3.61,2025-02-26T18:40:00Z,6_1,Control
a4e9,6_1,Control,2025-02-26T19:08:00Z,0.78,16.890625,16.890625,3.6,2025-02-26T19:00:00Z,6_1,Control
a4e9,6_1,Control,2025-02-26T19:29:00Z,0.77,16.65625,16.6640625,3.61,2025-02-26T19:20:00Z,6_1,Control
a4e9,6_1,Control,2025-02-26T19:51:00Z,0.76,16.546875,16.5390625,3.6,2025-02-26T20:00:00Z,6_1,Control
a4e9,6_1,Control,2025-02-26T20:12:00Z,0.75,15.921875,15.953125,3.6,2025-02-26T20:20:00Z,6_1,Control
a4e9,6_1,Control,2025-02-26T20:34:00Z,0.79,15.28125,15.3203125,3.6,2025-02-26T20:40:00Z,6_1,Control
a4e9,6_1,Control,2025-02-26T20:55:00Z,0.78,14.734375,14.7734375,3.6,2025-02-26T21:00:00Z,6_1,Control
a4e9,6_1,Control,2025-02-26T21:16:00Z,0.79,14.3984375,14.4140625,3.6,2025-02-26T21:20:00Z,6_1,Control
a4e9,6_1,Control,2025-02-26T21:38:00Z,0.78,14.2578125,14.265625,3.6,2025-02-26T21:40:00Z,6_1,Control
a4e9,6_1,Control,2025-02-26T21:59:00Z,0.76,14,14.03125,3.59,2025-02-26T22:00:00Z,6_1,Control
a4e9,6_1,Control,2025-02-26T22:21:00Z,0.79,13.7421875,13.765625,3.59,2025-02-26T22:20:00Z,6_1,Control
a4e9,6_1,Control,2025-02-26T22:42:00Z,0.8,14.3515625,14.3125,3.6,2025-02-26T22:40:00Z,6_1,Control
a4e9,6_1,Control,2025-02-26T23:04:00Z,0.79,14.6328125,14.6015625,3.59,2025-02-26T23:00:00Z,6_1,Control
a4e9,6_1,Control,2025-02-26T23:25:00Z,0.77,14.6328125,14.640625,3.59,2025-02-26T23:20:00Z,6_1,Control
a4e9,6_1,Control,2025-02-26T23:47:00Z,0.77,14.15625,14.1953125,3.6,2025-02-26T23:40:00Z,6_1,Control
a4e9,6_1,Control,2025-02-27T00:08:00Z,0.77,13.6484375,13.6875,3.6,2025-02-27T00:00:00Z,6_1,Control
a4e9,6_1,Control,2025-02-27T00:30:00Z,0.79,13.3125,13.3515625,3.59,2025-02-27T00:40:00Z,6_1,Control
a4e9,6_1,Control,2025-02-27T00:51:00Z,0.79,13.125,13.1484375,3.59,2025-02-27T01:00:00Z,6_1,Control
a4e9,6_1,Control,2025-02-27T01:13:00Z,0.79,13.09375,13.109375,3.59,2025-02-27T01:20:00Z,6_1,Control
a4e9,6_1,Control,2025-02-27T01:34:00Z,0.79,13.015625,13.0390625,3.59,2025-02-27T01:40:00Z,6_1,Control
a4e9,6_1,Control,2025-02-27T01:55:00Z,0.77,12.953125,12.96875,3.59,2025-02-27T02:00:00Z,6_1,Control
a4e9,6_1,Control,2025-02-27T02:17:00Z,0.78,12.7109375,12.734375,3.59,2025-02-27T02:20:00Z,6_1,Control
a4e9,6_1,Control,2025-02-27T02:38:00Z,0.79,12.5625,12.5625,3.59,2025-02-27T02:40:00Z,6_1,Control
a4e9,6_1,Control,2025-02-27T03:00:00Z,0.81,12.9765625,12.9296875,3.59,2025-02-27T03:00:00Z,6_1,Control
a4e9,6_1,Control,2025-02-27T03:21:00Z,0.88,14.4140625,14.125,3.58,2025-02-27T03:20:00Z,6_1,Control
a4e9,6_1,Control,2025-02-27T03:43:00Z,0.9,17.4296875,16.6796875,3.6,2025-02-27T03:40:00Z,6_1,Control
a4e9,6_1,Control,2025-02-27T04:04:00Z,0.83,21.3203125,20.3203125,3.59,2025-02-27T04:00:00Z,6_1,Control
a4e9,6_1,Control,2025-02-27T04:26:00Z,0.77,23.25,22.5546875,3.6,2025-02-27T04:20:00Z,6_1,Control
a4e9,6_1,Control,2025-02-27T04:47:00Z,0.82,24.4765625,24.0234375,3.6,2025-02-27T04:40:00Z,6_1,Control
a4e9,6_1,Control,2025-02-27T05:09:00Z,0.77,25.09375,24.890625,3.6,2025-02-27T05:00:00Z,6_1,Control
a4e9,6_1,Control,2025-02-27T05:30:00Z,0.78,25.1015625,25.1015625,3.61,2025-02-27T05:40:00Z,6_1,Control
a4e9,6_1,Control,2025-02-27T05:52:00Z,0.78,25.1875,25.2578125,3.61,2025-02-27T06:00:00Z,6_1,Control
a4e9,6_1,Control,2025-02-27T06:13:00Z,0.77,25.578125,25.71875,3.61,2025-02-27T06:20:00Z,6_1,Control
a4e9,6_1,Control,2025-02-27T06:35:00Z,0.82,25.828125,25.859375,3.61,2025-02-27T06:40:00Z,6_1,Control
a4e9,6_1,Control,2025-02-27T06:56:00Z,0.83,26.3359375,26.265625,3.61,2025-02-27T07:00:00Z,6_1,Control
a4e9,6_1,Control,2025-02-27T07:17:00Z,0.83,27.0234375,26.8828125,3.62,2025-02-27T07:20:00Z,6_1,Control
a4e9,6_1,Control,2025-02-27T07:39:00Z,0.77,27.6484375,27.5546875,3.61,2025-02-27T07:40:00Z,6_1,Control
a4e9,6_1,Control,2025-02-27T08:00:00Z,0.82,28.1640625,28.171875,3.62,2025-02-27T08:00:00Z,6_1,Control
a4e9,6_1,Control,2025-02-27T08:22:00Z,0.81,29.8984375,29.9921875,3.62,2025-02-27T08:20:00Z,6_1,Control
a4e9,6_1,Control,2025-02-27T08:43:00Z,0.79,30.953125,31.1953125,3.62,2025-02-27T08:40:00Z,6_1,Control
a4e9,6_1,Control,2025-02-27T09:05:00Z,0.83,31.4609375,31.5546875,3.61,2025-02-27T09:00:00Z,6_1,Control
a4e9,6_1,Control,2025-02-27T09:26:00Z,0.86,31.859375,31.6953125,3.62,2025-02-27T09:20:00Z,6_1,Control
a4e9,6_1,Control,2025-02-27T09:48:00Z,0.74,32.3984375,32.125,3.62,2025-02-27T09:40:00Z,6_1,Control
a4e9,6_1,Control,2025-02-27T10:09:00Z,0.66,30.8125,30.765625,3.62,2025-02-27T10:00:00Z,6_1,Control
a4e9,6_1,Control,2025-02-27T10:31:00Z,0.73,27.3984375,27.4453125,3.61,2025-02-27T10:40:00Z,6_1,Control
a4e9,6_1,Control,2025-02-27T10:52:00Z,0.81,25.7890625,25.8203125,3.62,2025-02-27T11:00:00Z,6_1,Control
a4e9,6_1,Control,2025-02-27T11:14:00Z,0.78,27.421875,27.6171875,3.62,2025-02-27T11:20:00Z,6_1,Control
a4e9,6_1,Control,2025-02-27T11:35:00Z,0.77,25.25,25.3203125,3.61,2025-02-27T11:40:00Z,6_1,Control
a4e9,6_1,Control,2025-02-27T11:57:00Z,0.85,25.8203125,25.75,3.62,2025-02-27T12:00:00Z,6_1,Control
a4e9,6_1,Control,2025-02-27T12:09:00Z,0.81,26.9140625,26.75,3.61,2025-02-27T12:00:00Z,6_1,Control
a4e9,6_1,Control,2025-02-27T12:31:00Z,0.78,27.3515625,27.1796875,3.61,2025-02-27T12:40:00Z,6_1,Control
a4e9,6_1,Control,2025-02-27T12:52:00Z,0.76,25.75,25.6875,3.61,2025-02-27T13:00:00Z,6_1,Control
a4e9,6_1,Control,2025-02-27T13:13:00Z,0.78,24.2109375,24.203125,3.61,2025-02-27T13:20:00Z,6_1,Control
a4e9,6_1,Control,2025-02-27T13:35:00Z,0.81,24.125,24.1015625,3.62,2025-02-27T13:40:00Z,6_1,Control
a4e9,6_1,Control,2025-02-27T13:56:00Z,0.78,23.875,23.921875,3.61,2025-02-27T14:00:00Z,6_1,Control
a4e9,6_1,Control,2025-02-27T14:18:00Z,0.76,22.953125,23.0390625,3.61,2025-02-27T14:20:00Z,6_1,Control
a4e9,6_1,Control,2025-02-27T14:39:00Z,0.74,21.71875,21.734375,3.61,2025-02-27T14:40:00Z,6_1,Control
a4e9,6_1,Control,2025-02-27T15:01:00Z,0.75,20.390625,20.3984375,3.61,2025-02-27T15:00:00Z,6_1,Control
a4e9,6_1,Control,2025-02-27T15:22:00Z,0.77,19.25,19.2578125,3.61,2025-02-27T15:20:00Z,6_1,Control
a4e9,6_1,Control,2025-02-27T15:44:00Z,0.77,18.5703125,18.578125,3.6,2025-02-27T15:40:00Z,6_1,Control
a4e9,6_1,Control,2025-02-27T16:05:00Z,0.78,18.140625,18.15625,3.61,2025-02-27T16:00:00Z,6_1,Control
a4e9,6_1,Control,2025-02-27T16:27:00Z,0.78,17.8671875,17.8828125,3.61,2025-02-27T16:20:00Z,6_1,Control
a4e9,6_1,Control,2025-02-27T16:48:00Z,0.78,17.5546875,17.5625,3.61,2025-02-27T16:40:00Z,6_1,Control
a4e9,6_1,Control,2025-02-27T17:10:00Z,0.78,17.1875,17.1953125,3.61,2025-02-27T17:00:00Z,6_1,Control
a4e9,6_1,Control,2025-02-27T17:31:00Z,0.79,17.0625,17.0625,3.6,2025-02-27T17:40:00Z,6_1,Control
a4e9,6_1,Control,2025-02-27T17:53:00Z,0.78,16.9765625,16.9765625,3.6,2025-02-27T18:00:00Z,6_1,Control
a4e9,6_1,Control,2025-02-27T18:14:00Z,0.78,16.859375,16.8515625,3.61,2025-02-27T18:20:00Z,6_1,Control
a4e9,6_1,Control,2025-02-27T18:35:00Z,0.78,16.8203125,16.8046875,3.6,2025-02-27T18:40:00Z,6_1,Control
a4e9,6_1,Control,2025-02-27T18:57:00Z,0.79,16.8515625,16.84375,3.6,2025-02-27T19:00:00Z,6_1,Control
a4e9,6_1,Control,2025-02-27T19:18:00Z,0.78,16.96875,16.9609375,3.6,2025-02-27T19:20:00Z,6_1,Control
a4e9,6_1,Control,2025-02-27T19:40:00Z,0.79,16.9765625,16.984375,3.6,2025-02-27T19:40:00Z,6_1,Control
a4e9,6_1,Control,2025-02-27T20:01:00Z,0.77,16.953125,16.9609375,3.6,2025-02-27T20:00:00Z,6_1,Control
a4e9,6_1,Control,2025-02-27T20:23:00Z,0.78,16.859375,16.8671875,3.6,2025-02-27T20:20:00Z,6_1,Control
a4e9,6_1,Control,2025-02-27T20:44:00Z,0.78,16.6328125,16.625,3.6,2025-02-27T20:40:00Z,6_1,Control
a4e9,6_1,Control,2025-02-27T21:06:00Z,0.79,16.5625,16.546875,3.6,2025-02-27T21:00:00Z,6_1,Control
a4e9,6_1,Control,2025-02-27T21:27:00Z,0.77,16.46875,16.4609375,3.6,2025-02-27T21:20:00Z,6_1,Control
a4e9,6_1,Control,2025-02-27T21:49:00Z,0.77,16.0703125,16.09375,3.6,2025-02-27T21:40:00Z,6_1,Control
a4e9,6_1,Control,2025-02-27T22:10:00Z,0.79,16.0625,16.046875,3.6,2025-02-27T22:00:00Z,6_1,Control
a4e9,6_1,Control,2025-02-27T22:32:00Z,0.78,16.203125,16.1875,3.6,2025-02-27T22:40:00Z,6_1,Control
a4e9,6_1,Control,2025-02-27T22:53:00Z,0.78,16.296875,16.28125,3.6,2025-02-27T23:00:00Z,6_1,Control
a4e9,6_1,Control,2025-02-27T23:15:00Z,0.77,16.0703125,16.078125,3.59,2025-02-27T23:20:00Z,6_1,Control
a4e9,6_1,Control,2025-02-27T23:36:00Z,0.78,15.7109375,15.7265625,3.6,2025-02-27T23:40:00Z,6_1,Control
a4e9,6_1,Control,2025-02-27T23:57:00Z,0.78,15.5390625,15.5625,3.59,2025-02-28T00:00:00Z,6_1,Control
a4e9,6_1,Control,2025-02-28T00:19:00Z,0.77,15.2578125,15.296875,3.6,2025-02-28T00:20:00Z,6_1,Control
a4e9,6_1,Control,2025-02-28T00:40:00Z,0.78,14.796875,14.84375,3.59,2025-02-28T00:40:00Z,6_1,Control
a4e9,6_1,Control,2025-02-28T01:02:00Z,0.78,14.359375,14.390625,3.59,2025-02-28T01:00:00Z,6_1,Control
a4e9,6_1,Control,2025-02-28T01:23:00Z,0.77,14.0078125,14.0390625,3.59,2025-02-28T01:20:00Z,6_1,Control
a4e9,6_1,Control,2025-02-28T01:45:00Z,0.78,13.7890625,13.8203125,3.59,2025-02-28T01:40:00Z,6_1,Control
a4e9,6_1,Control,2025-02-28T02:06:00Z,0.78,13.640625,13.65625,3.6,2025-02-28T02:00:00Z,6_1,Control
a4e9,6_1,Control,2025-02-28T02:28:00Z,0.77,13.484375,13.4921875,3.6,2025-02-28T02:20:00Z,6_1,Control
a4e9,6_1,Control,2025-02-28T02:49:00Z,0.8,13.640625,13.6328125,3.59,2025-02-28T02:40:00Z,6_1,Control
a4e9,6_1,Control,2025-02-28T03:11:00Z,0.85,14.328125,14.2421875,3.59,2025-02-28T03:20:00Z,6_1,Control
a4e9,6_1,Control,2025-02-28T03:32:00Z,0.88,16.6484375,16.234375,3.6,2025-02-28T03:40:00Z,6_1,Control
a4e9,6_1,Control,2025-02-28T03:54:00Z,0.89,19.7109375,19.0625,3.59,2025-02-28T04:00:00Z,6_1,Control
a4e9,6_1,Control,2025-02-28T04:15:00Z,0.78,23.484375,22.6953125,3.59,2025-02-28T04:20:00Z,6_1,Control
a4e9,6_1,Control,2025-02-28T04:37:00Z,0.79,24.8828125,24.3671875,3.6,2025-02-28T04:40:00Z,6_1,Control
a4e9,6_1,Control,2025-02-28T04:58:00Z,0.8,25.8359375,25.515625,3.6,2025-02-28T05:00:00Z,6_1,Control
a4e9,6_1,Control,2025-02-28T05:19:00Z,0.81,26.515625,26.1953125,3.61,2025-02-28T05:20:00Z,6_1,Control
a4e9,6_1,Control,2025-02-28T05:41:00Z,0.81,26.8671875,26.609375,3.61,2025-02-28T05:40:00Z,6_1,Control
a4e9,6_1,Control,2025-02-28T06:02:00Z,0.81,27.5859375,27.390625,3.62,2025-02-28T06:00:00Z,6_1,Control
a4e9,6_1,Control,2025-02-28T06:24:00Z,0.75,26.8359375,26.90625,3.61,2025-02-28T06:20:00Z,6_1,Control
a4e9,6_1,Control,2025-02-28T06:45:00Z,0.86,27.3671875,27.1640625,3.61,2025-02-28T06:40:00Z,6_1,Control
a4e9,6_1,Control,2025-02-28T07:07:00Z,0.76,27.8828125,27.6953125,3.61,2025-02-28T07:00:00Z,6_1,Control
a4e9,6_1,Control,2025-02-28T07:28:00Z,0.82,28.171875,28.0234375,3.61,2025-02-28T07:20:00Z,6_1,Control
a4e9,6_1,Control,2025-02-28T07:50:00Z,0.8,28.5234375,28.484375,3.61,2025-02-28T07:40:00Z,6_1,Control
a4e9,6_1,Control,2025-02-28T08:11:00Z,0.82,29.3671875,29.3984375,3.61,2025-02-28T08:20:00Z,6_1,Control
a4e9,6_1,Control,2025-02-28T08:33:00Z,0.81,30.265625,30.4296875,3.61,2025-02-28T08:40:00Z,6_1,Control
a4e9,6_1,Control,2025-02-28T08:54:00Z,0.81,30.96875,31.21875,3.62,2025-02-28T09:00:00Z,6_1,Control
a4e9,6_1,Control,2025-02-28T09:16:00Z,0.8,32.359375,32.421875,3.62,2025-02-28T09:20:00Z,6_1,Control
a4e9,6_1,Control,2025-02-28T09:37:00Z,0.56,29.109375,29.15625,3.61,2025-02-28T09:40:00Z,6_1,Control
a4e9,6_1,Control,2025-02-28T09:59:00Z,0.76,27.875,27.78125,3.62,2025-02-28T10:00:00Z,6_1,Control
a4e9,6_1,Control,2025-02-28T10:20:00Z,0.82,28.40625,28.453125,3.62,2025-02-28T10:20:00Z,6_1,Control
a4e9,6_1,Control,2025-02-28T10:41:00Z,0.77,29.546875,29.796875,3.62,2025-02-28T10:40:00Z,6_1,Control
a4e9,6_1,Control,2025-02-28T11:03:00Z,0.8,27.6015625,27.6875,3.61,2025-02-28T11:00:00Z,6_1,Control
a4e9,6_1,Control,2025-02-28T11:24:00Z,0.78,28.75,28.828125,3.62,2025-02-28T11:20:00Z,6_1,Control
a4e9,6_1,Control,2025-02-28T11:46:00Z,0.74,27.3359375,27.3671875,3.62,2025-02-28T11:40:00Z,6_1,Control
a4e9,6_1,Control,2025-02-28T12:07:00Z,0.86,27.6796875,27.609375,3.61,2025-02-28T12:00:00Z,6_1,Control
a4e9,6_1,Control,2025-02-28T12:29:00Z,0.77,29.6171875,29.375,3.62,2025-02-28T12:20:00Z,6_1,Control
a4e9,6_1,Control,2025-02-28T12:50:00Z,0.71,28.8984375,28.7421875,3.62,2025-02-28T12:40:00Z,6_1,Control
a4e9,6_1,Control,2025-02-28T13:12:00Z,0.78,27.53125,27.515625,3.62,2025-02-28T13:20:00Z,6_1,Control
a4e9,6_1,Control,2025-02-28T13:33:00Z,0.78,26.984375,26.9921875,3.62,2025-02-28T13:40:00Z,6_1,Control
a4e9,6_1,Control,2025-02-28T13:55:00Z,0.73,25.8515625,25.9140625,3.62,2025-02-28T14:00:00Z,6_1,Control
a4e9,6_1,Control,2025-02-28T14:16:00Z,0.75,23.953125,23.9921875,3.61,2025-02-28T14:20:00Z,6_1,Control
a4e9,6_1,Control,2025-02-28T14:38:00Z,0.76,22.4921875,22.5234375,3.62,2025-02-28T14:40:00Z,6_1,Control
a4e9,6_1,Control,2025-02-28T14:59:00Z,0.76,21.484375,21.5078125,3.62,2025-02-28T15:00:00Z,6_1,Control
a4e9,6_1,Control,2025-02-28T15:21:00Z,0.77,20.609375,20.6328125,3.62,2025-02-28T15:20:00Z,6_1,Control
a4e9,6_1,Control,2025-02-28T15:42:00Z,0.78,19.8203125,19.84375,3.61,2025-02-28T15:40:00Z,6_1,Control
a4e9,6_1,Control,2025-02-28T16:03:00Z,0.78,19.359375,19.375,3.61,2025-02-28T16:00:00Z,6_1,Control
a4e9,6_1,Control,2025-02-28T16:25:00Z,0.78,18.9765625,18.9921875,3.61,2025-02-28T16:20:00Z,6_1,Control
a4e9,6_1,Control,2025-02-28T16:46:00Z,0.77,18.578125,18.59375,3.61,2025-02-28T16:40:00Z,6_1,Control
a4e9,6_1,Control,2025-02-28T17:08:00Z,0.76,18.0546875,18.078125,3.61,2025-02-28T17:00:00Z,6_1,Control
a4e9,6_1,Control,2025-02-28T17:29:00Z,0.78,17.359375,17.390625,3.61,2025-02-28T17:20:00Z,6_1,Control
a4e9,6_1,Control,2025-02-28T17:51:00Z,0.79,16.9375,16.9609375,3.6,2025-02-28T18:00:00Z,6_1,Control
a4e9,6_1,Control,2025-02-28T18:12:00Z,0.78,16.734375,16.7421875,3.6,2025-02-28T18:20:00Z,6_1,Control
a4e9,6_1,Control,2025-02-28T18:34:00Z,0.79,16.625,16.625,3.6,2025-02-28T18:40:00Z,6_1,Control
a4e9,6_1,Control,2025-02-28T18:55:00Z,0.79,16.578125,16.578125,3.6,2025-02-28T19:00:00Z,6_1,Control
a4e9,6_1,Control,2025-02-28T19:17:00Z,0.79,16.515625,16.515625,3.6,2025-02-28T19:20:00Z,6_1,Control
a4e9,6_1,Control,2025-02-28T19:38:00Z,0.79,16.4375,16.4375,3.6,2025-02-28T19:40:00Z,6_1,Control
a4e9,6_1,Control,2025-02-28T20:00:00Z,0.8,16.359375,16.3515625,3.59,2025-02-28T20:00:00Z,6_1,Control
a4e9,6_1,Control,2025-02-28T20:21:00Z,0.79,16.359375,16.3515625,3.6,2025-02-28T20:20:00Z,6_1,Control
a4e9,6_1,Control,2025-02-28T20:43:00Z,0.8,16.4296875,16.421875,3.6,2025-02-28T20:40:00Z,6_1,Control
a4e9,6_1,Control,2025-02-28T21:04:00Z,0.79,16.515625,16.5078125,3.6,2025-02-28T21:00:00Z,6_1,Control
a4e9,6_1,Control,2025-02-28T21:25:00Z,0.79,16.4765625,16.46875,3.6,2025-02-28T21:20:00Z,6_1,Control
a4e9,6_1,Control,2025-02-28T21:47:00Z,0.78,16.3671875,16.3515625,3.6,2025-02-28T21:40:00Z,6_1,Control
a4e9,6_1,Control,2025-02-28T22:08:00Z,0.79,16.234375,16.2265625,3.6,2025-02-28T22:00:00Z,6_1,Control
a4e9,6_1,Control,2025-02-28T22:30:00Z,0.79,16.0234375,16.015625,3.6,2025-02-28T22:40:00Z,6_1,Control
a4e9,6_1,Control,2025-02-28T22:51:00Z,0.8,15.8203125,15.8125,3.6,2025-02-28T23:00:00Z,6_1,Control
a4e9,6_1,Control,2025-02-28T23:13:00Z,0.78,15.546875,15.546875,3.6,2025-02-28T23:20:00Z,6_1,Control
a4e9,6_1,Control,2025-02-28T23:34:00Z,0.78,15.3828125,15.375,3.6,2025-02-28T23:40:00Z,6_1,Control
a4e9,6_1,Control,2025-02-28T23:56:00Z,0.78,15.234375,15.21875,3.6,2025-03-01T00:00:00Z,6_1,Control
a4e9,6_1,Control,2025-03-01T00:17:00Z,0.78,15.078125,15.0703125,3.6,2025-03-01T00:20:00Z,6_1,Control
a4e9,6_1,Control,2025-03-01T00:39:00Z,0.8,15.2265625,15.2109375,3.59,2025-03-01T00:40:00Z,6_1,Control
a4e9,6_1,Control,2025-03-01T01:00:00Z,0.79,15.3828125,15.3671875,3.6,2025-03-01T01:00:00Z,6_1,Control
a4e9,6_1,Control,2025-03-01T01:22:00Z,0.79,15.3984375,15.3984375,3.6,2025-03-01T01:20:00Z,6_1,Control
a4e9,6_1,Control,2025-03-01T01:43:00Z,0.79,15.234375,15.234375,3.6,2025-03-01T01:40:00Z,6_1,Control
a4e9,6_1,Control,2025-03-01T02:05:00Z,0.78,15.1953125,15.1875,3.6,2025-03-01T02:00:00Z,6_1,Control
a4e9,6_1,Control,2025-03-01T02:26:00Z,0.77,15.15625,15.15625,3.59,2025-03-01T02:20:00Z,6_1,Control
a4e9,6_1,Control,2025-03-01T02:47:00Z,0.78,15.09375,15.09375,3.59,2025-03-01T02:40:00Z,6_1,Control
a4e9,6_1,Control,2025-03-01T03:09:00Z,0.8,15.296875,15.265625,3.6,2025-03-01T03:00:00Z,6_1,Control
a4e9,6_1,Control,2025-03-01T03:30:00Z,0.78,15.4921875,15.46875,3.6,2025-03-01T03:40:00Z,6_1,Control
a4e9,6_1,Control,2025-03-01T03:52:00Z,0.92,16.453125,16.2421875,3.6,2025-03-01T04:00:00Z,6_1,Control
a4e9,6_1,Control,2025-03-01T04:13:00Z,0.84,20.234375,19.5,3.59,2025-03-01T04:20:00Z,6_1,Control
a4e9,6_1,Control,2025-03-01T04:35:00Z,0.7,20.0546875,19.765625,3.6,2025-03-01T04:40:00Z,6_1,Control
a4e9,6_1,Control,2025-03-01T04:56:00Z,0.85,19.1875,19.0390625,3.6,2025-03-01T05:00:00Z,6_1,Control
a4e9,6_1,Control,2025-03-01T05:18:00Z,0.8,21.40625,21.046875,3.6,2025-03-01T05:20:00Z,6_1,Control
a4e9,6_1,Control,2025-03-01T05:39:00Z,0.83,23.234375,22.8671875,3.61,2025-03-01T05:40:00Z,6_1,Control
a4e9,6_1,Control,2025-03-01T06:01:00Z,0.73,23.4140625,23.140625,3.61,2025-03-01T06:00:00Z,6_1,Control
a4e9,6_1,Control,2025-03-01T06:22:00Z,0.75,22.328125,22.1875,3.61,2025-03-01T06:20:00Z,6_1,Control
a4e9,6_1,Control,2025-03-01T06:44:00Z,0.86,21.8671875,21.75,3.61,2025-03-01T06:40:00Z,6_1,Control
a4e9,6_1,Control,2025-03-01T07:05:00Z,0.85,23.140625,22.8515625,3.6,2025-03-01T07:00:00Z,6_1,Control
a4e9,6_1,Control,2025-03-01T07:26:00Z,0.74,23.703125,23.46875,3.61,2025-03-01T07:20:00Z,6_1,Control
a4e9,6_1,Control,2025-03-01T07:48:00Z,0.81,23.484375,23.25,3.61,2025-03-01T07:40:00Z,6_1,Control
a4e9,6_1,Control,2025-03-01T08:09:00Z,0.75,23.9140625,23.9140625,3.6,2025-03-01T08:00:00Z,6_1,Control
a4e9,6_1,Control,2025-03-01T08:31:00Z,0.82,23.359375,23.484375,3.61,2025-03-01T08:40:00Z,6_1,Control
a4e9,6_1,Control,2025-03-01T08:52:00Z,0.83,23.4296875,23.390625,3.61,2025-03-01T09:00:00Z,6_1,Control
a4e9,6_1,Control,2025-03-01T09:14:00Z,0.8,26.0625,25.875,3.61,2025-03-01T09:20:00Z,6_1,Control
a4e9,6_1,Control,2025-03-01T09:35:00Z,0.87,25.7890625,25.5625,3.61,2025-03-01T09:40:00Z,6_1,Control
a4e9,6_1,Control,2025-03-01T09:57:00Z,0.81,27.03125,26.8515625,3.61,2025-03-01T10:00:00Z,6_1,Control
a4e9,6_1,Control,2025-03-01T10:18:00Z,0.79,27.328125,27.421875,3.61,2025-03-01T10:20:00Z,6_1,Control
a4e9,6_1,Control,2025-03-01T10:40:00Z,0.8,27.2578125,27.6171875,3.61,2025-03-01T10:40:00Z,6_1,Control
a4e9,6_1,Control,2025-03-01T11:01:00Z,0.8,27.28125,27.625,3.61,2025-03-01T11:00:00Z,6_1,Control
a4e9,6_1,Control,2025-03-01T11:23:00Z,0.78,25.3359375,25.4765625,3.61,2025-03-01T11:20:00Z,6_1,Control
a4e9,6_1,Control,2025-03-01T11:44:00Z,0.59,22.765625,22.828125,3.61,2025-03-01T11:40:00Z,6_1,Control
a4e9,6_1,Control,2025-03-01T12:06:00Z,0.72,19.390625,19.5078125,3.61,2025-03-01T12:00:00Z,6_1,Control
a4e9,6_1,Control,2025-03-01T12:27:00Z,0.77,17.8359375,17.9296875,3.61,2025-03-01T12:20:00Z,6_1,Control
a4e9,6_1,Control,2025-03-01T12:48:00Z,0.8,18.2265625,18.25,3.6,2025-03-01T12:40:00Z,6_1,Control
a4e9,6_1,Control,2025-03-01T13:10:00Z,0.81,18.9921875,19.0546875,3.6,2025-03-01T13:00:00Z,6_1,Control
a4e9,6_1,Control,2025-03-01T13:31:00Z,0.75,18.8984375,18.9453125,3.6,2025-03-01T13:40:00Z,6_1,Control
a4e9,6_1,Control,2025-03-01T13:53:00Z,0.75,17.3671875,17.4296875,3.6,2025-03-01T14:00:00Z,6_1,Control
a4e9,6_1,Control,2025-03-01T14:14:00Z,0.78,16.359375,16.4140625,3.6,2025-03-01T14:20:00Z,6_1,Control
a4e9,6_1,Control,2025-03-01T14:36:00Z,0.78,15.953125,15.9765625,3.6,2025-03-01T14:40:00Z,6_1,Control
a4e9,6_1,Control,2025-03-01T14:57:00Z,0.77,15.453125,15.4765625,3.61,2025-03-01T15:00:00Z,6_1,Control
a4e9,6_1,Control,2025-03-01T15:19:00Z,0.79,15.28125,15.2890625,3.6,2025-03-01T15:20:00Z,6_1,Control
a4e9,6_1,Control,2025-03-01T15:40:00Z,0.79,15.3359375,15.3359375,3.6,2025-03-01T15:40:00Z,6_1,Control
a4e9,6_1,Control,2025-03-01T16:02:00Z,0.77,15.09375,15.109375,3.6,2025-03-01T16:00:00Z,6_1,Control
a4e9,6_1,Control,2025-03-01T16:23:00Z,0.79,14.9453125,14.9453125,3.59,2025-03-01T16:20:00Z,6_1,Control
a4e9,6_1,Control,2025-03-01T16:45:00Z,0.79,14.9296875,14.90625,3.6,2025-03-01T16:40:00Z,6_1,Control
a4e9,6_1,Control,2025-03-01T17:06:00Z,0.77,14.9765625,14.9609375,3.6,2025-03-01T17:00:00Z,6_1,Control
a4e9,6_1,Control,2025-03-01T17:28:00Z,0.78,14.9453125,14.9453125,3.6,2025-03-01T17:20:00Z,6_1,Control
a4e9,6_1,Control,2025-03-01T17:49:00Z,0.79,14.8984375,14.890625,3.6,2025-03-01T17:40:00Z,6_1,Control
a4e9,6_1,Control,2025-03-01T18:10:00Z,0.79,14.9375,14.921875,3.6,2025-03-01T18:00:00Z,6_1,Control
a4e9,6_1,Control,2025-03-01T18:32:00Z,0.78,15.0234375,15,3.6,2025-03-01T18:40:00Z,6_1,Control
a4e9,6_1,Control,2025-03-01T18:53:00Z,0.78,15.078125,15.046875,3.6,2025-03-01T19:00:00Z,6_1,Control
a4e9,6_1,Control,2025-03-01T19:15:00Z,0.78,15.0859375,15.046875,3.59,2025-03-01T19:20:00Z,6_1,Control
a4e9,6_1,Control,2025-03-01T19:36:00Z,0.78,15.15625,15.109375,3.6,2025-03-01T19:40:00Z,6_1,Control
a4e9,6_1,Control,2025-03-01T19:58:00Z,0.79,15.234375,15.1875,3.59,2025-03-01T20:00:00Z,6_1,Control
a4e9,6_1,Control,2025-03-01T20:19:00Z,0.78,15.3203125,15.265625,3.59,2025-03-01T20:20:00Z,6_1,Control
a4e9,6_1,Control,2025-03-01T20:41:00Z,0.8,15.4296875,15.359375,3.59,2025-03-01T20:40:00Z,6_1,Control
a4e9,6_1,Control,2025-03-01T21:02:00Z,0.79,15.4765625,15.4140625,3.59,2025-03-01T21:00:00Z,6_1,Control
a4e9,6_1,Control,2025-03-01T21:24:00Z,0.79,15.484375,15.4140625,3.59,2025-03-01T21:20:00Z,6_1,Control
a4e9,6_1,Control,2025-03-01T21:45:00Z,0.77,15.390625,15.3203125,3.59,2025-03-01T21:40:00Z,6_1,Control
a4e9,6_1,Control,2025-03-01T22:07:00Z,0.78,15.1953125,15.140625,3.6,2025-03-01T22:00:00Z,6_1,Control
a4e9,6_1,Control,2025-03-01T22:28:00Z,0.78,15.03125,14.9765625,3.59,2025-03-01T22:20:00Z,6_1,Control
a4e9,6_1,Control,2025-03-01T22:50:00Z,0.78,14.9921875,14.921875,3.59,2025-03-01T22:40:00Z,6_1,Control
a4e9,6_1,Control,2025-03-01T23:11:00Z,0.77,15.0234375,14.9453125,3.59,2025-03-01T23:20:00Z,6_1,Control
a4e9,6_1,Control,2025-03-01T23:32:00Z,0.79,15.1328125,15.0546875,3.6,2025-03-01T23:40:00Z,6_1,Control
a4e9,6_1,Control,2025-03-01T23:54:00Z,0.78,15.2421875,15.1640625,3.59,2025-03-02T00:00:00Z,6_1,Control
a4e9,6_1,Control,2025-03-02T00:15:00Z,0.79,15.3359375,15.265625,3.59,2025-03-02T00:20:00Z,6_1,Control
a4e9,6_1,Control,2025-03-02T00:37:00Z,0.77,15.2578125,15.1953125,3.59,2025-03-02T00:40:00Z,6_1,Control
a4e9,6_1,Control,2025-03-02T00:58:00Z,0.77,15.046875,15.0078125,3.59,2025-03-02T01:00:00Z,6_1,Control
a4e9,6_1,Control,2025-03-02T01:20:00Z,0.78,14.9453125,14.890625,3.59,2025-03-02T01:20:00Z,6_1,Control
a4e9,6_1,Control,2025-03-02T01:41:00Z,0.78,14.875,14.828125,3.59,2025-03-02T01:40:00Z,6_1,Control
a4e9,6_1,Control,2025-03-02T02:03:00Z,0.77,15.015625,14.9453125,3.59,2025-03-02T02:00:00Z,6_1,Control
a4e9,6_1,Control,2025-03-02T02:24:00Z,0.78,15.0390625,14.984375,3.59,2025-03-02T02:20:00Z,6_1,Control
a4e9,6_1,Control,2025-03-02T02:46:00Z,0.77,14.96875,14.921875,3.59,2025-03-02T02:40:00Z,6_1,Control
a4e9,6_1,Control,2025-03-02T03:07:00Z,0.78,14.8125,14.796875,3.59,2025-03-02T03:00:00Z,6_1,Control
a4e9,6_1,Control,2025-03-02T03:29:00Z,0.77,14.7265625,14.703125,3.59,2025-03-02T03:20:00Z,6_1,Control
a4e9,6_1,Control,2025-03-02T03:50:00Z,0.79,14.75,14.71875,3.6,2025-03-02T03:40:00Z,6_1,Control
a4e9,6_1,Control,2025-03-02T04:12:00Z,0.79,15.0703125,15.03125,3.59,2025-03-02T04:20:00Z,6_1,Control
a4e9,6_1,Control,2025-03-02T04:33:00Z,0.79,15.609375,15.546875,3.59,2025-03-02T04:40:00Z,6_1,Control
a4e9,6_1,Control,2025-03-02T04:54:00Z,0.79,16,15.9453125,3.59,2025-03-02T05:00:00Z,6_1,Control
a4e9,6_1,Control,2025-03-02T05:16:00Z,0.82,16.546875,16.4453125,3.59,2025-03-02T05:20:00Z,6_1,Control
a4e9,6_1,Control,2025-03-02T05:37:00Z,0.8,17.2421875,17.1484375,3.6,2025-03-02T05:40:00Z,6_1,Control
a4e9,6_1,Control,2025-03-02T05:59:00Z,0.81,18.0625,17.9453125,3.59,2025-03-02T06:00:00Z,6_1,Control
a4e9,6_1,Control,2025-03-02T06:20:00Z,0.8,19.234375,19.1015625,3.59,2025-03-02T06:20:00Z,6_1,Control
a4e9,6_1,Control,2025-03-02T06:42:00Z,0.87,20.4453125,20.2734375,3.6,2025-03-02T06:40:00Z,6_1,Control
a4e9,6_1,Control,2025-03-02T07:03:00Z,0.82,21.9609375,21.84375,3.6,2025-03-02T07:00:00Z,6_1,Control
a4e9,6_1,Control,2025-03-02T07:25:00Z,0.82,23.40625,23.2421875,3.61,2025-03-02T07:20:00Z,6_1,Control
a4e9,6_1,Control,2025-03-02T07:46:00Z,0.8,23.96875,24.0390625,3.6,2025-03-02T07:40:00Z,6_1,Control
a4e9,6_1,Control,2025-03-02T08:08:00Z,0.85,24.828125,24.8671875,3.61,2025-03-02T08:00:00Z,6_1,Control
a4e9,6_1,Control,2025-03-02T08:29:00Z,0.81,26.40625,26.5859375,3.61,2025-03-02T08:20:00Z,6_1,Control
a4e9,6_1,Control,2025-03-02T08:51:00Z,0.79,27.5703125,27.9296875,3.61,2025-03-02T09:00:00Z,6_1,Control
a4e9,6_1,Control,2025-03-02T09:12:00Z,0.86,28.671875,28.9453125,3.61,2025-03-02T09:20:00Z,6_1,Control
a4e9,6_1,Control,2025-03-02T09:34:00Z,0.79,29.828125,29.890625,3.61,2025-03-02T09:40:00Z,6_1,Control
a4e9,6_1,Control,2025-03-02T09:55:00Z,0.72,30.3203125,30.4609375,3.61,2025-03-02T10:00:00Z,6_1,Control
a4e9,6_1,Control,2025-03-02T10:16:00Z,0.7,29.1953125,29.4140625,3.62,2025-03-02T10:20:00Z,6_1,Control
a4e9,6_1,Control,2025-03-02T10:38:00Z,0.83,28.859375,29.078125,3.62,2025-03-02T10:40:00Z,6_1,Control
a4e9,6_1,Control,2025-03-02T10:59:00Z,0.8,29.5859375,29.890625,3.61,2025-03-02T11:00:00Z,6_1,Control
a4e9,6_1,Control,2025-03-02T11:21:00Z,0.87,31.8203125,32.2265625,3.61,2025-03-02T11:20:00Z,6_1,Control
a4e9,6_1,Control,2025-03-02T11:42:00Z,0.81,32.578125,32.921875,3.61,2025-03-02T11:40:00Z,6_1,Control
a4e9,6_1,Control,2025-03-02T12:04:00Z,0.79,31.9296875,32.015625,3.62,2025-03-02T12:00:00Z,6_1,Control
a4e9,6_1,Control,2025-03-02T12:25:00Z,0.83,31.3984375,31.3046875,3.62,2025-03-02T12:20:00Z,6_1,Control
a4e9,6_1,Control,2025-03-02T12:47:00Z,0.76,30.9921875,30.8671875,3.62,2025-03-02T12:40:00Z,6_1,Control
a4e9,6_1,Control,2025-03-02T13:08:00Z,0.77,30.2421875,30.25,3.62,2025-03-02T13:00:00Z,6_1,Control
a4e9,6_1,Control,2025-03-02T13:30:00Z,0.74,29.03125,29.1171875,3.62,2025-03-02T13:40:00Z,6_1,Control
a4e9,6_1,Control,2025-03-02T13:51:00Z,0.77,27.6171875,27.65625,3.62,2025-03-02T14:00:00Z,6_1,Control
a4e9,6_1,Control,2025-03-02T14:13:00Z,0.78,26.3046875,26.3515625,3.61,2025-03-02T14:20:00Z,6_1,Control
a4e9,6_1,Control,2025-03-02T14:34:00Z,0.77,25.71875,25.78125,3.61,2025-03-02T14:40:00Z,6_1,Control
a4e9,6_1,Control,2025-03-02T14:56:00Z,0.74,24.296875,24.3125,3.61,2025-03-02T15:00:00Z,6_1,Control
a4e9,6_1,Control,2025-03-02T15:17:00Z,0.76,22.7890625,22.8046875,3.61,2025-03-02T15:20:00Z,6_1,Control
a4e9,6_1,Control,2025-03-02T15:38:00Z,0.77,21.8828125,21.890625,3.61,2025-03-02T15:40:00Z,6_1,Control
a4e9,6_1,Control,2025-03-02T16:00:00Z,0.78,21.203125,21.21875,3.61,2025-03-02T16:00:00Z,6_1,Control
a4e9,6_1,Control,2025-03-02T16:21:00Z,0.78,20.65625,20.6640625,3.61,2025-03-02T16:20:00Z,6_1,Control
a4e9,6_1,Control,2025-03-02T16:43:00Z,0.79,20.1484375,20.15625,3.61,2025-03-02T16:40:00Z,6_1,Control
a4e9,6_1,Control,2025-03-02T17:04:00Z,0.77,19.703125,19.7109375,3.6,2025-03-02T17:00:00Z,6_1,Control
a4e9,6_1,Control,2025-03-02T17:26:00Z,0.78,19.3984375,19.3984375,3.6,2025-03-02T17:20:00Z,6_1,Control
a4e9,6_1,Control,2025-03-02T17:47:00Z,0.79,19.3828125,19.3671875,3.61,2025-03-02T17:40:00Z,6_1,Control
a4e9,6_1,Control,2025-03-02T18:09:00Z,0.8,19.4765625,19.4609375,3.61,2025-03-02T18:00:00Z,6_1,Control
a4e9,6_1,Control,2025-03-02T18:30:00Z,0.8,19.7421875,19.7109375,3.61,2025-03-02T18:40:00Z,6_1,Control
a4e9,6_1,Control,2025-03-02T18:52:00Z,0.76,19.6484375,19.640625,3.61,2025-03-02T19:00:00Z,6_1,Control
a4e9,6_1,Control,2025-03-02T19:13:00Z,0.76,18.875,18.9140625,3.6,2025-03-02T19:20:00Z,6_1,Control
a4e9,6_1,Control,2025-03-02T19:35:00Z,0.77,18.21875,18.25,3.6,2025-03-02T19:40:00Z,6_1,Control
a4e9,6_1,Control,2025-03-02T19:56:00Z,0.78,17.6484375,17.6796875,3.6,2025-03-02T20:00:00Z,6_1,Control
a4e9,6_1,Control,2025-03-02T20:18:00Z,0.78,17.421875,17.4296875,3.6,2025-03-02T20:20:00Z,6_1,Control
a4e9,6_1,Control,2025-03-02T20:39:00Z,0.77,17.2109375,17.21875,3.6,2025-03-02T20:40:00Z,6_1,Control
a4e9,6_1,Control,2025-03-02T21:00:00Z,0.78,16.796875,16.8203125,3.6,2025-03-02T21:00:00Z,6_1,Control
a4e9,6_1,Control,2025-03-02T21:22:00Z,0.79,16.53125,16.546875,3.6,2025-03-02T21:20:00Z,6_1,Control
a4e9,6_1,Control,2025-03-02T21:43:00Z,0.79,16.390625,16.3984375,3.6,2025-03-02T21:40:00Z,6_1,Control
a4e9,6_1,Control,2025-03-02T22:05:00Z,0.78,16.296875,16.296875,3.6,2025-03-02T22:00:00Z,6_1,Control
a4e9,6_1,Control,2025-03-02T22:26:00Z,0.79,16.5,16.4765625,3.6,2025-03-02T22:20:00Z,6_1,Control
a4e9,6_1,Control,2025-03-02T22:48:00Z,0.79,16.7578125,16.7265625,3.6,2025-03-02T22:40:00Z,6_1,Control
a4e9,6_1,Control,2025-03-02T23:09:00Z,0.79,16.8203125,16.796875,3.59,2025-03-02T23:00:00Z,6_1,Control
a4e9,6_1,Control,2025-03-02T23:31:00Z,0.79,17.21875,17.1640625,3.59,2025-03-02T23:40:00Z,6_1,Control
a4e9,6_1,Control,2025-03-02T23:52:00Z,0.79,17.65625,17.59375,3.6,2025-03-03T00:00:00Z,6_1,Control
a4e9,6_1,Control,2025-03-03T00:14:00Z,0.77,17.7734375,17.734375,3.6,2025-03-03T00:20:00Z,6_1,Control
a4e9,6_1,Control,2025-03-03T00:35:00Z,0.78,17.46875,17.4609375,3.6,2025-03-03T00:40:00Z,6_1,Control
a4e9,6_1,Control,2025-03-03T00:57:00Z,0.76,17.2265625,17.2109375,3.6,2025-03-03T01:00:00Z,6_1,Control
a4e9,6_1,Control,2025-03-03T01:18:00Z,0.77,17.0234375,17.015625,3.6,2025-03-03T01:20:00Z,6_1,Control
a4e9,6_1,Control,2025-03-03T01:40:00Z,0.78,16.8515625,16.84375,3.6,2025-03-03T01:40:00Z,6_1,Control
a4e9,6_1,Control,2025-03-03T02:01:00Z,0.79,16.75,16.7421875,3.59,2025-03-03T02:00:00Z,6_1,Control
a4e9,6_1,Control,2025-03-03T02:22:00Z,0.78,16.640625,16.6328125,3.59,2025-03-03T02:20:00Z,6_1,Control
a4e9,6_1,Control,2025-03-03T02:44:00Z,0.78,16.5859375,16.5703125,3.59,2025-03-03T02:40:00Z,6_1,Control
a4e9,6_1,Control,2025-03-03T03:05:00Z,0.81,16.84375,16.78125,3.59,2025-03-03T03:00:00Z,6_1,Control
a4e9,6_1,Control,2025-03-03T03:27:00Z,0.84,18.15625,17.9140625,3.6,2025-03-03T03:20:00Z,6_1,Control
a4e9,6_1,Control,2025-03-03T03:48:00Z,0.96,21.5078125,20.6015625,3.6,2025-03-03T03:40:00Z,6_1,Control
a4e9,6_1,Control,2025-03-03T04:10:00Z,0.82,25.921875,24.9140625,3.6,2025-03-03T04:00:00Z,6_1,Control
a4e9,6_1,Control,2025-03-03T04:31:00Z,0.79,28,27.265625,3.61,2025-03-03T04:40:00Z,6_1,Control
a4e9,6_1,Control,2025-03-03T04:53:00Z,0.75,29.546875,28.9609375,3.6,2025-03-03T05:00:00Z,6_1,Control
a4e9,6_1,Control,2025-03-03T05:14:00Z,0.78,29.4609375,29.2734375,3.61,2025-03-03T05:20:00Z,6_1,Control
a4e9,6_1,Control,2025-03-03T05:36:00Z,0.81,30.171875,29.96875,3.61,2025-03-03T05:40:00Z,6_1,Control
a4e9,6_1,Control,2025-03-03T05:57:00Z,0.78,30.21875,30.109375,3.61,2025-03-03T06:00:00Z,6_1,Control
a4e9,6_1,Control,2025-03-03T06:19:00Z,0.78,30.328125,30.3125,3.61,2025-03-03T06:20:00Z,6_1,Control
a4e9,6_1,Control,2025-03-03T06:40:00Z,0.86,30.5,30.4140625,3.61,2025-03-03T06:40:00Z,6_1,Control
a4e9,6_1,Control,2025-03-03T07:02:00Z,0.83,30.9453125,30.78125,3.62,2025-03-03T07:00:00Z,6_1,Control
a4e9,6_1,Control,2025-03-03T07:23:00Z,0.81,32.0625,31.8515625,3.62,2025-03-03T07:20:00Z,6_1,Control
a4e9,6_1,Control,2025-03-03T07:44:00Z,0.76,32.71875,32.6640625,3.62,2025-03-03T07:40:00Z,6_1,Control
a4e9,6_1,Control,2025-03-03T08:06:00Z,0.77,33.3515625,33.390625,3.62,2025-03-03T08:00:00Z,6_1,Control
a4e9,6_1,Control,2025-03-03T08:27:00Z,0.83,34.7421875,34.84375,3.62,2025-03-03T08:20:00Z,6_1,Control
a4e9,6_1,Control,2025-03-03T08:49:00Z,0.85,35.875,36.2265625,3.62,2025-03-03T08:40:00Z,6_1,Control
a4e9,6_1,Control,2025-03-03T09:10:00Z,0.83,36.4921875,36.734375,3.63,2025-03-03T09:00:00Z,6_1,Control
a4e9,6_1,Control,2025-03-03T09:32:00Z,0.82,37.546875,37.4453125,3.63,2025-03-03T09:40:00Z,6_1,Control
a4e9,6_1,Control,2025-03-03T09:53:00Z,0.81,37.1015625,37.0390625,3.63,2025-03-03T10:00:00Z,6_1,Control
a4e9,6_1,Control,2025-03-03T10:15:00Z,0.7,37.171875,37.25,3.62,2025-03-03T10:20:00Z,6_1,Control
a4e9,6_1,Control,2025-03-03T10:36:00Z,0.82,36.53125,36.78125,3.62,2025-03-03T10:40:00Z,6_1,Control
a4e9,6_1,Control,2025-03-03T10:58:00Z,0.81,36.09375,36.2734375,3.62,2025-03-03T11:00:00Z,6_1,Control
a4e9,6_1,Control,2025-03-03T11:19:00Z,0.82,37.25,37.4140625,3.63,2025-03-03T11:20:00Z,6_1,Control
a4e9,6_1,Control,2025-03-03T11:41:00Z,0.71,35.6015625,35.6328125,3.63,2025-03-03T11:40:00Z,6_1,Control
a4e9,6_1,Control,2025-03-03T12:02:00Z,0.74,32.9453125,32.9609375,3.63,2025-03-03T12:00:00Z,6_1,Control
a4e9,6_1,Control,2025-03-03T12:24:00Z,0.79,32.7890625,32.7421875,3.63,2025-03-03T12:20:00Z,6_1,Control
a4e9,6_1,Control,2025-03-03T12:45:00Z,0.83,32.921875,32.828125,3.62,2025-03-03T12:40:00Z,6_1,Control
a4e9,6_1,Control,2025-03-03T13:06:00Z,0.83,34.0859375,33.9921875,3.62,2025-03-03T13:00:00Z,6_1,Control
a4e9,6_1,Control,2025-03-03T13:28:00Z,0.75,34.9921875,35.0078125,3.63,2025-03-03T13:20:00Z,6_1,Control
a4e9,6_1,Control,2025-03-03T13:49:00Z,0.65,32.59375,32.6484375,3.62,2025-03-03T13:40:00Z,6_1,Control
a4e9,6_1,Control,2025-03-03T14:11:00Z,0.76,31.015625,31.078125,3.62,2025-03-03T14:20:00Z,6_1,Control
a4e9,6_1,Control,2025-03-03T14:32:00Z,0.72,29.84375,29.9375,3.63,2025-03-03T14:40:00Z,6_1,Control
a4e9,6_1,Control,2025-03-03T14:54:00Z,0.73,27.625,27.671875,3.62,2025-03-03T15:00:00Z,6_1,Control
a4e9,6_1,Control,2025-03-03T15:15:00Z,0.75,26.1640625,26.171875,3.62,2025-03-03T15:20:00Z,6_1,Control
a4e9,6_1,Control,2025-03-03T15:37:00Z,0.77,25.1875,25.2109375,3.62,2025-03-03T15:40:00Z,6_1,Control
a4e9,6_1,Control,2025-03-03T15:58:00Z,0.77,24.5546875,24.5625,3.62,2025-03-03T16:00:00Z,6_1,Control
a4e9,6_1,Control,2025-03-03T16:20:00Z,0.77,24.03125,24.03125,3.62,2025-03-03T16:20:00Z,6_1,Control
a4e9,6_1,Control,2025-03-03T16:41:00Z,0.79,23.4375,23.453125,3.61,2025-03-03T16:40:00Z,6_1,Control
a4e9,6_1,Control,2025-03-03T17:03:00Z,0.77,22.8828125,22.890625,3.62,2025-03-03T17:00:00Z,6_1,Control
a4e9,6_1,Control,2025-03-03T17:24:00Z,0.78,22.4296875,22.4375,3.62,2025-03-03T17:20:00Z,6_1,Control
a4e9,6_1,Control,2025-03-03T17:46:00Z,0.77,22.03125,22.0546875,3.62,2025-03-03T17:40:00Z,6_1,Control
a4e9,6_1,Control,2025-03-03T18:07:00Z,0.78,21.703125,21.71875,3.61,2025-03-03T18:00:00Z,6_1,Control
a4e9,6_1,Control,2025-03-03T18:28:00Z,0.78,21.578125,21.578125,3.61,2025-03-03T18:20:00Z,6_1,Control
a4e9,6_1,Control,2025-03-03T18:50:00Z,0.77,21.265625,21.28125,3.61,2025-03-03T18:40:00Z,6_1,Control
a4e9,6_1,Control,2025-03-03T19:11:00Z,0.77,20.78125,20.8046875,3.62,2025-03-03T19:20:00Z,6_1,Control
a4e9,6_1,Control,2025-03-03T19:33:00Z,0.77,20.2421875,20.2578125,3.62,2025-03-03T19:40:00Z,6_1,Control
a4e9,6_1,Control,2025-03-03T19:54:00Z,0.78,19.9375,19.9296875,3.61,2025-03-03T20:00:00Z,6_1,Control
a4e9,6_1,Control,2025-03-03T20:16:00Z,0.77,19.734375,19.7421875,3.61,2025-03-03T20:20:00Z,6_1,Control
a4e9,6_1,Control,2025-03-03T20:37:00Z,0.78,19.2734375,19.2890625,3.61,2025-03-03T20:40:00Z,6_1,Control
a4e9,6_1,Control,2025-03-03T20:59:00Z,0.76,18.8984375,18.90625,3.61,2025-03-03T21:00:00Z,6_1,Control
a4e9,6_1,Control,2025-03-03T21:20:00Z,0.78,18.4921875,18.4921875,3.61,2025-03-03T21:20:00Z,6_1,Control
a4e9,6_1,Control,2025-03-03T21:42:00Z,0.79,18.4921875,18.4765625,3.61,2025-03-03T21:40:00Z,6_1,Control
a4e9,6_1,Control,2025-03-03T22:03:00Z,0.78,18.453125,18.4453125,3.61,2025-03-03T22:00:00Z,6_1,Control
a4e9,6_1,Control,2025-03-03T22:25:00Z,0.8,18.515625,18.5,3.61,2025-03-03T22:20:00Z,6_1,Control
a4e9,6_1,Control,2025-03-03T22:46:00Z,0.78,18.5390625,18.53125,3.61,2025-03-03T22:40:00Z,6_1,Control
a4e9,6_1,Control,2025-03-03T23:08:00Z,0.78,18.21875,18.21875,3.6,2025-03-03T23:00:00Z,6_1,Control
a4e9,6_1,Control,2025-03-03T23:29:00Z,0.78,18.0546875,18.046875,3.61,2025-03-03T23:20:00Z,6_1,Control
a4e9,6_1,Control,2025-03-03T23:50:00Z,0.78,18.0078125,18,3.6,2025-03-03T23:40:00Z,6_1,Control
a4e9,6_1,Control,2025-03-04T00:12:00Z,0.78,17.703125,17.71875,3.61,2025-03-04T00:20:00Z,6_1,Control
a4e9,6_1,Control,2025-03-04T00:33:00Z,0.78,17.6328125,17.625,3.6,2025-03-04T00:40:00Z,6_1,Control
a4e9,6_1,Control,2025-03-04T00:55:00Z,0.79,17.3046875,17.3125,3.61,2025-03-04T01:00:00Z,6_1,Control
a4e9,6_1,Control,2025-03-04T01:16:00Z,0.79,17.390625,17.375,3.61,2025-03-04T01:20:00Z,6_1,Control
a4e9,6_1,Control,2025-03-04T01:38:00Z,0.78,17.0390625,17.0390625,3.61,2025-03-04T01:40:00Z,6_1,Control
a4e9,6_1,Control,2025-03-04T01:59:00Z,0.79,16.828125,16.8203125,3.61,2025-03-04T02:00:00Z,6_1,Control
a4e9,6_1,Control,2025-03-04T02:21:00Z,0.77,16.6640625,16.671875,3.6,2025-03-04T02:20:00Z,6_1,Control
a4e9,6_1,Control,2025-03-04T02:42:00Z,0.79,16.3203125,16.3203125,3.6,2025-03-04T02:40:00Z,6_1,Control
a4e9,6_1,Control,2025-03-04T03:04:00Z,0.82,16.6328125,16.5546875,3.6,2025-03-04T03:00:00Z,6_1,Control
a4e9,6_1,Control,2025-03-04T03:25:00Z,0.85,18.671875,18.4140625,3.6,2025-03-04T03:20:00Z,6_1,Control
a4e9,6_1,Control,2025-03-04T03:47:00Z,0.91,22.3828125,21.6015625,3.61,2025-03-04T03:40:00Z,6_1,Control
a4e9,6_1,Control,2025-03-04T04:08:00Z,0.8,26.09375,25.265625,3.61,2025-03-04T04:00:00Z,6_1,Control
a4e9,6_1,Control,2025-03-04T04:29:00Z,0.76,28.1796875,27.4765625,3.61,2025-03-04T04:20:00Z,6_1,Control
a4e9,6_1,Control,2025-03-04T04:51:00Z,0.83,28.4921875,28.046875,3.61,2025-03-04T05:00:00Z,6_1,Control
a4e9,6_1,Control,2025-03-04T05:12:00Z,0.81,28.9140625,28.546875,3.61,2025-03-04T05:20:00Z,6_1,Control
a4e9,6_1,Control,2025-03-04T05:34:00Z,0.82,29.3984375,29.1640625,3.61,2025-03-04T05:40:00Z,6_1,Control
a4e9,6_1,Control,2025-03-04T05:55:00Z,0.75,29.734375,29.53125,3.62,2025-03-04T06:00:00Z,6_1,Control
a4e9,6_1,Control,2025-03-04T06:17:00Z,0.75,29.703125,29.5625,3.61,2025-03-04T06:20:00Z,6_1,Control
a4e9,6_1,Control,2025-03-04T06:38:00Z,0.84,29.3203125,29.2265625,3.62,2025-03-04T06:40:00Z,6_1,Control
a4e9,6_1,Control,2025-03-04T07:00:00Z,0.77,30.1953125,29.875,3.62,2025-03-04T07:00:00Z,6_1,Control
a4e9,6_1,Control,2025-03-04T07:21:00Z,0.81,30.1953125,29.984375,3.61,2025-03-04T07:20:00Z,6_1,Control
a4e9,6_1,Control,2025-03-04T07:43:00Z,0.78,30.9296875,30.8828125,3.61,2025-03-04T07:40:00Z,6_1,Control
a4e9,6_1,Control,2025-03-04T08:04:00Z,0.79,31.328125,31.3984375,3.62,2025-03-04T08:00:00Z,6_1,Control
a4e9,6_1,Control,2025-03-04T08:26:00Z,0.8,32.234375,32.4921875,3.62,2025-03-04T08:20:00Z,6_1,Control
a4e9,6_1,Control,2025-03-04T08:47:00Z,0.87,33.453125,33.828125,3.62,2025-03-04T08:40:00Z,6_1,Control
a4e9,6_1,Control,2025-03-04T09:09:00Z,0.74,35.0859375,35.3671875,3.63,2025-03-04T09:00:00Z,6_1,Control
a4e9,6_1,Control,2025-03-04T09:30:00Z,0.82,35.671875,35.59375,3.62,2025-03-04T09:40:00Z,6_1,Control
a4e9,6_1,Control,2025-03-04T09:51:00Z,0.83,35.484375,35.328125,3.63,2025-03-04T10:00:00Z,6_1,Control
a4e9,6_1,Control,2025-03-04T10:13:00Z,0.72,33.453125,33.515625,3.62,2025-03-04T10:20:00Z,6_1,Control
a4e9,6_1,Control,2025-03-04T10:34:00Z,0.78,31.7578125,31.9296875,3.63,2025-03-04T10:40:00Z,6_1,Control
a4e9,6_1,Control,2025-03-04T10:56:00Z,0.79,31.6953125,32.0390625,3.62,2025-03-04T11:00:00Z,6_1,Control
a4e9,6_1,Control,2025-03-04T11:17:00Z,0.78,31.7265625,32.046875,3.63,2025-03-04T11:20:00Z,6_1,Control
a4e9,6_1,Control,2025-03-04T11:39:00Z,0.84,31.5,31.71875,3.63,2025-03-04T11:40:00Z,6_1,Control
a4e9,6_1,Control,2025-03-04T12:00:00Z,0.81,31.578125,31.5703125,3.62,2025-03-04T12:00:00Z,6_1,Control
a4e9,6_1,Control,2025-03-04T12:22:00Z,0.8,30.578125,30.453125,3.62,2025-03-04T12:20:00Z,6_1,Control
a4e9,6_1,Control,2025-03-04T12:43:00Z,0.75,29.625,29.4375,3.62,2025-03-04T12:40:00Z,6_1,Control
a4e9,6_1,Control,2025-03-04T13:05:00Z,0.75,28.5234375,28.4765625,3.62,2025-03-04T13:00:00Z,6_1,Control
a4e9,6_1,Control,2025-03-04T13:26:00Z,0.74,27.0859375,27.171875,3.62,2025-03-04T13:20:00Z,6_1,Control
a4e9,6_1,Control,2025-03-04T13:48:00Z,0.73,25.6171875,25.703125,3.62,2025-03-04T13:40:00Z,6_1,Control
a4e9,6_1,Control,2025-03-04T14:09:00Z,0.76,24.125,24.2421875,3.62,2025-03-04T14:00:00Z,6_1,Control
a4e9,6_1,Control,2025-03-04T14:31:00Z,0.74,22.6328125,22.71875,3.62,2025-03-04T14:40:00Z,6_1,Control
a4e9,6_1,Control,2025-03-04T14:52:00Z,0.76,20.96875,21.0234375,3.61,2025-03-04T15:00:00Z,6_1,Control
a4e9,6_1,Control,2025-03-04T15:13:00Z,0.77,19.9609375,20,3.61,2025-03-04T15:20:00Z,6_1,Control
a4e9,6_1,Control,2025-03-04T15:35:00Z,0.77,19.2890625,19.3203125,3.61,2025-03-04T15:40:00Z,6_1,Control
a4e9,6_1,Control,2025-03-04T15:56:00Z,0.77,18.84375,18.859375,3.62,2025-03-04T16:00:00Z,6_1,Control
a4e9,6_1,Control,2025-03-04T16:18:00Z,0.78,18.609375,18.6171875,3.61,2025-03-04T16:20:00Z,6_1,Control
a4e9,6_1,Control,2025-03-04T16:39:00Z,0.78,18.4921875,18.5,3.61,2025-03-04T16:40:00Z,6_1,Control
a4e9,6_1,Control,2025-03-04T17:01:00Z,0.79,18.4375,18.4453125,3.61,2025-03-04T17:00:00Z,6_1,Control
a4e9,6_1,Control,2025-03-04T17:22:00Z,0.79,18.4453125,18.4453125,3.61,2025-03-04T17:20:00Z,6_1,Control
a4e9,6_1,Control,2025-03-04T17:44:00Z,0.78,18.53125,18.53125,3.61,2025-03-04T17:40:00Z,6_1,Control
a4e9,6_1,Control,2025-03-04T18:05:00Z,0.78,18.578125,18.578125,3.61,2025-03-04T18:00:00Z,6_1,Control
a4e9,6_1,Control,2025-03-04T18:27:00Z,0.79,18.6875,18.6875,3.61,2025-03-04T18:20:00Z,6_1,Control
a4e9,6_1,Control,2025-03-04T18:48:00Z,0.79,18.9140625,18.8984375,3.61,2025-03-04T18:40:00Z,6_1,Control
a4e9,6_1,Control,2025-03-04T19:10:00Z,0.79,19.0390625,19.0234375,3.61,2025-03-04T19:00:00Z,6_1,Control
a4e9,6_1,Control,2025-03-04T19:31:00Z,0.77,19.015625,19.0078125,3.61,2025-03-04T19:40:00Z,6_1,Control
a4e9,6_1,Control,2025-03-04T19:53:00Z,0.78,18.9765625,18.96875,3.61,2025-03-04T20:00:00Z,6_1,Control
a4e9,6_1,Control,2025-03-04T20:14:00Z,0.77,18.953125,18.9453125,3.6,2025-03-04T20:20:00Z,6_1,Control
a4e9,6_1,Control,2025-03-04T20:35:00Z,0.78,18.8515625,18.8515625,3.61,2025-03-04T20:40:00Z,6_1,Control
a4e9,6_1,Control,2025-03-04T20:57:00Z,0.78,18.7578125,18.75,3.61,2025-03-04T21:00:00Z,6_1,Control
a4e9,6_1,Control,2025-03-04T21:18:00Z,0.78,18.6953125,18.6875,3.6,2025-03-04T21:20:00Z,6_1,Control
a4e9,6_1,Control,2025-03-04T21:40:00Z,0.78,18.59375,18.5859375,3.6,2025-03-04T21:40:00Z,6_1,Control
a4e9,6_1,Control,2025-03-04T22:01:00Z,0.78,18.4296875,18.421875,3.6,2025-03-04T22:00:00Z,6_1,Control
a4e9,6_1,Control,2025-03-04T22:23:00Z,0.77,18.109375,18.1171875,3.6,2025-03-04T22:20:00Z,6_1,Control
a4e9,6_1,Control,2025-03-04T22:44:00Z,0.77,17.7890625,17.796875,3.61,2025-03-04T22:40:00Z,6_1,Control
a4e9,6_1,Control,2025-03-04T23:06:00Z,0.78,17.6796875,17.6796875,3.6,2025-03-04T23:00:00Z,6_1,Control
a4e9,6_1,Control,2025-03-04T23:27:00Z,0.78,17.7578125,17.7421875,3.61,2025-03-04T23:20:00Z,6_1,Control
a4e9,6_1,Control,2025-03-04T23:49:00Z,0.78,17.7890625,17.7734375,3.6,2025-03-04T23:40:00Z,6_1,Control
a4e9,6_1,Control,2025-03-05T00:10:00Z,0.78,17.7578125,17.7421875,3.61,2025-03-05T00:00:00Z,6_1,Control
a4e9,6_1,Control,2025-03-05T00:32:00Z,0.77,17.7421875,17.7265625,3.6,2025-03-05T00:40:00Z,6_1,Control
a4e9,6_1,Control,2025-03-05T00:53:00Z,0.79,17.65625,17.6484375,3.61,2025-03-05T01:00:00Z,6_1,Control
a4e9,6_1,Control,2025-03-05T01:15:00Z,0.79,17.609375,17.6015625,3.6,2025-03-05T01:20:00Z,6_1,Control
a4e9,6_1,Control,2025-03-05T01:36:00Z,0.78,17.609375,17.59375,3.6,2025-03-05T01:40:00Z,6_1,Control
a4e9,6_1,Control,2025-03-05T01:57:00Z,0.78,17.515625,17.515625,3.6,2025-03-05T02:00:00Z,6_1,Control
a4e9,6_1,Control,2025-03-05T02:19:00Z,0.78,17.359375,17.3671875,3.6,2025-03-05T02:20:00Z,6_1,Control
a4e9,6_1,Control,2025-03-05T02:40:00Z,0.79,17.3359375,17.3359375,3.6,2025-03-05T02:40:00Z,6_1,Control
a4e9,6_1,Control,2025-03-05T03:02:00Z,0.79,17.390625,17.390625,3.6,2025-03-05T03:00:00Z,6_1,Control
a4e9,6_1,Control,2025-03-05T03:23:00Z,0.8,17.59375,17.578125,3.6,2025-03-05T03:20:00Z,6_1,Control
a4e9,6_1,Control,2025-03-05T03:45:00Z,0.79,18.5390625,18.4140625,3.61,2025-03-05T03:40:00Z,6_1,Control
a4e9,6_1,Control,2025-03-05T04:06:00Z,0.94,20.609375,20.1328125,3.6,2025-03-05T04:00:00Z,6_1,Control
a4e9,6_1,Control,2025-03-05T04:28:00Z,0.76,24.4765625,24.0078125,3.6,2025-03-05T04:20:00Z,6_1,Control
a4e9,6_1,Control,2025-03-05T04:49:00Z,0.82,26.1484375,25.78125,3.61,2025-03-05T04:40:00Z,6_1,Control
a4e9,6_1,Control,2025-03-05T05:11:00Z,0.77,27.203125,27.015625,3.61,2025-03-05T05:20:00Z,6_1,Control
a4e9,6_1,Control,2025-03-05T05:32:00Z,0.78,27.1171875,27.109375,3.61,2025-03-05T05:40:00Z,6_1,Control
a4e9,6_1,Control,2025-03-05T05:54:00Z,0.76,27.4921875,27.3984375,3.61,2025-03-05T06:00:00Z,6_1,Control
a4e9,6_1,Control,2025-03-05T06:15:00Z,0.76,27.6796875,27.578125,3.61,2025-03-05T06:20:00Z,6_1,Control
a4e9,6_1,Control,2025-03-05T06:37:00Z,0.83,27.640625,27.6015625,3.61,2025-03-05T06:40:00Z,6_1,Control
a4e9,6_1,Control,2025-03-05T06:58:00Z,0.81,28.40625,28.2109375,3.61,2025-03-05T07:00:00Z,6_1,Control
a4e9,6_1,Control,2025-03-05T07:19:00Z,0.79,28.6875,28.4921875,3.62,2025-03-05T07:20:00Z,6_1,Control
a4e9,6_1,Control,2025-03-05T07:41:00Z,0.81,28.890625,28.875,3.61,2025-03-05T07:40:00Z,6_1,Control
a4e9,6_1,Control,2025-03-05T08:02:00Z,0.8,30.140625,30.2109375,3.61,2025-03-05T08:00:00Z,6_1,Control
a4e9,6_1,Control,2025-03-05T08:24:00Z,0.79,31.2890625,31.515625,3.62,2025-03-05T08:20:00Z,6_1,Control
a4e9,6_1,Control,2025-03-05T08:45:00Z,0.79,33.4140625,33.75,3.62,2025-03-05T08:40:00Z,6_1,Control
a4e9,6_1,Control,2025-03-05T09:07:00Z,0.82,34.0703125,34.484375,3.63,2025-03-05T09:00:00Z,6_1,Control
a4e9,6_1,Control,2025-03-05T09:28:00Z,0.81,34.9375,34.9921875,3.62,2025-03-05T09:20:00Z,6_1,Control
a4e9,6_1,Control,2025-03-05T09:50:00Z,0.81,35.4609375,35.3984375,3.62,2025-03-05T09:40:00Z,6_1,Control
a4e9,6_1,Control,2025-03-05T10:11:00Z,0.8,35.921875,35.953125,3.63,2025-03-05T10:20:00Z,6_1,Control
a4e9,6_1,Control,2025-03-05T10:33:00Z,0.68,35.890625,36.1953125,3.63,2025-03-05T10:40:00Z,6_1,Control
a4e9,6_1,Control,2025-03-05T10:54:00Z,0.79,34.4140625,34.8359375,3.63,2025-03-05T11:00:00Z,6_1,Control
a4e9,6_1,Control,2025-03-05T11:16:00Z,0.79,33.7734375,34.1328125,3.62,2025-03-05T11:20:00Z,6_1,Control
a4e9,6_1,Control,2025-03-05T11:37:00Z,0.85,33.3203125,33.59375,3.62,2025-03-05T11:40:00Z,6_1,Control
a4e9,6_1,Control,2025-03-05T11:59:00Z,0.81,33.1171875,33.171875,3.63,2025-03-05T12:00:00Z,6_1,Control
a4e9,6_1,Control,2025-03-05T12:20:00Z,0.79,32.8359375,32.7265625,3.62,2025-03-05T12:20:00Z,6_1,Control
a4e9,6_1,Control,2025-03-05T12:41:00Z,0.75,31.734375,31.546875,3.63,2025-03-05T12:40:00Z,6_1,Control
a4e9,6_1,Control,2025-03-05T13:03:00Z,0.74,30.0703125,30.0234375,3.63,2025-03-05T13:00:00Z,6_1,Control
a4e9,6_1,Control,2025-03-05T13:24:00Z,0.75,28.875,28.953125,3.63,2025-03-05T13:20:00Z,6_1,Control
a4e9,6_1,Control,2025-03-05T13:46:00Z,0.76,27.9921875,28.0703125,3.62,2025-03-05T13:40:00Z,6_1,Control
a4e9,6_1,Control,2025-03-05T14:07:00Z,0.74,26.7421875,26.8359375,3.63,2025-03-05T14:00:00Z,6_1,Control
a4e9,6_1,Control,2025-03-05T14:29:00Z,0.74,24.875,25,3.62,2025-03-05T14:20:00Z,6_1,Control
a4e9,6_1,Control,2025-03-05T14:50:00Z,0.72,23.140625,23.1875,3.62,2025-03-05T14:40:00Z,6_1,Control
a4e9,6_1,Control,2025-03-05T15:12:00Z,0.75,21.5625,21.609375,3.61,2025-03-05T15:20:00Z,6_1,Control
a4e9,6_1,Control,2025-03-05T15:33:00Z,0.77,20.578125,20.6171875,3.61,2025-03-05T15:40:00Z,6_1,Control
a4e9,6_1,Control,2025-03-05T15:55:00Z,0.78,19.953125,19.984375,3.62,2025-03-05T16:00:00Z,6_1,Control
a4e9,6_1,Control,2025-03-05T16:16:00Z,0.78,19.6015625,19.625,3.61,2025-03-05T16:20:00Z,6_1,Control
a4e9,6_1,Control,2025-03-05T16:38:00Z,0.78,19.28125,19.296875,3.61,2025-03-05T16:40:00Z,6_1,Control
a4e9,6_1,Control,2025-03-05T16:59:00Z,0.77,18.9765625,18.9921875,3.61,2025-03-05T17:00:00Z,6_1,Control
a4e9,6_1,Control,2025-03-05T17:21:00Z,0.77,18.6171875,18.6328125,3.62,2025-03-05T17:20:00Z,6_1,Control
a4e9,6_1,Control,2025-03-05T17:42:00Z,0.79,18.453125,18.4609375,3.61,2025-03-05T17:40:00Z,6_1,Control
a4e9,6_1,Control,2025-03-05T18:03:00Z,0.78,18.3515625,18.359375,3.61,2025-03-05T18:00:00Z,6_1,Control
a4e9,6_1,Control,2025-03-05T18:25:00Z,0.8,18.390625,18.390625,3.61,2025-03-05T18:20:00Z,6_1,Control
a4e9,6_1,Control,2025-03-05T18:46:00Z,0.79,18.71875,18.7109375,3.61,2025-03-05T18:40:00Z,6_1,Control
a4e9,6_1,Control,2025-03-05T19:08:00Z,0.78,18.8515625,18.8515625,3.61,2025-03-05T19:00:00Z,6_1,Control
a4e9,6_1,Control,2025-03-05T19:29:00Z,0.78,18.96875,18.96875,3.61,2025-03-05T19:20:00Z,6_1,Control
a4e9,6_1,Control,2025-03-05T19:51:00Z,0.78,19.109375,19.09375,3.61,2025-03-05T20:00:00Z,6_1,Control
a4e9,6_1,Control,2025-03-05T20:12:00Z,0.77,19.0234375,19.015625,3.61,2025-03-05T20:20:00Z,6_1,Control
a4e9,6_1,Control,2025-03-05T20:34:00Z,0.78,18.6953125,18.6953125,3.6,2025-03-05T20:40:00Z,6_1,Control
a4e9,6_1,Control,2025-03-05T20:55:00Z,0.76,18.3359375,18.3359375,3.6,2025-03-05T21:00:00Z,6_1,Control
a4e9,6_1,Control,2025-03-05T21:17:00Z,0.78,18.1484375,18.140625,3.61,2025-03-05T21:20:00Z,6_1,Control
a4e9,6_1,Control,2025-03-05T21:38:00Z,0.78,18.0546875,18.046875,3.61,2025-03-05T21:40:00Z,6_1,Control
a4e9,6_1,Control,2025-03-05T22:00:00Z,0.77,17.9453125,17.9609375,3.6,2025-03-05T22:00:00Z,6_1,Control
a4e9,6_1,Control,2025-03-05T22:21:00Z,0.77,17.421875,17.46875,3.61,2025-03-05T22:20:00Z,6_1,Control
a4e9,6_1,Control,2025-03-05T22:43:00Z,0.78,17.28125,17.296875,3.61,2025-03-05T22:40:00Z,6_1,Control
a4e9,6_1,Control,2025-03-05T23:04:00Z,0.77,17.3125,17.328125,3.61,2025-03-05T23:00:00Z,6_1,Control
a4e9,6_1,Control,2025-03-05T23:25:00Z,0.78,16.9453125,17,3.61,2025-03-05T23:20:00Z,6_1,Control
a4e9,6_1,Control,2025-03-05T23:47:00Z,0.78,16.921875,16.9453125,3.6,2025-03-05T23:40:00Z,6_1,Control
a4e9,6_1,Control,2025-03-06T00:08:00Z,0.79,16.84375,16.8671875,3.6,2025-03-06T00:00:00Z,6_1,Control
a4e9,6_1,Control,2025-03-06T00:30:00Z,0.78,16.7421875,16.75,3.6,2025-03-06T00:40:00Z,6_1,Control
a4e9,6_1,Control,2025-03-06T00:51:00Z,0.79,16.75,16.765625,3.6,2025-03-06T01:00:00Z,6_1,Control
a4e9,6_1,Control,2025-03-06T01:13:00Z,0.78,16.8125,16.84375,3.6,2025-03-06T01:20:00Z,6_1,Control
a4e9,6_1,Control,2025-03-06T01:34:00Z,0.78,16.390625,16.4453125,3.6,2025-03-06T01:40:00Z,6_1,Control
a4e9,6_1,Control,2025-03-06T01:56:00Z,0.78,15.7265625,15.7734375,3.59,2025-03-06T02:00:00Z,6_1,Control
a4e9,6_1,Control,2025-03-06T02:17:00Z,0.78,15.5078125,15.53125,3.6,2025-03-06T02:20:00Z,6_1,Control
a4e9,6_1,Control,2025-03-06T02:39:00Z,0.77,14.9921875,15.015625,3.6,2025-03-06T02:40:00Z,6_1,Control
a4e9,6_1,Control,2025-03-06T03:00:00Z,0.81,14.7890625,14.78125,3.59,2025-03-06T03:00:00Z,6_1,Control
a4e9,6_1,Control,2025-03-06T03:22:00Z,0.84,15.71875,15.59375,3.6,2025-03-06T03:20:00Z,6_1,Control
a4e9,6_1,Control,2025-03-06T03:43:00Z,0.88,18.2421875,17.78125,3.6,2025-03-06T03:40:00Z,6_1,Control
a4e9,6_1,Control,2025-03-06T04:05:00Z,0.89,22.4296875,21.3984375,3.6,2025-03-06T04:00:00Z,6_1,Control
a4e9,6_1,Control,2025-03-06T04:26:00Z,0.84,25.828125,24.6328125,3.6,2025-03-06T04:20:00Z,6_1,Control
a4e9,6_1,Control,2025-03-06T04:47:00Z,0.78,26.8515625,26.1640625,3.61,2025-03-06T04:40:00Z,6_1,Control
a4e9,6_1,Control,2025-03-06T05:09:00Z,0.81,27.21875,26.8125,3.61,2025-03-06T05:00:00Z,6_1,Control
a4e9,6_1,Control,2025-03-06T05:30:00Z,0.83,28.3046875,27.84375,3.61,2025-03-06T05:40:00Z,6_1,Control
a4e9,6_1,Control,2025-03-06T05:52:00Z,0.73,29.5078125,28.9609375,3.62,2025-03-06T06:00:00Z,6_1,Control
a4e9,6_1,Control,2025-03-06T06:13:00Z,0.77,29.546875,29.2265625,3.61,2025-03-06T06:20:00Z,6_1,Control
a4e9,6_1,Control,2025-03-06T06:35:00Z,0.78,28.984375,28.9765625,3.62,2025-03-06T06:40:00Z,6_1,Control
a4e9,6_1,Control,2025-03-06T06:56:00Z,0.84,29.4765625,29.3359375,3.62,2025-03-06T07:00:00Z,6_1,Control
a4e9,6_1,Control,2025-03-06T07:18:00Z,0.83,30.4375,30.0703125,3.62,2025-03-06T07:20:00Z,6_1,Control
a4e9,6_1,Control,2025-03-06T07:39:00Z,0.8,30.6640625,30.4765625,3.61,2025-03-06T07:40:00Z,6_1,Control
a4e9,6_1,Control,2025-03-06T08:01:00Z,0.8,30.8125,30.7109375,3.61,2025-03-06T08:00:00Z,6_1,Control
a4e9,6_1,Control,2025-03-06T08:22:00Z,0.81,32.171875,32.2734375,3.62,2025-03-06T08:20:00Z,6_1,Control
a4e9,6_1,Control,2025-03-06T08:44:00Z,0.85,34.0859375,34.3984375,3.62,2025-03-06T08:40:00Z,6_1,Control
a4e9,6_1,Control,2025-03-06T09:00:00Z,1.17,35.2265625,35.4140625,3.61,2025-03-06T09:00:00Z,6_1,Control
a4e9,6_1,Control,2025-03-06T09:21:00Z,0.79,35.0234375,34.8203125,3.62,2025-03-06T09:20:00Z,6_1,Control
a4e9,6_1,Control,2025-03-06T09:43:00Z,0.77,34.109375,33.78125,3.62,2025-03-06T09:40:00Z,6_1,Control
a4e9,6_1,Control,2025-03-06T10:04:00Z,0.75,33.8828125,33.6875,3.62,2025-03-06T10:00:00Z,6_1,Control
a4e9,6_1,Control,2025-03-06T10:26:00Z,0.77,33.359375,33.4765625,3.63,2025-03-06T10:20:00Z,6_1,Control
a4e9,6_1,Control,2025-03-06T10:47:00Z,0.8,32.921875,33.2421875,3.62,2025-03-06T10:40:00Z,6_1,Control
a4e9,6_1,Control,2025-03-06T11:09:00Z,0.82,33.34375,33.6953125,3.62,2025-03-06T11:00:00Z,6_1,Control
a4e9,6_1,Control,2025-03-06T11:30:00Z,0.81,34.1484375,34.4453125,3.62,2025-03-06T11:40:00Z,6_1,Control
a4e9,6_1,Control,2025-03-06T11:51:00Z,0.85,34.0078125,34.1484375,3.63,2025-03-06T12:00:00Z,6_1,Control
a4e9,6_1,Control,2025-03-06T12:13:00Z,0.81,33.96875,33.796875,3.62,2025-03-06T12:20:00Z,6_1,Control
a4e9,6_1,Control,2025-03-06T12:34:00Z,0.79,33.3203125,33.0234375,3.62,2025-03-06T12:40:00Z,6_1,Control
a4e9,6_1,Control,2025-03-06T12:56:00Z,0.58,30.609375,30.4765625,3.63,2025-03-06T13:00:00Z,6_1,Control
a4e9,6_1,Control,2025-03-06T13:17:00Z,0.73,28.21875,28.2734375,3.62,2025-03-06T13:20:00Z,6_1,Control
a4e9,6_1,Control,2025-03-06T13:39:00Z,0.77,26.6640625,26.7734375,3.62,2025-03-06T13:40:00Z,6_1,Control
a4e9,6_1,Control,2025-03-06T14:00:00Z,0.74,25.5703125,25.6796875,3.62,2025-03-06T14:00:00Z,6_1,Control
a4e9,6_1,Control,2025-03-06T14:22:00Z,0.75,24.3671875,24.484375,3.61,2025-03-06T14:20:00Z,6_1,Control
a4e9,6_1,Control,2025-03-06T14:43:00Z,0.73,22.7890625,22.8359375,3.62,2025-03-06T14:40:00Z,6_1,Control
a4e9,6_1,Control,2025-03-06T15:05:00Z,0.73,21.0859375,21.1171875,3.61,2025-03-06T15:00:00Z,6_1,Control
a4e9,6_1,Control,2025-03-06T15:26:00Z,0.75,19.7890625,19.8203125,3.61,2025-03-06T15:20:00Z,6_1,Control
a4e9,6_1,Control,2025-03-06T15:48:00Z,0.77,18.765625,18.796875,3.61,2025-03-06T15:40:00Z,6_1,Control
a4e9,6_1,Control,2025-03-06T16:09:00Z,0.77,18.046875,18.0703125,3.61,2025-03-06T16:00:00Z,6_1,Control
a4e9,6_1,Control,2025-03-06T16:31:00Z,0.77,17.5859375,17.609375,3.61,2025-03-06T16:40:00Z,6_1,Control
a4e9,6_1,Control,2025-03-06T16:52:00Z,0.77,17.21875,17.2421875,3.6,2025-03-06T17:00:00Z,6_1,Control
a4e9,6_1,Control,2025-03-06T17:14:00Z,0.79,16.9453125,16.9609375,3.61,2025-03-06T17:20:00Z,6_1,Control
a4e9,6_1,Control,2025-03-06T17:35:00Z,0.79,16.78125,16.796875,3.61,2025-03-06T17:40:00Z,6_1,Control
a4e9,6_1,Control,2025-03-06T17:56:00Z,0.77,16.625,16.640625,3.6,2025-03-06T18:00:00Z,6_1,Control
a4e9,6_1,Control,2025-03-06T18:18:00Z,0.78,16.3828125,16.3984375,3.61,2025-03-06T18:20:00Z,6_1,Control
a4e9,6_1,Control,2025-03-06T18:39:00Z,0.77,16.1484375,16.15625,3.61,2025-03-06T18:40:00Z,6_1,Control
a4e9,6_1,Control,2025-03-06T19:01:00Z,0.78,16.0546875,16.0625,3.6,2025-03-06T19:00:00Z,6_1,Control
a4e9,6_1,Control,2025-03-06T19:22:00Z,0.78,16.0234375,16.0390625,3.6,2025-03-06T19:20:00Z,6_1,Control
a4e9,6_1,Control,2025-03-06T19:44:00Z,0.79,15.9765625,15.984375,3.61,2025-03-06T19:40:00Z,6_1,Control
a4e9,6_1,Control,2025-03-06T20:05:00Z,0.78,16.1953125,16.1875,3.6,2025-03-06T20:00:00Z,6_1,Control
a4e9,6_1,Control,2025-03-06T20:27:00Z,0.79,16.484375,16.4765625,3.6,2025-03-06T20:20:00Z,6_1,Control
a4e9,6_1,Control,2025-03-06T20:48:00Z,0.78,16.71875,16.7109375,3.61,2025-03-06T20:40:00Z,6_1,Control
a4e9,6_1,Control,2025-03-06T21:10:00Z,0.8,16.796875,16.796875,3.6,2025-03-06T21:00:00Z,6_1,Control
a4e9,6_1,Control,2025-03-06T21:31:00Z,0.79,16.7734375,16.7734375,3.6,2025-03-06T21:40:00Z,6_1,Control
a4e9,6_1,Control,2025-03-06T21:53:00Z,0.79,16.828125,16.8359375,3.6,2025-03-06T22:00:00Z,6_1,Control
a4e9,6_1,Control,2025-03-06T22:14:00Z,0.79,16.7734375,16.7734375,3.6,2025-03-06T22:20:00Z,6_1,Control
a4e9,6_1,Control,2025-03-06T22:36:00Z,0.79,16.796875,16.796875,3.6,2025-03-06T22:40:00Z,6_1,Control
a4e9,6_1,Control,2025-03-06T22:57:00Z,0.79,16.7890625,16.796875,3.6,2025-03-06T23:00:00Z,6_1,Control
a4e9,6_1,Control,2025-03-06T23:18:00Z,0.79,16.7734375,16.7734375,3.6,2025-03-06T23:20:00Z,6_1,Control
a4e9,6_1,Control,2025-03-06T23:40:00Z,0.79,16.8359375,16.8203125,3.6,2025-03-06T23:40:00Z,6_1,Control
a4e9,6_1,Control,2025-03-07T00:01:00Z,0.79,16.875,16.859375,3.6,2025-03-07T00:00:00Z,6_1,Control
a4e9,6_1,Control,2025-03-07T00:23:00Z,0.78,16.796875,16.78125,3.61,2025-03-07T00:20:00Z,6_1,Control
a4e9,6_1,Control,2025-03-07T00:44:00Z,0.76,16.546875,16.5390625,3.6,2025-03-07T00:40:00Z,6_1,Control
a4e9,6_1,Control,2025-03-07T01:06:00Z,0.76,16.015625,16.046875,3.6,2025-03-07T01:00:00Z,6_1,Control
a4e9,6_1,Control,2025-03-07T01:27:00Z,0.78,15.484375,15.53125,3.6,2025-03-07T01:20:00Z,6_1,Control
a4e9,6_1,Control,2025-03-07T01:49:00Z,0.78,15.4296875,15.4609375,3.6,2025-03-07T01:40:00Z,6_1,Control
a4e9,6_1,Control,2025-03-07T02:10:00Z,0.77,15.2890625,15.34375,3.6,2025-03-07T02:00:00Z,6_1,Control
a4e9,6_1,Control,2025-03-07T02:32:00Z,0.77,15.09375,15.1328125,3.6,2025-03-07T02:40:00Z,6_1,Control
a4e9,6_1,Control,2025-03-07T02:53:00Z,0.8,15.171875,15.1796875,3.6,2025-03-07T03:00:00Z,6_1,Control
a4e9,6_1,Control,2025-03-07T03:15:00Z,0.8,15.640625,15.6171875,3.6,2025-03-07T03:20:00Z,6_1,Control
a4e9,6_1,Control,2025-03-07T03:36:00Z,0.81,16.3359375,16.2734375,3.6,2025-03-07T03:40:00Z,6_1,Control
a4e9,6_1,Control,2025-03-07T03:58:00Z,0.81,17.5,17.3671875,3.6,2025-03-07T04:00:00Z,6_1,Control
a4e9,6_1,Control,2025-03-07T04:19:00Z,0.79,18.3359375,18.2578125,3.6,2025-03-07T04:20:00Z,6_1,Control
a4e9,6_1,Control,2025-03-07T04:40:00Z,0.78,18.6640625,18.640625,3.6,2025-03-07T04:40:00Z,6_1,Control
a4e9,6_1,Control,2025-03-07T05:02:00Z,0.79,18.8046875,18.78125,3.6,2025-03-07T05:00:00Z,6_1,Control
a4e9,6_1,Control,2025-03-07T05:23:00Z,0.8,19.75,19.6875,3.6,2025-03-07T05:20:00Z,6_1,Control
a4e9,6_1,Control,2025-03-07T05:45:00Z,0.79,20.3828125,20.3671875,3.61,2025-03-07T05:40:00Z,6_1,Control
a4e9,6_1,Control,2025-03-07T06:06:00Z,0.86,21.5078125,21.390625,3.61,2025-03-07T06:00:00Z,6_1,Control
a4e9,6_1,Control,2025-03-07T06:28:00Z,0.79,22.8515625,22.8046875,3.6,2025-03-07T06:20:00Z,6_1,Control
a4e9,6_1,Control,2025-03-07T06:49:00Z,0.86,23.203125,23.15625,3.6,2025-03-07T06:40:00Z,6_1,Control
a4e9,6_1,Control,2025-03-07T07:11:00Z,0.82,25.3671875,25.171875,3.61,2025-03-07T07:20:00Z,6_1,Control
a4e9,6_1,Control,2025-03-07T07:32:00Z,0.81,26.2890625,26.2578125,3.61,2025-03-07T07:40:00Z,6_1,Control
a4e9,6_1,Control,2025-03-07T07:54:00Z,0.81,27.09375,27.125,3.61,2025-03-07T08:00:00Z,6_1,Control
a4e9,6_1,Control,2025-03-07T08:15:00Z,0.8,27.8359375,27.96875,3.61,2025-03-07T08:20:00Z,6_1,Control
a4e9,6_1,Control,2025-03-07T08:37:00Z,0.79,28.9609375,29.34375,3.61,2025-03-07T08:40:00Z,6_1,Control
a4e9,6_1,Control,2025-03-07T08:58:00Z,0.87,30.515625,30.9453125,3.61,2025-03-07T09:00:00Z,6_1,Control
a4e9,6_1,Control,2025-03-07T09:20:00Z,0.85,31.8671875,32.0703125,3.62,2025-03-07T09:20:00Z,6_1,Control
a4e9,6_1,Control,2025-03-07T09:41:00Z,0.82,32.640625,32.6171875,3.61,2025-03-07T09:40:00Z,6_1,Control
a4e9,6_1,Control,2025-03-07T10:02:00Z,0.79,32.9296875,32.9375,3.61,2025-03-07T10:00:00Z,6_1,Control
a4e9,6_1,Control,2025-03-07T10:24:00Z,0.73,33.078125,33.34375,3.62,2025-03-07T10:20:00Z,6_1,Control
a4e9,6_1,Control,2025-03-07T10:45:00Z,0.79,33.3359375,33.8203125,3.62,2025-03-07T10:40:00Z,6_1,Control
a4e9,6_1,Control,2025-03-07T11:07:00Z,0.79,33.4609375,33.9765625,3.62,2025-03-07T11:00:00Z,6_1,Control
a4e9,6_1,Control,2025-03-07T11:28:00Z,0.81,34.015625,34.5,3.62,2025-03-07T11:20:00Z,6_1,Control
a4e9,6_1,Control,2025-03-07T11:50:00Z,0.85,34.28125,34.59375,3.62,2025-03-07T11:40:00Z,6_1,Control
a4e9,6_1,Control,2025-03-07T12:11:00Z,0.8,34.1484375,34.140625,3.62,2025-03-07T12:20:00Z,6_1,Control
a4e9,6_1,Control,2025-03-07T12:33:00Z,0.57,33.265625,33.1171875,3.62,2025-03-07T12:40:00Z,6_1,Control
a4e9,6_1,Control,2025-03-07T12:54:00Z,0.77,30.6484375,30.5390625,3.62,2025-03-07T13:00:00Z,6_1,Control
a4e9,6_1,Control,2025-03-07T13:16:00Z,0.75,29.78125,29.796875,3.62,2025-03-07T13:20:00Z,6_1,Control
a4e9,6_1,Control,2025-03-07T13:37:00Z,0.76,28.015625,28.0859375,3.62,2025-03-07T13:40:00Z,6_1,Control
a4e9,6_1,Control,2025-03-07T13:59:00Z,0.73,26.515625,26.5546875,3.62,2025-03-07T14:00:00Z,6_1,Control
a4e9,6_1,Control,2025-03-07T14:20:00Z,0.75,24.7109375,24.7421875,3.62,2025-03-07T14:20:00Z,6_1,Control
a4e9,6_1,Control,2025-03-07T14:42:00Z,0.75,23.5859375,23.609375,3.62,2025-03-07T14:40:00Z,6_1,Control
a4e9,6_1,Control,2025-03-07T15:03:00Z,0.78,22.859375,22.875,3.61,2025-03-07T15:00:00Z,6_1,Control
a4e9,6_1,Control,2025-03-07T15:24:00Z,0.79,22.578125,22.5859375,3.62,2025-03-07T15:20:00Z,6_1,Control
a4e9,6_1,Control,2025-03-07T15:46:00Z,0.78,22.2578125,22.265625,3.61,2025-03-07T15:40:00Z,6_1,Control
a4e9,6_1,Control,2025-03-07T16:07:00Z,0.79,22.03125,22.0390625,3.61,2025-03-07T16:00:00Z,6_1,Control
a4e9,6_1,Control,2025-03-07T16:29:00Z,0.77,21.703125,21.71875,3.6,2025-03-07T16:20:00Z,6_1,Control
a4e9,6_1,Control,2025-03-07T16:50:00Z,0.78,21.5625,21.5703125,3.61,2025-03-07T16:40:00Z,6_1,Control
a4e9,6_1,Control,2025-03-07T17:12:00Z,0.78,21.3671875,21.3671875,3.61,2025-03-07T17:20:00Z,6_1,Control
a4e9,6_1,Control,2025-03-07T17:33:00Z,0.78,21.2265625,21.2265625,3.61,2025-03-07T17:40:00Z,6_1,Control
a4e9,6_1,Control,2025-03-07T17:55:00Z,0.77,20.8515625,20.8671875,3.61,2025-03-07T18:00:00Z,6_1,Control
a4e9,6_1,Control,2025-03-07T18:16:00Z,0.78,20.625,20.6328125,3.61,2025-03-07T18:20:00Z,6_1,Control
a4e9,6_1,Control,2025-03-07T18:38:00Z,0.78,20.3046875,20.3203125,3.61,2025-03-07T18:40:00Z,6_1,Control
a4e9,6_1,Control,2025-03-07T18:59:00Z,0.78,19.90625,19.921875,3.61,2025-03-07T19:00:00Z,6_1,Control
a4e9,6_1,Control,2025-03-07T19:21:00Z,0.76,19.4921875,19.515625,3.6,2025-03-07T19:20:00Z,6_1,Control
a4e9,6_1,Control,2025-03-07T19:42:00Z,0.78,19.328125,19.3515625,3.6,2025-03-07T19:40:00Z,6_1,Control
a4e9,6_1,Control,2025-03-07T20:03:00Z,0.76,19.03125,19.0703125,3.6,2025-03-07T20:00:00Z,6_1,Control
a4e9,6_1,Control,2025-03-07T20:25:00Z,0.77,18.453125,18.5,3.61,2025-03-07T20:20:00Z,6_1,Control
a4e9,6_1,Control,2025-03-07T20:46:00Z,0.78,17.9375,17.9765625,3.61,2025-03-07T20:40:00Z,6_1,Control
a4e9,6_1,Control,2025-03-07T21:08:00Z,0.78,17.671875,17.6953125,3.6,2025-03-07T21:00:00Z,6_1,Control
a4e9,6_1,Control,2025-03-07T21:29:00Z,0.78,17.4375,17.46875,3.6,2025-03-07T21:20:00Z,6_1,Control
a4e9,6_1,Control,2025-03-07T21:51:00Z,0.78,17.203125,17.25,3.6,2025-03-07T22:00:00Z,6_1,Control
a4e9,6_1,Control,2025-03-07T22:12:00Z,0.79,17.0703125,17.125,3.6,2025-03-07T22:20:00Z,6_1,Control
a4e9,6_1,Control,2025-03-07T22:34:00Z,0.79,16.890625,16.921875,3.61,2025-03-07T22:40:00Z,6_1,Control
a4e9,6_1,Control,2025-03-07T22:55:00Z,0.8,16.8984375,16.90625,3.6,2025-03-07T23:00:00Z,6_1,Control
a4e9,6_1,Control,2025-03-07T23:17:00Z,0.79,16.96875,16.96875,3.6,2025-03-07T23:20:00Z,6_1,Control
a4e9,6_1,Control,2025-03-07T23:38:00Z,0.78,17.1796875,17.171875,3.6,2025-03-07T23:40:00Z,6_1,Control
a4e9,6_1,Control,2025-03-08T00:00:00Z,0.78,17.296875,17.2890625,3.6,2025-03-08T00:00:00Z,6_1,Control
a4e9,6_1,Control,2025-03-08T00:21:00Z,0.79,17.3828125,17.3671875,3.6,2025-03-08T00:20:00Z,6_1,Control
a4e9,6_1,Control,2025-03-08T00:43:00Z,0.79,17.734375,17.7109375,3.61,2025-03-08T00:40:00Z,6_1,Control
a4e9,6_1,Control,2025-03-08T01:04:00Z,0.79,17.96875,17.953125,3.6,2025-03-08T01:00:00Z,6_1,Control
a4e9,6_1,Control,2025-03-08T01:25:00Z,0.78,18.125,18.109375,3.6,2025-03-08T01:20:00Z,6_1,Control
a4e9,6_1,Control,2025-03-08T01:47:00Z,0.79,18.015625,18.015625,3.6,2025-03-08T01:40:00Z,6_1,Control
a4e9,6_1,Control,2025-03-08T02:08:00Z,0.78,18.0859375,18.078125,3.6,2025-03-08T02:00:00Z,6_1,Control
a4e9,6_1,Control,2025-03-08T02:30:00Z,0.79,17.984375,17.9765625,3.6,2025-03-08T02:40:00Z,6_1,Control
a4e9,6_1,Control,2025-03-08T02:51:00Z,0.8,18.0546875,18.03125,3.6,2025-03-08T03:00:00Z,6_1,Control
a4e9,6_1,Control,2025-03-08T03:13:00Z,0.83,18.9296875,18.8359375,3.6,2025-03-08T03:20:00Z,6_1,Control
a4e9,6_1,Control,2025-03-08T03:34:00Z,0.83,20.671875,20.4921875,3.6,2025-03-08T03:40:00Z,6_1,Control
a4e9,6_1,Control,2025-03-08T03:56:00Z,0.82,22.140625,21.9296875,3.61,2025-03-08T04:00:00Z,6_1,Control
a4e9,6_1,Control,2025-03-08T04:17:00Z,0.82,23.03125,22.8671875,3.6,2025-03-08T04:20:00Z,6_1,Control
a4e9,6_1,Control,2025-03-08T04:39:00Z,0.84,24.625,24.3828125,3.6,2025-03-08T04:40:00Z,6_1,Control
a4e9,6_1,Control,2025-03-08T05:00:00Z,0.78,26.0625,25.8828125,3.61,2025-03-08T05:00:00Z,6_1,Control
a4e9,6_1,Control,2025-03-08T05:22:00Z,0.8,25.4765625,25.375,3.61,2025-03-08T05:20:00Z,6_1,Control
a4e9,6_1,Control,2025-03-08T05:43:00Z,0.87,26.65625,26.40625,3.61,2025-03-08T05:40:00Z,6_1,Control
a4e9,6_1,Control,2025-03-08T06:05:00Z,0.81,29.6328125,29.2578125,3.61,2025-03-08T06:00:00Z,6_1,Control
a4e9,6_1,Control,2025-03-08T06:26:00Z,0.81,30.375,30.25,3.62,2025-03-08T06:20:00Z,6_1,Control
a4e9,6_1,Control,2025-03-08T06:47:00Z,0.86,31.0625,30.8203125,3.61,2025-03-08T06:40:00Z,6_1,Control
a4e9,6_1,Control,2025-03-08T07:09:00Z,0.79,31.9609375,31.71875,3.61,2025-03-08T07:00:00Z,6_1,Control
a4e9,6_1,Control,2025-03-08T07:30:00Z,0.77,31.8828125,31.859375,3.61,2025-03-08T07:40:00Z,6_1,Control
a4e9,6_1,Control,2025-03-08T07:52:00Z,0.79,32.3203125,32.328125,3.62,2025-03-08T08:00:00Z,6_1,Control
a4e9,6_1,Control,2025-03-08T08:13:00Z,0.84,33.328125,33.4140625,3.62,2025-03-08T08:20:00Z,6_1,Control
a4e9,6_1,Control,2025-03-08T08:35:00Z,0.81,34.75,35.0234375,3.62,2025-03-08T08:40:00Z,6_1,Control
a4e9,6_1,Control,2025-03-08T08:56:00Z,0.87,35.46875,35.71875,3.62,2025-03-08T09:00:00Z,6_1,Control
a4e9,6_1,Control,2025-03-08T09:18:00Z,0.84,36.3828125,36.3984375,3.63,2025-03-08T09:20:00Z,6_1,Control
a4e9,6_1,Control,2025-03-08T09:39:00Z,0.67,34.96875,35.0234375,3.62,2025-03-08T09:40:00Z,6_1,Control
a4e9,6_1,Control,2025-03-08T10:01:00Z,0.8,34.6015625,34.5859375,3.62,2025-03-08T10:00:00Z,6_1,Control
a4e9,6_1,Control,2025-03-08T10:22:00Z,0.82,35.5234375,35.5390625,3.62,2025-03-08T10:20:00Z,6_1,Control
a4e9,6_1,Control,2025-03-08T10:44:00Z,0.78,36.6875,36.8203125,3.62,2025-03-08T10:40:00Z,6_1,Control
a4e9,6_1,Control,2025-03-08T11:05:00Z,0.86,37.4453125,37.65625,3.62,2025-03-08T11:00:00Z,6_1,Control
a4e9,6_1,Control,2025-03-08T11:27:00Z,0.82,38.8984375,39.09375,3.63,2025-03-08T11:20:00Z,6_1,Control
a4e9,6_1,Control,2025-03-08T11:48:00Z,0.84,39.1484375,39.3125,3.62,2025-03-08T11:40:00Z,6_1,Control
a4e9,6_1,Control,2025-03-08T12:09:00Z,0.8,38.828125,38.703125,3.62,2025-03-08T12:00:00Z,6_1,Control
a4e9,6_1,Control,2025-03-08T12:31:00Z,0.75,38.2265625,37.9609375,3.63,2025-03-08T12:40:00Z,6_1,Control
a4e9,6_1,Control,2025-03-08T12:52:00Z,0.72,37,36.7890625,3.63,2025-03-08T13:00:00Z,6_1,Control
a4e9,6_1,Control,2025-03-08T13:14:00Z,0.73,35.8828125,35.84375,3.63,2025-03-08T13:20:00Z,6_1,Control
a4e9,6_1,Control,2025-03-08T13:35:00Z,0.75,34.6796875,34.7265625,3.63,2025-03-08T13:40:00Z,6_1,Control
a4e9,6_1,Control,2025-03-08T13:57:00Z,0.76,33.5859375,33.625,3.63,2025-03-08T14:00:00Z,6_1,Control
a4e9,6_1,Control,2025-03-08T14:18:00Z,0.75,32.5390625,32.5859375,3.63,2025-03-08T14:20:00Z,6_1,Control
a4e9,6_1,Control,2025-03-08T14:40:00Z,0.71,31.046875,31.03125,3.63,2025-03-08T14:40:00Z,6_1,Control
a4e9,6_1,Control,2025-03-08T15:01:00Z,0.7,28.90625,28.890625,3.62,2025-03-08T15:00:00Z,6_1,Control
a4e9,6_1,Control,2025-03-08T15:23:00Z,0.72,26.921875,26.9375,3.62,2025-03-08T15:20:00Z,6_1,Control
a4e9,6_1,Control,2025-03-08T15:44:00Z,0.76,25.3984375,25.4296875,3.62,2025-03-08T15:40:00Z,6_1,Control
a4e9,6_1,Control,2025-03-08T16:06:00Z,0.77,24.8125,24.8203125,3.62,2025-03-08T16:00:00Z,6_1,Control
a4e9,6_1,Control,2025-03-08T16:27:00Z,0.77,24.2109375,24.2265625,3.62,2025-03-08T16:20:00Z,6_1,Control
a4e9,6_1,Control,2025-03-08T16:49:00Z,0.77,23.6015625,23.609375,3.62,2025-03-08T16:40:00Z,6_1,Control
a4e9,6_1,Control,2025-03-08T17:10:00Z,0.77,22.765625,22.78125,3.62,2025-03-08T17:00:00Z,6_1,Control
a4e9,6_1,Control,2025-03-08T17:31:00Z,0.76,22.1015625,22.125,3.62,2025-03-08T17:40:00Z,6_1,Control
a4e9,6_1,Control,2025-03-08T17:53:00Z,0.76,21.5,21.5234375,3.61,2025-03-08T18:00:00Z,6_1,Control
a4e9,6_1,Control,2025-03-08T18:14:00Z,0.77,20.96875,21.015625,3.62,2025-03-08T18:20:00Z,6_1,Control
a4e9,6_1,Control,2025-03-08T18:36:00Z,0.76,20.421875,20.46875,3.61,2025-03-08T18:40:00Z,6_1,Control
a4e9,6_1,Control,2025-03-08T18:57:00Z,0.77,19.8984375,19.9375,3.61,2025-03-08T19:00:00Z,6_1,Control
a4e9,6_1,Control,2025-03-08T19:19:00Z,0.8,19.4375,19.4609375,3.62,2025-03-08T19:20:00Z,6_1,Control
a4e9,6_1,Control,2025-03-08T19:40:00Z,0.79,19.8828125,19.8671875,3.61,2025-03-08T19:40:00Z,6_1,Control
a4e9,6_1,Control,2025-03-08T20:02:00Z,0.77,19.84375,19.8515625,3.61,2025-03-08T20:00:00Z,6_1,Control
a4e9,6_1,Control,2025-03-08T20:23:00Z,0.78,19.15625,19.1953125,3.61,2025-03-08T20:20:00Z,6_1,Control
a4e9,6_1,Control,2025-03-08T20:45:00Z,0.77,18.578125,18.6171875,3.61,2025-03-08T20:40:00Z,6_1,Control
a4e9,6_1,Control,2025-03-08T21:06:00Z,0.79,18.0625,18.09375,3.61,2025-03-08T21:00:00Z,6_1,Control
a4e9,6_1,Control,2025-03-08T21:28:00Z,0.77,17.703125,17.7265625,3.61,2025-03-08T21:20:00Z,6_1,Control
a4e9,6_1,Control,2025-03-08T21:49:00Z,0.78,17.4609375,17.46875,3.61,2025-03-08T21:40:00Z,6_1,Control
a4e9,6_1,Control,2025-03-08T22:11:00Z,0.8,17.078125,17.0859375,3.61,2025-03-08T22:20:00Z,6_1,Control
a4e9,6_1,Control,2025-03-08T22:32:00Z,0.77,16.9140625,16.9140625,3.6,2025-03-08T22:40:00Z,6_1,Control
a4e9,6_1,Control,2025-03-08T22:53:00Z,0.79,16.765625,16.7578125,3.61,2025-03-08T23:00:00Z,6_1,Control
a4e9,6_1,Control,2025-03-08T23:15:00Z,0.78,16.734375,16.71875,3.6,2025-03-08T23:20:00Z,6_1,Control
a4e9,6_1,Control,2025-03-08T23:36:00Z,0.79,16.3984375,16.3984375,3.61,2025-03-08T23:40:00Z,6_1,Control
a4e9,6_1,Control,2025-03-08T23:58:00Z,0.78,16.1015625,16.1015625,3.6,2025-03-09T00:00:00Z,6_1,Control
a4e9,6_1,Control,2025-03-09T00:19:00Z,0.79,15.9921875,15.9921875,3.61,2025-03-09T00:20:00Z,6_1,Control
a4e9,6_1,Control,2025-03-09T00:41:00Z,0.78,15.8515625,15.84375,3.6,2025-03-09T00:40:00Z,6_1,Control
a4e9,6_1,Control,2025-03-09T01:02:00Z,0.79,15.8359375,15.8203125,3.6,2025-03-09T01:00:00Z,6_1,Control
a4e9,6_1,Control,2025-03-09T01:24:00Z,0.77,15.5,15.5078125,3.6,2025-03-09T01:20:00Z,6_1,Control
a4e9,6_1,Control,2025-03-09T01:45:00Z,0.78,14.9375,14.9453125,3.6,2025-03-09T01:40:00Z,6_1,Control
a4e9,6_1,Control,2025-03-09T02:07:00Z,0.79,14.6640625,14.671875,3.61,2025-03-09T02:00:00Z,6_1,Control
a4e9,6_1,Control,2025-03-09T02:28:00Z,0.79,14.6171875,14.6328125,3.6,2025-03-09T02:20:00Z,6_1,Control
a4e9,6_1,Control,2025-03-09T02:50:00Z,0.78,14.6875,14.6875,3.6,2025-03-09T02:40:00Z,6_1,Control
a4e9,6_1,Control,2025-03-09T03:11:00Z,0.84,14.9296875,14.8671875,3.6,2025-03-09T03:20:00Z,6_1,Control
a4e9,6_1,Control,2025-03-09T03:33:00Z,0.86,16.9453125,16.671875,3.6,2025-03-09T03:40:00Z,6_1,Control
a4e9,6_1,Control,2025-03-09T03:54:00Z,0.85,20.09375,19.5390625,3.61,2025-03-09T04:00:00Z,6_1,Control
a4e9,6_1,Control,2025-03-09T04:15:00Z,0.86,23.6875,23.0390625,3.6,2025-03-09T04:20:00Z,6_1,Control
a4e9,6_1,Control,2025-03-09T04:37:00Z,0.81,26.0703125,25.4921875,3.6,2025-03-09T04:40:00Z,6_1,Control
a4e9,6_1,Control,2025-03-09T04:58:00Z,0.78,26.84375,26.46875,3.61,2025-03-09T05:00:00Z,6_1,Control
a4e9,6_1,Control,2025-03-09T05:20:00Z,0.77,26.9921875,26.890625,3.61,2025-03-09T05:20:00Z,6_1,Control
a4e9,6_1,Control,2025-03-09T05:41:00Z,0.78,26.875,26.90625,3.61,2025-03-09T05:40:00Z,6_1,Control
a4e9,6_1,Control,2025-03-09T06:03:00Z,0.85,26.953125,26.953125,3.61,2025-03-09T06:00:00Z,6_1,Control
a4e9,6_1,Control,2025-03-09T06:24:00Z,0.78,27.84375,27.828125,3.62,2025-03-09T06:20:00Z,6_1,Control
a4e9,6_1,Control,2025-03-09T06:46:00Z,0.86,28.9140625,28.734375,3.61,2025-03-09T06:40:00Z,6_1,Control
a4e9,6_1,Control,2025-03-09T07:07:00Z,0.81,29.75,29.4765625,3.61,2025-03-09T07:00:00Z,6_1,Control
a4e9,6_1,Control,2025-03-09T07:29:00Z,0.77,29.9765625,29.9140625,3.61,2025-03-09T07:20:00Z,6_1,Control
a4e9,6_1,Control,2025-03-09T07:50:00Z,0.81,30.59375,30.609375,3.61,2025-03-09T07:40:00Z,6_1,Control
a4e9,6_1,Control,2025-03-09T08:12:00Z,0.81,31.328125,31.421875,3.62,2025-03-09T08:20:00Z,6_1,Control
a4e9,6_1,Control,2025-03-09T08:33:00Z,0.78,32.09375,32.3359375,3.61,2025-03-09T08:40:00Z,6_1,Control
a4e9,6_1,Control,2025-03-09T08:55:00Z,0.86,33.0546875,33.2734375,3.62,2025-03-09T09:00:00Z,6_1,Control
a4e9,6_1,Control,2025-03-09T09:16:00Z,0.74,35.0390625,34.9765625,3.62,2025-03-09T09:20:00Z,6_1,Control
a4e9,6_1,Control,2025-03-09T09:37:00Z,0.82,35.4921875,35.296875,3.63,2025-03-09T09:40:00Z,6_1,Control
a4e9,6_1,Control,2025-03-09T09:59:00Z,0.79,35.46875,35.3046875,3.62,2025-03-09T10:00:00Z,6_1,Control
a4e9,6_1,Control,2025-03-09T10:20:00Z,0.8,35.890625,35.9609375,3.62,2025-03-09T10:20:00Z,6_1,Control
a4e9,6_1,Control,2025-03-09T10:42:00Z,0.72,35.8125,36.09375,3.63,2025-03-09T10:40:00Z,6_1,Control
a4e9,6_1,Control,2025-03-09T11:03:00Z,0.77,35.3984375,35.7265625,3.63,2025-03-09T11:00:00Z,6_1,Control
a4e9,6_1,Control,2025-03-09T11:25:00Z,0.8,34.8828125,35.15625,3.62,2025-03-09T11:20:00Z,6_1,Control
a4e9,6_1,Control,2025-03-09T11:46:00Z,0.82,35.09375,35.2109375,3.63,2025-03-09T11:40:00Z,6_1,Control
a4e9,6_1,Control,2025-03-09T12:08:00Z,0.81,34.6484375,34.515625,3.63,2025-03-09T12:00:00Z,6_1,Control
a4e9,6_1,Control,2025-03-09T12:29:00Z,0.74,33,32.71875,3.63,2025-03-09T12:20:00Z,6_1,Control
a4e9,6_1,Control,2025-03-09T12:51:00Z,0.74,31.1171875,30.875,3.62,2025-03-09T13:00:00Z,6_1,Control
a4e9,6_1,Control,2025-03-09T13:12:00Z,0.76,29.8046875,29.7265625,3.62,2025-03-09T13:20:00Z,6_1,Control
a4e9,6_1,Control,2025-03-09T13:34:00Z,0.77,29.0859375,29.125,3.63,2025-03-09T13:40:00Z,6_1,Control
a4e9,6_1,Control,2025-03-09T13:55:00Z,0.77,28.0546875,28.09375,3.62,2025-03-09T14:00:00Z,6_1,Control
a4e9,6_1,Control,2025-03-09T14:16:00Z,0.76,26.5390625,26.5703125,3.62,2025-03-09T14:20:00Z,6_1,Control
a4e9,6_1,Control,2025-03-09T14:38:00Z,0.7,24.578125,24.5625,3.61,2025-03-09T14:40:00Z,6_1,Control
a4e9,6_1,Control,2025-03-09T14:59:00Z,0.71,22.1328125,22.1484375,3.62,2025-03-09T15:00:00Z,6_1,Control
a4e9,6_1,Control,2025-03-09T15:21:00Z,0.74,20.4296875,20.453125,3.62,2025-03-09T15:20:00Z,6_1,Control
a4e9,6_1,Control,2025-03-09T15:42:00Z,0.76,19.1640625,19.1796875,3.61,2025-03-09T15:40:00Z,6_1,Control
a4e9,6_1,Control,2025-03-09T16:04:00Z,0.8,18.515625,18.5,3.62,2025-03-09T16:00:00Z,6_1,Control
a4e9,6_1,Control,2025-03-09T16:25:00Z,0.78,17.8359375,17.8203125,3.61,2025-03-09T16:20:00Z,6_1,Control
a4e9,6_1,Control,2025-03-09T16:47:00Z,0.79,16.9453125,16.921875,3.61,2025-03-09T16:40:00Z,6_1,Control
a4e9,6_1,Control,2025-03-09T17:08:00Z,0.77,16.328125,16.3125,3.61,2025-03-09T17:00:00Z,6_1,Control
a4e9,6_1,Control,2025-03-09T17:30:00Z,0.76,15.4453125,15.4609375,3.61,2025-03-09T17:40:00Z,6_1,Control
a4e9,6_1,Control,2025-03-09T17:51:00Z,0.78,14.5859375,14.6015625,3.6,2025-03-09T18:00:00Z,6_1,Control
a4e9,6_1,Control,2025-03-09T18:13:00Z,0.8,14.4140625,14.4140625,3.61,2025-03-09T18:20:00Z,6_1,Control
a4e9,6_1,Control,2025-03-09T18:34:00Z,0.8,14.3828125,14.3671875,3.6,2025-03-09T18:40:00Z,6_1,Control
a4e9,6_1,Control,2025-03-09T18:56:00Z,0.79,14.2265625,14.21875,3.6,2025-03-09T19:00:00Z,6_1,Control
a4e9,6_1,Control,2025-03-09T19:17:00Z,0.8,14.21875,14.21875,3.6,2025-03-09T19:20:00Z,6_1,Control
a4e9,6_1,Control,2025-03-09T19:38:00Z,0.79,14.0625,14.0625,3.6,2025-03-09T19:40:00Z,6_1,Control
a4e9,6_1,Control,2025-03-09T20:00:00Z,0.79,13.6953125,13.6953125,3.6,2025-03-09T20:00:00Z,6_1,Control
a4e9,6_1,Control,2025-03-09T20:21:00Z,0.77,13.4609375,13.4609375,3.6,2025-03-09T20:20:00Z,6_1,Control
a4e9,6_1,Control,2025-03-09T20:43:00Z,0.78,13.28125,13.2890625,3.6,2025-03-09T20:40:00Z,6_1,Control
a4e9,6_1,Control,2025-03-09T21:04:00Z,0.77,12.90625,12.9296875,3.6,2025-03-09T21:00:00Z,6_1,Control
a4e9,6_1,Control,2025-03-09T21:26:00Z,0.77,12.59375,12.625,3.59,2025-03-09T21:20:00Z,6_1,Control
a4e9,6_1,Control,2025-03-09T21:47:00Z,0.78,12.296875,12.328125,3.6,2025-03-09T21:40:00Z,6_1,Control
a4e9,6_1,Control,2025-03-09T22:09:00Z,0.79,12.3828125,12.390625,3.6,2025-03-09T22:00:00Z,6_1,Control
a4e9,6_1,Control,2025-03-09T22:30:00Z,0.79,12.6484375,12.65625,3.59,2025-03-09T22:40:00Z,6_1,Control
a4e9,6_1,Control,2025-03-09T22:52:00Z,0.81,12.796875,12.796875,3.6,2025-03-09T23:00:00Z,6_1,Control
a4e9,6_1,Control,2025-03-09T23:13:00Z,0.78,12.8125,12.8203125,3.6,2025-03-09T23:20:00Z,6_1,Control
a4e9,6_1,Control,2025-03-09T23:35:00Z,0.77,12.8515625,12.859375,3.6,2025-03-09T23:40:00Z,6_1,Control
a4e9,6_1,Control,2025-03-09T23:56:00Z,0.8,12.6171875,12.6484375,3.59,2025-03-10T00:00:00Z,6_1,Control
a4e9,6_1,Control,2025-03-10T00:18:00Z,0.78,12.40625,12.4296875,3.59,2025-03-10T00:20:00Z,6_1,Control
a4e9,6_1,Control,2025-03-10T00:39:00Z,0.8,12.140625,12.1640625,3.59,2025-03-10T00:40:00Z,6_1,Control
a4e9,6_1,Control,2025-03-10T01:00:00Z,0.77,11.671875,11.7109375,3.6,2025-03-10T01:00:00Z,6_1,Control
a4e9,6_1,Control,2025-03-10T01:22:00Z,0.78,10.921875,10.96875,3.59,2025-03-10T01:20:00Z,6_1,Control
a4e9,6_1,Control,2025-03-10T01:43:00Z,0.76,10.2890625,10.359375,3.59,2025-03-10T01:40:00Z,6_1,Control
a4e9,6_1,Control,2025-03-10T02:05:00Z,0.78,9.7890625,9.8359375,3.58,2025-03-10T02:00:00Z,6_1,Control
a4e9,6_1,Control,2025-03-10T02:26:00Z,0.79,9.578125,9.6171875,3.59,2025-03-10T02:20:00Z,6_1,Control
a4e9,6_1,Control,2025-03-10T02:48:00Z,0.78,9.3203125,9.34375,3.59,2025-03-10T02:40:00Z,6_1,Control
a4e9,6_1,Control,2025-03-10T03:09:00Z,0.82,9.546875,9.515625,3.59,2025-03-10T03:00:00Z,6_1,Control
a4e9,6_1,Control,2025-03-10T03:31:00Z,0.86,11.390625,11.1953125,3.59,2025-03-10T03:40:00Z,6_1,Control
a4e9,6_1,Control,2025-03-10T03:52:00Z,0.91,15.0234375,14.28125,3.6,2025-03-10T04:00:00Z,6_1,Control
a4e9,6_1,Control,2025-03-10T04:14:00Z,0.85,19.53125,18.5546875,3.59,2025-03-10T04:20:00Z,6_1,Control
a4e9,6_1,Control,2025-03-10T04:35:00Z,0.73,22.1015625,21.359375,3.59,2025-03-10T04:40:00Z,6_1,Control
a4e9,6_1,Control,2025-03-10T04:57:00Z,0.79,22.2890625,21.9140625,3.6,2025-03-10T05:00:00Z,6_1,Control
a4e9,6_1,Control,2025-03-10T05:18:00Z,0.81,22.3984375,22.203125,3.61,2025-03-10T05:20:00Z,6_1,Control
a4e9,6_1,Control,2025-03-10T05:40:00Z,0.77,22.75,22.59375,3.61,2025-03-10T05:40:00Z,6_1,Control
a4e9,6_1,Control,2025-03-10T06:01:00Z,0.81,22.9921875,22.796875,3.61,2025-03-10T06:00:00Z,6_1,Control
a4e9,6_1,Control,2025-03-10T06:22:00Z,0.73,23.3359375,23.1640625,3.61,2025-03-10T06:20:00Z,6_1,Control
a4e9,6_1,Control,2025-03-10T06:44:00Z,0.83,23.2734375,23.2265625,3.61,2025-03-10T06:40:00Z,6_1,Control
a4e9,6_1,Control,2025-03-10T07:05:00Z,0.82,24.0625,23.8515625,3.61,2025-03-10T07:00:00Z,6_1,Control
a4e9,6_1,Control,2025-03-10T07:27:00Z,0.8,24.28125,24.2734375,3.61,2025-03-10T07:20:00Z,6_1,Control
a4e9,6_1,Control,2025-03-10T07:48:00Z,0.81,24.9609375,25.0234375,3.6,2025-03-10T07:40:00Z,6_1,Control
a4e9,6_1,Control,2025-03-10T08:10:00Z,0.82,26.375,26.515625,3.61,2025-03-10T08:00:00Z,6_1,Control
a4e9,6_1,Control,2025-03-10T08:31:00Z,0.84,28.1328125,28.4453125,3.62,2025-03-10T08:40:00Z,6_1,Control
a4e9,6_1,Control,2025-03-10T08:53:00Z,0.82,29.6328125,29.9921875,3.61,2025-03-10T09:00:00Z,6_1,Control
a4e9,6_1,Control,2025-03-10T09:14:00Z,0.84,30.421875,30.4921875,3.61,2025-03-10T09:20:00Z,6_1,Control
a4e9,6_1,Control,2025-03-10T09:36:00Z,0.78,30.109375,29.9375,3.61,2025-03-10T09:40:00Z,6_1,Control
a4e9,6_1,Control,2025-03-10T09:57:00Z,0.79,30.0390625,29.8203125,3.61,2025-03-10T10:00:00Z,6_1,Control
a4e9,6_1,Control,2025-03-10T10:19:00Z,0.74,29.3671875,29.375,3.62,2025-03-10T10:20:00Z,6_1,Control
a4e9,6_1,Control,2025-03-10T10:40:00Z,0.8,28.71875,28.9921875,3.62,2025-03-10T10:40:00Z,6_1,Control
a4e9,6_1,Control,2025-03-10T11:02:00Z,0.78,28.375,28.7109375,3.61,2025-03-10T11:00:00Z,6_1,Control
a4e9,6_1,Control,2025-03-10T11:23:00Z,0.79,28.234375,28.625,3.61,2025-03-10T11:20:00Z,6_1,Control
a4e9,6_1,Control,2025-03-10T11:44:00Z,0.84,28.0078125,28.34375,3.62,2025-03-10T11:40:00Z,6_1,Control
a4e9,6_1,Control,2025-03-10T12:06:00Z,0.82,27.9375,28.0234375,3.61,2025-03-10T12:00:00Z,6_1,Control
a4e9,6_1,Control,2025-03-10T12:27:00Z,0.78,27.09375,26.984375,3.61,2025-03-10T12:20:00Z,6_1,Control
a4e9,6_1,Control,2025-03-10T12:49:00Z,0.76,26.0859375,25.875,3.61,2025-03-10T12:40:00Z,6_1,Control
a4e9,6_1,Control,2025-03-10T13:10:00Z,0.77,24.859375,24.84375,3.62,2025-03-10T13:00:00Z,6_1,Control
a4e9,6_1,Control,2025-03-10T13:32:00Z,0.76,23.953125,24.078125,3.62,2025-03-10T13:40:00Z,6_1,Control
a4e9,6_1,Control,2025-03-10T13:53:00Z,0.76,23.1328125,23.2734375,3.61,2025-03-10T14:00:00Z,6_1,Control
a4e9,6_1,Control,2025-03-10T14:15:00Z,0.74,21.71875,21.8359375,3.61,2025-03-10T14:20:00Z,6_1,Control
a4e9,6_1,Control,2025-03-10T14:36:00Z,0.74,20.296875,20.375,3.61,2025-03-10T14:40:00Z,6_1,Control
a4e9,6_1,Control,2025-03-10T14:58:00Z,0.76,18.625,18.6796875,3.61,2025-03-10T15:00:00Z,6_1,Control
a4e9,6_1,Control,2025-03-10T15:19:00Z,0.76,17.59375,17.6328125,3.61,2025-03-10T15:20:00Z,6_1,Control
a4e9,6_1,Control,2025-03-10T15:41:00Z,0.77,16.96875,16.9921875,3.6,2025-03-10T15:40:00Z,6_1,Control
a4e9,6_1,Control,2025-03-10T16:02:00Z,0.77,16.34375,16.375,3.61,2025-03-10T16:00:00Z,6_1,Control
a4e9,6_1,Control,2025-03-10T16:24:00Z,0.78,15.7734375,15.796875,3.6,2025-03-10T16:20:00Z,6_1,Control
a4e9,6_1,Control,2025-03-10T16:45:00Z,0.77,15.3984375,15.4140625,3.6,2025-03-10T16:40:00Z,6_1,Control
a4e9,6_1,Control,2025-03-10T17:06:00Z,0.77,15.078125,15.1015625,3.6,2025-03-10T17:00:00Z,6_1,Control
a4e9,6_1,Control,2025-03-10T17:28:00Z,0.78,14.7578125,14.78125,3.6,2025-03-10T17:20:00Z,6_1,Control
a4e9,6_1,Control,2025-03-10T17:49:00Z,0.78,14.5078125,14.53125,3.6,2025-03-10T17:40:00Z,6_1,Control
a4e9,6_1,Control,2025-03-10T18:11:00Z,0.78,14.21875,14.234375,3.6,2025-03-10T18:20:00Z,6_1,Control
a4e9,6_1,Control,2025-03-10T18:32:00Z,0.78,13.9609375,13.984375,3.6,2025-03-10T18:40:00Z,6_1,Control
a4e9,6_1,Control,2025-03-10T18:54:00Z,0.78,13.734375,13.75,3.59,2025-03-10T19:00:00Z,6_1,Control
a4e9,6_1,Control,2025-03-10T19:15:00Z,0.79,13.5390625,13.5625,3.59,2025-03-10T19:20:00Z,6_1,Control
a4e9,6_1,Control,2025-03-10T19:37:00Z,0.77,13.453125,13.46875,3.59,2025-03-10T19:40:00Z,6_1,Control
a4e9,6_1,Control,2025-03-10T19:58:00Z,0.78,13.2578125,13.2890625,3.59,2025-03-10T20:00:00Z,6_1,Control
a4e9,6_1,Control,2025-03-10T20:20:00Z,0.76,12.9609375,13.0078125,3.59,2025-03-10T20:20:00Z,6_1,Control
a4e9,6_1,Control,2025-03-10T20:41:00Z,0.76,12.421875,12.5078125,3.59,2025-03-10T20:40:00Z,6_1,Control
a4e9,6_1,Control,2025-03-10T21:03:00Z,0.8,12.1796875,12.2265625,3.59,2025-03-10T21:00:00Z,6_1,Control
a4e9,6_1,Control,2025-03-10T21:24:00Z,0.78,12.421875,12.4296875,3.59,2025-03-10T21:20:00Z,6_1,Control
a4e9,6_1,Control,2025-03-10T21:46:00Z,0.78,12.1484375,12.1953125,3.59,2025-03-10T21:40:00Z,6_1,Control
a4e9,6_1,Control,2025-03-10T22:07:00Z,0.76,11.4921875,11.5625,3.59,2025-03-10T22:00:00Z,6_1,Control
a4e9,6_1,Control,2025-03-10T22:28:00Z,0.78,11.046875,11.109375,3.59,2025-03-10T22:20:00Z,6_1,Control
a4e9,6_1,Control,2025-03-10T22:50:00Z,0.79,10.6328125,10.6875,3.58,2025-03-10T22:40:00Z,6_1,Control
a4e9,6_1,Control,2025-03-10T23:11:00Z,0.79,10.4609375,10.5,3.59,2025-03-10T23:20:00Z,6_1,Control
a4e9,6_1,Control,2025-03-10T23:33:00Z,0.8,10.9453125,10.96875,3.59,2025-03-10T23:40:00Z,6_1,Control
a4e9,6_1,Control,2025-03-10T23:54:00Z,0.78,11.4765625,11.5078125,3.59,2025-03-11T00:00:00Z,6_1,Control
a4e9,6_1,Control,2025-03-11T00:16:00Z,0.78,11.3359375,11.390625,3.59,2025-03-11T00:20:00Z,6_1,Control
a4e9,6_1,Control,2025-03-11T00:37:00Z,0.77,11.1640625,11.2109375,3.59,2025-03-11T00:40:00Z,6_1,Control
a4e9,6_1,Control,2025-03-11T00:59:00Z,0.77,10.7734375,10.8125,3.59,2025-03-11T01:00:00Z,6_1,Control
a4e9,6_1,Control,2025-03-11T01:20:00Z,0.79,10.4140625,10.453125,3.59,2025-03-11T01:20:00Z,6_1,Control
a4e9,6_1,Control,2025-03-11T01:42:00Z,0.77,10.203125,10.2421875,3.59,2025-03-11T01:40:00Z,6_1,Control
a4e9,6_1,Control,2025-03-11T02:03:00Z,0.81,10.390625,10.3984375,3.59,2025-03-11T02:00:00Z,6_1,Control
a4e9,6_1,Control,2025-03-11T02:25:00Z,0.79,10.9453125,10.9609375,3.58,2025-03-11T02:20:00Z,6_1,Control
a4e9,6_1,Control,2025-03-11T02:46:00Z,0.78,11.0234375,11.0703125,3.59,2025-03-11T02:40:00Z,6_1,Control
a4e9,6_1,Control,2025-03-11T03:08:00Z,0.8,10.8203125,10.8671875,3.58,2025-03-11T03:00:00Z,6_1,Control
a4e9,6_1,Control,2025-03-11T03:29:00Z,0.85,11.625,11.515625,3.58,2025-03-11T03:20:00Z,6_1,Control
a4e9,6_1,Control,2025-03-11T03:50:00Z,0.93,14.7890625,14.0625,3.58,2025-03-11T03:40:00Z,6_1,Control
a4e9,6_1,Control,2025-03-11T04:12:00Z,0.82,19.25,18.5625,3.58,2025-03-11T04:20:00Z,6_1,Control
a4e9,6_1,Control,2025-03-11T04:33:00Z,0.81,21.265625,20.8515625,3.6,2025-03-11T04:40:00Z,6_1,Control
a4e9,6_1,Control,2025-03-11T04:55:00Z,0.8,22.515625,22.2578125,3.59,2025-03-11T05:00:00Z,6_1,Control
a4e9,6_1,Control,2025-03-11T05:16:00Z,0.79,23.2578125,23.125,3.6,2025-03-11T05:20:00Z,6_1,Control
a4e9,6_1,Control,2025-03-11T05:38:00Z,0.82,23.5546875,23.4765625,3.6,2025-03-11T05:40:00Z,6_1,Control
a4e9,6_1,Control,2025-03-11T05:59:00Z,0.81,24.4609375,24.3515625,3.61,2025-03-11T06:00:00Z,6_1,Control
a4e9,6_1,Control,2025-03-11T06:21:00Z,0.79,25.09375,24.953125,3.61,2025-03-11T06:20:00Z,6_1,Control
a4e9,6_1,Control,2025-03-11T06:42:00Z,0.83,25.2421875,25.2734375,3.61,2025-03-11T06:40:00Z,6_1,Control
a4e9,6_1,Control,2025-03-11T07:04:00Z,0.84,26.0625,25.890625,3.61,2025-03-11T07:00:00Z,6_1,Control
a4e9,6_1,Control,2025-03-11T07:25:00Z,0.79,26.5703125,26.5546875,3.61,2025-03-11T07:20:00Z,6_1,Control
a4e9,6_1,Control,2025-03-11T07:47:00Z,0.79,27.40625,27.4375,3.62,2025-03-11T07:40:00Z,6_1,Control
a4e9,6_1,Control,2025-03-11T08:08:00Z,0.79,28.28125,28.4296875,3.61,2025-03-11T08:00:00Z,6_1,Control
a4e9,6_1,Control,2025-03-11T08:30:00Z,0.77,29.1484375,29.4453125,3.61,2025-03-11T08:40:00Z,6_1,Control
a4e9,6_1,Control,2025-03-11T08:51:00Z,0.82,30.1796875,30.609375,3.62,2025-03-11T09:00:00Z,6_1,Control
a4e9,6_1,Control,2025-03-11T09:12:00Z,0.81,31.5546875,31.9453125,3.62,2025-03-11T09:20:00Z,6_1,Control
a4e9,6_1,Control,2025-03-11T09:34:00Z,0.81,31.875,32.0078125,3.62,2025-03-11T09:40:00Z,6_1,Control
a4e9,6_1,Control,2025-03-11T09:55:00Z,0.82,32.1328125,32.1171875,3.61,2025-03-11T10:00:00Z,6_1,Control
a4e9,6_1,Control,2025-03-11T10:17:00Z,0.81,32.9375,32.9453125,3.62,2025-03-11T10:20:00Z,6_1,Control
a4e9,6_1,Control,2025-03-11T10:38:00Z,0.8,32.890625,33.171875,3.62,2025-03-11T10:40:00Z,6_1,Control
a4e9,6_1,Control,2025-03-11T11:00:00Z,0.81,33.2734375,33.65625,3.62,2025-03-11T11:00:00Z,6_1,Control
a4e9,6_1,Control,2025-03-11T11:21:00Z,0.79,33.5703125,34.015625,3.62,2025-03-11T11:20:00Z,6_1,Control
a4e9,6_1,Control,2025-03-11T11:43:00Z,0.8,33.515625,33.9375,3.62,2025-03-11T11:40:00Z,6_1,Control
a4e9,6_1,Control,2025-03-11T12:04:00Z,0.84,32.9140625,33.0625,3.61,2025-03-11T12:00:00Z,6_1,Control
a4e9,6_1,Control,2025-03-11T12:26:00Z,0.78,31.9296875,31.859375,3.62,2025-03-11T12:20:00Z,6_1,Control
a4e9,6_1,Control,2025-03-11T12:47:00Z,0.75,30.984375,30.765625,3.62,2025-03-11T12:40:00Z,6_1,Control
a4e9,6_1,Control,2025-03-11T13:09:00Z,0.74,29.5859375,29.53125,3.62,2025-03-11T13:00:00Z,6_1,Control
a4e9,6_1,Control,2025-03-11T13:30:00Z,0.75,28.0390625,28.1484375,3.62,2025-03-11T13:40:00Z,6_1,Control
a4e9,6_1,Control,2025-03-11T13:52:00Z,0.74,27.1171875,27.2421875,3.61,2025-03-11T14:00:00Z,6_1,Control
a4e9,6_1,Control,2025-03-11T14:13:00Z,0.76,25.8203125,25.921875,3.62,2025-03-11T14:20:00Z,6_1,Control
a4e9,6_1,Control,2025-03-11T14:34:00Z,0.72,24.4375,24.4921875,3.61,2025-03-11T14:40:00Z,6_1,Control
a4e9,6_1,Control,2025-03-11T14:56:00Z,0.75,22.5859375,22.625,3.61,2025-03-11T15:00:00Z,6_1,Control
a4e9,6_1,Control,2025-03-11T15:17:00Z,0.76,21.375,21.40625,3.61,2025-03-11T15:20:00Z,6_1,Control
a4e9,6_1,Control,2025-03-11T15:39:00Z,0.77,20.609375,20.625,3.61,2025-03-11T15:40:00Z,6_1,Control
a4e9,6_1,Control,2025-03-11T16:00:00Z,0.78,20.09375,20.109375,3.61,2025-03-11T16:00:00Z,6_1,Control
a4e9,6_1,Control,2025-03-11T16:22:00Z,0.77,19.734375,19.734375,3.61,2025-03-11T16:20:00Z,6_1,Control
a4e9,6_1,Control,2025-03-11T16:43:00Z,0.78,19.375,19.3828125,3.61,2025-03-11T16:40:00Z,6_1,Control
a4e9,6_1,Control,2025-03-11T17:05:00Z,0.77,19.046875,19.0546875,3.61,2025-03-11T17:00:00Z,6_1,Control
a4e9,6_1,Control,2025-03-11T17:26:00Z,0.78,18.6796875,18.6875,3.61,2025-03-11T17:20:00Z,6_1,Control
a4e9,6_1,Control,2025-03-11T17:48:00Z,0.79,18.4921875,18.5,3.61,2025-03-11T17:40:00Z,6_1,Control
a4e9,6_1,Control,2025-03-11T18:09:00Z,0.78,18.4375,18.4375,3.6,2025-03-11T18:00:00Z,6_1,Control
a4e9,6_1,Control,2025-03-11T18:31:00Z,0.77,18.140625,18.1484375,3.6,2025-03-11T18:40:00Z,6_1,Control
a4e9,6_1,Control,2025-03-11T18:52:00Z,0.74,17.203125,17.2578125,3.6,2025-03-11T19:00:00Z,6_1,Control
a4e9,6_1,Control,2025-03-11T19:14:00Z,0.77,16.0390625,16.1015625,3.61,2025-03-11T19:20:00Z,6_1,Control
a4e9,6_1,Control,2025-03-11T19:35:00Z,0.77,15.296875,15.3359375,3.6,2025-03-11T19:40:00Z,6_1,Control
a4e9,6_1,Control,2025-03-11T19:56:00Z,0.77,14.71875,14.7578125,3.61,2025-03-11T20:00:00Z,6_1,Control
a4e9,6_1,Control,2025-03-11T20:18:00Z,0.78,14.3203125,14.3515625,3.6,2025-03-11T20:20:00Z,6_1,Control
a4e9,6_1,Control,2025-03-11T20:39:00Z,0.77,14.0546875,14.078125,3.6,2025-03-11T20:40:00Z,6_1,Control
a4e9,6_1,Control,2025-03-11T21:01:00Z,0.79,13.7421875,13.7734375,3.6,2025-03-11T21:00:00Z,6_1,Control
a4e9,6_1,Control,2025-03-11T21:22:00Z,0.82,13.7109375,13.7109375,3.6,2025-03-11T21:20:00Z,6_1,Control
a4e9,6_1,Control,2025-03-11T21:44:00Z,0.78,14.4765625,14.453125,3.6,2025-03-11T21:40:00Z,6_1,Control
a4e9,6_1,Control,2025-03-11T22:05:00Z,0.82,15.3046875,15.2421875,3.6,2025-03-11T22:00:00Z,6_1,Control
a4e9,6_1,Control,2025-03-11T22:27:00Z,0.77,15.5625,15.5390625,3.59,2025-03-11T22:20:00Z,6_1,Control
a4e9,6_1,Control,2025-03-11T22:48:00Z,0.76,15.09375,15.09375,3.59,2025-03-11T22:40:00Z,6_1,Control
a4e9,6_1,Control,2025-03-11T23:10:00Z,0.75,14.4609375,14.5,3.59,2025-03-11T23:00:00Z,6_1,Control
a4e9,6_1,Control,2025-03-11T23:31:00Z,0.78,13.8125,13.8359375,3.6,2025-03-11T23:40:00Z,6_1,Control
a4e9,6_1,Control,2025-03-11T23:53:00Z,0.79,13.578125,13.59375,3.6,2025-03-12T00:00:00Z,6_1,Control
a4e9,6_1,Control,2025-03-12T00:14:00Z,0.79,13.328125,13.3515625,3.59,2025-03-12T00:20:00Z,6_1,Control
a4e9,6_1,Control,2025-03-12T00:36:00Z,0.78,13.0234375,13.0390625,3.6,2025-03-12T00:40:00Z,6_1,Control
a4e9,6_1,Control,2025-03-12T00:57:00Z,0.79,12.7421875,12.7421875,3.59,2025-03-12T01:00:00Z,6_1,Control
a4e9,6_1,Control,2025-03-12T01:18:00Z,0.79,13.171875,13.15625,3.59,2025-03-12T01:20:00Z,6_1,Control
a4e9,6_1,Control,2025-03-12T01:40:00Z,0.78,13.046875,13.046875,3.59,2025-03-12T01:40:00Z,6_1,Control
a4e9,6_1,Control,2025-03-12T02:01:00Z,0.79,13.09375,13.0703125,3.59,2025-03-12T02:00:00Z,6_1,Control
a4e9,6_1,Control,2025-03-12T02:23:00Z,0.78,13.2421875,13.2109375,3.59,2025-03-12T02:20:00Z,6_1,Control
a4e9,6_1,Control,2025-03-12T02:44:00Z,0.79,13.1328125,13.125,3.6,2025-03-12T02:40:00Z,6_1,Control
a4e9,6_1,Control,2025-03-12T03:06:00Z,0.84,13.796875,13.71875,3.59,2025-03-12T03:00:00Z,6_1,Control
a4e9,6_1,Control,2025-03-12T03:27:00Z,0.85,15.8046875,15.578125,3.59,2025-03-12T03:20:00Z,6_1,Control
a4e9,6_1,Control,2025-03-12T03:49:00Z,0.89,19.1640625,18.625,3.6,2025-03-12T03:40:00Z,6_1,Control
a4e9,6_1,Control,2025-03-12T04:10:00Z,0.82,22.640625,22.15625,3.6,2025-03-12T04:00:00Z,6_1,Control
a4e9,6_1,Control,2025-03-12T04:32:00Z,0.82,24.3515625,24.0078125,3.6,2025-03-12T04:40:00Z,6_1,Control
a4e9,6_1,Control,2025-03-12T04:53:00Z,0.8,25.1015625,24.875,3.61,2025-03-12T05:00:00Z,6_1,Control
a4e9,6_1,Control,2025-03-12T05:15:00Z,0.81,25.640625,25.484375,3.61,2025-03-12T05:20:00Z,6_1,Control
a4e9,6_1,Control,2025-03-12T05:36:00Z,0.79,26.4296875,26.3203125,3.61,2025-03-12T05:40:00Z,6_1,Control
a4e9,6_1,Control,2025-03-12T05:57:00Z,0.81,26.859375,26.7421875,3.61,2025-03-12T06:00:00Z,6_1,Control
a4e9,6_1,Control,2025-03-12T06:19:00Z,0.76,27.6015625,27.4375,3.61,2025-03-12T06:20:00Z,6_1,Control
a4e9,6_1,Control,2025-03-12T06:40:00Z,0.83,27.375,27.4140625,3.61,2025-03-12T06:40:00Z,6_1,Control
a4e9,6_1,Control,2025-03-12T07:02:00Z,0.8,27.96875,27.8359375,3.61,2025-03-12T07:00:00Z,6_1,Control
a4e9,6_1,Control,2025-03-12T07:23:00Z,0.79,28.3125,28.296875,3.62,2025-03-12T07:20:00Z,6_1,Control
a4e9,6_1,Control,2025-03-12T07:45:00Z,0.81,28.7734375,28.8125,3.62,2025-03-12T07:40:00Z,6_1,Control
a4e9,6_1,Control,2025-03-12T08:06:00Z,0.81,29.765625,29.890625,3.61,2025-03-12T08:00:00Z,6_1,Control
a4e9,6_1,Control,2025-03-12T08:28:00Z,0.78,30.9140625,31.1328125,3.62,2025-03-12T08:20:00Z,6_1,Control
a4e9,6_1,Control,2025-03-12T08:49:00Z,0.82,32.4765625,32.953125,3.62,2025-03-12T08:40:00Z,6_1,Control
a4e9,6_1,Control,2025-03-12T09:11:00Z,0.86,33.546875,33.9375,3.62,2025-03-12T09:20:00Z,6_1,Control
a4e9,6_1,Control,2025-03-12T09:32:00Z,0.85,34.4609375,34.578125,3.62,2025-03-12T09:40:00Z,6_1,Control
a4e9,6_1,Control,2025-03-12T09:54:00Z,0.84,35.3359375,35.265625,3.63,2025-03-12T10:00:00Z,6_1,Control
a4e9,6_1,Control,2025-03-12T10:15:00Z,0.76,35.7578125,35.75,3.62,2025-03-12T10:20:00Z,6_1,Control
a4e9,6_1,Control,2025-03-12T10:37:00Z,0.78,35.4453125,35.7890625,3.62,2025-03-12T10:40:00Z,6_1,Control
a4e9,6_1,Control,2025-03-12T10:58:00Z,0.79,35.65625,35.9921875,3.62,2025-03-12T11:00:00Z,6_1,Control
a4e9,6_1,Control,2025-03-12T11:19:00Z,0.77,35.65625,35.984375,3.62,2025-03-12T11:20:00Z,6_1,Control
a4e9,6_1,Control,2025-03-12T11:41:00Z,0.8,35.2421875,35.625,3.62,2025-03-12T11:40:00Z,6_1,Control
a4e9,6_1,Control,2025-03-12T12:02:00Z,0.81,35.09375,35.2734375,3.62,2025-03-12T12:00:00Z,6_1,Control
a4e9,6_1,Control,2025-03-12T12:24:00Z,0.76,34.21875,34.1953125,3.62,2025-03-12T12:20:00Z,6_1,Control
a4e9,6_1,Control,2025-03-12T12:45:00Z,0.74,32.6484375,32.484375,3.62,2025-03-12T12:40:00Z,6_1,Control
a4e9,6_1,Control,2025-03-12T13:07:00Z,0.71,30.8984375,30.84375,3.62,2025-03-12T13:00:00Z,6_1,Control
a4e9,6_1,Control,2025-03-12T13:28:00Z,0.75,29.71875,29.7890625,3.62,2025-03-12T13:20:00Z,6_1,Control
a4e9,6_1,Control,2025-03-12T13:50:00Z,0.76,28.7109375,28.8125,3.62,2025-03-12T13:40:00Z,6_1,Control
a4e9,6_1,Control,2025-03-12T14:11:00Z,0.73,26.96875,27.0390625,3.62,2025-03-12T14:20:00Z,6_1,Control
a4e9,6_1,Control,2025-03-12T14:33:00Z,0.74,25.203125,25.2265625,3.62,2025-03-12T14:40:00Z,6_1,Control
a4e9,6_1,Control,2025-03-12T14:54:00Z,0.74,23.3515625,23.3828125,3.62,2025-03-12T15:00:00Z,6_1,Control
a4e9,6_1,Control,2025-03-12T15:16:00Z,0.76,21.8046875,21.84375,3.61,2025-03-12T15:20:00Z,6_1,Control
a4e9,6_1,Control,2025-03-12T15:37:00Z,0.77,20.828125,20.859375,3.61,2025-03-12T15:40:00Z,6_1,Control
a4e9,6_1,Control,2025-03-12T15:59:00Z,0.78,20.421875,20.4375,3.61,2025-03-12T16:00:00Z,6_1,Control
a4e9,6_1,Control,2025-03-12T16:20:00Z,0.76,19.90625,19.921875,3.62,2025-03-12T16:20:00Z,6_1,Control
a4e9,6_1,Control,2025-03-12T16:41:00Z,0.77,19.203125,19.2265625,3.61,2025-03-12T16:40:00Z,6_1,Control
a4e9,6_1,Control,2025-03-12T17:03:00Z,0.77,18.6015625,18.609375,3.6,2025-03-12T17:00:00Z,6_1,Control
a4e9,6_1,Control,2025-03-12T17:24:00Z,0.79,18.21875,18.21875,3.61,2025-03-12T17:20:00Z,6_1,Control
a4e9,6_1,Control,2025-03-12T17:46:00Z,0.77,18.234375,18.234375,3.61,2025-03-12T17:40:00Z,6_1,Control
a4e9,6_1,Control,2025-03-12T18:07:00Z,0.78,17.8359375,17.8515625,3.61,2025-03-12T18:00:00Z,6_1,Control
a4e9,6_1,Control,2025-03-12T18:29:00Z,0.78,17.578125,17.5859375,3.61,2025-03-12T18:20:00Z,6_1,Control
a4e9,6_1,Control,2025-03-12T18:50:00Z,0.77,17.0703125,17.0859375,3.61,2025-03-12T18:40:00Z,6_1,Control
a4e9,6_1,Control,2025-03-12T19:12:00Z,0.77,16.6953125,16.7109375,3.61,2025-03-12T19:20:00Z,6_1,Control
a4e9,6_1,Control,2025-03-12T19:33:00Z,0.79,16.546875,16.5546875,3.6,2025-03-12T19:40:00Z,6_1,Control
a4e9,6_1,Control,2025-03-12T19:55:00Z,0.79,16.5,16.5,3.61,2025-03-12T20:00:00Z,6_1,Control
a4e9,6_1,Control,2025-03-12T20:16:00Z,0.77,16.375,16.375,3.6,2025-03-12T20:20:00Z,6_1,Control
a4e9,6_1,Control,2025-03-12T20:38:00Z,0.78,15.9140625,15.9375,3.61,2025-03-12T20:40:00Z,6_1,Control
a4e9,6_1,Control,2025-03-12T20:59:00Z,0.79,15.6953125,15.703125,3.61,2025-03-12T21:00:00Z,6_1,Control
a4e9,6_1,Control,2025-03-12T21:21:00Z,0.78,15.65625,15.6640625,3.59,2025-03-12T21:20:00Z,6_1,Control
a4e9,6_1,Control,2025-03-12T21:42:00Z,0.77,15.6171875,15.6328125,3.6,2025-03-12T21:40:00Z,6_1,Control
a4e9,6_1,Control,2025-03-12T22:03:00Z,0.76,15.28125,15.296875,3.6,2025-03-12T22:00:00Z,6_1,Control
a4e9,6_1,Control,2025-03-12T22:25:00Z,0.77,14.6015625,14.6328125,3.6,2025-03-12T22:20:00Z,6_1,Control
a4e9,6_1,Control,2025-03-12T22:46:00Z,0.79,14.5390625,14.546875,3.59,2025-03-12T22:40:00Z,6_1,Control
a4e9,6_1,Control,2025-03-12T23:08:00Z,0.8,14.59375,14.6015625,3.6,2025-03-12T23:00:00Z,6_1,Control
a4e9,6_1,Control,2025-03-12T23:29:00Z,0.78,14.6953125,14.6875,3.59,2025-03-12T23:20:00Z,6_1,Control
a4e9,6_1,Control,2025-03-12T23:51:00Z,0.78,14.640625,14.640625,3.6,2025-03-13T00:00:00Z,6_1,Control
a4e9,6_1,Control,2025-03-13T00:12:00Z,0.77,14.53125,14.53125,3.59,2025-03-13T00:20:00Z,6_1,Control
a4e9,6_1,Control,2025-03-13T00:34:00Z,0.79,14.28125,14.2890625,3.59,2025-03-13T00:40:00Z,6_1,Control
a4e9,6_1,Control,2025-03-13T00:55:00Z,0.79,14.171875,14.171875,3.6,2025-03-13T01:00:00Z,6_1,Control
a4e9,6_1,Control,2025-03-13T01:17:00Z,0.78,14.1171875,14.1171875,3.6,2025-03-13T01:20:00Z,6_1,Control
a4e9,6_1,Control,2025-03-13T01:38:00Z,0.78,14.0078125,14.0078125,3.6,2025-03-13T01:40:00Z,6_1,Control
a4e9,6_1,Control,2025-03-13T02:00:00Z,0.78,13.953125,13.953125,3.59,2025-03-13T02:00:00Z,6_1,Control
a4e9,6_1,Control,2025-03-13T02:21:00Z,0.8,14.0390625,14.015625,3.59,2025-03-13T02:20:00Z,6_1,Control
a4e9,6_1,Control,2025-03-13T02:43:00Z,0.8,14.4140625,14.375,3.6,2025-03-13T02:40:00Z,6_1,Control
a4e9,6_1,Control,2025-03-13T03:04:00Z,0.78,14.859375,14.8125,3.6,2025-03-13T03:00:00Z,6_1,Control
a4e9,6_1,Control,2025-03-13T03:25:00Z,0.78,15.0703125,15.0390625,3.59,2025-03-13T03:20:00Z,6_1,Control
a4e9,6_1,Control,2025-03-13T03:47:00Z,0.79,15.2421875,15.2109375,3.6,2025-03-13T03:40:00Z,6_1,Control
a4e9,6_1,Control,2025-03-13T04:08:00Z,0.8,15.6328125,15.5859375,3.6,2025-03-13T04:00:00Z,6_1,Control
a4e9,6_1,Control,2025-03-13T04:30:00Z,0.8,16.2421875,16.1953125,3.6,2025-03-13T04:40:00Z,6_1,Control
a4e9,6_1,Control,2025-03-13T04:51:00Z,0.8,16.7890625,16.75,3.59,2025-03-13T05:00:00Z,6_1,Control
a4e9,6_1,Control,2025-03-13T05:13:00Z,0.79,17.3515625,17.3125,3.59,2025-03-13T05:20:00Z,6_1,Control
a4e9,6_1,Control,2025-03-13T05:34:00Z,0.79,17.6640625,17.6328125,3.6,2025-03-13T05:40:00Z,6_1,Control
a4e9,6_1,Control,2025-03-13T05:56:00Z,0.79,17.8359375,17.8203125,3.59,2025-03-13T06:00:00Z,6_1,Control
a4e9,6_1,Control,2025-03-13T06:17:00Z,0.79,18.3828125,18.3515625,3.6,2025-03-13T06:20:00Z,6_1,Control
a4e9,6_1,Control,2025-03-13T06:39:00Z,0.8,18.6640625,18.65625,3.6,2025-03-13T06:40:00Z,6_1,Control
a4e9,6_1,Control,2025-03-13T07:00:00Z,0.79,19.125,19.109375,3.6,2025-03-13T07:00:00Z,6_1,Control
a4e9,6_1,Control,2025-03-13T07:22:00Z,0.8,19.7265625,19.703125,3.59,2025-03-13T07:20:00Z,6_1,Control
a4e9,6_1,Control,2025-03-13T07:43:00Z,0.79,19.859375,19.8515625,3.6,2025-03-13T07:40:00Z,6_1,Control
a4e9,6_1,Control,2025-03-13T08:05:00Z,0.79,19.9296875,19.9375,3.6,2025-03-13T08:00:00Z,6_1,Control
a4e9,6_1,Control,2025-03-13T08:26:00Z,0.8,20.03125,20.03125,3.6,2025-03-13T08:20:00Z,6_1,Control
a4e9,6_1,Control,2025-03-13T08:47:00Z,0.8,20.546875,20.53125,3.6,2025-03-13T08:40:00Z,6_1,Control
a4e9,6_1,Control,2025-03-13T09:09:00Z,0.78,20.421875,20.421875,3.6,2025-03-13T09:00:00Z,6_1,Control
a4e9,6_1,Control,2025-03-13T09:30:00Z,0.8,20.25,20.2421875,3.6,2025-03-13T09:40:00Z,6_1,Control
a4e9,6_1,Control,2025-03-13T09:52:00Z,0.78,20.21875,20.21875,3.6,2025-03-13T10:00:00Z,6_1,Control
a4e9,6_1,Control,2025-03-13T10:13:00Z,0.77,19.8125,19.8203125,3.6,2025-03-13T10:20:00Z,6_1,Control
a4e9,6_1,Control,2025-03-13T10:35:00Z,0.8,19.546875,19.5390625,3.6,2025-03-13T10:40:00Z,6_1,Control
a4e9,6_1,Control,2025-03-13T10:56:00Z,0.75,19.234375,19.2578125,3.6,2025-03-13T11:00:00Z,6_1,Control
a4e9,6_1,Control,2025-03-13T11:18:00Z,0.76,18.0546875,18.1171875,3.6,2025-03-13T11:20:00Z,6_1,Control
a4e9,6_1,Control,2025-03-13T11:39:00Z,0.76,17.1640625,17.171875,3.6,2025-03-13T11:40:00Z,6_1,Control
a4e9,6_1,Control,2025-03-13T12:01:00Z,0.78,16.59375,16.59375,3.6,2025-03-13T12:00:00Z,6_1,Control
a4e9,6_1,Control,2025-03-13T12:22:00Z,0.78,16.1875,16.1796875,3.6,2025-03-13T12:20:00Z,6_1,Control
a4e9,6_1,Control,2025-03-13T12:44:00Z,0.79,15.9140625,15.8984375,3.6,2025-03-13T12:40:00Z,6_1,Control
a4e9,6_1,Control,2025-03-13T13:05:00Z,0.78,15.640625,15.625,3.59,2025-03-13T13:00:00Z,6_1,Control
a4e9,6_1,Control,2025-03-13T13:27:00Z,0.77,15.3828125,15.375,3.59,2025-03-13T13:20:00Z,6_1,Control
a4e9,6_1,Control,2025-03-13T13:48:00Z,0.77,15.125,15.125,3.59,2025-03-13T13:40:00Z,6_1,Control
a4e9,6_1,Control,2025-03-13T14:09:00Z,0.78,15.015625,15.015625,3.59,2025-03-13T14:00:00Z,6_1,Control
a4e9,6_1,Control,2025-03-13T14:31:00Z,0.79,14.90625,14.90625,3.59,2025-03-13T14:40:00Z,6_1,Control
a4e9,6_1,Control,2025-03-13T14:52:00Z,0.78,14.8203125,14.8203125,3.59,2025-03-13T15:00:00Z,6_1,Control
a4e9,6_1,Control,2025-03-13T15:14:00Z,0.77,14.6796875,14.6640625,3.59,2025-03-13T15:20:00Z,6_1,Control
a4e9,6_1,Control,2025-03-13T15:35:00Z,0.78,14.5859375,14.5703125,3.59,2025-03-13T15:40:00Z,6_1,Control
a4e9,6_1,Control,2025-03-13T15:57:00Z,0.78,14.484375,14.4765625,3.59,2025-03-13T16:00:00Z,6_1,Control
a4e9,6_1,Control,2025-03-13T16:18:00Z,0.79,14.375,14.3671875,3.59,2025-03-13T16:20:00Z,6_1,Control
a4e9,6_1,Control,2025-03-13T16:40:00Z,0.78,14.234375,14.21875,3.6,2025-03-13T16:40:00Z,6_1,Control
a4e9,6_1,Control,2025-03-13T17:01:00Z,0.78,14.1171875,14.109375,3.59,2025-03-13T17:00:00Z,6_1,Control
a4e9,6_1,Control,2025-03-13T17:23:00Z,0.78,14.046875,14.0390625,3.59,2025-03-13T17:20:00Z,6_1,Control
a4e9,6_1,Control,2025-03-13T17:44:00Z,0.79,14.03125,14.015625,3.59,2025-03-13T17:40:00Z,6_1,Control
a4e9,6_1,Control,2025-03-13T18:06:00Z,0.79,14.0078125,14,3.59,2025-03-13T18:00:00Z,6_1,Control
a4e9,6_1,Control,2025-03-13T18:27:00Z,0.78,13.9609375,13.9453125,3.59,2025-03-13T18:20:00Z,6_1,Control
a4e9,6_1,Control,2025-03-13T18:49:00Z,0.78,13.9453125,13.9140625,3.6,2025-03-13T18:40:00Z,6_1,Control
a4e9,6_1,Control,2025-03-13T19:10:00Z,0.79,13.8671875,13.8359375,3.59,2025-03-13T19:00:00Z,6_1,Control
a4e9,6_1,Control,2025-03-13T19:31:00Z,0.78,13.796875,13.7578125,3.59,2025-03-13T19:40:00Z,6_1,Control
a4e9,6_1,Control,2025-03-13T19:53:00Z,0.78,13.7265625,13.6953125,3.59,2025-03-13T20:00:00Z,6_1,Control
a4e9,6_1,Control,2025-03-13T20:14:00Z,0.78,13.6875,13.65625,3.58,2025-03-13T20:20:00Z,6_1,Control
a4e9,6_1,Control,2025-03-13T20:36:00Z,0.78,13.6953125,13.65625,3.58,2025-03-13T20:40:00Z,6_1,Control
a4e9,6_1,Control,2025-03-13T20:57:00Z,0.78,13.703125,13.671875,3.59,2025-03-13T21:00:00Z,6_1,Control
a4e9,6_1,Control,2025-03-13T21:19:00Z,0.78,13.703125,13.6640625,3.59,2025-03-13T21:20:00Z,6_1,Control
a4e9,6_1,Control,2025-03-13T21:40:00Z,0.79,13.6484375,13.609375,3.59,2025-03-13T21:40:00Z,6_1,Control
a4e9,6_1,Control,2025-03-13T22:02:00Z,0.78,13.6484375,13.609375,3.58,2025-03-13T22:00:00Z,6_1,Control
a4e9,6_1,Control,2025-03-13T22:23:00Z,0.78,13.6484375,13.609375,3.59,2025-03-13T22:20:00Z,6_1,Control
a4e9,6_1,Control,2025-03-13T22:45:00Z,0.78,13.65625,13.625,3.58,2025-03-13T22:40:00Z,6_1,Control
a4e9,6_1,Control,2025-03-13T23:06:00Z,0.78,13.6640625,13.6328125,3.59,2025-03-13T23:00:00Z,6_1,Control
a4e9,6_1,Control,2025-03-13T23:28:00Z,0.78,13.65625,13.6171875,3.58,2025-03-13T23:20:00Z,6_1,Control
a4e9,6_1,Control,2025-03-13T23:49:00Z,0.77,13.5703125,13.5390625,3.59,2025-03-13T23:40:00Z,6_1,Control
a4e9,6_1,Control,2025-03-14T00:10:00Z,0.78,13.5546875,13.515625,3.59,2025-03-14T00:00:00Z,6_1,Control
a4e9,6_1,Control,2025-03-14T00:32:00Z,0.79,13.515625,13.4765625,3.59,2025-03-14T00:40:00Z,6_1,Control
a4e9,6_1,Control,2025-03-14T00:53:00Z,0.78,13.484375,13.453125,3.59,2025-03-14T01:00:00Z,6_1,Control
a4e9,6_1,Control,2025-03-14T01:15:00Z,0.78,13.484375,13.453125,3.58,2025-03-14T01:20:00Z,6_1,Control
a4e9,6_1,Control,2025-03-14T01:36:00Z,0.78,13.46875,13.4375,3.59,2025-03-14T01:40:00Z,6_1,Control
a4e9,6_1,Control,2025-03-14T01:58:00Z,0.77,13.453125,13.421875,3.59,2025-03-14T02:00:00Z,6_1,Control
a4e9,6_1,Control,2025-03-14T02:19:00Z,0.79,13.4453125,13.4140625,3.58,2025-03-14T02:20:00Z,6_1,Control
a4e9,6_1,Control,2025-03-14T02:41:00Z,0.76,13.4609375,13.421875,3.59,2025-03-14T02:40:00Z,6_1,Control
a4e9,6_1,Control,2025-03-14T03:02:00Z,0.77,13.4921875,13.453125,3.59,2025-03-14T03:00:00Z,6_1,Control
a4e9,6_1,Control,2025-03-14T03:24:00Z,0.78,13.5078125,13.46875,3.59,2025-03-14T03:20:00Z,6_1,Control
a4e9,6_1,Control,2025-03-14T03:45:00Z,0.78,13.5859375,13.546875,3.59,2025-03-14T03:40:00Z,6_1,Control
a4e9,6_1,Control,2025-03-14T04:07:00Z,0.78,13.7734375,13.71875,3.59,2025-03-14T04:00:00Z,6_1,Control
a4e9,6_1,Control,2025-03-14T04:28:00Z,0.78,13.9296875,13.875,3.58,2025-03-14T04:20:00Z,6_1,Control
a4e9,6_1,Control,2025-03-14T04:50:00Z,0.79,14.0859375,14.03125,3.59,2025-03-14T04:40:00Z,6_1,Control
a4e9,6_1,Control,2025-03-14T05:11:00Z,0.8,14.5859375,14.515625,3.59,2025-03-14T05:20:00Z,6_1,Control
a4e9,6_1,Control,2025-03-14T05:32:00Z,0.8,15.171875,15.1015625,3.59,2025-03-14T05:40:00Z,6_1,Control
a4e9,6_1,Control,2025-03-14T05:54:00Z,0.81,15.9453125,15.859375,3.59,2025-03-14T06:00:00Z,6_1,Control
a4e9,6_1,Control,2025-03-14T06:15:00Z,0.83,16.984375,16.8515625,3.59,2025-03-14T06:20:00Z,6_1,Control
a4e9,6_1,Control,2025-03-14T06:37:00Z,0.83,18.7109375,18.484375,3.6,2025-03-14T06:40:00Z,6_1,Control
a4e9,6_1,Control,2025-03-14T06:58:00Z,0.81,19.9453125,19.7734375,3.59,2025-03-14T07:00:00Z,6_1,Control
a4e9,6_1,Control,2025-03-14T07:20:00Z,0.86,21.3515625,21.09375,3.6,2025-03-14T07:20:00Z,6_1,Control
a4e9,6_1,Control,2025-03-14T07:41:00Z,0.83,23.4609375,23.1328125,3.6,2025-03-14T07:40:00Z,6_1,Control
a4e9,6_1,Control,2025-03-14T08:03:00Z,0.82,25.140625,25.1328125,3.6,2025-03-14T08:00:00Z,6_1,Control
a4e9,6_1,Control,2025-03-14T08:24:00Z,0.82,25.6796875,25.7734375,3.61,2025-03-14T08:20:00Z,6_1,Control
a4e9,6_1,Control,2025-03-14T08:46:00Z,0.81,26.9140625,27.21875,3.61,2025-03-14T08:40:00Z,6_1,Control
a4e9,6_1,Control,2025-03-14T09:07:00Z,0.84,27.53125,27.8203125,3.6,2025-03-14T09:00:00Z,6_1,Control
a4e9,6_1,Control,2025-03-14T09:29:00Z,0.77,27.6484375,27.859375,3.61,2025-03-14T09:20:00Z,6_1,Control
a4e9,6_1,Control,2025-03-14T09:50:00Z,0.84,28.5078125,28.4296875,3.6,2025-03-14T09:40:00Z,6_1,Control
a4e9,6_1,Control,2025-03-14T10:12:00Z,0.76,30.0078125,30.0078125,3.61,2025-03-14T10:20:00Z,6_1,Control
a4e9,6_1,Control,2025-03-14T10:33:00Z,0.75,30.1171875,30.3515625,3.61,2025-03-14T10:40:00Z,6_1,Control
a4e9,6_1,Control,2025-03-14T10:54:00Z,0.79,30.8671875,31.1640625,3.62,2025-03-14T11:00:00Z,6_1,Control
a4e9,6_1,Control,2025-03-14T11:16:00Z,0.8,30.0859375,30.4453125,3.61,2025-03-14T11:20:00Z,6_1,Control
a4e9,6_1,Control,2025-03-14T11:37:00Z,0.81,30.9609375,31.328125,3.61,2025-03-14T11:40:00Z,6_1,Control
a4e9,6_1,Control,2025-03-14T11:59:00Z,0.86,31.828125,32.2265625,3.61,2025-03-14T12:00:00Z,6_1,Control
a4e9,6_1,Control,2025-03-14T12:20:00Z,0.76,32.0078125,32.2734375,3.61,2025-03-14T12:20:00Z,6_1,Control
a4e9,6_1,Control,2025-03-14T12:42:00Z,0.78,30.40625,30.625,3.61,2025-03-14T12:40:00Z,6_1,Control
a4e9,6_1,Control,2025-03-14T13:03:00Z,0.79,30.03125,30.046875,3.62,2025-03-14T13:00:00Z,6_1,Control
a4e9,6_1,Control,2025-03-14T13:25:00Z,0.78,29.734375,29.8046875,3.61,2025-03-14T13:20:00Z,6_1,Control
a4e9,6_1,Control,2025-03-14T13:46:00Z,0.69,29.203125,29.359375,3.62,2025-03-14T13:40:00Z,6_1,Control
a4e9,6_1,Control,2025-03-14T14:08:00Z,0.75,28.1640625,28.328125,3.61,2025-03-14T14:00:00Z,6_1,Control
a4e9,6_1,Control,2025-03-14T14:29:00Z,0.76,26.7578125,26.8828125,3.61,2025-03-14T14:20:00Z,6_1,Control
a4e9,6_1,Control,2025-03-14T14:51:00Z,0.76,25.265625,25.3125,3.62,2025-03-14T15:00:00Z,6_1,Control
a4e9,6_1,Control,2025-03-14T15:12:00Z,0.76,24.2265625,24.2421875,3.61,2025-03-14T15:20:00Z,6_1,Control
a4e9,6_1,Control,2025-03-14T15:34:00Z,0.77,23.4140625,23.421875,3.61,2025-03-14T15:40:00Z,6_1,Control
a4e9,6_1,Control,2025-03-14T15:55:00Z,0.77,22.7421875,22.765625,3.61,2025-03-14T16:00:00Z,6_1,Control
a4e9,6_1,Control,2025-03-14T16:16:00Z,0.77,22.015625,22.0390625,3.61,2025-03-14T16:20:00Z,6_1,Control
a4e9,6_1,Control,2025-03-14T16:38:00Z,0.76,21.2578125,21.265625,3.61,2025-03-14T16:40:00Z,6_1,Control
a4e9,6_1,Control,2025-03-14T16:59:00Z,0.77,20.6796875,20.6875,3.6,2025-03-14T17:00:00Z,6_1,Control
a4e9,6_1,Control,2025-03-14T17:21:00Z,0.75,20.09375,20.1015625,3.61,2025-03-14T17:20:00Z,6_1,Control
a4e9,6_1,Control,2025-03-14T17:42:00Z,0.77,19.515625,19.5234375,3.61,2025-03-14T17:40:00Z,6_1,Control
a4e9,6_1,Control,2025-03-14T18:04:00Z,0.77,19.171875,19.15625,3.61,2025-03-14T18:00:00Z,6_1,Control
a4e9,6_1,Control,2025-03-14T18:25:00Z,0.77,19.03125,19.0078125,3.6,2025-03-14T18:20:00Z,6_1,Control
a4e9,6_1,Control,2025-03-14T18:47:00Z,0.75,18.40625,18.421875,3.61,2025-03-14T18:40:00Z,6_1,Control
a4e9,6_1,Control,2025-03-14T19:08:00Z,0.77,17.6015625,17.6328125,3.6,2025-03-14T19:00:00Z,6_1,Control
a4e9,6_1,Control,2025-03-14T19:30:00Z,0.77,17.1171875,17.1328125,3.6,2025-03-14T19:40:00Z,6_1,Control
a4e9,6_1,Control,2025-03-14T19:51:00Z,0.77,16.8359375,16.8359375,3.61,2025-03-14T20:00:00Z,6_1,Control
a4e9,6_1,Control,2025-03-14T20:13:00Z,0.79,16.4140625,16.4296875,3.6,2025-03-14T20:20:00Z,6_1,Control
a4e9,6_1,Control,2025-03-14T20:34:00Z,0.78,16.484375,16.46875,3.6,2025-03-14T20:40:00Z,6_1,Control
a4e9,6_1,Control,2025-03-14T20:56:00Z,0.78,16.1953125,16.1953125,3.6,2025-03-14T21:00:00Z,6_1,Control
a4e9,6_1,Control,2025-03-14T21:17:00Z,0.78,16.25,16.2265625,3.6,2025-03-14T21:20:00Z,6_1,Control
a4e9,6_1,Control,2025-03-14T21:38:00Z,0.77,15.78125,15.8046875,3.6,2025-03-14T21:40:00Z,6_1,Control
a4e9,6_1,Control,2025-03-14T22:00:00Z,0.77,15.265625,15.2890625,3.6,2025-03-14T22:00:00Z,6_1,Control
a4e9,6_1,Control,2025-03-14T22:21:00Z,0.78,14.890625,14.9140625,3.6,2025-03-14T22:20:00Z,6_1,Control
a4e9,6_1,Control,2025-03-14T22:43:00Z,0.8,14.8515625,14.8515625,3.59,2025-03-14T22:40:00Z,6_1,Control
a4e9,6_1,Control,2025-03-14T23:04:00Z,0.78,15.140625,15.1328125,3.6,2025-03-14T23:00:00Z,6_1,Control
a4e9,6_1,Control,2025-03-14T23:26:00Z,0.8,14.8671875,14.875,3.6,2025-03-14T23:20:00Z,6_1,Control
a4e9,6_1,Control,2025-03-14T23:47:00Z,0.79,14.8515625,14.84375,3.6,2025-03-14T23:40:00Z,6_1,Control
a4e9,6_1,Control,2025-03-15T00:09:00Z,0.8,15.1328125,15.1015625,3.6,2025-03-15T00:00:00Z,6_1,Control
a4e9,6_1,Control,2025-03-15T00:30:00Z,0.8,15.9609375,15.8984375,3.6,2025-03-15T00:40:00Z,6_1,Control
a4e9,6_1,Control,2025-03-15T00:52:00Z,0.78,16.0703125,16.046875,3.59,2025-03-15T01:00:00Z,6_1,Control
a4e9,6_1,Control,2025-03-15T01:13:00Z,0.78,15.7265625,15.7265625,3.59,2025-03-15T01:20:00Z,6_1,Control
a4e9,6_1,Control,2025-03-15T01:35:00Z,0.77,15.5625,15.5625,3.59,2025-03-15T01:40:00Z,6_1,Control
a4e9,6_1,Control,2025-03-15T01:56:00Z,0.77,14.7734375,14.796875,3.6,2025-03-15T02:00:00Z,6_1,Control
a4e9,6_1,Control,2025-03-15T02:18:00Z,0.78,14.3984375,14.40625,3.59,2025-03-15T02:20:00Z,6_1,Control
a4e9,6_1,Control,2025-03-15T02:39:00Z,0.79,14.28125,14.28125,3.59,2025-03-15T02:40:00Z,6_1,Control
a4e9,6_1,Control,2025-03-15T03:00:00Z,0.79,14.390625,14.3671875,3.59,2025-03-15T03:00:00Z,6_1,Control
a4e9,6_1,Control,2025-03-15T03:22:00Z,0.84,15.3125,15.1640625,3.6,2025-03-15T03:20:00Z,6_1,Control
a4e9,6_1,Control,2025-03-15T03:43:00Z,0.93,18.078125,17.5,3.59,2025-03-15T03:40:00Z,6_1,Control
a4e9,6_1,Control,2025-03-15T04:05:00Z,0.83,22.1015625,21.25,3.59,2025-03-15T04:00:00Z,6_1,Control
a4e9,6_1,Control,2025-03-15T04:26:00Z,0.82,23.9140625,23.21875,3.59,2025-03-15T04:20:00Z,6_1,Control
a4e9,6_1,Control,2025-03-15T04:48:00Z,0.86,25.0625,24.4375,3.6,2025-03-15T04:40:00Z,6_1,Control
a4e9,6_1,Control,2025-03-15T05:09:00Z,0.81,25.78125,25.3984375,3.6,2025-03-15T05:00:00Z,6_1,Control
a4e9,6_1,Control,2025-03-15T05:31:00Z,0.77,26.5078125,26.1953125,3.6,2025-03-15T05:40:00Z,6_1,Control
a4e9,6_1,Control,2025-03-15T05:52:00Z,0.81,26.890625,26.6796875,3.61,2025-03-15T06:00:00Z,6_1,Control
a4e9,6_1,Control,2025-03-15T06:14:00Z,0.76,27.7890625,27.546875,3.62,2025-03-15T06:20:00Z,6_1,Control
a4e9,6_1,Control,2025-03-15T06:35:00Z,0.79,27.6328125,27.6171875,3.61,2025-03-15T06:40:00Z,6_1,Control
a4e9,6_1,Control,2025-03-15T06:57:00Z,0.78,27.7265625,27.5703125,3.61,2025-03-15T07:00:00Z,6_1,Control
a4e9,6_1,Control,2025-03-15T07:18:00Z,0.81,27.984375,27.9609375,3.62,2025-03-15T07:20:00Z,6_1,Control
a4e9,6_1,Control,2025-03-15T07:40:00Z,0.82,28.890625,28.90625,3.61,2025-03-15T07:40:00Z,6_1,Control
a4e9,6_1,Control,2025-03-15T08:01:00Z,0.76,30.4453125,30.4375,3.62,2025-03-15T08:00:00Z,6_1,Control
a4e9,6_1,Control,2025-03-15T08:22:00Z,0.79,31.328125,31.421875,3.61,2025-03-15T08:20:00Z,6_1,Control
a4e9,6_1,Control,2025-03-15T08:44:00Z,0.78,31.796875,32.2109375,3.62,2025-03-15T08:40:00Z,6_1,Control
a4e9,6_1,Control,2025-03-15T09:05:00Z,0.88,33.375,33.6796875,3.62,2025-03-15T09:00:00Z,6_1,Control
a4e9,6_1,Control,2025-03-15T09:27:00Z,0.82,34.84375,34.96875,3.62,2025-03-15T09:20:00Z,6_1,Control
a4e9,6_1,Control,2025-03-15T09:45:00Z,0.78,34.8046875,34.765625,3.62,2025-03-15T09:40:00Z,6_1,Control
a4e9,6_1,Control,2025-03-15T10:06:00Z,0.74,35.125,35.0859375,3.62,2025-03-15T10:00:00Z,6_1,Control
a4e9,6_1,Control,2025-03-15T10:28:00Z,0.75,32.734375,32.875,3.62,2025-03-15T10:20:00Z,6_1,Control
a4e9,6_1,Control,2025-03-15T10:49:00Z,0.7,31.2109375,31.1953125,3.62,2025-03-15T10:40:00Z,6_1,Control
a4e9,6_1,Control,2025-03-15T11:11:00Z,-0.02,28.5625,28.6171875,3.62,2025-03-15T11:20:00Z,6_1,Control
a4e9,6_1,Control,2025-03-15T11:32:00Z,0.69,22.7421875,22.8515625,3.61,2025-03-15T11:40:00Z,6_1,Control
a4e9,6_1,Control,2025-03-15T11:54:00Z,0.78,21.046875,21.0625,3.62,2025-03-15T12:00:00Z,6_1,Control
a4e9,6_1,Control,2025-03-15T12:15:00Z,0.82,22.2890625,22.234375,3.61,2025-03-15T12:20:00Z,6_1,Control
a4e9,6_1,Control,2025-03-15T12:36:00Z,0.8,22.53125,22.3984375,3.61,2025-03-15T12:40:00Z,6_1,Control
a4e9,6_1,Control,2025-03-15T12:58:00Z,0.76,22.9453125,22.7578125,3.61,2025-03-15T13:00:00Z,6_1,Control
a4e9,6_1,Control,2025-03-15T13:19:00Z,0.75,21.1171875,21.15625,3.61,2025-03-15T13:20:00Z,6_1,Control
a4e9,6_1,Control,2025-03-15T13:41:00Z,0.78,21.0625,21.1171875,3.61,2025-03-15T13:40:00Z,6_1,Control
a4e9,6_1,Control,2025-03-15T14:02:00Z,0.77,20.6953125,20.71875,3.61,2025-03-15T14:00:00Z,6_1,Control
a4e9,6_1,Control,2025-03-15T14:24:00Z,0.68,17.921875,17.984375,3.61,2025-03-15T14:20:00Z,6_1,Control
a4e9,6_1,Control,2025-03-15T14:45:00Z,0.78,16.1796875,16.1953125,3.61,2025-03-15T14:40:00Z,6_1,Control
a4e9,6_1,Control,2025-03-15T15:07:00Z,0.79,16.1875,16.15625,3.61,2025-03-15T15:00:00Z,6_1,Control
a4e9,6_1,Control,2025-03-15T15:28:00Z,0.8,16.40625,16.3671875,3.61,2025-03-15T15:20:00Z,6_1,Control
a4e9,6_1,Control,2025-03-15T15:50:00Z,0.8,16.5078125,16.4375,3.61,2025-03-15T15:40:00Z,6_1,Control
a4e9,6_1,Control,2025-03-15T16:11:00Z,0.79,17.015625,16.9296875,3.61,2025-03-15T16:20:00Z,6_1,Control
a4e9,6_1,Control,2025-03-15T16:33:00Z,0.78,16.7734375,16.7265625,3.6,2025-03-15T16:40:00Z,6_1,Control
a4e9,6_1,Control,2025-03-15T16:54:00Z,0.78,16.5625,16.53125,3.6,2025-03-15T17:00:00Z,6_1,Control
a4e9,6_1,Control,2025-03-15T17:16:00Z,0.79,16.4609375,16.4375,3.6,2025-03-15T17:20:00Z,6_1,Control
a4e9,6_1,Control,2025-03-15T17:37:00Z,0.79,16.5390625,16.5078125,3.61,2025-03-15T17:40:00Z,6_1,Control
a4e9,6_1,Control,2025-03-15T17:58:00Z,0.79,16.4375,16.4140625,3.61,2025-03-15T18:00:00Z,6_1,Control
a4e9,6_1,Control,2025-03-15T18:20:00Z,0.79,16.3984375,16.3515625,3.6,2025-03-15T18:20:00Z,6_1,Control
a4e9,6_1,Control,2025-03-15T18:41:00Z,0.78,16.4921875,16.4375,3.6,2025-03-15T18:40:00Z,6_1,Control
a4e9,6_1,Control,2025-03-15T19:03:00Z,0.79,16.3828125,16.34375,3.6,2025-03-15T19:00:00Z,6_1,Control
a4e9,6_1,Control,2025-03-15T19:24:00Z,0.78,16.203125,16.171875,3.6,2025-03-15T19:20:00Z,6_1,Control
a4e9,6_1,Control,2025-03-15T19:46:00Z,0.79,16.1015625,16.0703125,3.6,2025-03-15T19:40:00Z,6_1,Control
a4e9,6_1,Control,2025-03-15T20:07:00Z,0.78,16.1796875,16.140625,3.6,2025-03-15T20:00:00Z,6_1,Control
a4e9,6_1,Control,2025-03-15T20:29:00Z,0.81,16.390625,16.34375,3.6,2025-03-15T20:20:00Z,6_1,Control
a4e9,6_1,Control,2025-03-15T20:50:00Z,0.79,16.4296875,16.3828125,3.6,2025-03-15T20:40:00Z,6_1,Control
a4e9,6_1,Control,2025-03-15T21:12:00Z,0.77,16.234375,16.1953125,3.6,2025-03-15T21:20:00Z,6_1,Control
a4e9,6_1,Control,2025-03-15T21:33:00Z,0.79,15.921875,15.8984375,3.6,2025-03-15T21:40:00Z,6_1,Control
a4e9,6_1,Control,2025-03-15T21:55:00Z,0.79,15.7578125,15.7265625,3.59,2025-03-15T22:00:00Z,6_1,Control
a4e9,6_1,Control,2025-03-15T22:16:00Z,0.8,15.953125,15.890625,3.6,2025-03-15T22:20:00Z,6_1,Control
a4e9,6_1,Control,2025-03-15T22:38:00Z,0.82,16.46875,16.375,3.6,2025-03-15T22:40:00Z,6_1,Control
a4e9,6_1,Control,2025-03-15T22:59:00Z,0.78,16.6484375,16.546875,3.59,2025-03-15T23:00:00Z,6_1,Control
a4e9,6_1,Control,2025-03-15T23:20:00Z,0.78,16.4296875,16.3359375,3.59,2025-03-15T23:20:00Z,6_1,Control
a4e9,6_1,Control,2025-03-15T23:42:00Z,0.79,16.0703125,16,3.59,2025-03-15T23:40:00Z,6_1,Control
a4e9,6_1,Control,2025-03-16T00:03:00Z,0.79,16.0859375,15.9921875,3.59,2025-03-16T00:00:00Z,6_1,Control
a4e9,6_1,Control,2025-03-16T00:25:00Z,0.79,16.03125,15.9453125,3.6,2025-03-16T00:20:00Z,6_1,Control
a4e9,6_1,Control,2025-03-16T00:46:00Z,0.79,15.84375,15.765625,3.6,2025-03-16T00:40:00Z,6_1,Control
a4e9,6_1,Control,2025-03-16T01:08:00Z,0.79,15.7265625,15.65625,3.59,2025-03-16T01:00:00Z,6_1,Control
a4e9,6_1,Control,2025-03-16T01:29:00Z,0.78,15.640625,15.5703125,3.59,2025-03-16T01:20:00Z,6_1,Control
a4e9,6_1,Control,2025-03-16T01:51:00Z,0.78,15.6328125,15.5625,3.59,2025-03-16T02:00:00Z,6_1,Control
a4e9,6_1,Control,2025-03-16T02:12:00Z,0.79,15.5390625,15.46875,3.59,2025-03-16T02:20:00Z,6_1,Control
a4e9,6_1,Control,2025-03-16T02:34:00Z,0.79,15.4453125,15.390625,3.59,2025-03-16T02:40:00Z,6_1,Control
a4e9,6_1,Control,2025-03-16T02:55:00Z,0.78,15.2890625,15.2421875,3.59,2025-03-16T03:00:00Z,6_1,Control
a4e9,6_1,Control,2025-03-16T03:17:00Z,0.83,15.7109375,15.5859375,3.59,2025-03-16T03:20:00Z,6_1,Control
a4e9,6_1,Control,2025-03-16T03:38:00Z,0.93,17.375,17.0078125,3.59,2025-03-16T03:40:00Z,6_1,Control
a4e9,6_1,Control,2025-03-16T04:00:00Z,0.88,21.96875,20.796875,3.59,2025-03-16T04:00:00Z,6_1,Control
a4e9,6_1,Control,2025-03-16T04:21:00Z,0.88,24.90625,23.953125,3.6,2025-03-16T04:20:00Z,6_1,Control
a4e9,6_1,Control,2025-03-16T04:42:00Z,0.87,26.015625,25.2890625,3.59,2025-03-16T04:40:00Z,6_1,Control
a4e9,6_1,Control,2025-03-16T05:04:00Z,0.83,27.1171875,26.53125,3.6,2025-03-16T05:00:00Z,6_1,Control
a4e9,6_1,Control,2025-03-16T05:25:00Z,0.76,27.1328125,26.7578125,3.6,2025-03-16T05:20:00Z,6_1,Control
a4e9,6_1,Control,2025-03-16T05:47:00Z,0.77,27.0703125,26.8359375,3.6,2025-03-16T05:40:00Z,6_1,Control
a4e9,6_1,Control,2025-03-16T06:08:00Z,0.85,27.3671875,27.109375,3.61,2025-03-16T06:00:00Z,6_1,Control
a4e9,6_1,Control,2025-03-16T06:30:00Z,0.72,27.796875,27.6953125,3.61,2025-03-16T06:40:00Z,6_1,Control
a4e9,6_1,Control,2025-03-16T06:51:00Z,0.85,27.3046875,27.21875,3.61,2025-03-16T07:00:00Z,6_1,Control
a4e9,6_1,Control,2025-03-16T07:13:00Z,0.82,27.609375,27.515625,3.61,2025-03-16T07:20:00Z,6_1,Control
a4e9,6_1,Control,2025-03-16T07:34:00Z,0.72,26.828125,26.7265625,3.61,2025-03-16T07:40:00Z,6_1,Control
a4e9,6_1,Control,2025-03-16T07:56:00Z,0.74,24.875,24.7578125,3.6,2025-03-16T08:00:00Z,6_1,Control
a4e9,6_1,Control,2025-03-16T08:17:00Z,0.8,24.8828125,24.734375,3.6,2025-03-16T08:20:00Z,6_1,Control
a4e9,6_1,Control,2025-03-16T08:39:00Z,0.77,25.1875,25.1171875,3.61,2025-03-16T08:40:00Z,6_1,Control
a4e9,6_1,Control,2025-03-16T09:00:00Z,0.76,23.3125,23.2421875,3.61,2025-03-16T09:00:00Z,6_1,Control
a4e9,6_1,Control,2025-03-16T09:22:00Z,0.87,26.3125,25.96875,3.61,2025-03-16T09:20:00Z,6_1,Control
a4e9,6_1,Control,2025-03-16T09:43:00Z,0.71,26.625,26.5,3.61,2025-03-16T09:40:00Z,6_1,Control
a4e9,6_1,Control,2025-03-16T10:04:00Z,0.82,24.5,24.3828125,3.6,2025-03-16T10:00:00Z,6_1,Control
a4e9,6_1,Control,2025-03-16T10:26:00Z,0.84,25.59375,25.53125,3.61,2025-03-16T10:20:00Z,6_1,Control
a4e9,6_1,Control,2025-03-16T10:47:00Z,0.83,26.5703125,26.5703125,3.61,2025-03-16T10:40:00Z,6_1,Control
a4e9,6_1,Control,2025-03-16T11:09:00Z,0.8,26.515625,26.578125,3.62,2025-03-16T11:00:00Z,6_1,Control
a4e9,6_1,Control,2025-03-16T11:30:00Z,0.83,26.0234375,26.203125,3.62,2025-03-16T11:40:00Z,6_1,Control
a4e9,6_1,Control,2025-03-16T11:52:00Z,0.77,24.6484375,24.7421875,3.61,2025-03-16T12:00:00Z,6_1,Control
a4e9,6_1,Control,2025-03-16T12:13:00Z,0.57,21.6796875,21.734375,3.62,2025-03-16T12:20:00Z,6_1,Control
a4e9,6_1,Control,2025-03-16T12:35:00Z,0.85,20.5703125,20.7578125,3.62,2025-03-16T12:40:00Z,6_1,Control
a4e9,6_1,Control,2025-03-16T12:56:00Z,0.79,21.03125,21.0859375,3.61,2025-03-16T13:00:00Z,6_1,Control
a4e9,6_1,Control,2025-03-16T13:18:00Z,0.8,20.1953125,20.2421875,3.61,2025-03-16T13:20:00Z,6_1,Control
a4e9,6_1,Control,2025-03-16T13:39:00Z,0.81,20.671875,20.7109375,3.61,2025-03-16T13:40:00Z,6_1,Control
a4e9,6_1,Control,2025-03-16T14:01:00Z,0.79,20.6484375,20.671875,3.61,2025-03-16T14:00:00Z,6_1,Control
a4e9,6_1,Control,2025-03-16T14:22:00Z,0.76,19.6171875,19.625,3.61,2025-03-16T14:20:00Z,6_1,Control
a4e9,6_1,Control,2025-03-16T14:43:00Z,0.76,18.15625,18.1640625,3.61,2025-03-16T14:40:00Z,6_1,Control
a4e9,6_1,Control,2025-03-16T15:05:00Z,0.77,16.9921875,17,3.61,2025-03-16T15:00:00Z,6_1,Control
a4e9,6_1,Control,2025-03-16T15:26:00Z,0.78,16.34375,16.3359375,3.6,2025-03-16T15:20:00Z,6_1,Control
a4e9,6_1,Control,2025-03-16T15:48:00Z,0.78,15.8828125,15.875,3.6,2025-03-16T15:40:00Z,6_1,Control
a4e9,6_1,Control,2025-03-16T16:09:00Z,0.78,15.5625,15.5625,3.59,2025-03-16T16:00:00Z,6_1,Control
a4e9,6_1,Control,2025-03-16T16:31:00Z,0.79,15.25,15.25,3.6,2025-03-16T16:40:00Z,6_1,Control
a4e9,6_1,Control,2025-03-16T16:52:00Z,0.79,14.953125,14.953125,3.6,2025-03-16T17:00:00Z,6_1,Control
a4e9,6_1,Control,2025-03-16T17:14:00Z,0.77,14.6875,14.6796875,3.6,2025-03-16T17:20:00Z,6_1,Control
a4e9,6_1,Control,2025-03-16T17:35:00Z,0.77,14.4453125,14.4375,3.59,2025-03-16T17:40:00Z,6_1,Control
a4e9,6_1,Control,2025-03-16T17:57:00Z,0.79,14.2734375,14.265625,3.6,2025-03-16T18:00:00Z,6_1,Control
a4e9,6_1,Control,2025-03-16T18:18:00Z,0.79,14.1640625,14.15625,3.59,2025-03-16T18:20:00Z,6_1,Control
a4e9,6_1,Control,2025-03-16T18:40:00Z,0.79,14.078125,14.0703125,3.59,2025-03-16T18:40:00Z,6_1,Control
a4e9,6_1,Control,2025-03-16T19:01:00Z,0.78,14.0546875,14.0390625,3.59,2025-03-16T19:00:00Z,6_1,Control
a4e9,6_1,Control,2025-03-16T19:23:00Z,0.79,14.078125,14.0625,3.59,2025-03-16T19:20:00Z,6_1,Control
a4e9,6_1,Control,2025-03-16T19:44:00Z,0.78,14.09375,14.0859375,3.6,2025-03-16T19:40:00Z,6_1,Control
a4e9,6_1,Control,2025-03-16T20:05:00Z,0.78,13.9296875,13.9296875,3.6,2025-03-16T20:00:00Z,6_1,Control
a4e9,6_1,Control,2025-03-16T20:27:00Z,0.79,13.921875,13.90625,3.59,2025-03-16T20:20:00Z,6_1,Control
a4e9,6_1,Control,2025-03-16T20:48:00Z,0.79,13.9609375,13.9453125,3.59,2025-03-16T20:40:00Z,6_1,Control
a4e9,6_1,Control,2025-03-16T21:10:00Z,0.79,14.0390625,14.0234375,3.59,2025-03-16T21:00:00Z,6_1,Control
a4e9,6_1,Control,2025-03-16T21:31:00Z,0.79,14.109375,14.09375,3.6,2025-03-16T21:40:00Z,6_1,Control
a4e9,6_1,Control,2025-03-16T21:53:00Z,0.79,14.140625,14.1328125,3.59,2025-03-16T22:00:00Z,6_1,Control
a4e9,6_1,Control,2025-03-16T22:14:00Z,0.78,14.15625,14.140625,3.59,2025-03-16T22:20:00Z,6_1,Control
a4e9,6_1,Control,2025-03-16T22:36:00Z,0.81,14.1484375,14.1328125,3.59,2025-03-16T22:40:00Z,6_1,Control
a4e9,6_1,Control,2025-03-16T22:57:00Z,0.79,14.1484375,14.1328125,3.59,2025-03-16T23:00:00Z,6_1,Control
a4e9,6_1,Control,2025-03-16T23:19:00Z,0.8,14.1328125,14.1171875,3.59,2025-03-16T23:20:00Z,6_1,Control
a4e9,6_1,Control,2025-03-16T23:40:00Z,0.79,14.1484375,14.125,3.59,2025-03-16T23:40:00Z,6_1,Control
a4e9,6_1,Control,2025-03-17T00:02:00Z,0.79,14.1875,14.171875,3.59,2025-03-17T00:00:00Z,6_1,Control
a4e9,6_1,Control,2025-03-17T00:23:00Z,0.78,14.15625,14.140625,3.58,2025-03-17T00:20:00Z,6_1,Control
a4e9,6_1,Control,2025-03-17T00:45:00Z,0.79,14.0546875,14.046875,3.59,2025-03-17T00:40:00Z,6_1,Control
a4e9,6_1,Control,2025-03-17T01:06:00Z,0.78,13.9375,13.9296875,3.59,2025-03-17T01:00:00Z,6_1,Control
a4e9,6_1,Control,2025-03-17T01:27:00Z,0.79,13.8515625,13.8515625,3.59,2025-03-17T01:20:00Z,6_1,Control
a4e9,6_1,Control,2025-03-17T01:49:00Z,0.78,13.7421875,13.734375,3.59,2025-03-17T01:40:00Z,6_1,Control
a4e9,6_1,Control,2025-03-17T02:10:00Z,0.79,13.6328125,13.6171875,3.59,2025-03-17T02:00:00Z,6_1,Control
a4e9,6_1,Control,2025-03-17T02:32:00Z,0.79,13.6328125,13.6171875,3.58,2025-03-17T02:40:00Z,6_1,Control
a4e9,6_1,Control,2025-03-17T02:53:00Z,0.8,13.7578125,13.734375,3.59,2025-03-17T03:00:00Z,6_1,Control
a4e9,6_1,Control,2025-03-17T03:15:00Z,0.8,14.109375,14.0546875,3.59,2025-03-17T03:20:00Z,6_1,Control
a4e9,6_1,Control,2025-03-17T03:36:00Z,0.8,14.3984375,14.3515625,3.59,2025-03-17T03:40:00Z,6_1,Control
a4e9,6_1,Control,2025-03-17T03:58:00Z,0.78,14.546875,14.5234375,3.59,2025-03-17T04:00:00Z,6_1,Control
a4e9,6_1,Control,2025-03-17T04:19:00Z,0.79,14.375,14.359375,3.59,2025-03-17T04:20:00Z,6_1,Control
a4e9,6_1,Control,2025-03-17T04:41:00Z,0.79,14.5234375,14.484375,3.59,2025-03-17T04:40:00Z,6_1,Control
a4e9,6_1,Control,2025-03-17T05:02:00Z,0.82,14.953125,14.890625,3.59,2025-03-17T05:00:00Z,6_1,Control
a4e9,6_1,Control,2025-03-17T05:24:00Z,0.8,15.8046875,15.734375,3.59,2025-03-17T05:20:00Z,6_1,Control
a4e9,6_1,Control,2025-03-17T05:45:00Z,0.82,16.4140625,16.359375,3.59,2025-03-17T05:40:00Z,6_1,Control
a4e9,6_1,Control,2025-03-17T06:07:00Z,0.82,17.2265625,17.1484375,3.59,2025-03-17T06:00:00Z,6_1,Control
a4e9,6_1,Control,2025-03-17T06:28:00Z,0.81,18.4921875,18.4140625,3.6,2025-03-17T06:20:00Z,6_1,Control
a4e9,6_1,Control,2025-03-17T06:50:00Z,0.8,18.9921875,18.9765625,3.59,2025-03-17T06:40:00Z,6_1,Control
a4e9,6_1,Control,2025-03-17T07:11:00Z,0.83,19.359375,19.3359375,3.6,2025-03-17T07:20:00Z,6_1,Control
a4e9,6_1,Control,2025-03-17T07:32:00Z,0.8,20.3984375,20.3671875,3.6,2025-03-17T07:40:00Z,6_1,Control
a4e9,6_1,Control,2025-03-17T07:54:00Z,0.81,21.34375,21.2734375,3.6,2025-03-17T08:00:00Z,6_1,Control
a4e9,6_1,Control,2025-03-17T08:15:00Z,0.84,22.359375,22.2890625,3.6,2025-03-17T08:20:00Z,6_1,Control
a4e9,6_1,Control,2025-03-17T08:37:00Z,0.82,23.5703125,23.6953125,3.6,2025-03-17T08:40:00Z,6_1,Control
a4e9,6_1,Control,2025-03-17T08:58:00Z,0.85,25.1171875,25.5078125,3.6,2025-03-17T09:00:00Z,6_1,Control
a4e9,6_1,Control,2025-03-17T09:12:00Z,0.76,26.0625,26.3203125,3.61,2025-03-17T09:20:00Z,6_1,Control
a4e9,6_1,Control,2025-03-17T09:14:00Z,0.94,26.4453125,26.6640625,3.6,2025-03-17T09:20:00Z,6_1,Control
a4e9,6_1,Control,2025-03-17T09:36:00Z,0.83,26.1953125,26.21875,3.61,2025-03-17T09:40:00Z,6_1,Control
a4e9,6_1,Control,2025-03-17T09:57:00Z,0.83,27.0546875,26.9375,3.61,2025-03-17T10:00:00Z,6_1,Control
a4e9,6_1,Control,2025-03-17T10:19:00Z,0.69,26.703125,26.78125,3.61,2025-03-17T10:20:00Z,6_1,Control
a4e9,6_1,Control,2025-03-17T10:40:00Z,0.83,26.4140625,26.515625,3.61,2025-03-17T10:40:00Z,6_1,Control
a4e9,6_1,Control,2025-03-17T11:02:00Z,0.84,27.0078125,27.25,3.61,2025-03-17T11:00:00Z,6_1,Control
a4e9,6_1,Control,2025-03-17T11:23:00Z,0.82,27.46875,27.8125,3.61,2025-03-17T11:20:00Z,6_1,Control
a4e9,6_1,Control,2025-03-17T11:44:00Z,0.85,27.9140625,28.359375,3.61,2025-03-17T11:40:00Z,6_1,Control
a4e9,6_1,Control,2025-03-17T12:06:00Z,0.87,28.3359375,28.5703125,3.61,2025-03-17T12:00:00Z,6_1,Control
a4e9,6_1,Control,2025-03-17T12:27:00Z,0.82,28.0859375,28.03125,3.6,2025-03-17T12:20:00Z,6_1,Control
a4e9,6_1,Control,2025-03-17T12:49:00Z,0.76,26.953125,26.7265625,3.61,2025-03-17T12:40:00Z,6_1,Control
a4e9,6_1,Control,2025-03-17T13:10:00Z,0.72,24.9375,24.765625,3.61,2025-03-17T13:00:00Z,6_1,Control
a4e9,6_1,Control,2025-03-17T13:32:00Z,0.77,23.390625,23.375,3.61,2025-03-17T13:40:00Z,6_1,Control
a4e9,6_1,Control,2025-03-17T13:53:00Z,0.77,22.3125,22.3828125,3.61,2025-03-17T14:00:00Z,6_1,Control
a4e9,6_1,Control,2025-03-17T14:15:00Z,0.75,21.1953125,21.2265625,3.61,2025-03-17T14:20:00Z,6_1,Control
a4e9,6_1,Control,2025-03-17T14:36:00Z,0.73,19.6796875,19.71875,3.6,2025-03-17T14:40:00Z,6_1,Control
a4e9,6_1,Control,2025-03-17T14:58:00Z,0.75,18.265625,18.2890625,3.61,2025-03-17T15:00:00Z,6_1,Control
a4e9,6_1,Control,2025-03-17T15:19:00Z,0.77,17.4140625,17.4296875,3.6,2025-03-17T15:20:00Z,6_1,Control
a4e9,6_1,Control,2025-03-17T15:41:00Z,0.78,16.859375,16.875,3.61,2025-03-17T15:40:00Z,6_1,Control
a4e9,6_1,Control,2025-03-17T16:02:00Z,0.78,16.328125,16.3515625,3.6,2025-03-17T16:00:00Z,6_1,Control
a4e9,6_1,Control,2025-03-17T16:24:00Z,0.77,16,16.0078125,3.6,2025-03-17T16:20:00Z,6_1,Control
a4e9,6_1,Control,2025-03-17T16:45:00Z,0.76,15.59375,15.6171875,3.6,2025-03-17T16:40:00Z,6_1,Control
a4e9,6_1,Control,2025-03-17T17:06:00Z,0.77,15.1171875,15.1484375,3.6,2025-03-17T17:00:00Z,6_1,Control
a4e9,6_1,Control,2025-03-17T17:28:00Z,0.78,14.640625,14.671875,3.6,2025-03-17T17:20:00Z,6_1,Control
a4e9,6_1,Control,2025-03-17T17:49:00Z,0.79,14.390625,14.40625,3.6,2025-03-17T17:40:00Z,6_1,Control
a4e9,6_1,Control,2025-03-17T18:11:00Z,0.77,14.3671875,14.375,3.6,2025-03-17T18:20:00Z,6_1,Control
a4e9,6_1,Control,2025-03-17T18:32:00Z,0.78,14.171875,14.1953125,3.59,2025-03-17T18:40:00Z,6_1,Control
a4e9,6_1,Control,2025-03-17T18:54:00Z,0.78,13.84375,13.890625,3.59,2025-03-17T19:00:00Z,6_1,Control
a4e9,6_1,Control,2025-03-17T19:15:00Z,0.77,13.3984375,13.4375,3.6,2025-03-17T19:20:00Z,6_1,Control
a4e9,6_1,Control,2025-03-17T19:37:00Z,0.77,13.0703125,13.109375,3.59,2025-03-17T19:40:00Z,6_1,Control
a4e9,6_1,Control,2025-03-17T19:58:00Z,0.78,12.859375,12.890625,3.6,2025-03-17T20:00:00Z,6_1,Control
a4e9,6_1,Control,2025-03-17T20:20:00Z,0.81,13.171875,13.1640625,3.59,2025-03-17T20:20:00Z,6_1,Control
a4e9,6_1,Control,2025-03-17T20:41:00Z,0.79,13.609375,13.609375,3.59,2025-03-17T20:40:00Z,6_1,Control
a4e9,6_1,Control,2025-03-17T21:03:00Z,0.79,13.71875,13.75,3.6,2025-03-17T21:00:00Z,6_1,Control
a4e9,6_1,Control,2025-03-17T21:24:00Z,0.79,13.609375,13.6328125,3.58,2025-03-17T21:20:00Z,6_1,Control
a4e9,6_1,Control,2025-03-17T21:46:00Z,0.79,13.625,13.640625,3.59,2025-03-17T21:40:00Z,6_1,Control
a4e9,6_1,Control,2025-03-17T22:07:00Z,0.76,13.453125,13.4765625,3.59,2025-03-17T22:00:00Z,6_1,Control
a4e9,6_1,Control,2025-03-17T22:28:00Z,0.79,13.4765625,13.4921875,3.59,2025-03-17T22:20:00Z,6_1,Control
a4e9,6_1,Control,2025-03-17T22:50:00Z,0.78,13.5390625,13.5546875,3.59,2025-03-17T22:40:00Z,6_1,Control
a4e9,6_1,Control,2025-03-17T23:11:00Z,0.78,13.5,13.53125,3.59,2025-03-17T23:20:00Z,6_1,Control
a4e9,6_1,Control,2025-03-17T23:33:00Z,0.79,13.5625,13.59375,3.58,2025-03-17T23:40:00Z,6_1,Control
a4e9,6_1,Control,2025-03-17T23:54:00Z,0.79,13.5625,13.5859375,3.59,2025-03-18T00:00:00Z,6_1,Control
a4e9,6_1,Control,2025-03-18T00:16:00Z,0.77,13.3984375,13.421875,3.59,2025-03-18T00:20:00Z,6_1,Control
a4e9,6_1,Control,2025-03-18T00:37:00Z,0.79,12.90625,12.9296875,3.59,2025-03-18T00:40:00Z,6_1,Control
a4e9,6_1,Control,2025-03-18T00:59:00Z,0.79,13.109375,13.1015625,3.59,2025-03-18T01:00:00Z,6_1,Control
a4e9,6_1,Control,2025-03-18T01:20:00Z,0.78,13.34375,13.3515625,3.59,2025-03-18T01:20:00Z,6_1,Control
a4e9,6_1,Control,2025-03-18T01:42:00Z,0.77,13.453125,13.46875,3.59,2025-03-18T01:40:00Z,6_1,Control
a4e9,6_1,Control,2025-03-18T02:03:00Z,0.76,13.0546875,13.0859375,3.59,2025-03-18T02:00:00Z,6_1,Control
a4e9,6_1,Control,2025-03-18T02:25:00Z,0.78,12.5703125,12.59375,3.59,2025-03-18T02:20:00Z,6_1,Control
a4e9,6_1,Control,2025-03-18T02:46:00Z,0.77,12.375,12.390625,3.59,2025-03-18T02:40:00Z,6_1,Control
a4e9,6_1,Control,2025-03-18T03:08:00Z,0.81,12.484375,12.453125,3.58,2025-03-18T03:00:00Z,6_1,Control
a4e9,6_1,Control,2025-03-18T03:29:00Z,0.83,13.6796875,13.53125,3.58,2025-03-18T03:20:00Z,6_1,Control
a4e9,6_1,Control,2025-03-18T03:50:00Z,0.89,16.6953125,16.1015625,3.58,2025-03-18T03:40:00Z,6_1,Control
a4e9,6_1,Control,2025-03-18T04:12:00Z,0.86,20.0078125,19.375,3.59,2025-03-18T04:20:00Z,6_1,Control
a4e9,6_1,Control,2025-03-18T04:33:00Z,0.83,22.375,21.78125,3.6,2025-03-18T04:40:00Z,6_1,Control
a4e9,6_1,Control,2025-03-18T04:55:00Z,0.77,23.6328125,23.1640625,3.59,2025-03-18T05:00:00Z,6_1,Control
a4e9,6_1,Control,2025-03-18T05:16:00Z,0.82,24.4375,24.1328125,3.6,2025-03-18T05:20:00Z,6_1,Control
a4e9,6_1,Control,2025-03-18T05:38:00Z,0.77,25.3359375,25.0078125,3.61,2025-03-18T05:40:00Z,6_1,Control
a4e9,6_1,Control,2025-03-18T05:59:00Z,0.81,25.203125,25.125,3.61,2025-03-18T06:00:00Z,6_1,Control
a4e9,6_1,Control,2025-03-18T06:21:00Z,0.81,25.96875,25.671875,3.6,2025-03-18T06:20:00Z,6_1,Control
a4e9,6_1,Control,2025-03-18T06:42:00Z,0.83,25.8828125,25.875,3.6,2025-03-18T06:40:00Z,6_1,Control
a4e9,6_1,Control,2025-03-18T07:04:00Z,0.81,26.5234375,26.4296875,3.61,2025-03-18T07:00:00Z,6_1,Control
a4e9,6_1,Control,2025-03-18T07:25:00Z,0.83,27.1796875,27.171875,3.61,2025-03-18T07:20:00Z,6_1,Control
a4e9,6_1,Control,2025-03-18T07:47:00Z,0.84,28.2890625,28.296875,3.61,2025-03-18T07:40:00Z,6_1,Control
a4e9,6_1,Control,2025-03-18T08:08:00Z,0.8,29.1953125,29.203125,3.61,2025-03-18T08:00:00Z,6_1,Control
a4e9,6_1,Control,2025-03-18T08:29:00Z,0.73,30.1640625,30.375,3.61,2025-03-18T08:20:00Z,6_1,Control
a4e9,6_1,Control,2025-03-18T08:51:00Z,0.81,30.8984375,31.375,3.61,2025-03-18T09:00:00Z,6_1,Control
a4e9,6_1,Control,2025-03-18T09:12:00Z,0.89,32.4453125,32.8046875,3.61,2025-03-18T09:20:00Z,6_1,Control
a4e9,6_1,Control,2025-03-18T09:34:00Z,0.87,33.5546875,33.5625,3.62,2025-03-18T09:40:00Z,6_1,Control
a4e9,6_1,Control,2025-03-18T09:55:00Z,0.81,34.6796875,34.5,3.61,2025-03-18T10:00:00Z,6_1,Control
a4e9,6_1,Control,2025-03-18T10:17:00Z,0.8,34.34375,34.4140625,3.62,2025-03-18T10:20:00Z,6_1,Control
a4e9,6_1,Control,2025-03-18T10:38:00Z,0.83,35.21875,35.4140625,3.62,2025-03-18T10:40:00Z,6_1,Control
a4e9,6_1,Control,2025-03-18T11:00:00Z,0.86,35.9453125,36.109375,3.62,2025-03-18T11:00:00Z,6_1,Control
a4e9,6_1,Control,2025-03-18T11:21:00Z,0.74,36.1484375,36.421875,3.63,2025-03-18T11:20:00Z,6_1,Control
a4e9,6_1,Control,2025-03-18T11:43:00Z,0.86,36.5,36.84375,3.62,2025-03-18T11:40:00Z,6_1,Control
a4e9,6_1,Control,2025-03-18T12:04:00Z,0.85,36.9375,37.2578125,3.62,2025-03-18T12:00:00Z,6_1,Control
a4e9,6_1,Control,2025-03-18T12:26:00Z,0.84,36.28125,36.3203125,3.62,2025-03-18T12:20:00Z,6_1,Control
a4e9,6_1,Control,2025-03-18T12:47:00Z,0.75,34.984375,34.796875,3.62,2025-03-18T12:40:00Z,6_1,Control
a4e9,6_1,Control,2025-03-18T13:09:00Z,0.72,33.5078125,33.2734375,3.62,2025-03-18T13:00:00Z,6_1,Control
a4e9,6_1,Control,2025-03-18T13:30:00Z,0.75,31.921875,31.8671875,3.62,2025-03-18T13:40:00Z,6_1,Control
a4e9,6_1,Control,2025-03-18T13:51:00Z,0.78,30.734375,30.7578125,3.62,2025-03-18T14:00:00Z,6_1,Control
a4e9,6_1,Control,2025-03-18T14:13:00Z,0.76,29.53125,29.5390625,3.62,2025-03-18T14:20:00Z,6_1,Control
a4e9,6_1,Control,2025-03-18T14:34:00Z,0.71,27.84375,27.8515625,3.62,2025-03-18T14:40:00Z,6_1,Control
a4e9,6_1,Control,2025-03-18T14:56:00Z,0.75,25.984375,25.9921875,3.62,2025-03-18T15:00:00Z,6_1,Control
a4e9,6_1,Control,2025-03-18T15:17:00Z,0.76,24.7109375,24.71875,3.62,2025-03-18T15:20:00Z,6_1,Control
a4e9,6_1,Control,2025-03-18T15:39:00Z,0.76,23.75,23.75,3.61,2025-03-18T15:40:00Z,6_1,Control
a4e9,6_1,Control,2025-03-18T16:00:00Z,0.79,23.203125,23.1953125,3.62,2025-03-18T16:00:00Z,6_1,Control
a4e9,6_1,Control,2025-03-18T16:22:00Z,0.79,22.875,22.859375,3.61,2025-03-18T16:20:00Z,6_1,Control
a4e9,6_1,Control,2025-03-18T16:43:00Z,0.78,22.59375,22.5859375,3.61,2025-03-18T16:40:00Z,6_1,Control
a4e9,6_1,Control,2025-03-18T17:05:00Z,0.78,22.25,22.2421875,3.61,2025-03-18T17:00:00Z,6_1,Control
a4e9,6_1,Control,2025-03-18T17:26:00Z,0.79,22.015625,22,3.61,2025-03-18T17:20:00Z,6_1,Control
a4e9,6_1,Control,2025-03-18T17:48:00Z,0.79,22.3671875,22.328125,3.61,2025-03-18T17:40:00Z,6_1,Control
a4e9,6_1,Control,2025-03-18T18:09:00Z,0.74,22.09375,22.09375,3.61,2025-03-18T18:00:00Z,6_1,Control
a4e9,6_1,Control,2025-03-18T18:31:00Z,0.76,21.0703125,21.09375,3.61,2025-03-18T18:40:00Z,6_1,Control
a4e9,6_1,Control,2025-03-18T18:52:00Z,0.76,20.1328125,20.1484375,3.6,2025-03-18T19:00:00Z,6_1,Control
a4e9,6_1,Control,2025-03-18T19:13:00Z,0.77,19.2734375,19.2890625,3.61,2025-03-18T19:20:00Z,6_1,Control
a4e9,6_1,Control,2025-03-18T19:35:00Z,0.77,18.8984375,18.890625,3.6,2025-03-18T19:40:00Z,6_1,Control
a4e9,6_1,Control,2025-03-18T19:56:00Z,0.77,18.4921875,18.4921875,3.61,2025-03-18T20:00:00Z,6_1,Control
a4e9,6_1,Control,2025-03-18T20:18:00Z,0.78,18.203125,18.1953125,3.6,2025-03-18T20:20:00Z,6_1,Control
a4e9,6_1,Control,2025-03-18T20:39:00Z,0.78,18.1171875,18.1015625,3.6,2025-03-18T20:40:00Z,6_1,Control
a4e9,6_1,Control,2025-03-18T21:01:00Z,0.77,17.625,17.6328125,3.6,2025-03-18T21:00:00Z,6_1,Control
a4e9,6_1,Control,2025-03-18T21:22:00Z,0.77,17.4765625,17.46875,3.6,2025-03-18T21:20:00Z,6_1,Control
a4e9,6_1,Control,2025-03-18T21:44:00Z,0.78,16.984375,16.984375,3.6,2025-03-18T21:40:00Z,6_1,Control
a4e9,6_1,Control,2025-03-18T22:05:00Z,0.77,16.7109375,16.7109375,3.6,2025-03-18T22:00:00Z,6_1,Control
a4e9,6_1,Control,2025-03-18T22:27:00Z,0.79,16.6953125,16.671875,3.61,2025-03-18T22:20:00Z,6_1,Control
a4e9,6_1,Control,2025-03-18T22:48:00Z,0.79,16.796875,16.78125,3.6,2025-03-18T22:40:00Z,6_1,Control
a4e9,6_1,Control,2025-03-18T23:10:00Z,0.8,16.7890625,16.765625,3.6,2025-03-18T23:00:00Z,6_1,Control
a4e9,6_1,Control,2025-03-18T23:31:00Z,0.79,16.765625,16.75,3.59,2025-03-18T23:40:00Z,6_1,Control
a4e9,6_1,Control,2025-03-18T23:53:00Z,0.8,16.5234375,16.515625,3.6,2025-03-19T00:00:00Z,6_1,Control
a4e9,6_1,Control,2025-03-19T00:14:00Z,0.8,16.515625,16.4921875,3.6,2025-03-19T00:20:00Z,6_1,Control
a4e9,6_1,Control,2025-03-19T00:35:00Z,0.78,16.6640625,16.640625,3.6,2025-03-19T00:40:00Z,6_1,Control
a4e9,6_1,Control,2025-03-19T00:57:00Z,0.78,16.484375,16.46875,3.6,2025-03-19T01:00:00Z,6_1,Control
a4e9,6_1,Control,2025-03-19T01:18:00Z,0.81,16.359375,16.328125,3.6,2025-03-19T01:20:00Z,6_1,Control
a4e9,6_1,Control,2025-03-19T01:40:00Z,0.79,16.734375,16.6953125,3.6,2025-03-19T01:40:00Z,6_1,Control
a4e9,6_1,Control,2025-03-19T02:01:00Z,0.77,16.3984375,16.390625,3.59,2025-03-19T02:00:00Z,6_1,Control
a4e9,6_1,Control,2025-03-19T02:23:00Z,0.8,15.921875,15.90625,3.6,2025-03-19T02:20:00Z,6_1,Control
a4e9,6_1,Control,2025-03-19T02:44:00Z,0.79,16.0703125,16.03125,3.6,2025-03-19T02:40:00Z,6_1,Control
a4e9,6_1,Control,2025-03-19T03:06:00Z,0.81,16.34375,16.28125,3.59,2025-03-19T03:00:00Z,6_1,Control
a4e9,6_1,Control,2025-03-19T03:27:00Z,0.87,17.8671875,17.6640625,3.59,2025-03-19T03:20:00Z,6_1,Control
a4e9,6_1,Control,2025-03-19T03:49:00Z,0.95,22.3671875,21.546875,3.6,2025-03-19T03:40:00Z,6_1,Control
a4e9,6_1,Control,2025-03-19T04:10:00Z,0.85,27.4296875,26.5234375,3.61,2025-03-19T04:00:00Z,6_1,Control
a4e9,6_1,Control,2025-03-19T04:32:00Z,0.87,29.7578125,28.9921875,3.6,2025-03-19T04:40:00Z,6_1,Control
a4e9,6_1,Control,2025-03-19T04:53:00Z,0.83,30.25,29.5625,3.61,2025-03-19T05:00:00Z,6_1,Control
a4e9,6_1,Control,2025-03-19T05:15:00Z,0.76,31.1171875,30.5078125,3.61,2025-03-19T05:20:00Z,6_1,Control
a4e9,6_1,Control,2025-03-19T05:36:00Z,0.79,31.2109375,30.8828125,3.61,2025-03-19T05:40:00Z,6_1,Control
a4e9,6_1,Control,2025-03-19T05:57:00Z,0.8,31.21875,31.046875,3.62,2025-03-19T06:00:00Z,6_1,Control
a4e9,6_1,Control,2025-03-19T06:19:00Z,0.81,31.359375,31.09375,3.61,2025-03-19T06:20:00Z,6_1,Control
a4e9,6_1,Control,2025-03-19T06:40:00Z,0.81,30.625,30.625,3.61,2025-03-19T06:40:00Z,6_1,Control
a4e9,6_1,Control,2025-03-19T07:02:00Z,0.77,30.9453125,30.9296875,3.62,2025-03-19T07:00:00Z,6_1,Control
a4e9,6_1,Control,2025-03-19T07:23:00Z,0.82,31.5703125,31.5703125,3.62,2025-03-19T07:20:00Z,6_1,Control
a4e9,6_1,Control,2025-03-19T07:45:00Z,0.83,32.7265625,32.734375,3.61,2025-03-19T07:40:00Z,6_1,Control
a4e9,6_1,Control,2025-03-19T08:06:00Z,0.85,33.96875,33.984375,3.62,2025-03-19T08:00:00Z,6_1,Control
a4e9,6_1,Control,2025-03-19T08:28:00Z,0.76,34.96875,35.0859375,3.62,2025-03-19T08:20:00Z,6_1,Control
a4e9,6_1,Control,2025-03-19T08:49:00Z,0.83,35.1875,35.53125,3.62,2025-03-19T08:40:00Z,6_1,Control
a4e9,6_1,Control,2025-03-19T09:11:00Z,0.85,36.1015625,36.390625,3.63,2025-03-19T09:20:00Z,6_1,Control
a4e9,6_1,Control,2025-03-19T09:32:00Z,0.83,36.8125,36.8203125,3.62,2025-03-19T09:40:00Z,6_1,Control
a4e9,6_1,Control,2025-03-19T09:54:00Z,0.73,37.515625,37.359375,3.62,2025-03-19T10:00:00Z,6_1,Control
a4e9,6_1,Control,2025-03-19T10:15:00Z,0.78,37.546875,37.5390625,3.63,2025-03-19T10:20:00Z,6_1,Control
a4e9,6_1,Control,2025-03-19T10:37:00Z,0.59,36.4375,36.5859375,3.63,2025-03-19T10:40:00Z,6_1,Control
a4e9,6_1,Control,2025-03-19T10:58:00Z,0.82,35.4140625,35.453125,3.63,2025-03-19T11:00:00Z,6_1,Control
a4e9,6_1,Control,2025-03-19T11:19:00Z,0.78,33.5625,33.6875,3.63,2025-03-19T11:20:00Z,6_1,Control
a4e9,6_1,Control,2025-03-19T11:41:00Z,0.85,33.9609375,34.046875,3.62,2025-03-19T11:40:00Z,6_1,Control
a4e9,6_1,Control,2025-03-19T12:02:00Z,0.88,34.0625,34.078125,3.63,2025-03-19T12:00:00Z,6_1,Control
a4e9,6_1,Control,2025-03-19T12:24:00Z,0.74,36.0546875,36.0234375,3.62,2025-03-19T12:20:00Z,6_1,Control
a4e9,6_1,Control,2025-03-19T12:45:00Z,0.74,33.9296875,33.953125,3.62,2025-03-19T12:40:00Z,6_1,Control
a4e9,6_1,Control,2025-03-19T13:07:00Z,0.75,32.1875,32.1484375,3.63,2025-03-19T13:00:00Z,6_1,Control
a4e9,6_1,Control,2025-03-19T13:28:00Z,0.77,31.0625,31.015625,3.62,2025-03-19T13:20:00Z,6_1,Control
a4e9,6_1,Control,2025-03-19T13:50:00Z,0.81,30.984375,30.9453125,3.62,2025-03-19T13:40:00Z,6_1,Control
a4e9,6_1,Control,2025-03-19T14:11:00Z,0.75,30.3359375,30.3203125,3.62,2025-03-19T14:20:00Z,6_1,Control
a4e9,6_1,Control,2025-03-19T14:33:00Z,0.73,28.7734375,28.78125,3.62,2025-03-19T14:40:00Z,6_1,Control
a4e9,6_1,Control,2025-03-19T14:54:00Z,0.76,27.4765625,27.4609375,3.62,2025-03-19T15:00:00Z,6_1,Control
a4e9,6_1,Control,2025-03-19T15:16:00Z,0.75,26.5703125,26.5546875,3.62,2025-03-19T15:20:00Z,6_1,Control
a4e9,6_1,Control,2025-03-19T15:37:00Z,0.78,25.8515625,25.8359375,3.62,2025-03-19T15:40:00Z,6_1,Control
a4e9,6_1,Control,2025-03-19T15:59:00Z,0.77,25.4296875,25.4140625,3.61,2025-03-19T16:00:00Z,6_1,Control
a4e9,6_1,Control,2025-03-19T16:20:00Z,0.77,24.9921875,24.9921875,3.61,2025-03-19T16:20:00Z,6_1,Control
a4e9,6_1,Control,2025-03-19T16:41:00Z,0.78,24.703125,24.6796875,3.62,2025-03-19T16:40:00Z,6_1,Control
a4e9,6_1,Control,2025-03-19T17:03:00Z,0.79,24.6171875,24.5859375,3.62,2025-03-19T17:00:00Z,6_1,Control
a4e9,6_1,Control,2025-03-19T17:24:00Z,0.79,24.6953125,24.6640625,3.62,2025-03-19T17:20:00Z,6_1,Control
a4e9,6_1,Control,2025-03-19T17:46:00Z,0.79,24.46875,24.453125,3.61,2025-03-19T17:40:00Z,6_1,Control
a4e9,6_1,Control,2025-03-19T18:07:00Z,0.77,24.25,24.234375,3.62,2025-03-19T18:00:00Z,6_1,Control
a4e9,6_1,Control,2025-03-19T18:29:00Z,0.77,23.6171875,23.609375,3.61,2025-03-19T18:20:00Z,6_1,Control
a4e9,6_1,Control,2025-03-19T18:50:00Z,0.79,23.2265625,23.203125,3.61,2025-03-19T18:40:00Z,6_1,Control
a4e9,6_1,Control,2025-03-19T19:12:00Z,0.8,23.6640625,23.609375,3.61,2025-03-19T19:20:00Z,6_1,Control
a4e9,6_1,Control,2025-03-19T19:33:00Z,0.79,23.6171875,23.59375,3.62,2025-03-19T19:40:00Z,6_1,Control
a4e9,6_1,Control,2025-03-19T19:55:00Z,0.77,23.546875,23.5234375,3.61,2025-03-19T20:00:00Z,6_1,Control
a4e9,6_1,Control,2025-03-19T20:16:00Z,0.76,22.609375,22.625,3.61,2025-03-19T20:20:00Z,6_1,Control
a4e9,6_1,Control,2025-03-19T20:38:00Z,0.75,21.5078125,21.5234375,3.61,2025-03-19T20:40:00Z,6_1,Control
a4e9,6_1,Control,2025-03-19T20:59:00Z,0.78,20.9921875,20.984375,3.61,2025-03-19T21:00:00Z,6_1,Control
a4e9,6_1,Control,2025-03-19T21:21:00Z,0.8,21.234375,21.203125,3.61,2025-03-19T21:20:00Z,6_1,Control
a4e9,6_1,Control,2025-03-19T21:42:00Z,0.78,21.4453125,21.4140625,3.6,2025-03-19T21:40:00Z,6_1,Control
a4e9,6_1,Control,2025-03-19T22:03:00Z,0.81,21.4921875,21.453125,3.61,2025-03-19T22:00:00Z,6_1,Control
a4e9,6_1,Control,2025-03-19T22:25:00Z,0.78,22.40625,22.34375,3.61,2025-03-19T22:20:00Z,6_1,Control
a4e9,6_1,Control,2025-03-19T22:46:00Z,0.77,22.1015625,22.078125,3.61,2025-03-19T22:40:00Z,6_1,Control
a4e9,6_1,Control,2025-03-19T23:08:00Z,0.79,21.9375,21.9140625,3.6,2025-03-19T23:00:00Z,6_1,Control
a4e9,6_1,Control,2025-03-19T23:29:00Z,0.79,22.4921875,22.4375,3.61,2025-03-19T23:20:00Z,6_1,Control
a4e9,6_1,Control,2025-03-19T23:51:00Z,0.77,22.140625,22.140625,3.61,2025-03-20T00:00:00Z,6_1,Control
a4e9,6_1,Control,2025-03-20T00:12:00Z,0.8,21.6875,21.671875,3.61,2025-03-20T00:20:00Z,6_1,Control
a4e9,6_1,Control,2025-03-20T00:34:00Z,0.63,19.2265625,19.2890625,3.61,2025-03-20T00:40:00Z,6_1,Control
a4e9,6_1,Control,2025-03-20T00:55:00Z,0.78,17.6328125,17.7265625,3.6,2025-03-20T01:00:00Z,6_1,Control
a4e9,6_1,Control,2025-03-20T01:17:00Z,0.77,17.21875,17.25,3.6,2025-03-20T01:20:00Z,6_1,Control
a4e9,6_1,Control,2025-03-20T01:38:00Z,0.79,17.3125,17.2578125,3.61,2025-03-20T01:40:00Z,6_1,Control
a4e9,6_1,Control,2025-03-20T02:00:00Z,0.79,17.4765625,17.453125,3.6,2025-03-20T02:00:00Z,6_1,Control
a4e9,6_1,Control,2025-03-20T02:21:00Z,0.8,17.796875,17.7421875,3.6,2025-03-20T02:20:00Z,6_1,Control
a4e9,6_1,Control,2025-03-20T02:42:00Z,0.78,18.234375,18.1640625,3.61,2025-03-20T02:40:00Z,6_1,Control
a4e9,6_1,Control,2025-03-20T03:04:00Z,0.81,18.6640625,18.6015625,3.6,2025-03-20T03:00:00Z,6_1,Control
a4e9,6_1,Control,2025-03-20T03:25:00Z,0.84,19.7421875,19.6015625,3.61,2025-03-20T03:20:00Z,6_1,Control
a4e9,6_1,Control,2025-03-20T03:47:00Z,0.82,21.2421875,21.0234375,3.6,2025-03-20T03:40:00Z,6_1,Control
a4e9,6_1,Control,2025-03-20T04:08:00Z,0.81,22.078125,21.828125,3.6,2025-03-20T04:00:00Z,6_1,Control
a4e9,6_1,Control,2025-03-20T04:30:00Z,0.82,22.8203125,22.5625,3.6,2025-03-20T04:40:00Z,6_1,Control
a4e9,6_1,Control,2025-03-20T04:51:00Z,0.82,24.296875,23.9296875,3.61,2025-03-20T05:00:00Z,6_1,Control
a4e9,6_1,Control,2025-03-20T05:13:00Z,0.86,25.7578125,25.328125,3.6,2025-03-20T05:20:00Z,6_1,Control
a4e9,6_1,Control,2025-03-20T05:34:00Z,0.79,28.078125,27.6640625,3.61,2025-03-20T05:40:00Z,6_1,Control
a4e9,6_1,Control,2025-03-20T05:56:00Z,0.76,27.578125,27.3984375,3.6,2025-03-20T06:00:00Z,6_1,Control
a4e9,6_1,Control,2025-03-20T06:17:00Z,0.77,26.8359375,26.6953125,3.61,2025-03-20T06:20:00Z,6_1,Control
a4e9,6_1,Control,2025-03-20T06:39:00Z,0.78,26.6875,26.5234375,3.61,2025-03-20T06:40:00Z,6_1,Control
a4e9,6_1,Control,2025-03-20T07:00:00Z,0.84,27.078125,26.9140625,3.61,2025-03-20T07:00:00Z,6_1,Control
a4e9,6_1,Control,2025-03-20T07:22:00Z,0.87,29.21875,28.921875,3.61,2025-03-20T07:20:00Z,6_1,Control
a4e9,6_1,Control,2025-03-20T07:43:00Z,0.78,31.03125,30.9375,3.61,2025-03-20T07:40:00Z,6_1,Control
a4e9,6_1,Control,2025-03-20T08:04:00Z,0.83,30.8515625,30.828125,3.61,2025-03-20T08:00:00Z,6_1,Control
a4e9,6_1,Control,2025-03-20T08:26:00Z,0.83,31.7109375,31.6953125,3.62,2025-03-20T08:20:00Z,6_1,Control
a4e9,6_1,Control,2025-03-20T08:47:00Z,0.83,33.140625,33.3359375,3.62,2025-03-20T08:40:00Z,6_1,Control
a4e9,6_1,Control,2025-03-20T09:09:00Z,0.82,32.6875,32.84375,3.62,2025-03-20T09:00:00Z,6_1,Control
a4e9,6_1,Control,2025-03-20T09:30:00Z,0.85,34.4921875,34.4921875,3.62,2025-03-20T09:40:00Z,6_1,Control
a4e9,6_1,Control,2025-03-20T09:45:00Z,0.86,34.5078125,34.5,3.62,2025-03-20T09:40:00Z,6_1,Control
a4e9,6_1,Control,2025-03-20T10:06:00Z,0.77,34.390625,34.3984375,3.62,2025-03-20T10:00:00Z,6_1,Control
a4e9,6_1,Control,2025-03-20T10:28:00Z,0.74,34.46875,34.5078125,3.62,2025-03-20T10:20:00Z,6_1,Control
a4e9,6_1,Control,2025-03-20T10:49:00Z,0.73,32.234375,32.15625,3.62,2025-03-20T10:40:00Z,6_1,Control
a4e9,6_1,Control,2025-03-20T11:11:00Z,0.74,29.9609375,29.84375,3.62,2025-03-20T11:20:00Z,6_1,Control
a4e9,6_1,Control,2025-03-20T11:32:00Z,0.75,28.2109375,28.1015625,3.62,2025-03-20T11:40:00Z,6_1,Control
a4e9,6_1,Control,2025-03-20T11:54:00Z,0.77,26.671875,26.5859375,3.62,2025-03-20T12:00:00Z,6_1,Control
a4e9,6_1,Control,2025-03-20T12:15:00Z,0.74,25.609375,25.546875,3.61,2025-03-20T12:20:00Z,6_1,Control
a4e9,6_1,Control,2025-03-20T12:37:00Z,0.63,22.0234375,22.1328125,3.61,2025-03-20T12:40:00Z,6_1,Control
a4e9,6_1,Control,2025-03-20T12:58:00Z,0.71,19.765625,19.8203125,3.61,2025-03-20T13:00:00Z,6_1,Control
a4e9,6_1,Control,2025-03-20T13:20:00Z,0.79,18.7109375,18.6953125,3.61,2025-03-20T13:20:00Z,6_1,Control
a4e9,6_1,Control,2025-03-20T13:41:00Z,0.79,18.6640625,18.6328125,3.61,2025-03-20T13:40:00Z,6_1,Control
a4e9,6_1,Control,2025-03-20T14:02:00Z,0.78,18.3125,18.2890625,3.61,2025-03-20T14:00:00Z,6_1,Control
a4e9,6_1,Control,2025-03-20T14:24:00Z,0.78,17.7421875,17.734375,3.61,2025-03-20T14:20:00Z,6_1,Control
a4e9,6_1,Control,2025-03-20T14:45:00Z,0.8,17.4375,17.4140625,3.61,2025-03-20T14:40:00Z,6_1,Control
a4e9,6_1,Control,2025-03-20T15:07:00Z,0.8,17.3203125,17.3046875,3.61,2025-03-20T15:00:00Z,6_1,Control
a4e9,6_1,Control,2025-03-20T15:28:00Z,0.78,17.2265625,17.203125,3.61,2025-03-20T15:20:00Z,6_1,Control
a4e9,6_1,Control,2025-03-20T15:50:00Z,0.8,17.40625,17.3671875,3.6,2025-03-20T15:40:00Z,6_1,Control
a4e9,6_1,Control,2025-03-20T16:11:00Z,0.8,17.65625,17.625,3.6,2025-03-20T16:20:00Z,6_1,Control
a4e9,6_1,Control,2025-03-20T16:33:00Z,0.79,17.6875,17.671875,3.6,2025-03-20T16:40:00Z,6_1,Control
a4e9,6_1,Control,2025-03-20T16:54:00Z,0.79,17.5546875,17.5390625,3.61,2025-03-20T17:00:00Z,6_1,Control
a4e9,6_1,Control,2025-03-20T17:16:00Z,0.8,17.5,17.484375,3.6,2025-03-20T17:20:00Z,6_1,Control
a4e9,6_1,Control,2025-03-20T17:37:00Z,0.79,17.4453125,17.4375,3.6,2025-03-20T17:40:00Z,6_1,Control
a4e9,6_1,Control,2025-03-20T17:59:00Z,0.79,17.3046875,17.2890625,3.6,2025-03-20T18:00:00Z,6_1,Control
a4e9,6_1,Control,2025-03-20T18:20:00Z,0.8,17.3515625,17.3203125,3.61,2025-03-20T18:20:00Z,6_1,Control
a4e9,6_1,Control,2025-03-20T18:42:00Z,0.79,17.28125,17.25,3.6,2025-03-20T18:40:00Z,6_1,Control
a4e9,6_1,Control,2025-03-20T19:03:00Z,0.79,17.265625,17.2421875,3.6,2025-03-20T19:00:00Z,6_1,Control
a4e9,6_1,Control,2025-03-20T19:24:00Z,0.79,17.265625,17.2421875,3.6,2025-03-20T19:20:00Z,6_1,Control
a4e9,6_1,Control,2025-03-20T19:46:00Z,0.79,17.34375,17.3046875,3.59,2025-03-20T19:40:00Z,6_1,Control
a4e9,6_1,Control,2025-03-20T20:07:00Z,0.79,17.3359375,17.3046875,3.6,2025-03-20T20:00:00Z,6_1,Control
a4e9,6_1,Control,2025-03-20T20:29:00Z,0.79,17.4140625,17.375,3.6,2025-03-20T20:20:00Z,6_1,Control
a4e9,6_1,Control,2025-03-20T20:50:00Z,0.79,17.421875,17.3828125,3.6,2025-03-20T20:40:00Z,6_1,Control
a4e9,6_1,Control,2025-03-20T21:12:00Z,0.78,17.2734375,17.25,3.6,2025-03-20T21:20:00Z,6_1,Control
a4e9,6_1,Control,2025-03-20T21:33:00Z,0.78,17.2109375,17.1875,3.6,2025-03-20T21:40:00Z,6_1,Control
a4e9,6_1,Control,2025-03-20T21:55:00Z,0.78,17.296875,17.2578125,3.6,2025-03-20T22:00:00Z,6_1,Control
a4e9,6_1,Control,2025-03-20T22:16:00Z,0.77,17.25,17.21875,3.6,2025-03-20T22:20:00Z,6_1,Control
a4e9,6_1,Control,2025-03-20T22:38:00Z,0.78,17.2734375,17.234375,3.6,2025-03-20T22:40:00Z,6_1,Control
a4e9,6_1,Control,2025-03-20T22:59:00Z,0.79,17.3203125,17.2890625,3.6,2025-03-20T23:00:00Z,6_1,Control
a4e9,6_1,Control,2025-03-20T23:21:00Z,0.78,17.3125,17.28125,3.6,2025-03-20T23:20:00Z,6_1,Control
a4e9,6_1,Control,2025-03-20T23:42:00Z,0.77,17.21875,17.1953125,3.6,2025-03-20T23:40:00Z,6_1,Control
a4e9,6_1,Control,2025-03-21T00:04:00Z,0.78,17.15625,17.125,3.59,2025-03-21T00:00:00Z,6_1,Control
a4e9,6_1,Control,2025-03-21T00:25:00Z,0.78,16.75,16.7421875,3.59,2025-03-21T00:20:00Z,6_1,Control
a4e9,6_1,Control,2025-03-21T00:46:00Z,0.79,16.46875,16.453125,3.59,2025-03-21T00:40:00Z,6_1,Control
a4e9,6_1,Control,2025-03-21T01:08:00Z,0.79,16.4609375,16.4375,3.6,2025-03-21T01:00:00Z,6_1,Control
a4e9,6_1,Control,2025-03-21T01:29:00Z,0.8,16.3828125,16.359375,3.6,2025-03-21T01:20:00Z,6_1,Control
a4e9,6_1,Control,2025-03-21T01:51:00Z,0.8,16.375,16.3515625,3.6,2025-03-21T02:00:00Z,6_1,Control
a4e9,6_1,Control,2025-03-21T02:12:00Z,0.8,16.28125,16.2734375,3.6,2025-03-21T02:20:00Z,6_1,Control
a4e9,6_1,Control,2025-03-21T02:34:00Z,0.8,16.359375,16.3359375,3.6,2025-03-21T02:40:00Z,6_1,Control
a4e9,6_1,Control,2025-03-21T02:55:00Z,0.79,16.5234375,16.4921875,3.59,2025-03-21T03:00:00Z,6_1,Control
a4e9,6_1,Control,2025-03-21T03:17:00Z,0.79,16.625,16.59375,3.6,2025-03-21T03:20:00Z,6_1,Control
a4e9,6_1,Control,2025-03-21T03:38:00Z,0.78,16.7421875,16.703125,3.6,2025-03-21T03:40:00Z,6_1,Control
a4e9,6_1,Control,2025-03-21T04:00:00Z,0.79,16.8203125,16.78125,3.6,2025-03-21T04:00:00Z,6_1,Control
a4e9,6_1,Control,2025-03-21T04:21:00Z,0.79,16.953125,16.9140625,3.59,2025-03-21T04:20:00Z,6_1,Control
a4e9,6_1,Control,2025-03-21T04:43:00Z,0.79,17.0546875,17.015625,3.59,2025-03-21T04:40:00Z,6_1,Control
a4e9,6_1,Control,2025-03-21T05:04:00Z,0.79,17.1015625,17.0625,3.59,2025-03-21T05:00:00Z,6_1,Control
a4e9,6_1,Control,2025-03-21T05:25:00Z,0.79,17.2890625,17.2421875,3.59,2025-03-21T05:20:00Z,6_1,Control
a4e9,6_1,Control,2025-03-21T05:47:00Z,0.8,17.4609375,17.421875,3.6,2025-03-21T05:40:00Z,6_1,Control
a4e9,6_1,Control,2025-03-21T06:08:00Z,0.8,17.7265625,17.6796875,3.59,2025-03-21T06:00:00Z,6_1,Control
a4e9,6_1,Control,2025-03-21T06:30:00Z,0.79,18.1640625,18.09375,3.59,2025-03-21T06:40:00Z,6_1,Control
a4e9,6_1,Control,2025-03-21T06:51:00Z,0.79,18.4296875,18.3828125,3.59,2025-03-21T07:00:00Z,6_1,Control
a4e9,6_1,Control,2025-03-21T07:13:00Z,0.8,18.5625,18.5078125,3.59,2025-03-21T07:20:00Z,6_1,Control
a4e9,6_1,Control,2025-03-21T07:34:00Z,0.81,18.7265625,18.6484375,3.59,2025-03-21T07:40:00Z,6_1,Control
a4e9,6_1,Control,2025-03-21T07:56:00Z,0.8,19.3203125,19.21875,3.6,2025-03-21T08:00:00Z,6_1,Control
a4e9,6_1,Control,2025-03-21T08:17:00Z,0.81,19.71875,19.609375,3.6,2025-03-21T08:20:00Z,6_1,Control
a4e9,6_1,Control,2025-03-21T08:39:00Z,0.81,20.2109375,20.09375,3.6,2025-03-21T08:40:00Z,6_1,Control
a4e9,6_1,Control,2025-03-21T09:00:00Z,0.82,20.7109375,20.5703125,3.59,2025-03-21T09:00:00Z,6_1,Control
a4e9,6_1,Control,2025-03-21T09:22:00Z,0.83,21.1875,21.0234375,3.6,2025-03-21T09:20:00Z,6_1,Control
a4e9,6_1,Control,2025-03-21T09:43:00Z,0.79,21.28125,21.15625,3.6,2025-03-21T09:40:00Z,6_1,Control
a4e9,6_1,Control,2025-03-21T10:05:00Z,0.82,21.421875,21.265625,3.6,2025-03-21T10:00:00Z,6_1,Control
a4e9,6_1,Control,2025-03-21T10:26:00Z,0.81,22.046875,21.828125,3.6,2025-03-21T10:20:00Z,6_1,Control
a4e9,6_1,Control,2025-03-21T10:48:00Z,0.83,23.234375,22.953125,3.6,2025-03-21T10:40:00Z,6_1,Control
a4e9,6_1,Control,2025-03-21T11:09:00Z,0.79,23.2109375,23.0234375,3.6,2025-03-21T11:00:00Z,6_1,Control
a4e9,6_1,Control,2025-03-21T11:30:00Z,0.82,22.3125,22.1796875,3.6,2025-03-21T11:40:00Z,6_1,Control
a4e9,6_1,Control,2025-03-21T11:52:00Z,0.78,22.2265625,22.0859375,3.6,2025-03-21T12:00:00Z,6_1,Control
a4e9,6_1,Control,2025-03-21T12:13:00Z,0.83,21.796875,21.6640625,3.6,2025-03-21T12:20:00Z,6_1,Control
a4e9,6_1,Control,2025-03-21T12:35:00Z,0.8,22.1875,22.015625,3.6,2025-03-21T12:40:00Z,6_1,Control
a4e9,6_1,Control,2025-03-21T12:56:00Z,0.75,20.796875,20.8046875,3.6,2025-03-21T13:00:00Z,6_1,Control
a4e9,6_1,Control,2025-03-21T13:18:00Z,0.8,20.296875,20.28125,3.6,2025-03-21T13:20:00Z,6_1,Control
a4e9,6_1,Control,2025-03-21T13:39:00Z,0.78,20.0625,20.046875,3.6,2025-03-21T13:40:00Z,6_1,Control
a4e9,6_1,Control,2025-03-21T14:01:00Z,0.76,19.6875,19.6875,3.6,2025-03-21T14:00:00Z,6_1,Control
a4e9,6_1,Control,2025-03-21T14:22:00Z,0.79,19.546875,19.53125,3.6,2025-03-21T14:20:00Z,6_1,Control
a4e9,6_1,Control,2025-03-21T14:44:00Z,0.79,19.359375,19.359375,3.6,2025-03-21T14:40:00Z,6_1,Control
a4e9,6_1,Control,2025-03-21T15:05:00Z,0.77,19.0390625,19.046875,3.6,2025-03-21T15:00:00Z,6_1,Control
a4e9,6_1,Control,2025-03-21T15:27:00Z,0.78,18.7265625,18.734375,3.6,2025-03-21T15:20:00Z,6_1,Control
a4e9,6_1,Control,2025-03-21T15:48:00Z,0.78,18.7265625,18.7265625,3.6,2025-03-21T15:40:00Z,6_1,Control
a4e9,6_1,Control,2025-03-21T16:10:00Z,0.78,18.671875,18.6796875,3.6,2025-03-21T16:00:00Z,6_1,Control
a4e9,6_1,Control,2025-03-21T16:31:00Z,0.79,18.6796875,18.671875,3.59,2025-03-21T16:40:00Z,6_1,Control
a4e9,6_1,Control,2025-03-21T16:52:00Z,0.79,18.5625,18.5625,3.59,2025-03-21T17:00:00Z,6_1,Control
a4e9,6_1,Control,2025-03-21T17:14:00Z,0.78,18.3203125,18.328125,3.6,2025-03-21T17:20:00Z,6_1,Control
a4e9,6_1,Control,2025-03-21T17:35:00Z,0.78,18.078125,18.078125,3.6,2025-03-21T17:40:00Z,6_1,Control
a4e9,6_1,Control,2025-03-21T17:57:00Z,0.79,17.890625,17.890625,3.59,2025-03-21T18:00:00Z,6_1,Control
a4e9,6_1,Control,2025-03-21T18:18:00Z,0.79,17.8515625,17.8515625,3.6,2025-03-21T18:20:00Z,6_1,Control
a4e9,6_1,Control,2025-03-21T18:40:00Z,0.81,17.8125,17.8046875,3.59,2025-03-21T18:40:00Z,6_1,Control
a4e9,6_1,Control,2025-03-21T19:01:00Z,0.79,18.1015625,18.0859375,3.6,2025-03-21T19:00:00Z,6_1,Control
a4e9,6_1,Control,2025-03-21T19:23:00Z,0.78,18.1328125,18.140625,3.6,2025-03-21T19:20:00Z,6_1,Control
a4e9,6_1,Control,2025-03-21T19:44:00Z,0.79,18.1796875,18.1796875,3.59,2025-03-21T19:40:00Z,6_1,Control
a4e9,6_1,Control,2025-03-21T20:06:00Z,0.79,18.3828125,18.3671875,3.6,2025-03-21T20:00:00Z,6_1,Control
a4e9,6_1,Control,2025-03-21T20:27:00Z,0.77,18.1875,18.1875,3.59,2025-03-21T20:20:00Z,6_1,Control
a4e9,6_1,Control,2025-03-21T20:49:00Z,0.79,18.1015625,18.09375,3.6,2025-03-21T20:40:00Z,6_1,Control
a4e9,6_1,Control,2025-03-21T21:10:00Z,0.79,18.09375,18.0703125,3.59,2025-03-21T21:00:00Z,6_1,Control
a4e9,6_1,Control,2025-03-21T21:32:00Z,0.78,18.1953125,18.1640625,3.6,2025-03-21T21:40:00Z,6_1,Control
a4e9,6_1,Control,2025-03-21T21:53:00Z,0.77,18.15625,18.1328125,3.59,2025-03-21T22:00:00Z,6_1,Control
a4e9,6_1,Control,2025-03-21T22:14:00Z,0.78,18.0625,18.046875,3.6,2025-03-21T22:20:00Z,6_1,Control
a4e9,6_1,Control,2025-03-21T22:36:00Z,0.79,18.0078125,17.9921875,3.6,2025-03-21T22:40:00Z,6_1,Control
a4e9,6_1,Control,2025-03-21T22:57:00Z,0.79,17.921875,17.8984375,3.59,2025-03-21T23:00:00Z,6_1,Control
a4e9,6_1,Control,2025-03-21T23:19:00Z,0.79,17.8359375,17.8203125,3.6,2025-03-21T23:20:00Z,6_1,Control
a4e9,6_1,Control,2025-03-21T23:40:00Z,0.77,17.7734375,17.75,3.59,2025-03-21T23:40:00Z,6_1,Control
a4e9,6_1,Control,2025-03-22T00:02:00Z,0.79,17.6875,17.6640625,3.6,2025-03-22T00:00:00Z,6_1,Control
a4e9,6_1,Control,2025-03-22T00:23:00Z,0.78,17.59375,17.5703125,3.6,2025-03-22T00:20:00Z,6_1,Control
a4e9,6_1,Control,2025-03-22T00:45:00Z,0.78,17.484375,17.4609375,3.59,2025-03-22T00:40:00Z,6_1,Control
a4e9,6_1,Control,2025-03-22T01:06:00Z,0.79,17.4140625,17.390625,3.59,2025-03-22T01:00:00Z,6_1,Control
a4e9,6_1,Control,2025-03-22T01:28:00Z,0.8,17.390625,17.375,3.6,2025-03-22T01:20:00Z,6_1,Control
a4e9,6_1,Control,2025-03-22T01:49:00Z,0.79,17.375,17.3515625,3.6,2025-03-22T01:40:00Z,6_1,Control
a4e9,6_1,Control,2025-03-22T02:11:00Z,0.79,17.359375,17.34375,3.59,2025-03-22T02:20:00Z,6_1,Control
a4e9,6_1,Control,2025-03-22T02:32:00Z,0.79,17.3203125,17.3046875,3.6,2025-03-22T02:40:00Z,6_1,Control
a4e9,6_1,Control,2025-03-22T02:53:00Z,0.79,17.296875,17.2734375,3.59,2025-03-22T03:00:00Z,6_1,Control
a4e9,6_1,Control,2025-03-22T03:15:00Z,0.79,17.40625,17.375,3.59,2025-03-22T03:20:00Z,6_1,Control
a4e9,6_1,Control,2025-03-22T03:36:00Z,0.81,17.7890625,17.6875,3.6,2025-03-22T03:40:00Z,6_1,Control
a4e9,6_1,Control,2025-03-22T03:58:00Z,0.79,17.7890625,17.734375,3.6,2025-03-22T04:00:00Z,6_1,Control
a4e9,6_1,Control,2025-03-22T04:19:00Z,0.8,18.078125,18.0078125,3.59,2025-03-22T04:20:00Z,6_1,Control
a4e9,6_1,Control,2025-03-22T04:41:00Z,0.85,19.1875,18.9609375,3.6,2025-03-22T04:40:00Z,6_1,Control
a4e9,6_1,Control,2025-03-22T05:02:00Z,0.85,20.625,20.3359375,3.6,2025-03-22T05:00:00Z,6_1,Control
a4e9,6_1,Control,2025-03-22T05:24:00Z,0.8,20.8359375,20.65625,3.6,2025-03-22T05:20:00Z,6_1,Control
a4e9,6_1,Control,2025-03-22T05:45:00Z,0.8,21.46875,21.25,3.6,2025-03-22T05:40:00Z,6_1,Control
a4e9,6_1,Control,2025-03-22T06:07:00Z,0.89,22.015625,21.6875,3.6,2025-03-22T06:00:00Z,6_1,Control
a4e9,6_1,Control,2025-03-22T06:28:00Z,0.9,23.1953125,22.9140625,3.6,2025-03-22T06:20:00Z,6_1,Control
a4e9,6_1,Control,2025-03-22T06:50:00Z,0.85,24.9453125,24.546875,3.61,2025-03-22T06:40:00Z,6_1,Control
a4e9,6_1,Control,2025-03-22T07:11:00Z,0.93,25.3828125,25.1484375,3.6,2025-03-22T07:20:00Z,6_1,Control
a4e9,6_1,Control,2025-03-22T07:33:00Z,0.86,26.8046875,26.640625,3.61,2025-03-22T07:40:00Z,6_1,Control
a4e9,6_1,Control,2025-03-22T07:54:00Z,0.9,25.890625,25.8515625,3.61,2025-03-22T08:00:00Z,6_1,Control
a4e9,6_1,Control,2025-03-22T08:15:00Z,0.9,25.5078125,25.375,3.61,2025-03-22T08:20:00Z,6_1,Control
a4e9,6_1,Control,2025-03-22T08:37:00Z,0.94,27.0078125,26.9609375,3.61,2025-03-22T08:40:00Z,6_1,Control
a4e9,6_1,Control,2025-03-22T08:58:00Z,1.02,28.359375,28.5234375,3.6,2025-03-22T09:00:00Z,6_1,Control
a4e9,6_1,Control,2025-03-22T09:20:00Z,0.92,29.3515625,29.3046875,3.61,2025-03-22T09:20:00Z,6_1,Control
a4e9,6_1,Control,2025-03-22T09:41:00Z,0.98,28.8828125,28.8125,3.61,2025-03-22T09:40:00Z,6_1,Control
a4e9,6_1,Control,2025-03-22T10:03:00Z,0.98,28.296875,28.203125,3.61,2025-03-22T10:00:00Z,6_1,Control
a4e9,6_1,Control,2025-03-22T10:24:00Z,0.92,27.421875,27.46875,3.61,2025-03-22T10:20:00Z,6_1,Control
a4e9,6_1,Control,2025-03-22T10:46:00Z,0.74,23.6640625,23.7890625,3.61,2025-03-22T10:40:00Z,6_1,Control
a4e9,6_1,Control,2025-03-22T11:07:00Z,0.86,22.6015625,22.5234375,3.61,2025-03-22T11:00:00Z,6_1,Control
a4e9,6_1,Control,2025-03-22T11:29:00Z,0.96,24.1328125,24.1328125,3.61,2025-03-22T11:20:00Z,6_1,Control
a4e9,6_1,Control,2025-03-22T11:50:00Z,0.98,26.8828125,27.234375,3.61,2025-03-22T11:40:00Z,6_1,Control
a4e9,6_1,Control,2025-03-22T12:12:00Z,1.01,27.03125,27.2265625,3.61,2025-03-22T12:20:00Z,6_1,Control
a4e9,6_1,Control,2025-03-22T12:33:00Z,1.02,26.5859375,26.4765625,3.61,2025-03-22T12:40:00Z,6_1,Control
a4e9,6_1,Control,2025-03-22T12:55:00Z,1.12,28.421875,28.1640625,3.61,2025-03-22T13:00:00Z,6_1,Control
a4e9,6_1,Control,2025-03-22T13:16:00Z,0.97,27.6640625,27.3515625,3.61,2025-03-22T13:20:00Z,6_1,Control
a4e9,6_1,Control,2025-03-22T13:37:00Z,0.92,26.6171875,26.4140625,3.62,2025-03-22T13:40:00Z,6_1,Control
a4e9,6_1,Control,2025-03-22T13:59:00Z,0.87,25.5234375,25.375,3.6,2025-03-22T14:00:00Z,6_1,Control
a4e9,6_1,Control,2025-03-22T14:20:00Z,0.82,24.265625,24.0625,3.61,2025-03-22T14:20:00Z,6_1,Control
a4e9,6_1,Control,2025-03-22T14:42:00Z,0.78,22.4453125,22.3125,3.61,2025-03-22T14:40:00Z,6_1,Control
a4e9,6_1,Control,2025-03-22T15:03:00Z,0.79,21.25,21.1796875,3.61,2025-03-22T15:00:00Z,6_1,Control
a4e9,6_1,Control,2025-03-22T15:25:00Z,0.81,20.5,20.453125,3.6,2025-03-22T15:20:00Z,6_1,Control
a4e9,6_1,Control,2025-03-22T15:46:00Z,0.78,20.1484375,20.109375,3.6,2025-03-22T15:40:00Z,6_1,Control
a4e9,6_1,Control,2025-03-22T16:08:00Z,0.78,19.859375,19.828125,3.6,2025-03-22T16:00:00Z,6_1,Control
a4e9,6_1,Control,2025-03-22T16:29:00Z,0.77,19.1015625,19.09375,3.61,2025-03-22T16:20:00Z,6_1,Control
a4e9,6_1,Control,2025-03-22T16:51:00Z,0.77,18.1015625,18.109375,3.59,2025-03-22T17:00:00Z,6_1,Control
a4e9,6_1,Control,2025-03-22T17:12:00Z,0.78,17.34375,17.34375,3.59,2025-03-22T17:20:00Z,6_1,Control
a4e9,6_1,Control,2025-03-22T17:34:00Z,0.81,17.3359375,17.3046875,3.6,2025-03-22T17:40:00Z,6_1,Control
a4e9,6_1,Control,2025-03-22T17:55:00Z,0.8,17.71875,17.6640625,3.6,2025-03-22T18:00:00Z,6_1,Control
a4e9,6_1,Control,2025-03-22T18:17:00Z,0.8,17.625,17.6015625,3.6,2025-03-22T18:20:00Z,6_1,Control
a4e9,6_1,Control,2025-03-22T18:38:00Z,0.79,17.6640625,17.6171875,3.6,2025-03-22T18:40:00Z,6_1,Control
a4e9,6_1,Control,2025-03-22T18:59:00Z,0.79,17.6796875,17.6484375,3.59,2025-03-22T19:00:00Z,6_1,Control
a4e9,6_1,Control,2025-03-22T19:21:00Z,0.8,17.4609375,17.4375,3.6,2025-03-22T19:20:00Z,6_1,Control
a4e9,6_1,Control,2025-03-22T19:42:00Z,0.81,17.40625,17.375,3.6,2025-03-22T19:40:00Z,6_1,Control
a4e9,6_1,Control,2025-03-22T20:04:00Z,0.78,17.171875,17.1875,3.6,2025-03-22T20:00:00Z,6_1,Control
a4e9,6_1,Control,2025-03-22T20:25:00Z,0.81,16.9921875,17.0078125,3.6,2025-03-22T20:20:00Z,6_1,Control
a4e9,6_1,Control,2025-03-22T20:47:00Z,0.79,16.8359375,16.8359375,3.59,2025-03-22T20:40:00Z,6_1,Control
a4e9,6_1,Control,2025-03-22T21:08:00Z,0.78,16.390625,16.40625,3.59,2025-03-22T21:00:00Z,6_1,Control
a4e9,6_1,Control,2025-03-22T21:30:00Z,0.79,16.0625,16.046875,3.59,2025-03-22T21:40:00Z,6_1,Control
a4e9,6_1,Control,2025-03-22T21:51:00Z,0.8,16.09375,16.0625,3.59,2025-03-22T22:00:00Z,6_1,Control
a4e9,6_1,Control,2025-03-22T22:13:00Z,0.79,16.1640625,16.1328125,3.59,2025-03-22T22:20:00Z,6_1,Control
a4e9,6_1,Control,2025-03-22T22:34:00Z,0.79,16.03125,16.0078125,3.6,2025-03-22T22:40:00Z,6_1,Control
a4e9,6_1,Control,2025-03-22T22:56:00Z,0.78,15.796875,15.78125,3.59,2025-03-22T23:00:00Z,6_1,Control
a4e9,6_1,Control,2025-03-22T23:17:00Z,0.77,15.4375,15.421875,3.59,2025-03-22T23:20:00Z,6_1,Control
a4e9,6_1,Control,2025-03-22T23:39:00Z,0.78,15.171875,15.1484375,3.59,2025-03-22T23:40:00Z,6_1,Control
a4e9,6_1,Control,2025-03-23T00:00:00Z,0.79,15.0703125,15.046875,3.6,2025-03-23T00:00:00Z,6_1,Control
a4e9,6_1,Control,2025-03-23T00:21:00Z,0.79,14.8671875,14.8515625,3.59,2025-03-23T00:20:00Z,6_1,Control
a4e9,6_1,Control,2025-03-23T00:43:00Z,0.78,14.6640625,14.6484375,3.59,2025-03-23T00:40:00Z,6_1,Control
a4e9,6_1,Control,2025-03-23T01:04:00Z,0.78,14.4296875,14.40625,3.59,2025-03-23T01:00:00Z,6_1,Control
a4e9,6_1,Control,2025-03-23T01:26:00Z,0.79,13.8984375,13.8984375,3.59,2025-03-23T01:20:00Z,6_1,Control
a4e9,6_1,Control,2025-03-23T01:47:00Z,0.79,13.625,13.6015625,3.58,2025-03-23T01:40:00Z,6_1,Control
a4e9,6_1,Control,2025-03-23T02:09:00Z,0.78,13.5234375,13.5,3.59,2025-03-23T02:00:00Z,6_1,Control
a4e9,6_1,Control,2025-03-23T02:30:00Z,0.79,13.015625,13.0234375,3.59,2025-03-23T02:40:00Z,6_1,Control
a4e9,6_1,Control,2025-03-23T02:52:00Z,0.79,12.6875,12.6953125,3.58,2025-03-23T03:00:00Z,6_1,Control
a4e9,6_1,Control,2025-03-23T03:13:00Z,0.79,12.90625,12.8984375,3.59,2025-03-23T03:20:00Z,6_1,Control
a4e9,6_1,Control,2025-03-23T03:35:00Z,0.81,13.46875,13.3984375,3.58,2025-03-23T03:40:00Z,6_1,Control
a4e9,6_1,Control,2025-03-23T03:56:00Z,0.87,14.3984375,14.2578125,3.59,2025-03-23T04:00:00Z,6_1,Control
a4e9,6_1,Control,2025-03-23T04:18:00Z,0.79,15.34375,15.2109375,3.58,2025-03-23T04:20:00Z,6_1,Control
a4e9,6_1,Control,2025-03-23T04:39:00Z,0.8,15.15625,15.1015625,3.59,2025-03-23T04:40:00Z,6_1,Control
a4e9,6_1,Control,2025-03-23T05:01:00Z,0.81,15.1875,15.15625,3.59,2025-03-23T05:00:00Z,6_1,Control
a4e9,6_1,Control,2025-03-23T05:22:00Z,0.8,14.8984375,14.890625,3.59,2025-03-23T05:20:00Z,6_1,Control
a4e9,6_1,Control,2025-03-23T05:43:00Z,0.82,14.96875,14.9296875,3.59,2025-03-23T05:40:00Z,6_1,Control
a4e9,6_1,Control,2025-03-23T06:05:00Z,0.81,15.234375,15.1875,3.59,2025-03-23T06:00:00Z,6_1,Control
a4e9,6_1,Control,2025-03-23T06:26:00Z,0.82,15.578125,15.5234375,3.59,2025-03-23T06:20:00Z,6_1,Control
a4e9,6_1,Control,2025-03-23T06:48:00Z,0.92,16.6328125,16.5234375,3.6,2025-03-23T06:40:00Z,6_1,Control
a4e9,6_1,Control,2025-03-23T07:09:00Z,0.87,18.4296875,18.40625,3.59,2025-03-23T07:00:00Z,6_1,Control
a4e9,6_1,Control,2025-03-23T07:31:00Z,0.88,19.28125,19.234375,3.6,2025-03-23T07:40:00Z,6_1,Control
a4e9,6_1,Control,2025-03-23T07:52:00Z,0.86,19.9453125,20.015625,3.6,2025-03-23T08:00:00Z,6_1,Control
a4e9,6_1,Control,2025-03-23T08:14:00Z,0.92,20.796875,20.765625,3.6,2025-03-23T08:20:00Z,6_1,Control
a4e9,6_1,Control,2025-03-23T08:35:00Z,0.89,22.09375,22.2265625,3.6,2025-03-23T08:40:00Z,6_1,Control
a4e9,6_1,Control,2025-03-23T08:57:00Z,0.91,23.5625,23.828125,3.6,2025-03-23T09:00:00Z,6_1,Control
a4e9,6_1,Control,2025-03-23T09:18:00Z,0.96,24.265625,24.4375,3.6,2025-03-23T09:20:00Z,6_1,Control
a4e9,6_1,Control,2025-03-23T09:40:00Z,1.02,25.3359375,25.2421875,3.61,2025-03-23T09:40:00Z,6_1,Control
a4e9,6_1,Control,2025-03-23T10:01:00Z,1,25.9609375,25.8671875,3.6,2025-03-23T10:00:00Z,6_1,Control
a4e9,6_1,Control,2025-03-23T10:23:00Z,1.02,26.4609375,26.546875,3.6,2025-03-23T10:20:00Z,6_1,Control
a4e9,6_1,Control,2025-03-23T10:44:00Z,1.04,26.203125,26.359375,3.61,2025-03-23T10:40:00Z,6_1,Control
a4e9,6_1,Control,2025-03-23T11:05:00Z,1.03,25.7265625,25.8359375,3.61,2025-03-23T11:00:00Z,6_1,Control
a4e9,6_1,Control,2025-03-23T11:27:00Z,1.02,26.3203125,26.625,3.61,2025-03-23T11:20:00Z,6_1,Control
a4e9,6_1,Control,2025-03-23T11:48:00Z,0.97,26.8359375,27.2265625,3.61,2025-03-23T11:40:00Z,6_1,Control
a4e9,6_1,Control,2025-03-23T12:10:00Z,0.99,25.53125,25.65625,3.6,2025-03-23T12:00:00Z,6_1,Control
a4e9,6_1,Control,2025-03-23T12:31:00Z,0.93,25.203125,25.234375,3.61,2025-03-23T12:40:00Z,6_1,Control
a4e9,6_1,Control,2025-03-23T12:53:00Z,1,25.140625,25.0234375,3.61,2025-03-23T13:00:00Z,6_1,Control
a4e9,6_1,Control,2025-03-23T13:14:00Z,0.93,25.2890625,25.15625,3.61,2025-03-23T13:20:00Z,6_1,Control
a4e9,6_1,Control,2025-03-23T13:36:00Z,0.85,24.2421875,24.1328125,3.61,2025-03-23T13:40:00Z,6_1,Control
a4e9,6_1,Control,2025-03-23T13:57:00Z,0.78,22.2109375,22.1640625,3.6,2025-03-23T14:00:00Z,6_1,Control
a4e9,6_1,Control,2025-03-23T14:19:00Z,0.83,21.078125,20.984375,3.6,2025-03-23T14:20:00Z,6_1,Control
a4e9,6_1,Control,2025-03-23T14:40:00Z,0.78,20.15625,20.125,3.61,2025-03-23T14:40:00Z,6_1,Control
a4e9,6_1,Control,2025-03-23T15:02:00Z,0.77,19.015625,19.0078125,3.61,2025-03-23T15:00:00Z,6_1,Control
a4e9,6_1,Control,2025-03-23T15:23:00Z,0.77,18.2109375,18.2109375,3.6,2025-03-23T15:20:00Z,6_1,Control
a4e9,6_1,Control,2025-03-23T15:45:00Z,0.79,17.65625,17.6484375,3.6,2025-03-23T15:40:00Z,6_1,Control
a4e9,6_1,Control,2025-03-23T16:06:00Z,0.76,17.2421875,17.2421875,3.6,2025-03-23T16:00:00Z,6_1,Control
a4e9,6_1,Control,2025-03-23T16:27:00Z,0.78,16.5859375,16.59375,3.59,2025-03-23T16:20:00Z,6_1,Control
a4e9,6_1,Control,2025-03-23T16:49:00Z,0.78,15.9453125,15.9765625,3.6,2025-03-23T16:40:00Z,6_1,Control
a4e9,6_1,Control,2025-03-23T17:10:00Z,0.8,15.6875,15.6875,3.6,2025-03-23T17:00:00Z,6_1,Control
a4e9,6_1,Control,2025-03-23T17:32:00Z,0.79,15.4140625,15.421875,3.6,2025-03-23T17:40:00Z,6_1,Control
a4e9,6_1,Control,2025-03-23T17:53:00Z,0.78,15.140625,15.15625,3.6,2025-03-23T18:00:00Z,6_1,Control
a4e9,6_1,Control,2025-03-23T18:15:00Z,0.79,14.8203125,14.84375,3.59,2025-03-23T18:20:00Z,6_1,Control
a4e9,6_1,Control,2025-03-23T18:36:00Z,0.77,14.5546875,14.5859375,3.59,2025-03-23T18:40:00Z,6_1,Control
a4e9,6_1,Control,2025-03-23T18:58:00Z,0.79,14.28125,14.3203125,3.59,2025-03-23T19:00:00Z,6_1,Control
a4e9,6_1,Control,2025-03-23T19:19:00Z,0.78,14.1015625,14.1328125,3.6,2025-03-23T19:20:00Z,6_1,Control
a4e9,6_1,Control,2025-03-23T19:41:00Z,0.8,14.1015625,14.125,3.59,2025-03-23T19:40:00Z,6_1,Control
a4e9,6_1,Control,2025-03-23T20:02:00Z,0.8,14.4921875,14.4765625,3.6,2025-03-23T20:00:00Z,6_1,Control
a4e9,6_1,Control,2025-03-23T20:24:00Z,0.77,14.546875,14.5625,3.59,2025-03-23T20:20:00Z,6_1,Control
a4e9,6_1,Control,2025-03-23T20:45:00Z,0.79,14.390625,14.4296875,3.59,2025-03-23T20:40:00Z,6_1,Control
a4e9,6_1,Control,2025-03-23T21:07:00Z,0.78,14.46875,14.4921875,3.59,2025-03-23T21:00:00Z,6_1,Control
a4e9,6_1,Control,2025-03-23T21:28:00Z,0.76,13.9921875,14.0234375,3.59,2025-03-23T21:20:00Z,6_1,Control
a4e9,6_1,Control,2025-03-23T21:49:00Z,0.79,13.546875,13.5703125,3.59,2025-03-23T21:40:00Z,6_1,Control
a4e9,6_1,Control,2025-03-23T22:11:00Z,0.77,13.3125,13.328125,3.59,2025-03-23T22:20:00Z,6_1,Control
a4e9,6_1,Control,2025-03-23T22:32:00Z,0.78,12.7578125,12.7890625,3.59,2025-03-23T22:40:00Z,6_1,Control
a4e9,6_1,Control,2025-03-23T22:54:00Z,0.77,12.3828125,12.3984375,3.59,2025-03-23T23:00:00Z,6_1,Control
a4e9,6_1,Control,2025-03-23T23:15:00Z,0.79,12.203125,12.2265625,3.59,2025-03-23T23:20:00Z,6_1,Control
a4e9,6_1,Control,2025-03-23T23:37:00Z,0.81,12.109375,12.125,3.58,2025-03-23T23:40:00Z,6_1,Control
a4e9,6_1,Control,2025-03-23T23:58:00Z,0.8,12.6953125,12.671875,3.59,2025-03-24T00:00:00Z,6_1,Control
a4e9,6_1,Control,2025-03-24T00:20:00Z,0.79,12.8828125,12.8671875,3.59,2025-03-24T00:20:00Z,6_1,Control
a4e9,6_1,Control,2025-03-24T00:41:00Z,0.79,12.6015625,12.625,3.59,2025-03-24T00:40:00Z,6_1,Control
a4e9,6_1,Control,2025-03-24T01:03:00Z,0.79,12.5703125,12.578125,3.58,2025-03-24T01:00:00Z,6_1,Control
a4e9,6_1,Control,2025-03-24T01:24:00Z,0.79,12.7890625,12.78125,3.58,2025-03-24T01:20:00Z,6_1,Control
a4e9,6_1,Control,2025-03-24T01:46:00Z,0.78,12.921875,12.9140625,3.59,2025-03-24T01:40:00Z,6_1,Control
a4e9,6_1,Control,2025-03-24T02:07:00Z,0.76,12.484375,12.515625,3.59,2025-03-24T02:00:00Z,6_1,Control
a4e9,6_1,Control,2025-03-24T02:28:00Z,0.76,11.8125,11.8515625,3.59,2025-03-24T02:20:00Z,6_1,Control
a4e9,6_1,Control,2025-03-24T02:50:00Z,0.8,11.7578125,11.75,3.59,2025-03-24T02:40:00Z,6_1,Control
a4e9,6_1,Control,2025-03-24T03:11:00Z,0.79,12.1640625,12.140625,3.59,2025-03-24T03:20:00Z,6_1,Control
a4e9,6_1,Control,2025-03-24T03:33:00Z,0.8,12.3984375,12.3671875,3.59,2025-03-24T03:40:00Z,6_1,Control
a4e9,6_1,Control,2025-03-24T03:54:00Z,0.81,12.640625,12.609375,3.58,2025-03-24T04:00:00Z,6_1,Control
a4e9,6_1,Control,2025-03-24T04:16:00Z,0.8,13.1796875,13.140625,3.59,2025-03-24T04:20:00Z,6_1,Control
a4e9,6_1,Control,2025-03-24T04:37:00Z,0.83,13.953125,13.8828125,3.59,2025-03-24T04:40:00Z,6_1,Control
a4e9,6_1,Control,2025-03-24T04:59:00Z,0.88,15.625,15.4453125,3.59,2025-03-24T05:00:00Z,6_1,Control
a4e9,6_1,Control,2025-03-24T05:20:00Z,0.87,17.390625,17.140625,3.59,2025-03-24T05:20:00Z,6_1,Control
a4e9,6_1,Control,2025-03-24T05:42:00Z,0.88,19.90625,19.6953125,3.6,2025-03-24T05:40:00Z,6_1,Control
a4e9,6_1,Control,2025-03-24T06:03:00Z,0.87,21.3984375,21.140625,3.6,2025-03-24T06:00:00Z,6_1,Control
a4e9,6_1,Control,2025-03-24T06:25:00Z,0.95,21.828125,21.7109375,3.6,2025-03-24T06:20:00Z,6_1,Control
a4e9,6_1,Control,2025-03-24T06:46:00Z,0.94,22.203125,22.078125,3.6,2025-03-24T06:40:00Z,6_1,Control
a4e9,6_1,Control,2025-03-24T07:08:00Z,1.01,23.0390625,23.0078125,3.6,2025-03-24T07:00:00Z,6_1,Control
a4e9,6_1,Control,2025-03-24T07:29:00Z,1,23.84375,23.859375,3.6,2025-03-24T07:20:00Z,6_1,Control
a4e9,6_1,Control,2025-03-24T07:50:00Z,0.99,23.7265625,23.71875,3.6,2025-03-24T07:40:00Z,6_1,Control
a4e9,6_1,Control,2025-03-24T08:12:00Z,1.01,24.2265625,24.234375,3.61,2025-03-24T08:20:00Z,6_1,Control
a4e9,6_1,Control,2025-03-24T08:33:00Z,0.99,25.2109375,25.3359375,3.61,2025-03-24T08:40:00Z,6_1,Control
a4e9,6_1,Control,2025-03-24T08:55:00Z,0.99,25.7734375,25.8984375,3.6,2025-03-24T09:00:00Z,6_1,Control
a4e9,6_1,Control,2025-03-24T09:16:00Z,1,24.84375,24.7890625,3.6,2025-03-24T09:20:00Z,6_1,Control
a4e9,6_1,Control,2025-03-24T09:38:00Z,1.02,25.9921875,25.953125,3.61,2025-03-24T09:40:00Z,6_1,Control
a4e9,6_1,Control,2025-03-24T09:59:00Z,0.98,25.671875,25.6015625,3.6,2025-03-24T10:00:00Z,6_1,Control
a4e9,6_1,Control,2025-03-24T10:21:00Z,1,26.359375,26.421875,3.61,2025-03-24T10:20:00Z,6_1,Control
a4e9,6_1,Control,2025-03-24T10:42:00Z,1.09,27.0390625,27.1640625,3.61,2025-03-24T10:40:00Z,6_1,Control
a4e9,6_1,Control,2025-03-24T11:04:00Z,1.06,27.3515625,27.4609375,3.61,2025-03-24T11:00:00Z,6_1,Control
a4e9,6_1,Control,2025-03-24T11:25:00Z,1.03,26.7734375,26.859375,3.61,2025-03-24T11:20:00Z,6_1,Control
a4e9,6_1,Control,2025-03-24T11:47:00Z,1.03,27.1328125,27.40625,3.61,2025-03-24T11:40:00Z,6_1,Control
a4e9,6_1,Control,2025-03-24T12:08:00Z,1.09,27.390625,27.6796875,3.61,2025-03-24T12:00:00Z,6_1,Control
a4e9,6_1,Control,2025-03-24T12:30:00Z,1.05,27.25,27.234375,3.61,2025-03-24T12:40:00Z,6_1,Control
a4e9,6_1,Control,2025-03-24T12:51:00Z,1.03,27.234375,26.90625,3.61,2025-03-24T13:00:00Z,6_1,Control
a4e9,6_1,Control,2025-03-24T13:12:00Z,0.91,26.1484375,25.78125,3.61,2025-03-24T13:20:00Z,6_1,Control
a4e9,6_1,Control,2025-03-24T13:34:00Z,0.88,24.921875,24.6796875,3.62,2025-03-24T13:40:00Z,6_1,Control
a4e9,6_1,Control,2025-03-24T13:55:00Z,0.87,23.8203125,23.6796875,3.61,2025-03-24T14:00:00Z,6_1,Control
a4e9,6_1,Control,2025-03-24T14:17:00Z,0.83,22.3125,22.203125,3.61,2025-03-24T14:20:00Z,6_1,Control
a4e9,6_1,Control,2025-03-24T14:38:00Z,0.79,20.4765625,20.3359375,3.61,2025-03-24T14:40:00Z,6_1,Control
a4e9,6_1,Control,2025-03-24T15:00:00Z,0.79,19.2109375,19.109375,3.61,2025-03-24T15:00:00Z,6_1,Control
a4e9,6_1,Control,2025-03-24T15:21:00Z,0.79,18.59375,18.578125,3.61,2025-03-24T15:20:00Z,6_1,Control
a4e9,6_1,Control,2025-03-24T15:43:00Z,0.74,18.1875,18.1640625,3.6,2025-03-24T15:40:00Z,6_1,Control
a4e9,6_1,Control,2025-03-24T16:04:00Z,0.79,17.7109375,17.7109375,3.6,2025-03-24T16:00:00Z,6_1,Control
a4e9,6_1,Control,2025-03-24T16:26:00Z,0.81,17.25,17.25,3.6,2025-03-24T16:20:00Z,6_1,Control
a4e9,6_1,Control,2025-03-24T16:47:00Z,0.79,16.8359375,16.8125,3.6,2025-03-24T16:40:00Z,6_1,Control
a4e9,6_1,Control,2025-03-24T17:09:00Z,0.77,16.1015625,16.09375,3.6,2025-03-24T17:00:00Z,6_1,Control
a4e9,6_1,Control,2025-03-24T17:30:00Z,0.76,15.1171875,15.140625,3.6,2025-03-24T17:40:00Z,6_1,Control
a4e9,6_1,Control,2025-03-24T17:52:00Z,0.76,14.0234375,14.0546875,3.6,2025-03-24T18:00:00Z,6_1,Control
a4e9,6_1,Control,2025-03-24T18:13:00Z,0.78,13.1875,13.21875,3.6,2025-03-24T18:20:00Z,6_1,Control
a4e9,6_1,Control,2025-03-24T18:34:00Z,0.78,12.59375,12.6171875,3.59,2025-03-24T18:40:00Z,6_1,Control
a4e9,6_1,Control,2025-03-24T18:56:00Z,0.78,12.078125,12.1015625,3.6,2025-03-24T19:00:00Z,6_1,Control
a4e9,6_1,Control,2025-03-24T19:17:00Z,0.78,11.7734375,11.796875,3.59,2025-03-24T19:20:00Z,6_1,Control
a4e9,6_1,Control,2025-03-24T19:39:00Z,0.78,11.390625,11.4296875,3.59,2025-03-24T19:40:00Z,6_1,Control
a4e9,6_1,Control,2025-03-24T20:00:00Z,0.79,11.1328125,11.1484375,3.58,2025-03-24T20:00:00Z,6_1,Control
a4e9,6_1,Control,2025-03-24T20:22:00Z,0.76,10.7734375,10.7890625,3.58,2025-03-24T20:20:00Z,6_1,Control
a4e9,6_1,Control,2025-03-24T20:43:00Z,0.78,10.3984375,10.4140625,3.59,2025-03-24T20:40:00Z,6_1,Control
a4e9,6_1,Control,2025-03-24T21:05:00Z,0.79,10.1015625,10.109375,3.59,2025-03-24T21:00:00Z,6_1,Control
a4e9,6_1,Control,2025-03-24T21:26:00Z,0.78,10.2265625,10.21875,3.59,2025-03-24T21:20:00Z,6_1,Control
a4e9,6_1,Control,2025-03-24T21:48:00Z,0.8,10.5703125,10.546875,3.59,2025-03-24T21:40:00Z,6_1,Control
a4e9,6_1,Control,2025-03-24T22:09:00Z,0.8,10.9140625,10.890625,3.59,2025-03-24T22:00:00Z,6_1,Control
a4e9,6_1,Control,2025-03-24T22:31:00Z,0.78,11,10.984375,3.59,2025-03-24T22:40:00Z,6_1,Control
a4e9,6_1,Control,2025-03-24T22:52:00Z,0.8,10.65625,10.6484375,3.59,2025-03-24T23:00:00Z,6_1,Control
a4e9,6_1,Control,2025-03-24T23:14:00Z,0.8,10.390625,10.390625,3.59,2025-03-24T23:20:00Z,6_1,Control
a4e9,6_1,Control,2025-03-24T23:35:00Z,0.79,10.2109375,10.1953125,3.58,2025-03-24T23:40:00Z,6_1,Control
a4e9,6_1,Control,2025-03-24T23:56:00Z,0.8,10.3515625,10.328125,3.58,2025-03-25T00:00:00Z,6_1,Control
a4e9,6_1,Control,2025-03-25T00:18:00Z,0.77,10.0703125,10.0703125,3.58,2025-03-25T00:20:00Z,6_1,Control
a4e9,6_1,Control,2025-03-25T00:39:00Z,0.78,9.09375,9.1328125,3.59,2025-03-25T00:40:00Z,6_1,Control
a4e9,6_1,Control,2025-03-25T01:01:00Z,0.78,8.625,8.6484375,3.58,2025-03-25T01:00:00Z,6_1,Control
a4e9,6_1,Control,2025-03-25T01:22:00Z,0.8,8.625,8.609375,3.58,2025-03-25T01:20:00Z,6_1,Control
a4e9,6_1,Control,2025-03-25T01:44:00Z,0.77,8.6328125,8.625,3.58,2025-03-25T01:40:00Z,6_1,Control
a4e9,6_1,Control,2025-03-25T02:05:00Z,0.8,8.3515625,8.3671875,3.58,2025-03-25T02:00:00Z,6_1,Control
a4e9,6_1,Control,2025-03-25T02:27:00Z,0.83,8.40625,8.390625,3.58,2025-03-25T02:20:00Z,6_1,Control
a4e9,6_1,Control,2025-03-25T02:48:00Z,0.82,9.53125,9.484375,3.58,2025-03-25T02:40:00Z,6_1,Control
a4e9,6_1,Control,2025-03-25T03:10:00Z,0.83,10.296875,10.234375,3.58,2025-03-25T03:00:00Z,6_1,Control
a4e9,6_1,Control,2025-03-25T03:31:00Z,0.83,11.2265625,11.0625,3.58,2025-03-25T03:40:00Z,6_1,Control
a4e9,6_1,Control,2025-03-25T03:53:00Z,0.89,12.96875,12.578125,3.58,2025-03-25T04:00:00Z,6_1,Control
a4e9,6_1,Control,2025-03-25T04:14:00Z,0.87,15.3671875,14.90625,3.58,2025-03-25T04:20:00Z,6_1,Control
a4e9,6_1,Control,2025-03-25T04:36:00Z,0.88,16.5,16.0859375,3.58,2025-03-25T04:40:00Z,6_1,Control
a4e9,6_1,Control,2025-03-25T04:57:00Z,0.89,16.7109375,16.359375,3.59,2025-03-25T05:00:00Z,6_1,Control
a4e9,6_1,Control,2025-03-25T05:18:00Z,0.9,17.8359375,17.5546875,3.6,2025-03-25T05:20:00Z,6_1,Control
a4e9,6_1,Control,2025-03-25T05:40:00Z,0.89,17.671875,17.4296875,3.59,2025-03-25T05:40:00Z,6_1,Control
a4e9,6_1,Control,2025-03-25T06:01:00Z,0.89,18.015625,17.8125,3.59,2025-03-25T06:00:00Z,6_1,Control
a4e9,6_1,Control,2025-03-25T06:23:00Z,0.93,18.609375,18.4609375,3.59,2025-03-25T06:20:00Z,6_1,Control
a4e9,6_1,Control,2025-03-25T06:44:00Z,0.93,19.421875,19.2734375,3.6,2025-03-25T06:40:00Z,6_1,Control
a4e9,6_1,Control,2025-03-25T07:06:00Z,0.93,19.9765625,19.8828125,3.59,2025-03-25T07:00:00Z,6_1,Control
a4e9,6_1,Control,2025-03-25T07:27:00Z,0.91,20.421875,20.3359375,3.6,2025-03-25T07:20:00Z,6_1,Control
a4e9,6_1,Control,2025-03-25T07:49:00Z,0.94,20.296875,20.2109375,3.6,2025-03-25T07:40:00Z,6_1,Control
a4e9,6_1,Control,2025-03-25T08:10:00Z,0.93,20.53125,20.4765625,3.6,2025-03-25T08:00:00Z,6_1,Control
a4e9,6_1,Control,2025-03-25T08:32:00Z,0.93,20.5234375,20.5,3.6,2025-03-25T08:40:00Z,6_1,Control
a4e9,6_1,Control,2025-03-25T08:53:00Z,0.97,21.8515625,21.9765625,3.6,2025-03-25T09:00:00Z,6_1,Control
a4e9,6_1,Control,2025-03-25T09:15:00Z,1,22.1796875,22.1640625,3.6,2025-03-25T09:20:00Z,6_1,Control
a4e9,6_1,Control,2025-03-25T09:36:00Z,0.96,22.234375,22.1015625,3.6,2025-03-25T09:40:00Z,6_1,Control
a4e9,6_1,Control,2025-03-25T09:58:00Z,0.93,21.5234375,21.4140625,3.61,2025-03-25T10:00:00Z,6_1,Control
a4e9,6_1,Control,2025-03-25T10:19:00Z,0.99,22.0078125,21.9921875,3.6,2025-03-25T10:20:00Z,6_1,Control
a4e9,6_1,Control,2025-03-25T10:40:00Z,0.95,22.8984375,22.90625,3.6,2025-03-25T10:40:00Z,6_1,Control
a4e9,6_1,Control,2025-03-25T11:02:00Z,0.94,21.9296875,21.859375,3.6,2025-03-25T11:00:00Z,6_1,Control
a4e9,6_1,Control,2025-03-25T11:23:00Z,0.92,22.578125,22.7109375,3.61,2025-03-25T11:20:00Z,6_1,Control
a4e9,6_1,Control,2025-03-25T11:45:00Z,0.93,20.9765625,20.921875,3.61,2025-03-25T11:40:00Z,6_1,Control
a4e9,6_1,Control,2025-03-25T12:06:00Z,1.07,21.84375,22,3.6,2025-03-25T12:00:00Z,6_1,Control
a4e9,6_1,Control,2025-03-25T12:28:00Z,1.02,23.8125,23.8046875,3.6,2025-03-25T12:20:00Z,6_1,Control
a4e9,6_1,Control,2025-03-25T12:49:00Z,0.9,22.8984375,22.640625,3.61,2025-03-25T12:40:00Z,6_1,Control
a4e9,6_1,Control,2025-03-25T13:11:00Z,0.83,21.9140625,21.640625,3.6,2025-03-25T13:20:00Z,6_1,Control
a4e9,6_1,Control,2025-03-25T13:32:00Z,0.78,19.4375,19.2578125,3.6,2025-03-25T13:40:00Z,6_1,Control
a4e9,6_1,Control,2025-03-25T13:54:00Z,0.86,17.9765625,17.859375,3.6,2025-03-25T14:00:00Z,6_1,Control
a4e9,6_1,Control,2025-03-25T14:15:00Z,0.79,17.4296875,17.359375,3.61,2025-03-25T14:20:00Z,6_1,Control
a4e9,6_1,Control,2025-03-25T14:37:00Z,0.78,15.984375,15.9375,3.6,2025-03-25T14:40:00Z,6_1,Control
a4e9,6_1,Control,2025-03-25T14:58:00Z,0.78,15,14.9765625,3.59,2025-03-25T15:00:00Z,6_1,Control
a4e9,6_1,Control,2025-03-25T15:20:00Z,0.8,14.3125,14.296875,3.6,2025-03-25T15:20:00Z,6_1,Control
a4e9,6_1,Control,2025-03-25T15:41:00Z,0.79,13.8125,13.796875,3.59,2025-03-25T15:40:00Z,6_1,Control
a4e9,6_1,Control,2025-03-25T16:02:00Z,0.79,13.453125,13.4453125,3.59,2025-03-25T16:00:00Z,6_1,Control
a4e9,6_1,Control,2025-03-25T16:24:00Z,0.8,13.21875,13.2109375,3.59,2025-03-25T16:20:00Z,6_1,Control
a4e9,6_1,Control,2025-03-25T16:45:00Z,0.79,12.984375,12.9765625,3.59,2025-03-25T16:40:00Z,6_1,Control
a4e9,6_1,Control,2025-03-25T17:07:00Z,0.79,12.8671875,12.859375,3.59,2025-03-25T17:00:00Z,6_1,Control
a4e9,6_1,Control,2025-03-25T17:28:00Z,0.79,12.8515625,12.8359375,3.59,2025-03-25T17:20:00Z,6_1,Control
a4e9,6_1,Control,2025-03-25T17:50:00Z,0.79,12.5546875,12.5546875,3.59,2025-03-25T17:40:00Z,6_1,Control
a4e9,6_1,Control,2025-03-25T18:11:00Z,0.79,12.171875,12.171875,3.59,2025-03-25T18:20:00Z,6_1,Control
a4e9,6_1,Control,2025-03-25T18:33:00Z,0.8,12.09375,12.0859375,3.59,2025-03-25T18:40:00Z,6_1,Control
a4e9,6_1,Control,2025-03-25T18:54:00Z,0.8,11.953125,11.9453125,3.59,2025-03-25T19:00:00Z,6_1,Control
a4e9,6_1,Control,2025-03-25T19:16:00Z,0.8,12.0703125,12.046875,3.58,2025-03-25T19:20:00Z,6_1,Control
a4e9,6_1,Control,2025-03-25T19:37:00Z,0.79,11.9140625,11.8984375,3.59,2025-03-25T19:40:00Z,6_1,Control
a4e9,6_1,Control,2025-03-25T19:59:00Z,0.77,11.5703125,11.5625,3.59,2025-03-25T20:00:00Z,6_1,Control
a4e9,6_1,Control,2025-03-25T20:20:00Z,0.78,11.046875,11.0625,3.59,2025-03-25T20:20:00Z,6_1,Control
a4e9,6_1,Control,2025-03-25T20:42:00Z,0.77,10.8203125,10.8203125,3.58,2025-03-25T20:40:00Z,6_1,Control
a4e9,6_1,Control,2025-03-25T21:03:00Z,0.8,10.6796875,10.6640625,3.59,2025-03-25T21:00:00Z,6_1,Control
a4e9,6_1,Control,2025-03-25T21:24:00Z,0.8,10.625,10.609375,3.58,2025-03-25T21:20:00Z,6_1,Control
a4e9,6_1,Control,2025-03-25T21:46:00Z,0.8,10.4765625,10.4765625,3.58,2025-03-25T21:40:00Z,6_1,Control
a4e9,6_1,Control,2025-03-25T22:07:00Z,0.8,10.625,10.6015625,3.58,2025-03-25T22:00:00Z,6_1,Control
a4e9,6_1,Control,2025-03-25T22:29:00Z,0.76,10.1796875,10.203125,3.59,2025-03-25T22:20:00Z,6_1,Control
a4e9,6_1,Control,2025-03-25T22:50:00Z,0.79,9.46875,9.484375,3.58,2025-03-25T22:40:00Z,6_1,Control
a4e9,6_1,Control,2025-03-25T23:12:00Z,0.78,9.0859375,9.1015625,3.58,2025-03-25T23:20:00Z,6_1,Control
a4e9,6_1,Control,2025-03-25T23:33:00Z,0.79,9.03125,9.03125,3.58,2025-03-25T23:40:00Z,6_1,Control
a4e9,6_1,Control,2025-03-25T23:55:00Z,0.79,9.0625,9.0546875,3.58,2025-03-26T00:00:00Z,6_1,Control
a4e9,6_1,Control,2025-03-26T00:16:00Z,0.79,9.1875,9.171875,3.58,2025-03-26T00:20:00Z,6_1,Control
a4e9,6_1,Control,2025-03-26T00:38:00Z,0.78,9.1484375,9.1484375,3.58,2025-03-26T00:40:00Z,6_1,Control
a4e9,6_1,Control,2025-03-26T00:59:00Z,0.79,8.9375,8.9296875,3.58,2025-03-26T01:00:00Z,6_1,Control
a4e9,6_1,Control,2025-03-26T01:21:00Z,0.8,8.6796875,8.6796875,3.58,2025-03-26T01:20:00Z,6_1,Control
a4e9,6_1,Control,2025-03-26T01:42:00Z,0.79,8.9296875,8.90625,3.58,2025-03-26T01:40:00Z,6_1,Control
a4e9,6_1,Control,2025-03-26T02:04:00Z,0.79,8.859375,8.859375,3.57,2025-03-26T02:00:00Z,6_1,Control
a4e9,6_1,Control,2025-03-26T02:25:00Z,0.78,8.65625,8.671875,3.58,2025-03-26T02:20:00Z,6_1,Control
a4e9,6_1,Control,2025-03-26T02:46:00Z,0.82,8.4921875,8.4765625,3.57,2025-03-26T02:40:00Z,6_1,Control
a4e9,6_1,Control,2025-03-26T03:08:00Z,0.82,8.8046875,8.75,3.57,2025-03-26T03:00:00Z,6_1,Control
a4e9,6_1,Control,2025-03-26T03:29:00Z,0.87,10.0625,9.828125,3.57,2025-03-26T03:20:00Z,6_1,Control
a4e9,6_1,Control,2025-03-26T03:51:00Z,0.89,12.8671875,12.2578125,3.58,2025-03-26T04:00:00Z,6_1,Control
a4e9,6_1,Control,2025-03-26T04:12:00Z,0.88,16.09375,15.59375,3.59,2025-03-26T04:20:00Z,6_1,Control
a4e9,6_1,Control,2025-03-26T04:34:00Z,0.9,17.4921875,17.1484375,3.59,2025-03-26T04:40:00Z,6_1,Control
a4e9,6_1,Control,2025-03-26T04:55:00Z,0.95,18.28125,17.96875,3.58,2025-03-26T05:00:00Z,6_1,Control
a4e9,6_1,Control,2025-03-26T05:17:00Z,0.95,19.8046875,19.5,3.59,2025-03-26T05:20:00Z,6_1,Control
a4e9,6_1,Control,2025-03-26T05:38:00Z,0.93,20.484375,20.109375,3.6,2025-03-26T05:40:00Z,6_1,Control
a4e9,6_1,Control,2025-03-26T06:00:00Z,0.88,21.359375,20.9140625,3.6,2025-03-26T06:00:00Z,6_1,Control
a4e9,6_1,Control,2025-03-26T06:21:00Z,0.89,20.5,20.4921875,3.59,2025-03-26T06:20:00Z,6_1,Control
a4e9,6_1,Control,2025-03-26T06:43:00Z,0.96,20.0859375,20.015625,3.6,2025-03-26T06:40:00Z,6_1,Control
a4e9,6_1,Control,2025-03-26T07:04:00Z,0.95,20.7421875,20.6953125,3.59,2025-03-26T07:00:00Z,6_1,Control
a4e9,6_1,Control,2025-03-26T07:26:00Z,0.94,21.578125,21.59375,3.6,2025-03-26T07:20:00Z,6_1,Control
a4e9,6_1,Control,2025-03-26T07:47:00Z,0.95,21.859375,22.0390625,3.6,2025-03-26T07:40:00Z,6_1,Control
a4e9,6_1,Control,2025-03-26T08:08:00Z,0.99,22.65625,22.8125,3.6,2025-03-26T08:00:00Z,6_1,Control
a4e9,6_1,Control,2025-03-26T08:30:00Z,0.99,23.765625,23.890625,3.6,2025-03-26T08:40:00Z,6_1,Control
a4e9,6_1,Control,2025-03-26T08:51:00Z,1.02,24.7265625,24.9921875,3.6,2025-03-26T09:00:00Z,6_1,Control
a4e9,6_1,Control,2025-03-26T09:13:00Z,1.05,25.8828125,25.953125,3.6,2025-03-26T09:20:00Z,6_1,Control
a4e9,6_1,Control,2025-03-26T09:34:00Z,1.1,26.03125,25.90625,3.6,2025-03-26T09:40:00Z,6_1,Control
a4e9,6_1,Control,2025-03-26T09:55:00Z,1.06,25.890625,25.734375,3.61,2025-03-26T10:00:00Z,6_1,Control
a4e9,6_1,Control,2025-03-26T10:16:00Z,1.07,25.765625,25.8125,3.6,2025-03-26T10:20:00Z,6_1,Control
a4e9,6_1,Control,2025-03-26T10:37:00Z,1.09,25.8046875,26,3.61,2025-03-26T10:40:00Z,6_1,Control
a4e9,6_1,Control,2025-03-26T10:59:00Z,1.15,25.8125,25.921875,3.6,2025-03-26T11:00:00Z,6_1,Control
a4e9,6_1,Control,2025-03-26T11:20:00Z,1.07,25.84375,26.0390625,3.6,2025-03-26T11:20:00Z,6_1,Control
a4e9,6_1,Control,2025-03-26T11:42:00Z,1.12,26.0234375,26.3359375,3.61,2025-03-26T11:40:00Z,6_1,Control
a4e9,6_1,Control,2025-03-26T12:03:00Z,1.15,26.28125,26.5625,3.6,2025-03-26T12:00:00Z,6_1,Control
a4e9,6_1,Control,2025-03-26T12:25:00Z,1.12,26.1015625,26.140625,3.61,2025-03-26T12:20:00Z,6_1,Control
a4e9,6_1,Control,2025-03-26T12:46:00Z,1.06,25.71875,25.4609375,3.61,2025-03-26T12:40:00Z,6_1,Control
a4e9,6_1,Control,2025-03-26T13:08:00Z,0.9,24.328125,23.984375,3.6,2025-03-26T13:00:00Z,6_1,Control
a4e9,6_1,Control,2025-03-26T13:29:00Z,0.83,22.3984375,22.1875,3.61,2025-03-26T13:20:00Z,6_1,Control
a4e9,6_1,Control,2025-03-26T13:51:00Z,0.85,20.703125,20.6484375,3.61,2025-03-26T14:00:00Z,6_1,Control
a4e9,6_1,Control,2025-03-26T14:12:00Z,0.81,19.3828125,19.3046875,3.61,2025-03-26T14:20:00Z,6_1,Control
a4e9,6_1,Control,2025-03-26T14:34:00Z,0.77,17.703125,17.65625,3.6,2025-03-26T14:40:00Z,6_1,Control
a4e9,6_1,Control,2025-03-26T14:55:00Z,0.79,16.3984375,16.3828125,3.6,2025-03-26T15:00:00Z,6_1,Control
a4e9,6_1,Control,2025-03-26T15:17:00Z,0.78,15.5625,15.5625,3.6,2025-03-26T15:20:00Z,6_1,Control
a4e9,6_1,Control,2025-03-26T15:38:00Z,0.79,14.953125,14.953125,3.6,2025-03-26T15:40:00Z,6_1,Control
a4e9,6_1,Control,2025-03-26T15:59:00Z,0.78,14.4609375,14.4609375,3.6,2025-03-26T16:00:00Z,6_1,Control
a4e9,6_1,Control,2025-03-26T16:21:00Z,0.78,14.0390625,14.046875,3.6,2025-03-26T16:20:00Z,6_1,Control
a4e9,6_1,Control,2025-03-26T16:42:00Z,0.79,13.6796875,13.6875,3.59,2025-03-26T16:40:00Z,6_1,Control
a4e9,6_1,Control,2025-03-26T17:04:00Z,0.78,13.40625,13.40625,3.59,2025-03-26T17:00:00Z,6_1,Control
a4e9,6_1,Control,2025-03-26T17:25:00Z,0.79,13.125,13.1328125,3.59,2025-03-26T17:20:00Z,6_1,Control
a4e9,6_1,Control,2025-03-26T17:47:00Z,0.78,12.90625,12.9140625,3.59,2025-03-26T17:40:00Z,6_1,Control
a4e9,6_1,Control,2025-03-26T18:08:00Z,0.79,12.7421875,12.7421875,3.59,2025-03-26T18:00:00Z,6_1,Control
a4e9,6_1,Control,2025-03-26T18:30:00Z,0.8,12.59375,12.59375,3.59,2025-03-26T18:40:00Z,6_1,Control
a4e9,6_1,Control,2025-03-26T18:51:00Z,0.78,12.40625,12.40625,3.59,2025-03-26T19:00:00Z,6_1,Control
a4e9,6_1,Control,2025-03-26T19:13:00Z,0.78,12.2734375,12.2734375,3.59,2025-03-26T19:20:00Z,6_1,Control
a4e9,6_1,Control,2025-03-26T19:34:00Z,0.78,12.1328125,12.140625,3.59,2025-03-26T19:40:00Z,6_1,Control
a4e9,6_1,Control,2025-03-26T19:56:00Z,0.79,12,12.0078125,3.59,2025-03-26T20:00:00Z,6_1,Control
a4e9,6_1,Control,2025-03-26T20:17:00Z,0.78,11.953125,11.9453125,3.58,2025-03-26T20:20:00Z,6_1,Control
a4e9,6_1,Control,2025-03-26T20:39:00Z,0.79,11.828125,11.828125,3.59,2025-03-26T20:40:00Z,6_1,Control
a4e9,6_1,Control,2025-03-26T21:00:00Z,0.78,11.78125,11.7734375,3.59,2025-03-26T21:00:00Z,6_1,Control
a4e9,6_1,Control,2025-03-26T21:21:00Z,0.77,11.1640625,11.2109375,3.59,2025-03-26T21:20:00Z,6_1,Control
a4e9,6_1,Control,2025-03-26T21:43:00Z,0.77,10.4765625,10.53125,3.58,2025-03-26T21:40:00Z,6_1,Control
a4e9,6_1,Control,2025-03-26T22:04:00Z,0.79,9.953125,10,3.58,2025-03-26T22:00:00Z,6_1,Control
a4e9,6_1,Control,2025-03-26T22:26:00Z,0.78,9.7890625,9.828125,3.58,2025-03-26T22:20:00Z,6_1,Control
a4e9,6_1,Control,2025-03-26T22:47:00Z,0.78,9.5859375,9.625,3.58,2025-03-26T22:40:00Z,6_1,Control
a4e9,6_1,Control,2025-03-26T23:09:00Z,0.79,9.5078125,9.53125,3.58,2025-03-26T23:00:00Z,6_1,Control
a4e9,6_1,Control,2025-03-26T23:30:00Z,0.8,9.6015625,9.609375,3.59,2025-03-26T23:40:00Z,6_1,Control
a4e9,6_1,Control,2025-03-26T23:52:00Z,0.82,9.5859375,9.6015625,3.58,2025-03-27T00:00:00Z,6_1,Control
a4e9,6_1,Control,2025-03-27T00:13:00Z,0.81,10.203125,10.140625,3.58,2025-03-27T00:20:00Z,6_1,Control
a4e9,6_1,Control,2025-03-27T00:35:00Z,0.77,10.5546875,10.5390625,3.58,2025-03-27T00:40:00Z,6_1,Control
a4e9,6_1,Control,2025-03-27T00:56:00Z,0.78,9.9921875,10.0234375,3.58,2025-03-27T01:00:00Z,6_1,Control
a4e9,6_1,Control,2025-03-27T01:18:00Z,0.77,9.640625,9.6640625,3.59,2025-03-27T01:20:00Z,6_1,Control
a4e9,6_1,Control,2025-03-27T01:39:00Z,0.78,9.6796875,9.6796875,3.58,2025-03-27T01:40:00Z,6_1,Control
a4e9,6_1,Control,2025-03-27T02:01:00Z,0.78,9.6796875,9.6875,3.58,2025-03-27T02:00:00Z,6_1,Control
a4e9,6_1,Control,2025-03-27T02:22:00Z,0.79,9.4140625,9.4375,3.59,2025-03-27T02:20:00Z,6_1,Control
a4e9,6_1,Control,2025-03-27T02:43:00Z,0.8,9.5546875,9.546875,3.58,2025-03-27T02:40:00Z,6_1,Control
a4e9,6_1,Control,2025-03-27T03:05:00Z,0.8,9.9453125,9.9375,3.58,2025-03-27T03:00:00Z,6_1,Control
a4e9,6_1,Control,2025-03-27T03:26:00Z,0.79,10.265625,10.265625,3.58,2025-03-27T03:20:00Z,6_1,Control
a4e9,6_1,Control,2025-03-27T03:48:00Z,0.83,10.5546875,10.4921875,3.58,2025-03-27T03:40:00Z,6_1,Control
a4e9,6_1,Control,2025-03-27T04:09:00Z,0.81,11.3671875,11.140625,3.58,2025-03-27T04:00:00Z,6_1,Control
a4e9,6_1,Control,2025-03-27T04:31:00Z,0.84,12.3984375,12.21875,3.58,2025-03-27T04:40:00Z,6_1,Control
a4e9,6_1,Control,2025-03-27T04:52:00Z,0.81,13.6953125,13.5078125,3.58,2025-03-27T05:00:00Z,6_1,Control
a4e9,6_1,Control,2025-03-27T05:14:00Z,0.89,14.859375,14.7109375,3.59,2025-03-27T05:20:00Z,6_1,Control
a4e9,6_1,Control,2025-03-27T05:35:00Z,0.87,16.9921875,16.90625,3.59,2025-03-27T05:40:00Z,6_1,Control
a4e9,6_1,Control,2025-03-27T05:57:00Z,0.89,18.53125,18.46875,3.59,2025-03-27T06:00:00Z,6_1,Control
a4e9,6_1,Control,2025-03-27T06:18:00Z,0.87,19.109375,19.1484375,3.59,2025-03-27T06:20:00Z,6_1,Control
a4e9,6_1,Control,2025-03-27T06:40:00Z,0.93,19.171875,19.171875,3.59,2025-03-27T06:40:00Z,6_1,Control
a4e9,6_1,Control,2025-03-27T07:01:00Z,0.92,19.4375,19.4296875,3.6,2025-03-27T07:00:00Z,6_1,Control
a4e9,6_1,Control,2025-03-27T07:23:00Z,0.91,20.3359375,20.34375,3.6,2025-03-27T07:20:00Z,6_1,Control
a4e9,6_1,Control,2025-03-27T07:44:00Z,0.94,21.0703125,21.1796875,3.6,2025-03-27T07:40:00Z,6_1,Control
a4e9,6_1,Control,2025-03-27T08:05:00Z,0.99,22.0390625,22.21875,3.6,2025-03-27T08:00:00Z,6_1,Control
a4e9,6_1,Control,2025-03-27T08:27:00Z,0.96,22.8359375,23.03125,3.6,2025-03-27T08:20:00Z,6_1,Control
a4e9,6_1,Control,2025-03-27T08:48:00Z,0.98,23.90625,24.328125,3.6,2025-03-27T08:40:00Z,6_1,Control
a4e9,6_1,Control,2025-03-27T09:10:00Z,1.07,24.9921875,25.390625,3.6,2025-03-27T09:00:00Z,6_1,Control
a4e9,6_1,Control,2025-03-27T09:31:00Z,1.07,26.0234375,26.140625,3.61,2025-03-27T09:40:00Z,6_1,Control
a4e9,6_1,Control,2025-03-27T09:53:00Z,1.04,26.5234375,26.59375,3.6,2025-03-27T10:00:00Z,6_1,Control
a4e9,6_1,Control,2025-03-27T10:14:00Z,1.04,26.5,26.640625,3.61,2025-03-27T10:20:00Z,6_1,Control
a4e9,6_1,Control,2025-03-27T10:36:00Z,1.11,26.4453125,26.671875,3.61,2025-03-27T10:40:00Z,6_1,Control
a4e9,6_1,Control,2025-03-27T10:57:00Z,1.12,26.6015625,26.78125,3.61,2025-03-27T11:00:00Z,6_1,Control
a4e9,6_1,Control,2025-03-27T11:19:00Z,1.08,26.59375,26.8671875,3.61,2025-03-27T11:20:00Z,6_1,Control
a4e9,6_1,Control,2025-03-27T11:40:00Z,1.1,26.8125,27.2421875,3.6,2025-03-27T11:40:00Z,6_1,Control
a4e9,6_1,Control,2025-03-27T12:02:00Z,1.19,28.265625,28.828125,3.61,2025-03-27T12:00:00Z,6_1,Control
a4e9,6_1,Control,2025-03-27T12:23:00Z,1.16,28.6953125,28.859375,3.61,2025-03-27T12:20:00Z,6_1,Control
a4e9,6_1,Control,2025-03-27T12:45:00Z,1.08,27.9375,27.7265625,3.6,2025-03-27T12:40:00Z,6_1,Control
a4e9,6_1,Control,2025-03-27T13:06:00Z,0.99,26.59375,26.265625,3.6,2025-03-27T13:00:00Z,6_1,Control
a4e9,6_1,Control,2025-03-27T13:27:00Z,0.9,24.6484375,24.3984375,3.61,2025-03-27T13:20:00Z,6_1,Control
a4e9,6_1,Control,2025-03-27T13:49:00Z,0.87,22.71875,22.6328125,3.61,2025-03-27T13:40:00Z,6_1,Control
a4e9,6_1,Control,2025-03-27T14:10:00Z,0.82,21.171875,21.109375,3.61,2025-03-27T14:00:00Z,6_1,Control
a4e9,6_1,Control,2025-03-27T14:32:00Z,0.79,19.3828125,19.3203125,3.6,2025-03-27T14:40:00Z,6_1,Control
a4e9,6_1,Control,2025-03-27T14:53:00Z,0.78,18.3359375,18.3046875,3.6,2025-03-27T15:00:00Z,6_1,Control
a4e9,6_1,Control,2025-03-27T15:15:00Z,0.8,17.5078125,17.4921875,3.59,2025-03-27T15:20:00Z,6_1,Control
a4e9,6_1,Control,2025-03-27T15:36:00Z,0.79,16.9921875,16.984375,3.6,2025-03-27T15:40:00Z,6_1,Control
a4e9,6_1,Control,2025-03-27T15:58:00Z,0.8,16.8203125,16.796875,3.6,2025-03-27T16:00:00Z,6_1,Control
a4e9,6_1,Control,2025-03-27T16:19:00Z,0.78,16.75,16.734375,3.6,2025-03-27T16:20:00Z,6_1,Control
a4e9,6_1,Control,2025-03-27T16:41:00Z,0.79,16.375,16.3828125,3.6,2025-03-27T16:40:00Z,6_1,Control
a4e9,6_1,Control,2025-03-27T17:02:00Z,0.78,16.265625,16.25,3.6,2025-03-27T17:00:00Z,6_1,Control
a4e9,6_1,Control,2025-03-27T17:24:00Z,0.76,15.6015625,15.640625,3.59,2025-03-27T17:20:00Z,6_1,Control
a4e9,6_1,Control,2025-03-27T17:45:00Z,0.78,14.890625,14.9296875,3.59,2025-03-27T17:40:00Z,6_1,Control
a4e9,6_1,Control,2025-03-27T18:07:00Z,0.76,14.0859375,14.140625,3.6,2025-03-27T18:00:00Z,6_1,Control
a4e9,6_1,Control,2025-03-27T18:28:00Z,0.78,13.4375,13.484375,3.59,2025-03-27T18:20:00Z,6_1,Control
a4e9,6_1,Control,2025-03-27T18:49:00Z,0.78,13.0625,13.09375,3.59,2025-03-27T18:40:00Z,6_1,Control
a4e9,6_1,Control,2025-03-27T19:11:00Z,0.78,12.671875,12.7109375,3.6,2025-03-27T19:20:00Z,6_1,Control
a4e9,6_1,Control,2025-03-27T19:32:00Z,0.79,12.265625,12.3046875,3.59,2025-03-27T19:40:00Z,6_1,Control
a4e9,6_1,Control,2025-03-27T19:54:00Z,0.78,12.015625,12.0390625,3.59,2025-03-27T20:00:00Z,6_1,Control
a4e9,6_1,Control,2025-03-27T20:15:00Z,0.78,11.7578125,11.796875,3.59,2025-03-27T20:20:00Z,6_1,Control
a4e9,6_1,Control,2025-03-27T20:37:00Z,0.8,11.6015625,11.625,3.59,2025-03-27T20:40:00Z,6_1,Control
a4e9,6_1,Control,2025-03-27T20:58:00Z,0.8,11.5703125,11.5859375,3.58,2025-03-27T21:00:00Z,6_1,Control
a4e9,6_1,Control,2025-03-27T21:20:00Z,0.79,11.5546875,11.578125,3.59,2025-03-27T21:20:00Z,6_1,Control
a4e9,6_1,Control,2025-03-27T21:41:00Z,0.79,11.4609375,11.4765625,3.58,2025-03-27T21:40:00Z,6_1,Control
a4e9,6_1,Control,2025-03-27T22:03:00Z,0.8,11.5234375,11.5234375,3.59,2025-03-27T22:00:00Z,6_1,Control
a4e9,6_1,Control,2025-03-27T22:24:00Z,0.8,11.8515625,11.8359375,3.59,2025-03-27T22:20:00Z,6_1,Control
a4e9,6_1,Control,2025-03-27T22:46:00Z,0.78,12.0390625,12.0234375,3.59,2025-03-27T22:40:00Z,6_1,Control
a4e9,6_1,Control,2025-03-27T23:07:00Z,0.78,12.078125,12.0703125,3.59,2025-03-27T23:00:00Z,6_1,Control
a4e9,6_1,Control,2025-03-27T23:29:00Z,0.79,12.0078125,12,3.59,2025-03-27T23:20:00Z,6_1,Control
a4e9,6_1,Control,2025-03-27T23:50:00Z,0.8,12.2265625,12.203125,3.58,2025-03-27T23:40:00Z,6_1,Control
a4e9,6_1,Control,2025-03-28T00:11:00Z,0.79,12.484375,12.4609375,3.59,2025-03-28T00:20:00Z,6_1,Control
a4e9,6_1,Control,2025-03-28T00:33:00Z,0.8,12.6875,12.6640625,3.59,2025-03-28T00:40:00Z,6_1,Control
a4e9,6_1,Control,2025-03-28T00:54:00Z,0.79,12.9609375,12.9453125,3.58,2025-03-28T01:00:00Z,6_1,Control
a4e9,6_1,Control,2025-03-28T01:16:00Z,0.79,13.1015625,13.1171875,3.58,2025-03-28T01:20:00Z,6_1,Control
a4e9,6_1,Control,2025-03-28T01:37:00Z,0.8,13.21875,13.25,3.59,2025-03-28T01:40:00Z,6_1,Control
a4e9,6_1,Control,2025-03-28T01:59:00Z,0.8,13.25,13.28125,3.59,2025-03-28T02:00:00Z,6_1,Control
a4e9,6_1,Control,2025-03-28T02:20:00Z,0.79,13.3359375,13.359375,3.58,2025-03-28T02:20:00Z,6_1,Control
a4e9,6_1,Control,2025-03-28T02:42:00Z,0.78,12.9609375,13,3.59,2025-03-28T02:40:00Z,6_1,Control
a4e9,6_1,Control,2025-03-28T03:03:00Z,0.79,12.734375,12.75,3.59,2025-03-28T03:00:00Z,6_1,Control
a4e9,6_1,Control,2025-03-28T03:25:00Z,0.83,12.5234375,12.5234375,3.58,2025-03-28T03:20:00Z,6_1,Control
a4e9,6_1,Control,2025-03-28T03:46:00Z,0.86,13.21875,13.0859375,3.59,2025-03-28T03:40:00Z,6_1,Control
a4e9,6_1,Control,2025-03-28T04:08:00Z,0.83,15.3359375,15.109375,3.59,2025-03-28T04:00:00Z,6_1,Control
a4e9,6_1,Control,2025-03-28T04:29:00Z,0.91,17.8984375,17.578125,3.59,2025-03-28T04:20:00Z,6_1,Control
a4e9,6_1,Control,2025-03-28T04:51:00Z,0.85,20.140625,19.9765625,3.6,2025-03-28T05:00:00Z,6_1,Control
a4e9,6_1,Control,2025-03-28T05:12:00Z,0.9,20.859375,20.828125,3.6,2025-03-28T05:20:00Z,6_1,Control
a4e9,6_1,Control,2025-03-28T05:33:00Z,0.91,21.6484375,21.6640625,3.6,2025-03-28T05:40:00Z,6_1,Control
a4e9,6_1,Control,2025-03-28T05:55:00Z,0.93,22.2734375,22.25,3.6,2025-03-28T06:00:00Z,6_1,Control
a4e9,6_1,Control,2025-03-28T06:16:00Z,0.94,22.828125,22.84375,3.6,2025-03-28T06:20:00Z,6_1,Control
a4e9,6_1,Control,2025-03-28T06:38:00Z,0.98,22.53125,22.53125,3.6,2025-03-28T06:40:00Z,6_1,Control
a4e9,6_1,Control,2025-03-28T06:59:00Z,0.98,22.7578125,22.765625,3.6,2025-03-28T07:00:00Z,6_1,Control
a4e9,6_1,Control,2025-03-28T07:21:00Z,0.95,23.0546875,23.0703125,3.6,2025-03-28T07:20:00Z,6_1,Control
a4e9,6_1,Control,2025-03-28T07:42:00Z,0.96,23.9375,24.09375,3.61,2025-03-28T07:40:00Z,6_1,Control
a4e9,6_1,Control,2025-03-28T08:04:00Z,1,25.15625,25.3359375,3.6,2025-03-28T08:00:00Z,6_1,Control
a4e9,6_1,Control,2025-03-28T08:25:00Z,1.03,25.8671875,26.0859375,3.61,2025-03-28T08:20:00Z,6_1,Control
a4e9,6_1,Control,2025-03-28T08:47:00Z,1.01,26.4453125,26.828125,3.6,2025-03-28T08:40:00Z,6_1,Control
a4e9,6_1,Control,2025-03-28T09:08:00Z,1.09,27.6953125,28.015625,3.61,2025-03-28T09:00:00Z,6_1,Control
a4e9,6_1,Control,2025-03-28T09:30:00Z,1.18,28.765625,28.8515625,3.61,2025-03-28T09:40:00Z,6_1,Control
a4e9,6_1,Control,2025-03-28T09:51:00Z,1.11,29.453125,29.5,3.61,2025-03-28T10:00:00Z,6_1,Control
a4e9,6_1,Control,2025-03-28T10:13:00Z,1.09,29.9921875,30.1484375,3.61,2025-03-28T10:20:00Z,6_1,Control
a4e9,6_1,Control,2025-03-28T10:34:00Z,1.2,29.9453125,30.140625,3.61,2025-03-28T10:40:00Z,6_1,Control
a4e9,6_1,Control,2025-03-28T10:55:00Z,1.19,29.90625,30.03125,3.61,2025-03-28T11:00:00Z,6_1,Control
a4e9,6_1,Control,2025-03-28T11:17:00Z,1.09,29.796875,30.046875,3.61,2025-03-28T11:20:00Z,6_1,Control
a4e9,6_1,Control,2025-03-28T11:38:00Z,1.34,29.578125,29.8671875,3.61,2025-03-28T11:40:00Z,6_1,Control
a4e9,6_1,Control,2025-03-28T12:00:00Z,1.13,30.5625,31.09375,3.62,2025-03-28T12:00:00Z,6_1,Control
a4e9,6_1,Control,2025-03-28T12:21:00Z,1.18,31.4921875,31.796875,3.62,2025-03-28T12:20:00Z,6_1,Control
a4e9,6_1,Control,2025-03-28T12:43:00Z,0.87,27.8515625,27.6796875,3.61,2025-03-28T12:40:00Z,6_1,Control
a4e9,6_1,Control,2025-03-28T13:04:00Z,0.85,25.40625,25.25,3.61,2025-03-28T13:00:00Z,6_1,Control
a4e9,6_1,Control,2025-03-28T13:26:00Z,0.84,24.1015625,24,3.61,2025-03-28T13:20:00Z,6_1,Control
a4e9,6_1,Control,2025-03-28T13:47:00Z,0.81,23.34375,23.265625,3.61,2025-03-28T13:40:00Z,6_1,Control
a4e9,6_1,Control,2025-03-28T14:09:00Z,0.81,22.78125,22.7265625,3.61,2025-03-28T14:00:00Z,6_1,Control
a4e9,6_1,Control,2025-03-28T14:30:00Z,0.8,22.1953125,22.15625,3.6,2025-03-28T14:40:00Z,6_1,Control
a4e9,6_1,Control,2025-03-28T14:52:00Z,0.78,21.5546875,21.5390625,3.61,2025-03-28T15:00:00Z,6_1,Control
a4e9,6_1,Control,2025-03-28T15:13:00Z,0.79,20.8203125,20.8203125,3.6,2025-03-28T15:20:00Z,6_1,Control
a4e9,6_1,Control,2025-03-28T15:35:00Z,0.79,20.1171875,20.125,3.61,2025-03-28T15:40:00Z,6_1,Control
a4e9,6_1,Control,2025-03-28T15:56:00Z,0.78,19.6953125,19.6953125,3.6,2025-03-28T16:00:00Z,6_1,Control
a4e9,6_1,Control,2025-03-28T16:17:00Z,0.79,19.3671875,19.3671875,3.61,2025-03-28T16:20:00Z,6_1,Control
a4e9,6_1,Control,2025-03-28T16:39:00Z,0.79,19.046875,19.046875,3.61,2025-03-28T16:40:00Z,6_1,Control
a4e9,6_1,Control,2025-03-28T17:00:00Z,0.78,18.8359375,18.828125,3.6,2025-03-28T17:00:00Z,6_1,Control
a4e9,6_1,Control,2025-03-28T17:22:00Z,0.79,18.53125,18.53125,3.6,2025-03-28T17:20:00Z,6_1,Control
a4e9,6_1,Control,2025-03-28T17:43:00Z,0.78,18.0625,18.078125,3.6,2025-03-28T17:40:00Z,6_1,Control
a4e9,6_1,Control,2025-03-28T18:05:00Z,0.8,17.765625,17.7578125,3.6,2025-03-28T18:00:00Z,6_1,Control
a4e9,6_1,Control,2025-03-28T18:26:00Z,0.8,18.125,18.09375,3.6,2025-03-28T18:20:00Z,6_1,Control
a4e9,6_1,Control,2025-03-28T18:48:00Z,0.78,17.8515625,17.8515625,3.6,2025-03-28T18:40:00Z,6_1,Control
a4e9,6_1,Control,2025-03-28T19:09:00Z,0.79,17.75,17.7265625,3.6,2025-03-28T19:00:00Z,6_1,Control
a4e9,6_1,Control,2025-03-28T19:31:00Z,0.79,17.421875,17.421875,3.6,2025-03-28T19:40:00Z,6_1,Control
a4e9,6_1,Control,2025-03-28T19:52:00Z,0.81,17.4375,17.40625,3.6,2025-03-28T20:00:00Z,6_1,Control
a4e9,6_1,Control,2025-03-28T20:14:00Z,0.79,17.734375,17.7109375,3.59,2025-03-28T20:20:00Z,6_1,Control
a4e9,6_1,Control,2025-03-28T20:35:00Z,0.76,17.109375,17.140625,3.6,2025-03-28T20:40:00Z,6_1,Control
a4e9,6_1,Control,2025-03-28T20:57:00Z,0.78,15.8671875,15.921875,3.6,2025-03-28T21:00:00Z,6_1,Control
a4e9,6_1,Control,2025-03-28T21:18:00Z,0.77,15.125,15.15625,3.6,2025-03-28T21:20:00Z,6_1,Control
a4e9,6_1,Control,2025-03-28T21:39:00Z,0.78,14.6171875,14.640625,3.59,2025-03-28T21:40:00Z,6_1,Control
a4e9,6_1,Control,2025-03-28T22:01:00Z,0.8,14.3359375,14.3515625,3.59,2025-03-28T22:00:00Z,6_1,Control
a4e9,6_1,Control,2025-03-28T22:22:00Z,0.79,14.1875,14.1953125,3.59,2025-03-28T22:20:00Z,6_1,Control
a4e9,6_1,Control,2025-03-28T22:44:00Z,0.8,14.2578125,14.25,3.6,2025-03-28T22:40:00Z,6_1,Control
a4e9,6_1,Control,2025-03-28T23:05:00Z,0.79,14.1796875,14.1796875,3.59,2025-03-28T23:00:00Z,6_1,Control
a4e9,6_1,Control,2025-03-28T23:27:00Z,0.8,13.90625,13.9140625,3.59,2025-03-28T23:20:00Z,6_1,Control
a4e9,6_1,Control,2025-03-28T23:48:00Z,0.79,13.78125,13.7890625,3.6,2025-03-28T23:40:00Z,6_1,Control
a4e9,6_1,Control,2025-03-29T00:10:00Z,0.79,13.578125,13.578125,3.59,2025-03-29T00:00:00Z,6_1,Control
a4e9,6_1,Control,2025-03-29T00:31:00Z,0.79,13.53125,13.53125,3.59,2025-03-29T00:40:00Z,6_1,Control
a4e9,6_1,Control,2025-03-29T00:53:00Z,0.8,13.65625,13.640625,3.6,2025-03-29T01:00:00Z,6_1,Control
a4e9,6_1,Control,2025-03-29T01:14:00Z,0.79,13.8828125,13.8671875,3.59,2025-03-29T01:20:00Z,6_1,Control
a4e9,6_1,Control,2025-03-29T01:36:00Z,0.8,13.8984375,13.890625,3.59,2025-03-29T01:40:00Z,6_1,Control
a4e9,6_1,Control,2025-03-29T01:57:00Z,0.8,13.9375,13.9296875,3.59,2025-03-29T02:00:00Z,6_1,Control
a4e9,6_1,Control,2025-03-29T02:19:00Z,0.8,13.828125,13.828125,3.59,2025-03-29T02:20:00Z,6_1,Control
a4e9,6_1,Control,2025-03-29T02:40:00Z,0.79,13.671875,13.6640625,3.59,2025-03-29T02:40:00Z,6_1,Control
a4e9,6_1,Control,2025-03-29T03:01:00Z,0.8,13.6015625,13.578125,3.59,2025-03-29T03:00:00Z,6_1,Control
a4e9,6_1,Control,2025-03-29T03:23:00Z,0.87,14.2109375,14.125,3.59,2025-03-29T03:20:00Z,6_1,Control
a4e9,6_1,Control,2025-03-29T03:44:00Z,1,16.5,16.203125,3.59,2025-03-29T03:40:00Z,6_1,Control
a4e9,6_1,Control,2025-03-29T04:06:00Z,0.92,21.0078125,20.40625,3.59,2025-03-29T04:00:00Z,6_1,Control
a4e9,6_1,Control,2025-03-29T04:27:00Z,0.96,23.359375,22.9375,3.6,2025-03-29T04:20:00Z,6_1,Control
a4e9,6_1,Control,2025-03-29T04:49:00Z,0.97,24.3515625,24,3.6,2025-03-29T04:40:00Z,6_1,Control
a4e9,6_1,Control,2025-03-29T05:10:00Z,0.96,24.8515625,24.65625,3.6,2025-03-29T05:00:00Z,6_1,Control
a4e9,6_1,Control,2025-03-29T05:32:00Z,0.94,24.90625,24.765625,3.6,2025-03-29T05:40:00Z,6_1,Control
a4e9,6_1,Control,2025-03-29T05:53:00Z,0.97,25.4140625,25.2421875,3.61,2025-03-29T06:00:00Z,6_1,Control
a4e9,6_1,Control,2025-03-29T06:15:00Z,0.91,25.4453125,25.21875,3.61,2025-03-29T06:20:00Z,6_1,Control
a4e9,6_1,Control,2025-03-29T06:36:00Z,0.97,24.7890625,24.703125,3.6,2025-03-29T06:40:00Z,6_1,Control
a4e9,6_1,Control,2025-03-29T06:58:00Z,0.98,24.671875,24.640625,3.6,2025-03-29T07:00:00Z,6_1,Control
a4e9,6_1,Control,2025-03-29T07:19:00Z,1.01,25.421875,25.46875,3.6,2025-03-29T07:20:00Z,6_1,Control
a4e9,6_1,Control,2025-03-29T07:40:00Z,1.02,26.40625,26.5390625,3.61,2025-03-29T07:40:00Z,6_1,Control
a4e9,6_1,Control,2025-03-29T08:02:00Z,1.01,27.1953125,27.3359375,3.6,2025-03-29T08:00:00Z,6_1,Control
a4e9,6_1,Control,2025-03-29T08:23:00Z,1,27.828125,27.96875,3.61,2025-03-29T08:20:00Z,6_1,Control
a4e9,6_1,Control,2025-03-29T08:45:00Z,1.05,28.7578125,29.0703125,3.61,2025-03-29T08:40:00Z,6_1,Control
a4e9,6_1,Control,2025-03-29T09:06:00Z,1.1,29.8515625,30.1953125,3.61,2025-03-29T09:00:00Z,6_1,Control
a4e9,6_1,Control,2025-03-29T09:28:00Z,1.14,30.96875,31.0703125,3.62,2025-03-29T09:20:00Z,6_1,Control
a4e9,6_1,Control,2025-03-29T09:49:00Z,1.06,31.3203125,31.3359375,3.61,2025-03-29T09:40:00Z,6_1,Control
a4e9,6_1,Control,2025-03-29T10:11:00Z,1.1,30.5703125,30.609375,3.61,2025-03-29T10:20:00Z,6_1,Control
a4e9,6_1,Control,2025-03-29T10:32:00Z,1.19,31.2265625,31.53125,3.62,2025-03-29T10:40:00Z,6_1,Control
a4e9,6_1,Control,2025-03-29T10:54:00Z,1.32,30.7421875,30.703125,3.62,2025-03-29T11:00:00Z,6_1,Control
a4e9,6_1,Control,2025-03-29T11:15:00Z,1.06,30.1953125,30.2578125,3.62,2025-03-29T11:20:00Z,6_1,Control
a4e9,6_1,Control,2025-03-29T11:37:00Z,1,28.5859375,28.6953125,3.62,2025-03-29T11:40:00Z,6_1,Control
a4e9,6_1,Control,2025-03-29T11:58:00Z,1.16,29.5546875,29.984375,3.62,2025-03-29T12:00:00Z,6_1,Control
a4e9,6_1,Control,2025-03-29T12:20:00Z,1.21,30.34375,30.4375,3.62,2025-03-29T12:20:00Z,6_1,Control
a4e9,6_1,Control,2025-03-29T12:41:00Z,1.07,30.234375,30,3.61,2025-03-29T12:40:00Z,6_1,Control
a4e9,6_1,Control,2025-03-29T13:02:00Z,1,29.125,28.7109375,3.62,2025-03-29T13:00:00Z,6_1,Control
a4e9,6_1,Control,2025-03-29T13:24:00Z,0.91,27.4921875,27.140625,3.61,2025-03-29T13:20:00Z,6_1,Control
a4e9,6_1,Control,2025-03-29T13:45:00Z,0.84,25.6953125,25.5625,3.62,2025-03-29T13:40:00Z,6_1,Control
a4e9,6_1,Control,2025-03-29T14:07:00Z,0.81,23.359375,23.2421875,3.61,2025-03-29T14:00:00Z,6_1,Control
a4e9,6_1,Control,2025-03-29T14:28:00Z,0.77,21.09375,21,3.61,2025-03-29T14:20:00Z,6_1,Control
a4e9,6_1,Control,2025-03-29T14:50:00Z,0.79,19.5703125,19.515625,3.6,2025-03-29T14:40:00Z,6_1,Control
a4e9,6_1,Control,2025-03-29T15:11:00Z,0.78,18.6171875,18.5859375,3.6,2025-03-29T15:20:00Z,6_1,Control
a4e9,6_1,Control,2025-03-29T15:33:00Z,0.8,17.984375,17.96875,3.6,2025-03-29T15:40:00Z,6_1,Control
a4e9,6_1,Control,2025-03-29T15:54:00Z,0.8,17.515625,17.5,3.6,2025-03-29T16:00:00Z,6_1,Control
a4e9,6_1,Control,2025-03-29T16:16:00Z,0.79,17,16.984375,3.6,2025-03-29T16:20:00Z,6_1,Control
a4e9,6_1,Control,2025-03-29T16:37:00Z,0.79,16.546875,16.53125,3.6,2025-03-29T16:40:00Z,6_1,Control
a4e9,6_1,Control,2025-03-29T16:59:00Z,0.78,16.046875,16.0625,3.6,2025-03-29T17:00:00Z,6_1,Control
a4e9,6_1,Control,2025-03-29T17:20:00Z,0.8,15.484375,15.5078125,3.6,2025-03-29T17:20:00Z,6_1,Control
a4e9,6_1,Control,2025-03-29T17:42:00Z,0.79,15.1875,15.1953125,3.6,2025-03-29T17:40:00Z,6_1,Control
a4e9,6_1,Control,2025-03-29T18:03:00Z,0.79,14.9453125,14.953125,3.6,2025-03-29T18:00:00Z,6_1,Control
a4e9,6_1,Control,2025-03-29T18:24:00Z,0.79,14.703125,14.703125,3.59,2025-03-29T18:20:00Z,6_1,Control
a4e9,6_1,Control,2025-03-29T18:46:00Z,0.78,14.4609375,14.4609375,3.6,2025-03-29T18:40:00Z,6_1,Control
a4e9,6_1,Control,2025-03-29T19:07:00Z,0.78,14.109375,14.1171875,3.6,2025-03-29T19:00:00Z,6_1,Control
a4e9,6_1,Control,2025-03-29T19:29:00Z,0.79,13.8671875,13.875,3.6,2025-03-29T19:20:00Z,6_1,Control
a4e9,6_1,Control,2025-03-29T19:50:00Z,0.78,13.53125,13.5390625,3.6,2025-03-29T19:40:00Z,6_1,Control
a4e9,6_1,Control,2025-03-29T20:12:00Z,0.79,13.2890625,13.2890625,3.59,2025-03-29T20:20:00Z,6_1,Control
a4e9,6_1,Control,2025-03-29T20:33:00Z,0.79,13.0703125,13.078125,3.59,2025-03-29T20:40:00Z,6_1,Control
a4e9,6_1,Control,2025-03-29T20:55:00Z,0.78,12.921875,12.9140625,3.59,2025-03-29T21:00:00Z,6_1,Control
a4e9,6_1,Control,2025-03-29T21:16:00Z,0.79,12.71875,12.7265625,3.59,2025-03-29T21:20:00Z,6_1,Control
a4e9,6_1,Control,2025-03-29T21:38:00Z,0.8,12.5703125,12.5625,3.59,2025-03-29T21:40:00Z,6_1,Control
a4e9,6_1,Control,2025-03-29T21:59:00Z,0.8,12.5625,12.5625,3.59,2025-03-29T22:00:00Z,6_1,Control
a4e9,6_1,Control,2025-03-29T22:21:00Z,0.81,12.5546875,12.546875,3.59,2025-03-29T22:20:00Z,6_1,Control
a4e9,6_1,Control,2025-03-29T22:42:00Z,0.79,12.5234375,12.515625,3.59,2025-03-29T22:40:00Z,6_1,Control
a4e9,6_1,Control,2025-03-29T23:04:00Z,0.8,12.515625,12.515625,3.59,2025-03-29T23:00:00Z,6_1,Control
a4e9,6_1,Control,2025-03-29T23:25:00Z,0.79,12.515625,12.5078125,3.58,2025-03-29T23:20:00Z,6_1,Control
a4e9,6_1,Control,2025-03-29T23:46:00Z,0.8,12.5078125,12.5,3.59,2025-03-29T23:40:00Z,6_1,Control
a4e9,6_1,Control,2025-03-30T00:08:00Z,0.8,12.546875,12.5390625,3.59,2025-03-30T00:00:00Z,6_1,Control
a4e9,6_1,Control,2025-03-30T00:29:00Z,0.8,12.65625,12.640625,3.59,2025-03-30T00:20:00Z,6_1,Control
a4e9,6_1,Control,2025-03-30T00:51:00Z,0.79,12.90625,12.890625,3.59,2025-03-30T01:00:00Z,6_1,Control
a4e9,6_1,Control,2025-03-30T01:12:00Z,0.8,13.171875,13.1484375,3.59,2025-03-30T01:20:00Z,6_1,Control
a4e9,6_1,Control,2025-03-30T01:34:00Z,0.79,13.2578125,13.2421875,3.59,2025-03-30T01:40:00Z,6_1,Control
a4e9,6_1,Control,2025-03-30T01:55:00Z,0.78,13.1015625,13.09375,3.59,2025-03-30T02:00:00Z,6_1,Control
a4e9,6_1,Control,2025-03-30T02:17:00Z,0.78,12.6328125,12.6484375,3.59,2025-03-30T02:20:00Z,6_1,Control
a4e9,6_1,Control,2025-03-30T02:38:00Z,0.79,12.2890625,12.2890625,3.59,2025-03-30T02:40:00Z,6_1,Control
a4e9,6_1,Control,2025-03-30T03:00:00Z,0.79,12.1328125,12.125,3.59,2025-03-30T03:00:00Z,6_1,Control
a4e9,6_1,Control,2025-03-30T03:21:00Z,0.8,12.109375,12.09375,3.58,2025-03-30T03:20:00Z,6_1,Control
a4e9,6_1,Control,2025-03-30T03:43:00Z,0.81,12.40625,12.3515625,3.59,2025-03-30T03:40:00Z,6_1,Control
a4e9,6_1,Control,2025-03-30T04:04:00Z,0.85,13.640625,13.5,3.59,2025-03-30T04:00:00Z,6_1,Control
a4e9,6_1,Control,2025-03-30T04:26:00Z,0.84,16.8359375,16.5703125,3.59,2025-03-30T04:20:00Z,6_1,Control
a4e9,6_1,Control,2025-03-30T04:47:00Z,0.87,17.1484375,16.953125,3.59,2025-03-30T04:40:00Z,6_1,Control
a4e9,6_1,Control,2025-03-30T05:08:00Z,0.8,16.6953125,16.6328125,3.6,2025-03-30T05:00:00Z,6_1,Control
a4e9,6_1,Control,2025-03-30T05:30:00Z,0.83,16.09375,16.0546875,3.6,2025-03-30T05:40:00Z,6_1,Control
a4e9,6_1,Control,2025-03-30T05:51:00Z,0.88,16.09375,16.03125,3.59,2025-03-30T06:00:00Z,6_1,Control
a4e9,6_1,Control,2025-03-30T06:13:00Z,0.9,18.5546875,18.4140625,3.6,2025-03-30T06:20:00Z,6_1,Control
a4e9,6_1,Control,2025-03-30T06:34:00Z,0.88,19.71875,19.6953125,3.59,2025-03-30T06:40:00Z,6_1,Control
a4e9,6_1,Control,2025-03-30T06:56:00Z,0.9,19.6171875,19.5703125,3.6,2025-03-30T07:00:00Z,6_1,Control
a4e9,6_1,Control,2025-03-30T07:17:00Z,0.98,20.6328125,20.578125,3.6,2025-03-30T07:20:00Z,6_1,Control
a4e9,6_1,Control,2025-03-30T07:39:00Z,0.93,22.421875,22.4296875,3.6,2025-03-30T07:40:00Z,6_1,Control
a4e9,6_1,Control,2025-03-30T08:00:00Z,0.91,22.203125,22.21875,3.6,2025-03-30T08:00:00Z,6_1,Control
a4e9,6_1,Control,2025-03-30T08:22:00Z,0.94,22.625,22.625,3.6,2025-03-30T08:20:00Z,6_1,Control
a4e9,6_1,Control,2025-03-30T08:43:00Z,1.01,23.6953125,23.84375,3.6,2025-03-30T08:40:00Z,6_1,Control
a4e9,6_1,Control,2025-03-30T09:05:00Z,0.99,23.6796875,23.6328125,3.6,2025-03-30T09:00:00Z,6_1,Control
a4e9,6_1,Control,2025-03-30T09:26:00Z,1.02,25.3046875,25.3046875,3.6,2025-03-30T09:20:00Z,6_1,Control
a4e9,6_1,Control,2025-03-30T09:48:00Z,0.99,24.3671875,24.203125,3.6,2025-03-30T09:40:00Z,6_1,Control
a4e9,6_1,Control,2025-03-30T10:09:00Z,0.99,24.1328125,24.0390625,3.6,2025-03-30T10:00:00Z,6_1,Control
a4e9,6_1,Control,2025-03-30T10:30:00Z,1.07,24.7578125,24.90625,3.61,2025-03-30T10:40:00Z,6_1,Control
a4e9,6_1,Control,2025-03-30T10:52:00Z,0.92,22.8984375,22.796875,3.61,2025-03-30T11:00:00Z,6_1,Control
a4e9,6_1,Control,2025-03-30T11:13:00Z,0.95,22.03125,21.9453125,3.6,2025-03-30T11:20:00Z,6_1,Control
a4e9,6_1,Control,2025-03-30T11:35:00Z,0.98,23.0703125,23.3125,3.61,2025-03-30T11:40:00Z,6_1,Control
a4e9,6_1,Control,2025-03-30T11:56:00Z,1.03,23.6953125,24.0546875,3.6,2025-03-30T12:00:00Z,6_1,Control
a4e9,6_1,Control,2025-03-30T12:18:00Z,0.98,23.3125,23.484375,3.61,2025-03-30T12:20:00Z,6_1,Control
a4e9,6_1,Control,2025-03-30T12:39:00Z,0.97,22.984375,22.9140625,3.61,2025-03-30T12:40:00Z,6_1,Control
a4e9,6_1,Control,2025-03-30T13:01:00Z,0.9,22.2265625,21.953125,3.6,2025-03-30T13:00:00Z,6_1,Control
a4e9,6_1,Control,2025-03-30T13:22:00Z,0.82,20.96875,20.6953125,3.61,2025-03-30T13:20:00Z,6_1,Control
a4e9,6_1,Control,2025-03-30T13:44:00Z,0.81,19.4921875,19.4140625,3.6,2025-03-30T13:40:00Z,6_1,Control
a4e9,6_1,Control,2025-03-30T14:05:00Z,0.79,18.1484375,18.109375,3.6,2025-03-30T14:00:00Z,6_1,Control
a4e9,6_1,Control,2025-03-30T14:27:00Z,0.75,16.765625,16.75,3.61,2025-03-30T14:20:00Z,6_1,Control
a4e9,6_1,Control,2025-03-30T14:48:00Z,0.78,15.734375,15.734375,3.59,2025-03-30T14:40:00Z,6_1,Control
a4e9,6_1,Control,2025-03-30T15:10:00Z,0.79,15.0625,15.0703125,3.6,2025-03-30T15:00:00Z,6_1,Control
a4e9,6_1,Control,2025-03-30T15:31:00Z,0.79,14.625,14.6328125,3.59,2025-03-30T15:40:00Z,6_1,Control
a4e9,6_1,Control,2025-03-30T15:52:00Z,0.8,14.4140625,14.4140625,3.59,2025-03-30T16:00:00Z,6_1,Control
a4e9,6_1,Control,2025-03-30T16:14:00Z,0.79,14.53125,14.53125,3.6,2025-03-30T16:20:00Z,6_1,Control
a4e9,6_1,Control,2025-03-30T16:35:00Z,0.79,14.4921875,14.4921875,3.6,2025-03-30T16:40:00Z,6_1,Control
a4e9,6_1,Control,2025-03-30T16:57:00Z,0.79,14.421875,14.421875,3.6,2025-03-30T17:00:00Z,6_1,Control
a4e9,6_1,Control,2025-03-30T17:18:00Z,0.8,14.359375,14.359375,3.59,2025-03-30T17:20:00Z,6_1,Control
a4e9,6_1,Control,2025-03-30T17:40:00Z,0.8,14.359375,14.359375,3.59,2025-03-30T17:40:00Z,6_1,Control
a4e9,6_1,Control,2025-03-30T18:01:00Z,0.8,14.4296875,14.4296875,3.59,2025-03-30T18:00:00Z,6_1,Control
a4e9,6_1,Control,2025-03-30T18:23:00Z,0.79,14.4921875,14.484375,3.59,2025-03-30T18:20:00Z,6_1,Control
a4e9,6_1,Control,2025-03-30T18:44:00Z,0.79,14.5546875,14.546875,3.59,2025-03-30T18:40:00Z,6_1,Control
a4e9,6_1,Control,2025-03-30T19:06:00Z,0.79,14.546875,14.546875,3.6,2025-03-30T19:00:00Z,6_1,Control
a4e9,6_1,Control,2025-03-30T19:27:00Z,0.78,14.5390625,14.53125,3.59,2025-03-30T19:20:00Z,6_1,Control
a4e9,6_1,Control,2025-03-30T19:49:00Z,0.79,14.421875,14.421875,3.59,2025-03-30T19:40:00Z,6_1,Control
a4e9,6_1,Control,2025-03-30T20:10:00Z,0.8,14.3203125,14.3125,3.59,2025-03-30T20:00:00Z,6_1,Control
a4e9,6_1,Control,2025-03-30T20:32:00Z,0.79,14.234375,14.2265625,3.59,2025-03-30T20:40:00Z,6_1,Control
a4e9,6_1,Control,2025-03-30T20:53:00Z,0.79,14.1328125,14.125,3.59,2025-03-30T21:00:00Z,6_1,Control
a4e9,6_1,Control,2025-03-30T21:14:00Z,0.78,14,13.9921875,3.59,2025-03-30T21:20:00Z,6_1,Control
a4e9,6_1,Control,2025-03-30T21:36:00Z,0.78,13.90625,13.8984375,3.59,2025-03-30T21:40:00Z,6_1,Control
a4e9,6_1,Control,2025-03-30T21:57:00Z,0.79,13.7578125,13.7578125,3.59,2025-03-30T22:00:00Z,6_1,Control
a4e9,6_1,Control,2025-03-30T22:19:00Z,0.79,13.703125,13.6953125,3.59,2025-03-30T22:20:00Z,6_1,Control
a4e9,6_1,Control,2025-03-30T22:40:00Z,0.79,13.7109375,13.6953125,3.59,2025-03-30T22:40:00Z,6_1,Control
a4e9,6_1,Control,2025-03-30T23:02:00Z,0.79,13.703125,13.6875,3.59,2025-03-30T23:00:00Z,6_1,Control
a4e9,6_1,Control,2025-03-30T23:23:00Z,0.79,13.65625,13.6484375,3.59,2025-03-30T23:20:00Z,6_1,Control
a4e9,6_1,Control,2025-03-30T23:45:00Z,0.79,13.625,13.609375,3.59,2025-03-30T23:40:00Z,6_1,Control
a4e9,6_1,Control,2025-03-31T00:06:00Z,0.79,13.578125,13.5703125,3.59,2025-03-31T00:00:00Z,6_1,Control
a4e9,6_1,Control,2025-03-31T00:28:00Z,0.78,13.4921875,13.484375,3.59,2025-03-31T00:20:00Z,6_1,Control
a4e9,6_1,Control,2025-03-31T00:49:00Z,0.8,13.3828125,13.375,3.59,2025-03-31T00:40:00Z,6_1,Control
a4e9,6_1,Control,2025-03-31T01:11:00Z,0.79,13.390625,13.375,3.58,2025-03-31T01:20:00Z,6_1,Control
a4e9,6_1,Control,2025-03-31T01:32:00Z,0.8,13.359375,13.34375,3.59,2025-03-31T01:40:00Z,6_1,Control
a4e9,6_1,Control,2025-03-31T01:54:00Z,0.78,13.34375,13.3359375,3.59,2025-03-31T02:00:00Z,6_1,Control
a4e9,6_1,Control,2025-03-31T02:15:00Z,0.79,13.3125,13.3046875,3.59,2025-03-31T02:20:00Z,6_1,Control
a4e9,6_1,Control,2025-03-31T02:36:00Z,0.79,13.265625,13.2578125,3.59,2025-03-31T02:40:00Z,6_1,Control
a4e9,6_1,Control,2025-03-31T02:58:00Z,0.79,13.28125,13.2734375,3.59,2025-03-31T03:00:00Z,6_1,Control
a4e9,6_1,Control,2025-03-31T03:19:00Z,0.79,13.2734375,13.265625,3.59,2025-03-31T03:20:00Z,6_1,Control
a4e9,6_1,Control,2025-03-31T03:41:00Z,0.79,13.3671875,13.3515625,3.59,2025-03-31T03:40:00Z,6_1,Control
a4e9,6_1,Control,2025-03-31T04:02:00Z,0.79,13.46875,13.4453125,3.58,2025-03-31T04:00:00Z,6_1,Control
a4e9,6_1,Control,2025-03-31T04:24:00Z,0.82,13.7734375,13.734375,3.59,2025-03-31T04:20:00Z,6_1,Control
a4e9,6_1,Control,2025-03-31T04:45:00Z,0.82,14.2734375,14.21875,3.59,2025-03-31T04:40:00Z,6_1,Control
a4e9,6_1,Control,2025-03-31T05:07:00Z,0.79,14.53125,14.5078125,3.59,2025-03-31T05:00:00Z,6_1,Control
a4e9,6_1,Control,2025-03-31T05:28:00Z,0.8,14.6484375,14.625,3.59,2025-03-31T05:20:00Z,6_1,Control
a4e9,6_1,Control,2025-03-31T05:50:00Z,0.82,14.8203125,14.7890625,3.58,2025-03-31T05:40:00Z,6_1,Control
a4e9,6_1,Control,2025-03-31T06:11:00Z,0.85,15.4609375,15.3984375,3.59,2025-03-31T06:20:00Z,6_1,Control
a4e9,6_1,Control,2025-03-31T06:33:00Z,0.87,16.90625,16.7890625,3.59,2025-03-31T06:40:00Z,6_1,Control
a4e9,6_1,Control,2025-03-31T06:54:00Z,0.91,18.5703125,18.46875,3.59,2025-03-31T07:00:00Z,6_1,Control
a4e9,6_1,Control,2025-03-31T07:16:00Z,0.93,20.6875,20.6640625,3.6,2025-03-31T07:20:00Z,6_1,Control
a4e9,6_1,Control,2025-03-31T07:37:00Z,0.96,22.921875,23.0390625,3.6,2025-03-31T07:40:00Z,6_1,Control
a4e9,6_1,Control,2025-03-31T07:58:00Z,0.96,24.3359375,24.5390625,3.6,2025-03-31T08:00:00Z,6_1,Control
a4e9,6_1,Control,2025-03-31T08:20:00Z,1.05,25.5078125,25.671875,3.6,2025-03-31T08:20:00Z,6_1,Control
a4e9,6_1,Control,2025-03-31T08:41:00Z,0.96,27.0234375,27.375,3.6,2025-03-31T08:40:00Z,6_1,Control
a4e9,6_1,Control,2025-03-31T09:03:00Z,1.11,27.6875,28.0859375,3.61,2025-03-31T09:00:00Z,6_1,Control
a4e9,6_1,Control,2025-03-31T09:24:00Z,1.11,28.7109375,28.8515625,3.6,2025-03-31T09:20:00Z,6_1,Control
a4e9,6_1,Control,2025-03-31T09:46:00Z,1.12,29.3203125,29.3515625,3.61,2025-03-31T09:40:00Z,6_1,Control
a4e9,6_1,Control,2025-03-31T10:07:00Z,1.1,29.4609375,29.4453125,3.61,2025-03-31T10:00:00Z,6_1,Control
a4e9,6_1,Control,2025-03-31T10:29:00Z,1.05,27.796875,27.5859375,3.61,2025-03-31T10:20:00Z,6_1,Control
a4e9,6_1,Control,2025-03-31T10:50:00Z,0.99,26.4140625,26.28125,3.6,2025-03-31T10:40:00Z,6_1,Control
a4e9,6_1,Control,2025-03-31T11:12:00Z,0.96,25.5546875,25.4453125,3.61,2025-03-31T11:20:00Z,6_1,Control
a4e9,6_1,Control,2025-03-31T11:33:00Z,0.96,24.2734375,24.1640625,3.61,2025-03-31T11:40:00Z,6_1,Control
a4e9,6_1,Control,2025-03-31T11:55:00Z,0.99,24.2265625,24.2421875,3.61,2025-03-31T12:00:00Z,6_1,Control
a4e9,6_1,Control,2025-03-31T12:16:00Z,1.03,24.9765625,25.0703125,3.6,2025-03-31T12:20:00Z,6_1,Control
a4e9,6_1,Control,2025-03-31T12:38:00Z,1.08,26.8359375,26.859375,3.61,2025-03-31T12:40:00Z,6_1,Control
a4e9,6_1,Control,2025-03-31T12:59:00Z,1.05,25.7734375,25.4765625,3.61,2025-03-31T13:00:00Z,6_1,Control
a4e9,6_1,Control,2025-03-31T13:20:00Z,0.92,24.8359375,24.5078125,3.61,2025-03-31T13:20:00Z,6_1,Control
a4e9,6_1,Control,2025-03-31T13:42:00Z,0.88,23.46875,23.3125,3.61,2025-03-31T13:40:00Z,6_1,Control
a4e9,6_1,Control,2025-03-31T14:03:00Z,0.78,21.5,21.359375,3.6,2025-03-31T14:00:00Z,6_1,Control
a4e9,6_1,Control,2025-03-31T14:25:00Z,0.79,19.8671875,19.78125,3.61,2025-03-31T14:20:00Z,6_1,Control
a4e9,6_1,Control,2025-03-31T14:46:00Z,0.77,18.5625,18.5390625,3.6,2025-03-31T14:40:00Z,6_1,Control
a4e9,6_1,Control,2025-03-31T15:08:00Z,0.78,17.4921875,17.5,3.6,2025-03-31T15:00:00Z,6_1,Control
a4e9,6_1,Control,2025-03-31T15:29:00Z,0.8,16.90625,16.9140625,3.6,2025-03-31T15:20:00Z,6_1,Control
a4e9,6_1,Control,2025-03-31T15:51:00Z,0.78,16.4296875,16.421875,3.6,2025-03-31T16:00:00Z,6_1,Control
a4e9,6_1,Control,2025-03-31T16:12:00Z,0.79,16,15.9921875,3.59,2025-03-31T16:20:00Z,6_1,Control
a4e9,6_1,Control,2025-03-31T16:34:00Z,0.79,15.5234375,15.5234375,3.6,2025-03-31T16:40:00Z,6_1,Control
a4e9,6_1,Control,2025-03-31T16:55:00Z,0.78,14.9921875,15,3.59,2025-03-31T17:00:00Z,6_1,Control
a4e9,6_1,Control,2025-03-31T17:17:00Z,0.79,14.546875,14.5625,3.6,2025-03-31T17:20:00Z,6_1,Control
a4e9,6_1,Control,2025-03-31T17:38:00Z,0.79,14.25,14.2578125,3.59,2025-03-31T17:40:00Z,6_1,Control
a4e9,6_1,Control,2025-03-31T18:00:00Z,0.79,14.0625,14.0625,3.6,2025-03-31T18:00:00Z,6_1,Control
a4e9,6_1,Control,2025-03-31T18:21:00Z,0.79,13.9765625,13.9765625,3.59,2025-03-31T18:20:00Z,6_1,Control
a4e9,6_1,Control,2025-03-31T18:42:00Z,0.79,13.9140625,13.90625,3.6,2025-03-31T18:40:00Z,6_1,Control
a4e9,6_1,Control,2025-03-31T19:04:00Z,0.79,13.8203125,13.8125,3.59,2025-03-31T19:00:00Z,6_1,Control
a4e9,6_1,Control,2025-03-31T19:25:00Z,0.8,13.7421875,13.734375,3.59,2025-03-31T19:20:00Z,6_1,Control
a4e9,6_1,Control,2025-03-31T19:47:00Z,0.81,13.6796875,13.6796875,3.59,2025-03-31T19:40:00Z,6_1,Control
a4e9,6_1,Control,2025-03-31T20:08:00Z,0.79,13.6796875,13.671875,3.59,2025-03-31T20:00:00Z,6_1,Control
a4e9,6_1,Control,2025-03-31T20:30:00Z,0.79,13.6796875,13.671875,3.59,2025-03-31T20:40:00Z,6_1,Control
a4e9,6_1,Control,2025-03-31T20:51:00Z,0.79,13.5703125,13.5625,3.58,2025-03-31T21:00:00Z,6_1,Control
a4e9,6_1,Control,2025-03-31T21:13:00Z,0.79,13.3984375,13.390625,3.59,2025-03-31T21:20:00Z,6_1,Control
a4e9,6_1,Control,2025-03-31T21:34:00Z,0.79,13.234375,13.2578125,3.59,2025-03-31T21:40:00Z,6_1,Control
a4e9,6_1,Control,2025-03-31T21:56:00Z,0.79,13.1015625,13.1171875,3.59,2025-03-31T22:00:00Z,6_1,Control
a4e9,6_1,Control,2025-03-31T22:17:00Z,0.79,12.9609375,12.9765625,3.59,2025-03-31T22:20:00Z,6_1,Control
a4e9,6_1,Control,2025-03-31T22:39:00Z,0.79,12.8125,12.8203125,3.59,2025-03-31T22:40:00Z,6_1,Control
a4e9,6_1,Control,2025-03-31T23:00:00Z,0.8,12.7578125,12.7578125,3.59,2025-03-31T23:00:00Z,6_1,Control
a4e9,6_1,Control,2025-03-31T23:22:00Z,0.79,12.765625,12.7578125,3.59,2025-03-31T23:20:00Z,6_1,Control
a4e9,6_1,Control,2025-03-31T23:43:00Z,0.8,12.734375,12.7578125,3.59,2025-03-31T23:40:00Z,6_1,Control
a4e9,6_1,Control,2025-04-01T00:04:00Z,0.8,12.828125,12.8515625,3.59,2025-04-01T00:00:00Z,6_1,Control
a4e9,6_1,Control,2025-04-01T00:26:00Z,0.79,12.859375,12.8828125,3.58,2025-04-01T00:20:00Z,6_1,Control
a4e9,6_1,Control,2025-04-01T00:47:00Z,0.8,12.75,12.7734375,3.58,2025-04-01T00:40:00Z,6_1,Control
a4e9,6_1,Control,2025-04-01T01:09:00Z,0.79,12.4609375,12.4765625,3.58,2025-04-01T01:00:00Z,6_1,Control
a4e9,6_1,Control,2025-04-01T01:30:00Z,0.79,12.4296875,12.4296875,3.58,2025-04-01T01:40:00Z,6_1,Control
a4e9,6_1,Control,2025-04-01T01:52:00Z,0.79,12.4453125,12.4453125,3.58,2025-04-01T02:00:00Z,6_1,Control
a4e9,6_1,Control,2025-04-01T02:13:00Z,0.8,12.5234375,12.5234375,3.59,2025-04-01T02:20:00Z,6_1,Control
a4e9,6_1,Control,2025-04-01T02:35:00Z,0.77,12.4140625,12.421875,3.59,2025-04-01T02:40:00Z,6_1,Control
a4e9,6_1,Control,2025-04-01T02:56:00Z,0.79,12.359375,12.3515625,3.59,2025-04-01T03:00:00Z,6_1,Control
a4e9,6_1,Control,2025-04-01T03:18:00Z,0.81,12.578125,12.5546875,3.59,2025-04-01T03:20:00Z,6_1,Control
a4e9,6_1,Control,2025-04-01T03:39:00Z,0.84,13.1875,13.09375,3.59,2025-04-01T03:40:00Z,6_1,Control
a4e9,6_1,Control,2025-04-01T04:01:00Z,0.83,14.0390625,13.875,3.59,2025-04-01T04:00:00Z,6_1,Control
a4e9,6_1,Control,2025-04-01T04:22:00Z,0.76,15.3828125,15.1484375,3.59,2025-04-01T04:20:00Z,6_1,Control
a4e9,6_1,Control,2025-04-01T04:44:00Z,0.93,15.6328125,15.34375,3.59,2025-04-01T04:40:00Z,6_1,Control
a4e9,6_1,Control,2025-04-01T05:05:00Z,0.78,17.125,16.8828125,3.59,2025-04-01T05:00:00Z,6_1,Control
a4e9,6_1,Control,2025-04-01T05:26:00Z,0.92,18.5703125,18.3046875,3.6,2025-04-01T05:20:00Z,6_1,Control
a4e9,6_1,Control,2025-04-01T05:48:00Z,0.93,20.125,19.8515625,3.6,2025-04-01T05:40:00Z,6_1,Control
a4e9,6_1,Control,2025-04-01T06:09:00Z,0.93,20.921875,20.4296875,3.59,2025-04-01T06:00:00Z,6_1,Control
a4e9,6_1,Control,2025-04-01T06:31:00Z,0.92,20.75,20.3828125,3.6,2025-04-01T06:40:00Z,6_1,Control
a4e9,6_1,Control,2025-04-01T06:52:00Z,0.91,20.640625,20.390625,3.6,2025-04-01T07:00:00Z,6_1,Control
a4e9,6_1,Control,2025-04-01T07:14:00Z,0.91,20.96875,20.75,3.59,2025-04-01T07:20:00Z,6_1,Control
a4e9,6_1,Control,2025-04-01T07:35:00Z,0.93,21.078125,20.953125,3.6,2025-04-01T07:40:00Z,6_1,Control
a4e9,6_1,Control,2025-04-01T07:57:00Z,0.96,21.6796875,21.6171875,3.6,2025-04-01T08:00:00Z,6_1,Control
a4e9,6_1,Control,2025-04-01T08:18:00Z,0.97,22.546875,22.453125,3.61,2025-04-01T08:20:00Z,6_1,Control
a4e9,6_1,Control,2025-04-01T08:40:00Z,0.94,22.8046875,22.8359375,3.6,2025-04-01T08:40:00Z,6_1,Control
a4e9,6_1,Control,2025-04-01T09:01:00Z,1.01,22.75,22.84375,3.6,2025-04-01T09:00:00Z,6_1,Control
a4e9,6_1,Control,2025-04-01T09:23:00Z,1.05,23.421875,23.34375,3.6,2025-04-01T09:20:00Z,6_1,Control
a4e9,6_1,Control,2025-04-01T09:44:00Z,1.01,23.3671875,23.1015625,3.6,2025-04-01T09:40:00Z,6_1,Control
a4e9,6_1,Control,2025-04-01T10:06:00Z,1.01,22.8046875,22.65625,3.6,2025-04-01T10:00:00Z,6_1,Control
a4e9,6_1,Control,2025-04-01T10:27:00Z,1.01,22.640625,22.609375,3.61,2025-04-01T10:20:00Z,6_1,Control
a4e9,6_1,Control,2025-04-01T10:48:00Z,1.1,22.3671875,22.3203125,3.61,2025-04-01T10:40:00Z,6_1,Control
a4e9,6_1,Control,2025-04-01T11:10:00Z,1.05,22.2265625,22.2109375,3.6,2025-04-01T11:00:00Z,6_1,Control
a4e9,6_1,Control,2025-04-01T11:31:00Z,1.06,22.5859375,22.7578125,3.6,2025-04-01T11:40:00Z,6_1,Control
a4e9,6_1,Control,2025-04-01T11:53:00Z,1.02,22.78125,23.171875,3.61,2025-04-01T12:00:00Z,6_1,Control
a4e9,6_1,Control,2025-04-01T12:14:00Z,1.06,23.296875,23.5546875,3.6,2025-04-01T12:20:00Z,6_1,Control
a4e9,6_1,Control,2025-04-01T12:36:00Z,1.05,23.2578125,23.28125,3.6,2025-04-01T12:40:00Z,6_1,Control
a4e9,6_1,Control,2025-04-01T12:57:00Z,0.96,22.4375,22.1875,3.61,2025-04-01T13:00:00Z,6_1,Control
a4e9,6_1,Control,2025-04-01T13:19:00Z,0.8,20.8828125,20.578125,3.6,2025-04-01T13:20:00Z,6_1,Control
a4e9,6_1,Control,2025-04-01T13:40:00Z,0.83,19.1640625,19.0390625,3.6,2025-04-01T13:40:00Z,6_1,Control
a4e9,6_1,Control,2025-04-01T14:02:00Z,0.8,17.734375,17.6640625,3.6,2025-04-01T14:00:00Z,6_1,Control
a4e9,6_1,Control,2025-04-01T14:23:00Z,0.78,16.3125,16.28125,3.59,2025-04-01T14:20:00Z,6_1,Control
a4e9,6_1,Control,2025-04-01T14:45:00Z,0.78,15.1953125,15.1796875,3.6,2025-04-01T14:40:00Z,6_1,Control
a4e9,6_1,Control,2025-04-01T15:06:00Z,0.78,14.46875,14.46875,3.59,2025-04-01T15:00:00Z,6_1,Control
a4e9,6_1,Control,2025-04-01T15:27:00Z,0.79,13.9609375,13.9609375,3.6,2025-04-01T15:20:00Z,6_1,Control
a4e9,6_1,Control,2025-04-01T15:49:00Z,0.77,13.4921875,13.4921875,3.6,2025-04-01T15:40:00Z,6_1,Control
a4e9,6_1,Control,2025-04-01T16:10:00Z,0.79,13.078125,13.0703125,3.59,2025-04-01T16:00:00Z,6_1,Control
a4e9,6_1,Control,2025-04-01T16:32:00Z,0.79,12.8125,12.8046875,3.59,2025-04-01T16:40:00Z,6_1,Control
a4e9,6_1,Control,2025-04-01T16:53:00Z,0.79,12.625,12.625,3.59,2025-04-01T17:00:00Z,6_1,Control
a4e9,6_1,Control,2025-04-01T17:15:00Z,0.78,12.46875,12.46875,3.59,2025-04-01T17:20:00Z,6_1,Control
a4e9,6_1,Control,2025-04-01T17:36:00Z,0.79,12.1796875,12.1796875,3.59,2025-04-01T17:40:00Z,6_1,Control
a4e9,6_1,Control,2025-04-01T17:58:00Z,0.79,11.8984375,11.8984375,3.59,2025-04-01T18:00:00Z,6_1,Control
a4e9,6_1,Control,2025-04-01T18:19:00Z,0.79,11.65625,11.65625,3.59,2025-04-01T18:20:00Z,6_1,Control
