TIMESTAMP,RECORD,BattV_Avg,PanelTemp_Avg,Plot_12__Plant,Plot_12__Air,Plot_11__Plant,Plot_11__Air,Plot_9__Plant,Plot_7__Plant,Plot_8__Plant,Plot_8__Air,Plot_10__Plant,Plot_5__Plant,Plot_5__Air,Plot_6__Plant,Plot_1__Plant,Plot_1__Air,Plot_2__Plant,Plot_2__Air,Plot_3__Plant,Plot_3__Air,Plot_4__Plant,Plot_4__Air
2/19/25 16:30,0,12.46,32.43,29.07,29.05,28.47,28.29,28.08,29.02,NAN,NAN,NAN,NAN,NAN,NAN,NAN,NAN,NAN,NAN,NAN,NAN,NAN,NAN
2/19/25 17:00,1,12.45,31.35,28.35,28.25,27.6,27.41,27.12,28.04,27.29,27.33,NAN,NAN,NAN,NAN,NAN,NAN,NAN,NAN,NAN,NAN,NAN,NAN
2/19/25 17:30,2,12.45,31.87,29.99,30.02,29.43,28.79,28.69,29.95,28.17,28.13,NAN,NAN,NAN,NAN,NAN,NAN,NAN,NAN,NAN,NAN,NAN,NAN
2/19/25 18:00,3,12.46,29.82,28.23,28.36,27.75,27.37,27.55,28.51,27.14,27.11,27.73,NAN,NAN,NAN,NAN,NAN,NAN,NAN,NAN,NAN,NAN,NAN
2/19/25 18:30,4,12.46,27.63,26.02,26.06,25.73,25.66,25.5,26.02,25.54,25.56,25.57,NAN,NAN,NAN,NAN,NAN,NAN,NAN,NAN,NAN,NAN,NAN
2/19/25 19:00,5,12.46,25.81,24.66,24.67,24.7,24.53,24.44,24.85,24.34,24.37,24.4,NAN,NAN,NAN,NAN,NAN,NAN,NAN,NAN,NAN,NAN,NAN
2/19/25 19:30,6,12.46,24.56,23.74,23.73,23.83,23.7,23.63,23.79,23.55,23.57,23.58,NAN,NAN,NAN,NAN,NAN,NAN,NAN,NAN,NAN,NAN,NAN
2/19/25 20:00,7,12.46,23.59,22.95,22.94,22.79,22.87,22.75,22.7,22.86,22.88,22.87,NAN,NAN,NAN,NAN,NAN,NAN,NAN,NAN,NAN,NAN,NAN
2/19/25 20:30,8,12.46,22.86,22.33,22.33,22.2,22.26,22.14,22.15,22.27,22.28,22.27,NAN,NAN,NAN,NAN,NAN,NAN,NAN,NAN,NAN,NAN,NAN
2/19/25 21:00,9,12.45,22.24,21.59,21.59,21.47,21.51,21.37,21.42,21.54,21.55,21.53,NAN,NAN,NAN,NAN,NAN,NAN,NAN,NAN,NAN,NAN,NAN
2/19/25 21:30,10,12.45,21.59,20.84,20.83,20.68,20.73,20.6,20.67,20.76,20.77,20.76,NAN,NAN,NAN,NAN,NAN,NAN,NAN,NAN,NAN,NAN,NAN
2/19/25 22:00,11,12.45,20.88,20.08,20.07,19.92,19.98,19.85,19.91,20.03,20.04,20.02,NAN,NAN,NAN,NAN,NAN,NAN,NAN,NAN,NAN,NAN,NAN
2/19/25 22:30,12,12.45,20.02,19.41,19.41,19.28,19.41,19.21,19.21,19.45,19.47,19.44,NAN,NAN,NAN,NAN,NAN,NAN,NAN,NAN,NAN,NAN,NAN
2/19/25 23:00,13,12.45,18.98,18.1,18.1,18.17,18.24,17.87,17.98,17.83,17.93,17.98,NAN,NAN,NAN,NAN,NAN,NAN,NAN,NAN,NAN,NAN,NAN
2/19/25 23:30,14,12.45,17.88,17.51,17.53,17.56,17.6,17.44,17.45,17.18,17.29,17.4,NAN,NAN,NAN,NAN,NAN,NAN,NAN,NAN,NAN,NAN,NAN
2/20/25 0:00,15,12.45,17.16,17.05,17.09,17.16,17.18,16.91,16.86,16.66,16.8,16.85,NAN,NAN,NAN,NAN,NAN,NAN,NAN,NAN,NAN,NAN,NAN
2/20/25 0:30,16,12.45,16.49,16.24,16.24,16.55,16.66,16.17,16.22,16.04,16.2,16.28,NAN,NAN,NAN,NAN,NAN,NAN,NAN,NAN,NAN,NAN,NAN
2/20/25 1:00,17,12.45,15.82,15.7,15.73,16.38,16.44,15.96,15.59,15.28,15.45,15.7,NAN,NAN,NAN,NAN,NAN,NAN,NAN,NAN,NAN,NAN,NAN
2/20/25 1:30,18,12.44,15.36,15.92,15.91,16.26,16.36,16.05,15.93,15.9,16.03,16.09,NAN,NAN,NAN,NAN,NAN,NAN,NAN,NAN,NAN,NAN,NAN
2/20/25 2:00,19,12.44,15.07,15.56,15.55,16.17,16.2,16.07,15.65,15.52,15.67,15.74,NAN,NAN,NAN,NAN,NAN,NAN,NAN,NAN,NAN,NAN,NAN
2/20/25 2:30,20,12.44,14.88,15.84,15.8,16.52,16.65,16.28,16.05,16,16.07,16.14,NAN,NAN,NAN,NAN,NAN,NAN,NAN,NAN,NAN,NAN,NAN
2/20/25 3:00,21,12.44,14.73,15.62,15.56,16.25,16.39,15.99,15.78,15.84,15.92,15.93,NAN,NAN,NAN,NAN,NAN,NAN,NAN,NAN,NAN,NAN,NAN
2/20/25 3:30,22,12.44,14.52,15.36,15.35,16.12,16.14,16.14,15.51,15.23,15.47,15.66,NAN,NAN,NAN,NAN,NAN,NAN,NAN,NAN,NAN,NAN,NAN
2/20/25 4:00,23,12.44,14.25,15.18,15.21,15.66,15.68,15.71,15.29,14.96,15.06,15.24,NAN,NAN,NAN,NAN,NAN,NAN,NAN,NAN,NAN,NAN,NAN
2/20/25 4:30,24,12.44,14.04,15,15.02,15.52,15.54,15.59,15.13,14.92,15.02,15.08,NAN,NAN,NAN,NAN,NAN,NAN,NAN,NAN,NAN,NAN,NAN
2/20/25 5:00,25,12.43,13.87,14.74,14.79,15.23,15.26,15.33,14.98,14.74,14.91,15.01,NAN,NAN,NAN,NAN,NAN,NAN,NAN,NAN,NAN,NAN,NAN
2/20/25 5:30,26,12.43,13.66,14.19,14.21,14.76,14.77,14.76,14.29,14.02,14.11,14.3,NAN,NAN,NAN,NAN,NAN,NAN,NAN,NAN,NAN,NAN,NAN
2/20/25 6:00,27,12.43,13.38,13.97,13.98,14.45,14.47,14.47,14.13,13.86,13.97,14.02,NAN,NAN,NAN,NAN,NAN,NAN,NAN,NAN,NAN,NAN,NAN
2/20/25 6:30,28,12.43,13.15,13.81,13.83,14.2,14.2,14.06,13.94,13.63,13.68,13.85,NAN,NAN,NAN,NAN,NAN,NAN,NAN,NAN,NAN,NAN,NAN
2/20/25 7:00,29,12.43,13.03,14.87,14.78,15.13,15.3,15.99,15.29,14.92,15.02,16.72,NAN,NAN,NAN,NAN,NAN,NAN,NAN,NAN,NAN,NAN,NAN
2/20/25 7:30,30,12.43,13.62,18.7,17.94,18.08,18.25,18.81,18.65,19.28,19.6,24.27,NAN,NAN,NAN,NAN,NAN,NAN,NAN,NAN,NAN,NAN,NAN
2/20/25 8:00,31,12.43,15.21,22.82,21.37,20.2,20.34,21.88,21.15,21.1,21.52,24.66,NAN,NAN,NAN,NAN,NAN,NAN,NAN,NAN,NAN,NAN,NAN
2/20/25 8:30,32,12.42,17.62,23.59,23.18,22.59,22.74,24.85,22.49,22.01,22.14,24.93,NAN,NAN,NAN,NAN,NAN,NAN,NAN,NAN,NAN,NAN,NAN
2/20/25 9:00,33,12.42,20.21,24.59,24.4,23.74,23.85,25.67,23.64,22.95,23.22,24.55,NAN,NAN,NAN,NAN,NAN,NAN,NAN,NAN,NAN,NAN,NAN
2/20/25 9:30,34,12.42,22.71,26.79,26.67,25.57,25.71,27.51,25.47,24.74,24.84,27.03,NAN,NAN,NAN,NAN,NAN,NAN,NAN,NAN,NAN,NAN,NAN
2/20/25 10:00,35,12.43,25.36,28.45,28.46,26.99,27.14,28.73,27.42,26.65,26.65,28.67,NAN,NAN,NAN,NAN,NAN,NAN,NAN,NAN,NAN,NAN,NAN
2/20/25 10:30,36,12.43,28.23,29.84,29.63,28.15,28.34,30.09,28.01,27.85,27.97,30.01,NAN,NAN,NAN,NAN,NAN,NAN,NAN,NAN,NAN,NAN,NAN
2/20/25 11:00,37,12.43,31.01,30.84,30.77,29.22,29.22,30.39,28.47,28.42,28.63,30.68,NAN,NAN,NAN,NAN,NAN,NAN,NAN,NAN,NAN,NAN,NAN
2/20/25 11:30,38,12.43,33.83,32.87,32.29,30.99,30.87,30.74,30.57,30.08,30.38,32.91,NAN,NAN,NAN,NAN,NAN,NAN,NAN,NAN,NAN,NAN,NAN
2/20/25 12:00,39,12.43,36.73,35.21,34.54,32.84,32.71,32.55,32.62,31.82,31.96,34.95,NAN,NAN,NAN,NAN,NAN,NAN,NAN,NAN,NAN,NAN,NAN
2/20/25 12:30,40,12.43,39.36,36.66,36.4,34.46,34.13,33.41,34.51,33.53,33.69,36.57,NAN,NAN,NAN,NAN,NAN,NAN,NAN,NAN,NAN,NAN,NAN
2/20/25 13:00,41,12.43,41.3,38.16,37.84,35.73,35.3,34.2,35.05,34.41,34.89,37.3,NAN,NAN,NAN,NAN,NAN,NAN,NAN,NAN,NAN,NAN,NAN
2/20/25 13:30,42,12.43,42.56,40.08,39.82,36.87,36.7,34.6,34.78,34.57,34.92,36.84,NAN,NAN,NAN,NAN,NAN,NAN,NAN,NAN,NAN,NAN,NAN
2/20/25 14:00,43,12.43,43.31,39.69,39.9,36.92,36.51,35.24,36.89,35.06,35.55,38.06,NAN,NAN,NAN,NAN,NAN,NAN,NAN,NAN,NAN,NAN,NAN
2/20/25 14:30,44,12.43,43.76,40.14,40.45,36.52,36.4,34.21,38.45,35.34,35.1,37.53,NAN,NAN,NAN,NAN,NAN,NAN,NAN,NAN,NAN,NAN,NAN
2/20/25 15:00,45,12.43,42.84,39.65,39.63,35.27,35.27,33.59,37.63,34.52,34.06,36.13,NAN,NAN,NAN,NAN,NAN,NAN,NAN,NAN,NAN,NAN,NAN
2/20/25 15:30,46,12.44,41.3,36.37,36.02,33.71,33.76,32.52,35.8,33.46,33.19,34.1,NAN,NAN,NAN,NAN,NAN,NAN,NAN,NAN,NAN,NAN,NAN
2/20/25 16:00,47,12.44,39.5,36.44,36.01,33.87,33.89,33.04,36.33,33.35,33.26,34.08,NAN,NAN,NAN,NAN,NAN,NAN,NAN,NAN,NAN,NAN,NAN
2/20/25 16:30,48,12.44,38.03,37.92,37.68,34.37,34.18,33.47,37.26,33.75,33.42,33.71,NAN,NAN,NAN,NAN,NAN,NAN,NAN,NAN,NAN,NAN,NAN
2/20/25 17:00,49,12.44,37.82,36.05,35.93,33.59,33.58,32.26,34.88,32.81,32.38,32.86,NAN,NAN,NAN,NAN,NAN,NAN,NAN,NAN,NAN,NAN,NAN
2/20/25 18:00,50,12.45,31.9,33.31,33.62,30.55,30.37,30.02,31.17,30.85,29.76,30.24,30.38,30.31,31,30,29.96,30.65,30.77,32.79,32.3,30.43,30.42
2/20/25 18:30,51,12.17,28.77,28.19,28.1,27.21,27.26,26.96,27.42,27.01,27.04,27.26,27.34,27.26,27.26,27.2,27.19,27.35,27.4,28.17,28.14,27.53,27.53
2/20/25 19:00,52,12.16,27.97,26.54,26.52,25.96,26.01,25.59,25.85,25.77,25.77,25.85,25.96,25.96,25.94,25.92,25.92,26.01,26.03,26.57,26.58,26.26,26.31
2/20/25 19:30,53,12.16,26.43,24.95,24.9,24.62,24.66,24.35,24.54,24.52,24.55,24.58,24.69,24.72,24.64,24.65,24.65,24.71,24.74,25.2,25.22,24.97,25.01
2/20/25 20:00,54,12.15,25.22,24.14,24.14,23.92,23.95,23.72,23.83,23.83,23.87,23.91,23.99,24.02,23.95,24,24,24.04,24.06,24.42,24.44,24.27,24.3
2/20/25 20:30,55,12.14,24.43,23.76,23.73,23.58,23.61,23.42,23.5,23.48,23.52,23.58,23.67,23.7,23.63,23.68,23.68,23.72,23.74,24.04,24.06,23.9,23.92
2/20/25 21:00,56,12.13,23.85,23.48,23.47,23.32,23.35,23.2,23.25,23.23,23.28,23.34,23.45,23.48,23.4,23.47,23.47,23.55,23.57,23.73,23.75,23.67,23.7
2/20/25 21:30,57,12.11,23.37,23.63,23.63,23.44,23.47,23.38,23.42,23.38,23.42,23.51,23.64,23.68,23.56,23.63,23.62,23.64,23.67,23.81,23.83,23.82,23.84
2/20/25 22:00,58,12.1,23.51,24.15,24.15,23.99,24.06,23.95,23.94,23.99,24,24.1,24.17,24.24,24.05,24.19,24.19,24.21,24.24,24.33,24.34,24.35,24.36
2/20/25 22:30,59,12.09,23.57,23.6,23.59,23.47,23.58,23.44,23.29,23.5,23.52,23.57,23.54,23.68,23.49,23.66,23.66,23.68,23.71,23.72,23.72,23.82,23.83
2/20/25 23:00,60,12.08,22.96,22.42,22.44,22.45,22.55,22.23,22.17,22.1,22.21,22.3,22.33,22.52,22.22,22.48,22.51,22.46,22.53,22.63,22.72,22.54,22.63
2/20/25 23:30,61,12.08,21.99,21.94,21.99,22.12,22.16,21.97,21.77,21.55,21.74,21.92,22,22.16,21.85,21.85,21.87,21.81,21.84,21.95,22.08,22.1,22.16
2/21/25 0:00,62,12.07,21.42,21.55,21.56,21.56,21.73,21.45,21.35,21.32,21.4,21.49,21.49,21.69,21.41,21.65,21.67,21.65,21.72,21.52,21.6,21.77,21.8
2/21/25 0:30,63,12.06,21.2,21.62,21.59,21.51,21.66,21.51,21.3,21.43,21.46,21.53,21.48,21.66,21.44,21.68,21.68,21.62,21.65,21.69,21.69,21.82,21.84
2/21/25 1:00,64,12.06,21.14,21.39,21.37,21.3,21.42,21.31,21.19,21.3,21.32,21.36,21.39,21.51,21.32,21.49,21.49,21.52,21.55,21.57,21.57,21.64,21.66
2/21/25 1:30,65,12.06,20.94,21.13,21.14,21.04,21.16,20.98,20.9,20.98,21.02,21.07,21.11,21.25,21.05,21.23,21.25,21.25,21.3,21.18,21.22,21.35,21.38
2/21/25 2:00,66,12.05,20.71,20.84,20.88,20.81,20.84,20.7,20.65,20.38,20.53,20.66,20.84,20.97,20.7,20.84,20.85,20.88,20.91,20.87,20.99,20.95,21.02
2/21/25 2:30,67,12.05,20.53,20.5,20.49,20.52,20.55,20.41,20.46,20.3,20.34,20.33,20.59,20.7,20.44,20.57,20.59,20.68,20.71,20.97,21,20.71,20.76
2/21/25 3:00,68,12.04,20.54,20.57,20.57,20.57,20.6,20.48,20.48,20.37,20.44,20.39,20.67,20.76,20.57,20.67,20.69,20.81,20.83,21.07,21.09,20.84,20.89
2/21/25 3:30,69,12.04,20.61,20.69,20.69,20.62,20.68,20.56,20.62,20.46,20.51,20.6,20.78,20.91,20.57,20.81,20.83,20.85,20.88,21.01,21.05,20.92,20.96
2/21/25 4:00,70,12.04,20.59,20.69,20.69,20.73,20.79,20.54,20.54,20.28,20.43,20.51,20.68,20.8,20.56,20.7,20.72,20.79,20.84,20.99,21.12,20.76,20.86
2/21/25 4:30,71,12.03,20.5,20.51,20.51,20.61,20.67,20.37,20.38,20.16,20.27,20.27,20.48,20.59,20.41,20.44,20.46,20.62,20.66,20.85,20.92,20.61,20.7
2/21/25 5:00,72,12.03,20.45,20.61,20.61,20.61,20.63,20.53,20.53,20.39,20.44,20.39,20.65,20.77,20.57,20.6,20.62,20.73,20.76,20.96,21,20.77,20.86
2/21/25 5:30,73,12.02,20.43,20.28,20.29,20.35,20.37,20.25,20.17,20.06,20.12,20.03,20.35,20.42,20.24,20.41,20.43,20.48,20.51,20.72,20.76,20.42,20.5
2/21/25 6:00,74,12.02,20.02,19.7,19.72,19.86,19.89,19.72,19.67,19.5,19.58,19.43,19.76,19.88,19.69,19.81,19.83,19.96,19.99,20.22,20.28,19.93,20.04
2/21/25 6:30,75,12.01,19.28,18.96,18.99,19.31,19.34,19.05,19.02,18.86,18.92,18.89,19.18,19.29,19.01,19.21,19.21,19.14,19.18,19.36,19.42,19.24,19.32
2/21/25 7:00,76,12.02,18.44,19.62,19.63,19.72,19.73,19.69,19.76,19.46,19.5,19.46,19.85,19.9,19.78,19.92,19.92,19.91,19.94,20.21,20.24,19.93,20.02
2/21/25 7:30,77,12.02,19.31,20.8,20.76,20.65,20.65,20.83,21.17,20.63,20.69,21.21,21.26,21.22,20.91,21.42,21.44,21.01,21.01,21.15,21.19,21.09,21.14
2/21/25 8:00,78,12.41,20.72,24.5,23.81,23.48,23.45,24.42,24.69,23.94,24.6,28.41,25.36,24.9,26.31,27.11,26.86,25.36,25.07,24.97,24.38,24.65,24.42
2/21/25 8:30,79,12.8,22.74,26.92,26.46,25.66,25.77,28.18,28.12,26.11,26.32,30.95,29.15,28.32,28.66,30.22,29.79,27.57,27.47,28.5,28.36,26.78,26.76
2/21/25 9:00,80,12.87,25.39,27.17,27.06,26.04,26.17,27.42,27.74,26.6,26.8,29.96,28.44,28.26,27.34,30.57,31.04,27.16,26.99,27.87,27.62,27.96,27.61
2/21/25 9:30,81,12.93,27.09,27.86,27.71,26.44,26.59,27.67,28.45,27.29,27.44,32.42,29.01,28.97,27.97,31.4,31.82,27.7,27.64,28.68,28.54,29.25,28.87
2/21/25 10:00,82,13.03,28.73,29.81,29.57,27.52,27.71,28.56,31.52,28.82,28.56,31.96,29.61,29.56,29.76,30.53,30.5,29.41,29.36,31.78,31.78,30.96,30.28
2/21/25 10:30,83,13.03,31.19,30.41,30.32,28.73,28.89,30.19,30.56,29.76,30.03,34.67,31.96,32.15,30.86,32.96,33.29,30.75,30.48,31.27,31.09,31.36,30.92
2/21/25 11:00,84,12.99,33.7,30.97,30.75,29.49,29.59,30.42,30.12,30.06,30.39,33.83,32.55,32.55,30.84,32.9,33.16,31.04,30.9,31.02,30.78,31.57,31.31
2/21/25 11:30,85,13.07,35.79,33.24,33.08,31.12,31.18,31.15,33.31,31.39,31.65,36.65,34.17,34.1,31.97,34.83,34.85,32.33,32.14,32.71,32.62,33.59,33.27
2/21/25 12:00,86,13.1,38.74,34.75,34.32,32.02,32.08,31.99,33.65,32.97,33.04,37.14,35.47,35.08,32.73,35.39,35.62,33.69,33.48,34.28,33.95,34.6,34.68
2/21/25 12:30,87,13.03,40.38,34.05,34.05,32.27,32.28,31.53,33.11,32.76,33.05,36.87,34.98,34.63,32.54,35.07,35.42,33.75,33.67,33.81,33.92,34.05,34.05
2/21/25 13:00,88,13.05,41.7,35.16,35.34,33.13,32.99,32.22,33.38,33.04,33.46,37.61,36.39,35.58,32.77,34.98,35.6,34.16,34.09,34.09,34.35,34.54,34.69
2/21/25 13:30,89,13.01,42.59,34.22,34.19,33.1,33.08,31.75,32.77,32.8,33.1,35.97,35.27,34.79,32.63,34.14,34.56,33.7,33.48,33.77,33.86,34.02,34.24
2/21/25 14:00,90,12.98,42.55,35.06,34.84,33.27,33.12,32.05,33.57,33.2,33.5,36.92,36.23,35.49,33,34.25,34.42,33.98,33.81,34.14,34.11,34.32,34.54
2/21/25 14:30,91,12.94,42.77,35.3,34.9,33.39,33.29,32.37,33.89,33.48,33.82,36.59,36.55,35.77,33.71,34.51,34.71,34.31,34.16,34.71,34.51,34.6,34.82
2/21/25 15:00,92,12.92,42.76,35.53,35.28,33.26,33.21,32.88,34.41,33.76,33.77,36.4,37.12,36.22,33.93,34.6,34.65,34.28,34.06,35.22,34.95,34.88,35.09
2/21/25 15:30,93,12.96,42.59,35.36,34.95,32.75,32.86,32.69,34.5,33.51,33.42,35.3,36.82,35.7,34.09,34.29,34.38,34.19,33.99,34.95,34.72,34.58,34.64
2/21/25 16:00,94,12.96,42.09,34.3,33.83,32.07,32.08,32.51,33.94,32.84,33.11,34.22,36.38,35.14,33.35,34.09,34.16,33.72,33.4,34.28,34.05,33.96,33.99
2/21/25 16:30,95,12.83,40.91,34.44,34.04,32.04,32.03,32,34.58,32.34,32.26,33.07,34.72,34.37,33.9,33.17,33.12,33.28,33.13,34.66,34.31,33.54,33.66
2/21/25 17:00,96,12.69,38.52,33.89,33.39,30.14,30.19,29.83,33.03,31.5,30.53,30.07,31.21,31.32,32.2,30.12,30.06,30.9,30.61,33.58,33.41,31.02,31.1
2/21/25 17:30,97,12.55,34.96,31.93,31.47,29.53,29.39,28.83,30.83,30.3,29.07,28.83,29.51,29.55,30.24,28.56,28.5,29.51,29.24,31.8,31.58,29.34,29.37
2/21/25 18:00,98,12.48,31.34,29.02,28.82,27.33,27.13,26.63,29.7,28.02,26.89,26.79,27.08,27.15,27.76,26.44,26.41,27,27,29.75,29.69,27.23,27.3
2/21/25 18:30,99,12.44,28.1,26.7,26.57,25.26,25.13,24.66,27.67,25.3,24.62,24.6,24.84,24.85,25.7,24.56,24.49,25.29,25.15,28.43,28.03,25.13,25.24
2/21/25 19:00,100,12.41,25.53,24,23.81,23.19,23.1,22.74,25,22.73,22.68,22.87,22.83,22.87,23.39,22.8,22.78,23.16,22.99,24.82,24.65,23.56,23.53
2/21/25 19:30,101,12.39,23.36,21.2,21.2,20.62,20.66,20.12,20.56,20.44,20.44,20.55,20.5,20.55,20.51,20.52,20.51,20.61,20.65,21.35,21.38,20.97,21.01
2/21/25 20:00,102,12.39,21.32,19.54,19.55,18.94,18.99,18.57,18.7,18.8,18.82,18.93,18.86,18.91,18.84,18.9,18.88,18.96,19.01,19.46,19.47,19.26,19.27
2/21/25 20:30,103,12.38,19.75,18.8,18.82,18.52,18.55,18.21,18.32,18.33,18.36,18.54,18.53,18.59,18.48,18.6,18.59,18.64,18.67,19.13,19.16,18.96,19
2/21/25 21:00,104,12.37,18.88,18.25,18.26,17.95,17.98,17.65,17.81,17.77,17.8,17.97,17.97,18.02,17.92,18.02,18,18.06,18.09,18.56,18.6,18.35,18.38
2/21/25 21:30,105,12.36,18.21,17.82,17.82,17.55,17.6,17.27,17.44,17.43,17.44,17.62,17.62,17.67,17.52,17.66,17.67,17.71,17.77,18.15,18.2,17.98,17.99
2/21/25 22:00,106,12.35,17.67,17.64,17.65,17.44,17.48,17.22,17.32,17.32,17.35,17.6,17.56,17.63,17.41,17.63,17.62,17.68,17.74,17.91,17.95,17.87,17.88
2/21/25 22:30,107,12.34,17.4,18.17,18.19,17.97,18,17.83,17.89,17.76,17.82,18.08,18.11,18.2,17.95,18.21,18.21,18.28,18.33,18.39,18.45,18.43,18.46
2/21/25 23:00,108,12.33,17.52,18.27,18.3,18,18.12,17.84,17.91,17.81,17.9,18.19,17.98,18.17,17.94,18.11,18.13,18.3,18.39,18.2,18.28,18.32,18.37
2/21/25 23:30,109,12.32,17.61,17.81,17.86,17.67,17.8,17.51,17.48,17.52,17.57,17.86,17.57,17.73,17.5,17.74,17.74,17.9,17.97,17.83,17.88,17.97,18.01
2/22/25 0:00,110,12.31,17.4,17.26,17.29,17.04,17.18,16.84,16.87,16.88,16.95,17.27,16.83,17.09,16.88,17.19,17.19,17.31,17.4,17.27,17.31,17.42,17.48
2/22/25 0:30,111,12.3,16.97,16.67,16.72,16.48,16.64,16.16,16.3,16.14,16.27,16.61,16.21,16.48,16.28,16.56,16.57,16.74,16.81,16.8,16.93,16.8,16.89
2/22/25 1:00,112,12.29,16.52,16.28,16.32,16.17,16.3,15.89,15.96,15.83,15.93,16.27,15.9,16.14,16.01,16.17,16.16,16.33,16.39,16.43,16.51,16.41,16.43
2/22/25 1:30,113,12.29,16.29,16.31,16.32,16.21,16.29,16.13,16.02,16.08,16.12,16.38,16.08,16.23,16.08,16.32,16.31,16.41,16.47,16.35,16.36,16.55,16.58
2/22/25 2:00,114,12.28,16.1,16,16.03,15.97,16.03,15.88,15.76,15.79,15.81,16.1,15.8,15.93,15.8,16.03,16.01,16.14,16.19,16.08,16.08,16.27,16.3
2/22/25 2:30,115,12.27,15.86,15.74,15.75,15.71,15.8,15.54,15.49,15.45,15.51,15.82,15.5,15.65,15.51,15.77,15.79,16,16.04,15.75,15.8,15.95,15.99
2/22/25 3:00,116,12.26,16,16.23,16.28,15.97,16,15.92,15.95,15.88,15.89,16.16,16,16.11,15.83,16.04,16.03,16.19,16.22,16.11,16.13,16.28,16.28
2/22/25 3:30,117,12.26,16.48,16.4,16.39,16.06,16.06,16.04,16.14,16.02,16.04,16.23,16.32,16.33,16.04,16.2,16.17,16.34,16.38,16.4,16.42,16.38,16.35
2/22/25 4:00,118,12.25,17.06,16.46,16.43,16.13,16.1,16.01,16.31,16.21,16.21,16.49,16.4,16.46,16.25,16.45,16.44,16.55,16.59,16.73,16.76,16.6,16.61
2/22/25 4:30,119,10.94,23.05,21.41,21.43,21.23,21.25,21.08,21.32,21.39,21.41,21.71,21.54,21.66,21.43,21.74,21.73,21.75,21.79,21.98,22.01,21.87,21.86
2/22/25 5:00,120,12.09,21.36,20.15,20.16,19.99,20.03,19.82,20.04,20.02,20,20.28,20.2,20.31,20.07,20.32,20.32,20.33,20.36,20.6,20.63,20.45,20.45
2/22/25 5:30,121,11.41,23.37,22.8,22.79,22.49,22.52,22.46,22.67,22.61,22.61,22.72,22.82,22.92,22.73,22.89,22.9,22.96,23,23.19,23.23,23.01,23.03
2/22/25 6:00,122,12.22,20.94,20.33,20.32,19.89,19.9,19.82,20.04,19.96,19.97,20.13,20.2,20.25,20.01,20.18,20.16,20.27,20.29,20.37,20.37,20.28,20.28
2/22/25 6:30,123,12.21,18.96,18.17,18.16,17.7,17.71,17.68,17.85,17.78,17.8,17.97,18.07,18.07,17.82,18,17.98,18.09,18.12,18.13,18.13,18.12,18.1
2/22/25 7:00,124,12.2,18.18,17.61,17.62,17.19,17.2,17.14,17.25,17.28,17.31,17.43,17.51,17.5,17.23,17.5,17.48,17.66,17.69,17.61,17.6,17.58,17.54
2/22/25 7:30,125,12.37,17.95,18.54,18.29,17.83,17.84,18.52,18.46,18.28,18.88,22.41,19.46,19.27,19.1,21.28,21.31,18.94,18.8,18.71,18.64,19.84,19.34
2/22/25 8:00,126,12.77,18.73,20.99,20.49,19.65,19.5,20.63,19.71,19.57,19.95,21.11,20.67,20.21,21.36,21.04,21.15,20.92,21.13,20.54,20.19,20.46,20.13
2/22/25 8:30,127,12.88,19.98,21.33,20.9,20.28,19.99,21.37,20.25,19.97,20.2,21.03,21.44,21.02,21.33,21.46,21.42,21.08,21.26,21.15,20.84,20.7,20.38
2/22/25 9:00,128,12.93,21.05,21.81,21.6,20.85,20.65,21.77,20.92,20.71,20.96,21.56,21.84,21.49,21.8,21.63,21.71,21.94,21.9,21.96,21.57,21.41,21.07
2/22/25 9:30,129,13.14,22.37,23.92,23.65,22.74,22.82,25.03,24.06,23.39,23.62,27.94,25.45,25.14,24.54,27.44,27.65,24.39,24.21,25.36,24.69,25.38,24.61
2/22/25 10:00,130,13.08,24.72,25.33,25.07,23.91,23.58,25.26,24.46,23.73,24.05,24.65,25.16,24.69,25.36,24.62,24.81,24.98,24.76,25.38,25.23,24.66,24.15
2/22/25 10:30,131,13.13,26.34,27.94,27.56,26.08,25.64,27.33,26.9,25.56,25.85,26.69,27.26,27.12,27.57,26.88,26.86,27.68,27.39,27.51,27.04,26.58,26.18
2/22/25 11:00,132,13.13,29.6,29.34,29.13,27.56,27.11,28.82,27.15,26.81,27.07,28.1,28.84,28.29,28.62,28.28,28.49,28.55,28.28,28.53,28.01,27.79,27.59
2/22/25 11:30,133,13.12,32.12,30.72,30.34,28.69,28.26,29.27,28.78,27.98,28.26,29.07,29.99,29.16,29.34,28.87,28.98,29.62,29.38,29.37,28.98,29.47,29
2/22/25 12:00,134,13.14,35.22,33.21,32.91,30.66,30.42,31.14,30.32,30.18,30.52,31.73,32.09,31.45,31.47,31.84,32.45,31.9,31.49,31.87,31.26,31.46,31.19
2/22/25 12:30,135,13.07,37.42,30.98,30.72,28.32,28.35,27.54,30.11,28.79,28.72,30.07,29.51,29.06,29.46,29.73,29.74,29.6,29.48,31.38,31.3,29.71,29.83
2/22/25 13:00,136,13.06,35.4,29.97,29.77,28.07,28.15,27.8,29.74,28.57,28.35,29.01,28.94,28.73,28.77,28.86,28.8,28.96,28.86,30.63,30.67,29.23,29.28
2/22/25 13:30,137,13.08,33.96,30.21,30.17,27.59,27.61,26.62,29.07,27.87,27.53,27.77,28.15,27.91,28.54,27.83,27.74,28.31,28.18,30.38,30.57,28.39,28.53
2/22/25 14:00,138,13.1,33.88,31.9,31.82,28.54,28.56,27.14,30.7,28.94,28.34,28.72,29,28.72,29.49,28.74,28.69,29.62,29.61,31.65,31.85,29.09,29.3
2/22/25 14:30,139,13.06,33.47,29.2,28.99,27.19,27.24,26.23,28.45,27.33,27.12,27.27,27.39,27.3,27.79,27.24,27.12,27.67,27.63,29.69,29.78,27.7,27.86
2/22/25 15:00,140,13.08,32.24,29.95,29.69,27.5,27.61,26.85,29.08,27.54,27.08,27.53,28.16,27.89,28.52,27.75,27.68,28.41,28.37,30.28,30.27,28.14,28.3
2/22/25 15:30,141,13.06,31.98,29.16,28.98,26.74,26.86,25.98,28.04,26.87,26.68,26.58,27.06,26.86,27.32,26.87,26.79,27.43,27.4,29.16,29.03,27.18,27.23
2/22/25 16:00,142,13.02,30.9,29.24,29.11,26.77,26.82,26.37,27.95,26.83,26.59,26.65,27.09,26.93,27.35,26.79,26.7,27.28,27.29,28.84,28.82,27.35,27.49
2/22/25 16:30,143,13,29.77,28.97,28.75,26.56,26.6,26.46,28.05,26.56,26.32,26.48,26.96,26.81,27.72,26.69,26.58,27.2,27.17,29.17,29.1,27.18,27.16
2/22/25 17:00,144,12.99,29.94,31.59,31.14,27.92,27.99,28.04,29.84,28.4,27.59,27.58,28.58,28.58,29.29,27.58,27.59,28.65,28.39,30.8,30.71,28.17,28.2
2/22/25 17:30,145,12.69,29.88,30.9,30.66,28.6,28.22,28.05,28.9,28.4,27.27,27.28,27.97,27.97,29.04,26.94,26.97,28.15,27.83,29.47,29.52,27.54,27.57
2/22/25 18:00,146,12.54,28.22,28.1,27.8,26.73,26.29,26.43,28.9,26.99,25.9,25.87,26.32,26.35,26.92,25.6,25.61,25.93,25.92,28.51,28.37,26.05,26.17
2/22/25 18:30,147,12.49,25.96,25.92,25.91,24.38,24.19,23.99,26.64,24.42,23.82,23.74,23.88,23.92,24.84,23.68,23.68,24.37,24.33,27.69,27.35,24.12,24.24
2/22/25 19:00,148,12.44,23.81,23.1,23.02,22.44,22.28,21.91,24.27,21.84,21.77,21.93,21.92,21.9,22.49,21.87,21.84,22.28,22.06,23.68,23.54,22.55,22.52
2/22/25 19:30,149,12.43,21.88,20.54,20.56,20.21,20.23,19.84,20.05,19.96,20,20.12,20.1,20.15,20.06,20.07,20.07,20.15,20.19,20.67,20.72,20.44,20.47
2/22/25 20:00,150,12.42,20.12,19.16,19.19,18.84,18.88,18.54,18.6,18.67,18.71,18.83,18.82,18.88,18.75,18.82,18.81,18.86,18.9,19.2,19.23,19.13,19.16
2/22/25 20:30,151,12.41,18.79,18.24,18.26,17.98,18.02,17.74,17.77,17.82,17.87,17.99,17.99,18.04,17.91,18.01,18.01,18.05,18.08,18.34,18.38,18.29,18.3
2/22/25 21:00,152,12.4,17.82,17.68,17.71,17.4,17.44,17.2,17.22,17.24,17.28,17.42,17.45,17.5,17.37,17.47,17.47,17.51,17.55,17.74,17.78,17.72,17.73
2/22/25 21:30,153,12.39,17.14,17.15,17.17,16.89,16.92,16.7,16.75,16.74,16.79,16.92,16.97,17.02,16.89,16.99,16.98,17.02,17.05,17.22,17.26,17.2,17.22
2/22/25 22:00,154,12.38,16.61,16.81,16.84,16.54,16.57,16.36,16.38,16.38,16.43,16.57,16.6,16.65,16.52,16.62,16.62,16.65,16.68,16.81,16.85,16.84,16.85
2/22/25 22:30,155,12.36,16.21,16.42,16.46,16.16,16.19,16.01,16.01,16,16.06,16.2,16.24,16.29,16.17,16.28,16.28,16.3,16.34,16.48,16.52,16.49,16.51
2/22/25 23:00,156,12.35,15.92,16.08,16.1,15.84,15.87,15.68,15.72,15.71,15.76,15.89,15.94,15.99,15.85,15.95,15.95,15.99,16.02,16.18,16.21,16.18,16.19
2/22/25 23:30,157,12.34,15.62,15.94,15.96,15.79,15.82,15.62,15.65,15.63,15.67,15.83,15.89,15.94,15.78,15.89,15.89,15.91,15.94,16.11,16.15,16.12,16.12
2/23/25 0:00,158,12.34,15.66,16.33,16.32,16.01,16.03,15.93,16.06,15.94,15.96,16.11,16.19,16.22,16.15,16.22,16.21,16.24,16.27,16.51,16.53,16.39,16.39
2/23/25 0:30,159,12.32,16.31,16.57,16.56,16.15,16.16,16.02,16.22,16.12,16.12,16.22,16.28,16.31,16.32,16.33,16.31,16.37,16.39,16.7,16.71,16.48,16.48
2/23/25 1:00,160,12.32,16.5,16.15,16.14,15.84,15.87,15.67,15.81,15.75,15.79,15.89,15.93,15.97,15.93,16,15.99,16.03,16.06,16.31,16.34,16.18,16.19
2/23/25 1:30,161,12.31,16.09,15.82,15.86,15.74,15.77,15.56,15.51,15.54,15.6,15.74,15.77,15.82,15.66,15.82,15.83,15.85,15.88,16.01,16.05,16.04,16.06
2/23/25 2:00,162,12.3,15.38,15.57,15.59,15.55,15.58,15.44,15.32,15.3,15.38,15.57,15.6,15.67,15.44,15.51,15.57,15.61,15.66,15.74,15.8,15.83,15.87
2/23/25 2:30,163,12.29,15.53,16.38,16.37,16.1,16.13,16.01,16.13,16,16.04,16.19,16.25,16.29,16.19,16.14,16.24,16.32,16.37,16.5,16.56,16.44,16.47
2/23/25 3:00,164,12.27,16.21,16.7,16.7,16.28,16.31,16.19,16.38,16.24,16.25,16.41,16.52,16.55,16.37,16.45,16.43,16.53,16.56,16.74,16.78,16.6,16.59
2/23/25 3:30,165,12.27,16.69,16.55,16.56,16.19,16.2,16.03,16.22,16.13,16.14,16.25,16.31,16.34,16.31,16.36,16.34,16.4,16.43,16.66,16.68,16.52,16.52
2/23/25 4:00,166,12.26,16.25,15.64,15.67,15.53,15.55,15.34,15.35,15.32,15.39,15.52,15.56,15.63,15.46,15.59,15.59,15.62,15.66,15.78,15.84,15.85,15.89
2/23/25 4:30,167,12.26,15.38,15.16,15.18,15.09,15.12,14.94,14.95,14.87,14.95,15.09,15.15,15.2,14.99,15.17,15.17,15.16,15.19,15.41,15.46,15.42,15.45
2/23/25 5:00,168,12.25,15.31,15.81,15.8,15.6,15.62,15.48,15.6,15.47,15.5,15.63,15.69,15.73,15.65,15.7,15.69,15.73,15.75,16.01,16.04,15.89,15.91
2/23/25 5:30,169,12.25,15.56,15.59,15.59,15.44,15.46,15.28,15.38,15.26,15.31,15.45,15.51,15.56,15.45,15.55,15.55,15.59,15.62,15.85,15.89,15.75,15.78
2/23/25 6:00,170,12.24,15.26,15.12,15.14,15.05,15.1,14.87,14.84,14.83,14.88,15.02,14.99,15.07,14.88,15.05,15.05,15.08,15.12,15.18,15.21,15.25,15.29
2/23/25 6:30,171,12.23,14.92,15.06,15.06,14.91,14.97,14.78,14.8,14.85,14.88,15.01,14.88,14.98,14.89,15.07,15.07,15.17,15.22,15.19,15.21,15.29,15.32
2/23/25 7:00,172,12.21,15.06,15.25,15.25,15.11,15.13,15,15.24,15.01,15.02,15.42,15.38,15.48,15.15,15.43,15.45,15.36,15.4,15.66,15.7,15.5,15.52
2/23/25 7:30,173,12.29,14.96,16.12,15.85,15.69,15.77,15.85,16.03,16.06,16.29,17.31,16.41,16.39,16.58,17.4,17.27,16.69,16.51,16.7,16.47,17.21,16.73
2/23/25 8:00,174,12.83,15.33,19.78,19.03,17.99,17.91,19.12,18.56,18.23,18.69,19.91,19.2,18.79,20.75,19.33,19.36,19.99,20.13,19.71,19.52,18.67,18.37
2/23/25 8:30,175,13.08,16.95,21.15,20.49,19.05,18.86,20.47,19.99,18.69,18.77,20.14,20.38,20.01,20.8,19.78,19.77,20.38,20.98,20.3,20.02,19.38,19.19
2/23/25 9:00,176,13.16,18.76,22.61,22.48,20.98,20.67,23.18,21.77,20.25,20.36,21.43,21.82,21.5,22.49,22,21.97,21.86,22.21,23.37,23.1,21.93,21.34
2/23/25 9:30,177,13.15,20.93,24.01,23.73,22.06,21.86,23.91,23.12,21.68,21.77,23.4,23.66,23.28,23.37,23.82,23.77,23.2,23.3,24.02,23.78,23.89,23.11
2/23/25 10:00,178,13.14,22.99,25.05,24.8,23.44,23.26,24.96,24.97,22.71,22.76,23.94,24.43,24.12,24.51,23.36,23.37,24.24,24.12,25.19,25.49,24.06,23.61
2/23/25 10:30,179,13.15,25.45,27.47,27.06,24.9,24.74,26.08,25.92,24.1,24.43,25.89,26.16,25.94,26.68,25.48,25.34,26.58,26.52,26.57,26.3,25.31,24.72
2/23/25 11:00,180,13.13,28.05,27.95,27.98,25.54,25.42,26.32,26.76,24.97,25.04,26.24,27.08,26.65,27.35,26.22,26.1,26.63,26.52,27.88,27.7,26.41,26.09
2/23/25 11:30,181,13.13,30.51,30.04,29.88,26.71,26.87,26.45,30.18,26.76,26.44,28.28,28.57,27.92,27.76,28.13,28,27.71,27.6,29.53,29.77,28.1,27.83
2/23/25 12:00,182,13.13,33.09,31.42,31.29,27.22,27.29,27.24,31.46,27.97,27.48,30.13,29.22,28.64,29.03,29.05,29.01,28.89,28.83,31.05,30.92,29.4,29.08
2/23/25 12:30,183,13.11,35.33,31.58,31.26,28.03,28.14,26.85,31.33,28.11,27.84,29.38,29.32,28.81,29.23,29.66,29.53,29.67,29.53,32.07,32.43,29.76,30.02
2/23/25 13:00,184,13.11,36.28,33.64,33.66,28.96,28.93,27.58,32.03,29.07,28.49,29.6,29.77,29.16,29.64,29.28,29.35,29.99,29.93,32.88,33.41,29.9,30.31
2/23/25 13:30,185,13.12,37.22,34.22,34.41,29.51,29.46,27.65,32.37,30.03,29.19,29.86,30.16,29.65,30.68,29.86,29.95,30.74,30.54,33.85,34.31,30.43,30.86
2/23/25 14:00,186,13.12,38.45,33.55,33.73,29.29,29.37,27,32.07,29.61,29.19,29.33,30.04,29.61,30.75,29.26,29.24,30.5,30.46,33.59,34.04,30.1,30.66
2/23/25 14:30,187,13.12,38.66,34.52,34.36,29.08,29.06,27,31.07,29.02,28.56,28.58,29.65,29.03,29.81,29.11,29.11,30.49,30.6,32.74,32.77,29.68,30.23
2/23/25 15:00,188,13.13,37.71,33.97,33.9,28.46,28.42,27.53,30.37,28.47,27.99,28.36,29.46,28.81,29.22,28.14,28.11,29.5,29.46,32.38,32.3,28.96,29.07
2/23/25 15:30,189,13.12,36.59,32.97,32.77,27.73,27.98,26.83,29.68,27.91,27.32,27.28,28.7,28.14,28.7,27.48,27.48,28.82,28.75,31.72,31.5,28.18,28.44
2/23/25 16:00,190,13.07,35.1,31.45,31.48,26.4,26.33,25.92,28.24,26.79,26.33,26.03,27.71,27.35,27.62,26.5,26.49,27.8,27.7,30.07,29.95,27.26,27.24
2/23/25 16:30,191,13.08,33.25,29.74,29.29,25.96,25.99,25.2,28.06,26.11,25.81,25.04,26.64,26.38,27.5,25.75,25.71,26.75,26.78,29.42,29.22,26.54,26.6
2/23/25 17:00,192,12.93,31.25,28.75,28.36,25,25.11,24.96,26.76,26.13,25.32,24.61,25.71,25.76,26.49,24.8,24.78,25.73,25.54,28.38,28.11,25.62,25.68
2/23/25 17:30,193,12.68,28.58,26.99,26.76,24.33,24.17,23.45,24.21,24.34,23.53,23.12,23.87,23.89,24.11,23.05,23.01,23.84,23.66,25.36,25.27,23.62,23.65
2/23/25 18:00,194,12.56,25.54,24.79,24.64,22.83,22.56,22.16,25.39,23.03,22.25,21.98,22.49,22.5,23.17,21.72,21.7,22.23,22.29,25.17,24.93,22.3,22.31
2/23/25 18:30,195,12.5,23.04,21.9,21.7,20.55,20.34,19.78,21.91,20.45,20.08,19.92,20.01,20.03,20.73,19.94,19.92,20.46,20.45,23.27,22.99,20.42,20.4
2/23/25 19:00,196,12.46,20.91,19.5,19.42,18.65,18.63,18.06,19.7,18.27,18.19,18.26,18.36,18.39,18.7,18.29,18.27,18.63,18.53,19.98,19.87,18.92,18.89
2/23/25 19:30,197,12.44,19.02,17.5,17.47,17,17.06,16.58,16.87,16.82,16.82,16.87,16.97,17.01,16.97,16.98,16.96,17.03,17.07,17.65,17.66,17.36,17.38
2/23/25 20:00,198,12.43,17.55,16.41,16.38,16.01,16.04,15.69,15.86,15.87,15.9,15.95,16.04,16.08,16.02,16.07,16.05,16.1,16.12,16.61,16.64,16.43,16.44
2/23/25 20:30,199,12.42,16.45,15.62,15.61,15.25,15.29,14.97,15.13,15.13,15.15,15.23,15.32,15.36,15.29,15.39,15.38,15.44,15.48,15.89,15.92,15.69,15.71
2/23/25 21:00,200,12.4,15.59,15.16,15.16,14.8,14.83,14.54,14.7,14.67,14.68,14.78,14.89,14.92,14.85,14.91,14.89,14.95,14.98,15.39,15.41,15.21,15.22
2/23/25 21:30,201,12.39,15.26,14.98,14.95,14.54,14.57,14.3,14.55,14.48,14.49,14.57,14.67,14.69,14.69,14.74,14.71,14.79,14.82,15.22,15.23,14.99,15
2/23/25 22:00,202,12.38,15.45,14.84,14.79,14.36,14.39,14.1,14.42,14.33,14.33,14.41,14.5,14.52,14.56,14.61,14.58,14.66,14.69,15.18,15.19,14.85,14.85
2/23/25 22:30,203,12.37,15.58,14.84,14.82,14.29,14.32,14.07,14.32,14.27,14.26,14.33,14.4,14.43,14.47,14.49,14.46,14.56,14.59,15.04,15.05,14.73,14.72
2/23/25 23:00,204,12.35,15.69,14.83,14.8,14.28,14.31,14.05,14.33,14.26,14.25,14.31,14.38,14.41,14.45,14.44,14.42,14.49,14.51,15.03,15.03,14.7,14.7
2/23/25 23:30,205,12.34,15.79,14.97,14.96,14.3,14.32,14.06,14.36,14.29,14.28,14.36,14.36,14.39,14.46,14.43,14.39,14.5,14.52,14.99,14.99,14.69,14.69
2/24/25 0:00,206,12.33,15.74,15.02,15.02,14.32,14.35,14.08,14.34,14.27,14.26,14.35,14.35,14.37,14.43,14.42,14.39,14.47,14.49,14.97,15,14.65,14.64
2/24/25 0:30,207,12.32,15.82,15.14,15.12,14.4,14.42,14.19,14.46,14.42,14.41,14.46,14.49,14.52,14.62,14.58,14.55,14.63,14.66,15.13,15.13,14.81,14.81
2/24/25 1:00,208,12.31,15.89,15.07,15.07,14.28,14.31,14.05,14.33,14.26,14.26,14.36,14.3,14.32,14.43,14.4,14.37,14.46,14.5,14.96,14.98,14.6,14.59
2/24/25 1:30,209,12.3,15.81,15.01,15.01,14.41,14.43,14.26,14.42,14.38,14.37,14.51,14.5,14.53,14.52,14.56,14.54,14.65,14.67,14.91,14.93,14.81,14.81
2/24/25 2:00,210,12.29,15.77,14.97,14.96,14.69,14.7,14.54,14.66,14.61,14.61,14.8,14.79,14.82,14.69,14.8,14.78,14.82,14.84,15,15.03,15.01,15.01
2/24/25 2:30,211,12.29,15.86,15.25,15.23,14.95,14.96,14.79,14.9,14.83,14.84,15.02,15.07,15.09,14.91,15.05,15.03,15.08,15.11,15.23,15.25,15.22,15.21
2/24/25 3:00,212,12.28,15.97,15.08,15.05,14.85,14.83,14.66,14.77,14.76,14.77,14.89,14.95,14.95,14.84,14.95,14.93,14.99,15.01,15.09,15.11,15.09,15.08
2/24/25 3:30,213,12.26,16,15.09,15.07,14.83,14.82,14.63,14.75,14.74,14.75,14.88,14.96,14.97,14.81,14.95,14.92,14.96,14.98,15.05,15.07,15.04,15.02
2/24/25 4:00,214,12.25,16.05,15.31,15.29,15.04,15.06,14.87,14.98,14.98,14.98,15.14,15.17,15.18,15.04,15.16,15.14,15.18,15.2,15.29,15.3,15.28,15.27
2/24/25 4:30,215,12.26,15.97,15.19,15.17,14.96,14.95,14.78,14.89,14.88,14.89,15.01,15.07,15.08,14.95,15.07,15.05,15.1,15.12,15.17,15.18,15.16,15.15
2/24/25 5:00,216,12.26,15.89,15,14.98,14.78,14.76,14.59,14.71,14.68,14.69,14.79,14.9,14.9,14.76,14.88,14.86,14.9,14.92,14.96,14.97,14.98,14.96
2/24/25 5:30,217,12.25,15.77,14.84,14.81,14.62,14.61,14.42,14.55,14.54,14.54,14.66,14.73,14.74,14.62,14.7,14.67,14.74,14.76,14.82,14.84,14.81,14.8
2/24/25 6:00,218,12.24,15.68,14.82,14.8,14.58,14.58,14.4,14.51,14.51,14.52,14.62,14.72,14.73,14.58,14.7,14.68,14.73,14.75,14.8,14.81,14.78,14.77
2/24/25 6:30,219,12.24,15.68,14.83,14.82,14.54,14.52,14.34,14.5,14.47,14.48,14.63,14.68,14.69,14.57,14.64,14.61,14.69,14.71,14.74,14.76,14.76,14.74
2/24/25 7:00,220,12.23,15.74,15,14.98,14.69,14.68,14.53,14.69,14.63,14.64,14.77,14.87,14.87,14.74,14.82,14.79,14.85,14.87,14.92,14.93,14.89,14.87
2/24/25 7:30,221,12.21,15.91,15.34,15.34,14.96,14.94,14.83,15.13,14.88,14.89,15.02,15.25,15.21,15.08,15.05,15.03,15.15,15.18,15.23,15.28,15.15,15.13
2/24/25 8:00,222,12.23,16.23,15.8,15.79,15.38,15.35,15.29,15.62,15.22,15.26,15.37,15.72,15.63,15.54,15.46,15.43,15.59,15.64,15.6,15.65,15.55,15.52
2/24/25 8:30,223,12.29,16.78,16.44,16.44,16.03,15.89,15.99,16.45,15.76,15.81,15.94,16.55,16.36,16.26,15.97,15.93,16.23,16.3,16.23,16.34,16.11,16.07
2/24/25 9:00,224,12.58,17.57,17.67,17.69,17.12,16.88,17.26,18.1,16.78,16.86,17.02,18,17.67,17.59,17,16.93,17.4,17.49,17.44,17.66,17.1,17.04
2/24/25 9:30,225,13.08,19.06,20.32,20.35,19.23,18.95,19.67,21.06,18.55,18.68,18.99,20.48,19.9,20.23,19.35,19.24,19.65,19.85,19.72,19.9,19.05,18.84
2/24/25 10:00,226,13.14,21.27,23.02,22.71,21.38,21.1,22.94,22.44,20.98,21.24,22.18,22.67,22.33,23.76,21.86,21.69,22.51,22.29,22.87,22.6,22.25,21.73
2/24/25 10:30,227,13.16,23.95,25.6,25.25,23.62,23.21,25.52,23.38,23.15,23.45,24.56,25.17,25,25.66,24.55,24.45,25.39,24.94,24.91,24.52,24.18,23.78
2/24/25 11:00,228,13.15,27.25,27.87,27.84,26.19,25.73,26.38,26.35,24.97,25.24,26.74,27.38,26.92,26.82,25.92,25.89,26.26,26.15,26.72,26.45,26.15,25.61
2/24/25 11:30,229,13.14,30.49,29.47,29.32,27.28,27.16,27.29,27.97,26.84,26.98,28.1,29.08,28.36,27.85,27.57,27.47,28.14,28.05,27.37,27.16,28.07,27.55
2/24/25 12:00,230,13.14,33.62,31.73,31.39,29.1,28.79,28.69,29.51,28.36,28.56,29.85,30.58,29.75,29.39,29.76,29.81,30.45,30.52,30.57,29.74,29.94,29.7
2/24/25 12:30,231,13.13,36.4,33.21,33.1,30.42,30.16,29.64,30.83,29.91,30.15,31.82,32.11,31.02,30.64,31.1,31.13,32.14,32.07,31.65,31.47,31.34,31.23
2/24/25 13:00,232,13.13,38.63,35,35,32.33,31.69,31.27,31.77,31.16,31.62,32.32,34.25,32.73,31.86,31.72,31.81,33.48,33.49,33.09,33.24,32.28,32.39
2/24/25 13:30,233,13.12,40.06,35.31,35.93,32.64,32.38,30.76,33.53,32.17,32.07,32.57,33.8,32.59,32.99,31.92,32.07,33.51,33.32,34.1,34.46,32.87,33.45
2/24/25 14:00,234,13.12,40.6,34.74,34.8,30.87,30.9,28.83,32.99,30.93,30.41,30.82,31.64,31.12,31.98,30.86,30.92,31.8,31.87,34.35,34.64,31.84,32.3
2/24/25 14:30,235,13.11,40.49,35.24,34.77,30.8,30.5,28.98,33.42,31.24,30.61,31.16,32.13,31.55,31.8,30.96,30.99,32.03,32.09,34.92,35.04,31.91,32.3
2/24/25 15:00,236,13.11,39.92,34.6,34,30.24,30.32,28.73,32.6,30.49,29.78,30.04,30.98,30.55,31.25,30.1,30.05,31.42,31.39,34.47,34.26,31.2,31.55
2/24/25 15:30,237,13.11,38.83,33.47,32.87,29.27,29.41,28.21,31.51,29.7,29.24,28.58,30.24,29.86,30.86,29.24,29.24,30.49,30.5,33.4,33.11,29.93,30.13
2/24/25 16:00,238,13.07,37.37,32.03,31.71,28.11,28.3,27.52,30.39,28.55,28.03,27.58,29.29,28.89,29.78,28,27.99,29.13,29.08,32.05,31.77,28.83,28.89
2/24/25 16:30,239,13.06,35.12,30.16,29.77,26.5,26.52,25.55,28.09,26.6,26.32,25.71,27.15,27.05,27.89,26.33,26.3,27.47,27.43,29.77,29.42,26.98,27.05
2/24/25 17:00,240,12.91,32.04,28.19,27.76,24.87,24.98,24.33,25.67,25.71,24.66,24.31,25.2,25.18,25.75,24.25,24.23,25.08,25,27.1,26.91,25.07,25.17
2/24/25 17:30,241,12.67,28.71,26.55,26.32,23.99,23.85,23.09,24.22,24.2,23.33,22.86,23.52,23.5,24.02,22.82,22.8,23.39,23.13,25.11,25.02,23.47,23.55
2/24/25 18:00,242,12.54,25.39,23.92,23.83,22.16,21.95,21.43,24.03,22.38,21.62,21.3,21.61,21.6,22.11,21.2,21.19,21.68,21.64,24.33,23.88,21.7,21.76
2/24/25 18:30,243,12.49,22.45,20.71,20.61,19.66,19.55,19.13,19.87,19.54,19.29,19.24,19.36,19.38,19.66,19.22,19.2,19.56,19.6,21.13,20.96,19.59,19.64
2/24/25 19:00,244,12.44,20.1,18.63,18.64,17.75,17.79,17.36,17.61,17.61,17.61,17.62,17.69,17.71,17.69,17.68,17.66,17.76,17.77,18.34,18.36,18.02,18.04
2/24/25 19:30,245,12.43,18.57,17.54,17.53,16.89,16.92,16.58,16.72,16.76,16.75,16.83,16.88,16.9,16.9,16.94,16.93,17,17.02,17.48,17.49,17.25,17.26
2/24/25 20:00,246,12.43,17.46,16.84,16.81,16.48,16.51,16.23,16.36,16.37,16.38,16.46,16.53,16.56,16.51,16.55,16.55,16.58,16.61,17.02,17.05,16.86,16.88
2/24/25 20:30,247,12.41,16.91,16.48,16.46,16.17,16.2,15.91,16.05,16.03,16.04,16.14,16.21,16.23,16.18,16.25,16.24,16.3,16.33,16.71,16.72,16.53,16.54
2/24/25 21:00,248,12.4,16.74,16.4,16.36,15.93,15.95,15.68,15.89,15.84,15.84,15.9,15.98,16,16.02,16.03,16.02,16.08,16.09,16.51,16.52,16.28,16.29
2/24/25 21:30,249,12.38,16.8,16.21,16.2,15.68,15.71,15.44,15.71,15.64,15.63,15.7,15.73,15.76,15.79,15.79,15.77,15.84,15.87,16.29,16.29,16.04,16.05
2/24/25 22:00,250,12.37,16.74,16.01,15.98,15.45,15.46,15.19,15.48,15.41,15.41,15.49,15.48,15.53,15.58,15.57,15.56,15.64,15.67,16.11,16.12,15.83,15.82
2/24/25 22:30,251,12.36,16.48,15.54,15.51,14.95,14.96,14.63,14.87,14.82,14.82,14.94,14.74,14.91,15.01,15.08,15.05,15.13,15.15,15.6,15.59,15.28,15.34
2/24/25 23:00,252,12.35,15.99,15.17,15.16,14.71,14.73,14.51,14.66,14.65,14.67,14.75,14.65,14.78,14.79,14.83,14.83,14.87,14.9,15.23,15.24,15.1,15.1
2/24/25 23:30,253,12.34,15.57,14.91,14.89,14.59,14.61,14.44,14.61,14.61,14.61,14.68,14.71,14.74,14.72,14.85,14.83,14.88,14.9,15.2,15.23,15.05,15.05
2/25/25 0:00,254,12.33,15.27,14.83,14.84,14.49,14.51,14.33,14.49,14.48,14.49,14.55,14.63,14.65,14.63,14.7,14.69,14.74,14.76,15.08,15.11,14.92,14.91
2/25/25 0:30,255,12.32,15.08,14.8,14.78,14.5,14.53,14.33,14.49,14.45,14.47,14.56,14.62,14.65,14.62,14.69,14.68,14.73,14.75,15.04,15.06,14.9,14.91
2/25/25 1:00,256,12.31,15,14.86,14.84,14.51,14.53,14.34,14.48,14.46,14.47,14.55,14.62,14.65,14.63,14.68,14.66,14.71,14.73,15.02,15.03,14.87,14.87
2/25/25 1:30,257,12.3,15.08,14.79,14.77,14.42,14.43,14.24,14.42,14.38,14.39,14.45,14.52,14.54,14.54,14.57,14.55,14.61,14.63,14.95,14.95,14.75,14.74
2/25/25 2:00,258,12.29,15.19,14.75,14.74,14.45,14.47,14.28,14.46,14.45,14.45,14.51,14.58,14.6,14.6,14.63,14.62,14.67,14.69,14.98,14.99,14.82,14.83
2/25/25 2:30,259,12.28,15.17,14.67,14.64,14.32,14.33,14.14,14.35,14.33,14.32,14.36,14.44,14.45,14.47,14.5,14.48,14.53,14.55,14.88,14.9,14.69,14.69
2/25/25 3:00,260,12.28,14.87,14.46,14.45,14.15,14.18,13.98,14.12,14.13,14.13,14.19,14.27,14.29,14.25,14.32,14.31,14.36,14.38,14.63,14.65,14.52,14.53
2/25/25 3:30,261,12.26,14.68,14.47,14.45,14.12,14.14,13.97,14.13,14.09,14.1,14.17,14.22,14.25,14.24,14.29,14.28,14.33,14.35,14.61,14.62,14.46,14.46
2/25/25 4:00,262,12.26,14.69,14.2,14.19,13.9,13.91,13.69,13.9,13.84,13.83,13.95,13.86,13.95,13.95,14.02,14,14.06,14.08,14.41,14.41,14.22,14.22
2/25/25 4:30,263,12.25,14.62,14.08,14.06,13.72,13.74,13.54,13.74,13.71,13.7,13.77,13.74,13.82,13.84,13.89,13.87,13.9,13.92,14.26,14.26,14.08,14.08
2/25/25 5:00,264,12.24,14.5,13.88,13.88,13.53,13.53,13.34,13.56,13.54,13.5,13.57,13.51,13.54,13.59,13.63,13.61,13.65,13.67,14,14,13.8,13.8
2/25/25 5:30,265,12.23,14.48,13.44,13.41,13.06,13.05,12.98,13.21,13.23,13.19,13.21,13.24,13.25,13.29,13.34,13.31,13.37,13.38,13.71,13.71,13.48,13.47
2/25/25 6:00,266,12.23,14.3,13.12,13.07,12.72,12.72,12.65,12.91,12.96,12.9,12.93,12.96,12.97,13.1,13.1,13.11,13.13,13.14,13.48,13.48,13.25,13.22
2/25/25 6:30,267,12.22,13.99,12.87,12.83,12.41,12.44,12.38,12.55,12.6,12.56,12.61,12.61,12.61,12.69,12.71,12.72,12.73,12.75,13.07,13.05,12.88,12.88
2/25/25 7:00,268,12.21,13.69,12.55,12.52,12.18,12.17,12.15,12.38,12.41,12.38,12.41,12.45,12.46,12.49,12.53,12.51,12.55,12.56,12.93,12.91,12.7,12.69
2/25/25 7:30,269,12.19,13.57,12.51,12.48,11.96,11.96,11.99,12.28,12.28,12.23,12.28,12.34,12.34,12.38,12.4,12.37,12.44,12.46,12.84,12.85,12.57,12.56
2/25/25 8:00,270,12.23,13.61,12.77,12.72,12.13,12.14,12.12,12.59,12.45,12.36,12.46,12.5,12.49,12.6,12.57,12.54,12.61,12.63,13.14,13.17,12.75,12.74
2/25/25 8:30,271,12.36,13.85,13.32,13.25,12.42,12.46,12.31,13.09,12.72,12.6,12.73,12.7,12.65,13,12.78,12.79,12.89,12.95,13.52,13.72,13.03,13.01
2/25/25 9:00,272,12.94,14.46,14.69,14.54,13.25,13.29,13.31,14.54,13.6,13.37,13.83,13.68,13.4,14.25,13.76,13.75,13.89,13.92,15.11,15.28,14.16,14.1
2/25/25 9:30,273,13.09,15.25,15.46,15.36,13.78,13.84,13.66,14.97,14.14,13.82,14.33,14.29,13.78,14.74,14.34,14.29,14.5,14.49,15.72,15.78,14.65,14.52
2/25/25 10:00,274,13.12,16.26,16.8,16.65,14.71,14.74,14.68,16.38,15.31,14.92,15.33,15.3,15.09,15.7,15.31,15.22,15.48,15.47,17,17.07,15.62,15.43
2/25/25 10:30,275,13.18,18.33,19.94,19.8,16.51,16.54,16.66,18.57,17.06,16.55,17.3,17.37,17.19,17.98,17.36,17.23,17.6,17.54,19.84,19.93,17.44,17.19
2/25/25 11:00,276,13.24,20.54,20.82,20.64,17.46,17.53,17.44,19.12,17.62,17.25,17.66,17.77,17.46,18.33,17.84,17.76,18.2,18.11,20.16,20.27,17.95,17.81
2/25/25 11:30,277,13.16,21.66,20.83,20.79,17.78,17.81,17.57,19.54,18.19,17.86,18.11,18.31,18.05,18.86,18.27,18.25,18.68,18.69,20.71,20.99,18.49,18.28
2/25/25 12:00,278,13.16,22.25,20.85,20.65,18.02,18.06,17.82,19.82,18.41,17.97,18.43,18.56,18.33,18.99,18.28,18.17,18.76,18.8,20.66,20.91,18.65,18.51
2/25/25 12:30,279,13.17,22.66,21.13,21.13,18.41,18.39,18.28,20.08,18.51,18.15,18.68,18.64,18.41,19.08,18.51,18.44,19.07,19.1,20.79,20.98,18.81,18.7
2/25/25 13:00,280,13.17,22.83,21.99,21.95,18.83,18.77,18.86,20.52,18.81,18.41,19.05,19.18,18.94,19.71,19.05,18.95,19.47,19.4,21.39,21.76,19.36,19.29
2/25/25 13:30,281,13.17,23.28,22.77,22.7,19.44,19.43,19.27,21.3,19.56,19.33,19.7,19.94,19.74,20.36,19.86,19.76,20.49,20.45,22.26,22.63,20.17,20.03
2/25/25 14:00,282,13.17,23.57,22.29,22.21,19.15,19.19,19.07,21.23,19.42,19.09,19.57,19.76,19.48,20.39,19.64,19.54,20.12,20.05,21.99,22.31,19.92,19.88
2/25/25 14:30,283,13.18,23.92,22.89,22.71,19.48,19.55,19.63,21.44,19.83,19.43,19.8,20.17,19.94,20.71,20.02,19.9,20.53,20.44,22.71,22.91,20.3,20.26
2/25/25 15:00,284,13.18,24.33,23.32,23.24,19.86,19.79,19.62,21.81,20.11,19.79,19.82,20.25,20.02,20.79,20.18,20.14,20.83,20.77,22.76,22.96,20.46,20.52
2/25/25 15:30,285,13.06,24.17,21.97,21.92,19.43,19.44,18.94,20.42,19.45,19.16,19.29,19.6,19.41,20.11,19.71,19.67,20.21,20.16,21.64,21.84,19.93,19.95
2/25/25 16:00,286,12.95,22.97,20.77,20.7,18.51,18.52,18.2,19.05,18.51,18.42,18.48,18.55,18.44,18.86,18.51,18.44,18.77,18.77,20.16,20.3,18.8,18.75
2/25/25 16:30,287,12.87,21.78,20.11,19.97,18.05,18.07,17.86,18.77,18.22,18.11,18.05,18.29,18.19,18.73,18.36,18.33,18.63,18.66,19.84,19.94,18.62,18.64
2/25/25 17:00,288,12.84,20.93,19.08,19.1,17.3,17.3,16.95,17.56,17.29,17.17,17.25,17.33,17.26,17.56,17.38,17.35,17.56,17.56,18.52,18.57,17.58,17.52
2/25/25 17:30,289,12.76,19.94,18.64,18.6,16.94,16.94,16.59,17.18,16.9,16.77,16.84,16.99,16.95,17.15,16.92,16.87,17.11,17.11,17.99,18.04,17.11,17.09
2/25/25 18:00,290,12.53,19.13,17.76,17.72,16.45,16.5,16.08,16.53,16.34,16.3,16.36,16.36,16.34,16.57,16.36,16.32,16.49,16.5,17.23,17.27,16.63,16.64
2/25/25 18:30,291,12.45,18.32,17.04,16.98,15.92,15.96,15.63,15.95,15.85,15.83,15.87,15.89,15.87,16.03,15.93,15.9,16,16,16.6,16.63,16.13,16.15
2/25/25 19:00,292,12.4,17.57,16.27,16.26,15.38,15.42,15.08,15.39,15.33,15.32,15.37,15.36,15.39,15.54,15.48,15.46,15.58,15.6,16.07,16.08,15.68,15.69
2/25/25 19:30,293,12.4,16.84,15.54,15.52,14.85,14.89,14.52,14.73,14.73,14.71,14.78,14.73,14.78,14.87,14.86,14.84,14.92,14.93,15.34,15.35,15.04,15.04
2/25/25 20:00,294,12.39,16.18,15.23,15.21,14.63,14.64,14.38,14.56,14.57,14.58,14.62,14.62,14.64,14.69,14.72,14.7,14.79,14.82,15.12,15.14,14.91,14.92
2/25/25 20:30,295,12.37,15.84,15.31,15.29,14.84,14.86,14.66,14.76,14.74,14.74,14.86,14.85,14.88,14.88,14.9,14.89,14.97,14.99,15.18,15.2,15.11,15.11
2/25/25 21:00,296,12.35,15.78,15.3,15.29,15.04,15.06,14.87,14.92,14.89,14.89,15.05,15.05,15.08,15,15.07,15.05,15.12,15.14,15.25,15.26,15.24,15.24
2/25/25 21:30,297,12.35,15.79,15.41,15.39,15.22,15.24,15.06,15.09,15.11,15.11,15.23,15.24,15.27,15.18,15.27,15.25,15.3,15.32,15.41,15.42,15.41,15.41
2/25/25 22:00,298,12.34,15.79,15.3,15.29,15.14,15.15,14.96,15.02,15.02,15.03,15.16,15.17,15.19,15.08,15.18,15.17,15.21,15.23,15.32,15.33,15.29,15.29
2/25/25 22:30,299,12.33,15.67,15.02,15.02,14.84,14.85,14.64,14.72,14.73,14.73,14.86,14.87,14.9,14.76,14.87,14.86,14.9,14.92,14.99,15,14.97,14.97
2/25/25 23:00,300,12.32,15.45,14.85,14.84,14.66,14.66,14.47,14.54,14.54,14.54,14.67,14.7,14.72,14.58,14.68,14.66,14.7,14.72,14.79,14.8,14.77,14.76
2/25/25 23:30,301,12.3,15.31,14.46,14.45,14.25,14.26,14.03,14.16,14.14,14.14,14.26,14.29,14.31,14.19,14.28,14.26,14.32,14.34,14.39,14.4,14.37,14.36
2/26/25 0:00,302,12.29,15.16,14.48,14.48,14.29,14.3,14.09,14.17,14.17,14.17,14.31,14.33,14.35,14.2,14.33,14.31,14.35,14.38,14.43,14.45,14.41,14.4
2/26/25 0:30,303,12.28,15.06,14.34,14.34,14.16,14.16,13.97,14.05,14.05,14.05,14.17,14.19,14.21,14.08,14.2,14.18,14.21,14.22,14.3,14.31,14.27,14.26
2/26/25 1:00,304,12.27,14.9,14.21,14.2,14.03,14.02,13.83,13.93,13.9,13.9,14.03,14.06,14.08,13.94,14.05,14.03,14.08,14.1,14.14,14.16,14.12,14.12
2/26/25 1:30,305,12.26,14.79,14.12,14.11,13.93,13.93,13.74,13.81,13.81,13.81,13.92,13.96,13.98,13.85,13.94,13.92,13.98,14,14.04,14.06,14.03,14.03
2/26/25 2:00,306,12.25,14.65,13.93,13.92,13.74,13.75,13.55,13.64,13.64,13.64,13.75,13.79,13.8,13.67,13.77,13.75,13.78,13.81,13.85,13.87,13.84,13.84
2/26/25 2:30,307,12.24,14.55,13.96,13.95,13.77,13.77,13.58,13.66,13.65,13.65,13.78,13.79,13.81,13.69,13.78,13.76,13.81,13.83,13.87,13.88,13.86,13.86
2/26/25 3:00,308,12.23,14.5,13.98,13.97,13.79,13.79,13.59,13.7,13.65,13.65,13.8,13.83,13.84,13.71,13.79,13.78,13.84,13.86,13.89,13.9,13.89,13.89
2/26/25 3:30,309,12.22,14.5,13.78,13.76,13.6,13.6,13.4,13.49,13.47,13.47,13.58,13.64,13.66,13.52,13.62,13.61,13.64,13.66,13.7,13.71,13.68,13.67
2/26/25 4:00,310,12.21,14.38,13.57,13.56,13.37,13.36,13.17,13.26,13.25,13.25,13.35,13.41,13.42,13.29,13.38,13.35,13.41,13.43,13.46,13.47,13.45,13.44
2/26/25 4:30,311,12.21,14.25,13.55,13.54,13.33,13.32,13.13,13.25,13.2,13.2,13.32,13.38,13.39,13.25,13.34,13.32,13.37,13.39,13.43,13.44,13.41,13.4
2/26/25 5:00,312,12.2,14.17,13.54,13.54,13.33,13.33,13.12,13.27,13.21,13.21,13.34,13.39,13.4,13.25,13.35,13.33,13.38,13.4,13.43,13.45,13.41,13.39
2/26/25 5:30,313,12.2,14.15,13.49,13.48,13.26,13.27,13.06,13.16,13.13,13.13,13.25,13.32,13.34,13.2,13.3,13.28,13.32,13.34,13.36,13.37,13.35,13.33
2/26/25 6:00,314,12.19,14.15,13.42,13.41,13.21,13.21,13.01,13.1,13.08,13.08,13.17,13.26,13.28,13.12,13.22,13.19,13.26,13.28,13.29,13.3,13.28,13.26
2/26/25 6:30,315,12.19,14.1,13.21,13.18,13.02,13.01,12.82,12.9,12.91,12.91,12.98,13.08,13.09,12.94,13.04,13.02,13.06,13.08,13.11,13.11,13.1,13.09
2/26/25 7:00,316,12.18,14,13.28,13.27,13.08,13.07,12.88,13.01,12.93,12.94,13.01,13.15,13.16,13,13.09,13.06,13.14,13.17,13.17,13.18,13.14,13.13
2/26/25 7:30,317,12.16,14.09,13.59,13.58,13.27,13.25,13.12,13.23,13.12,13.13,13.22,13.37,13.37,13.25,13.3,13.28,13.4,13.45,13.43,13.44,13.33,13.3
2/26/25 8:00,318,12.19,14.37,14.2,14.18,13.78,13.73,13.72,13.86,13.59,13.62,13.69,14.01,13.99,13.88,13.72,13.68,13.9,13.97,13.94,13.96,13.86,13.84
2/26/25 8:30,319,12.25,14.91,14.91,14.89,14.41,14.32,14.42,14.61,14.18,14.22,14.29,14.72,14.68,14.63,14.38,14.36,14.61,14.72,14.55,14.57,14.43,14.4
2/26/25 9:00,320,12.49,15.66,16.14,16.16,15.55,15.46,15.42,16.07,15.25,15.32,15.33,15.96,15.89,15.86,15.4,15.39,15.69,15.82,15.67,15.78,15.49,15.44
2/26/25 9:30,321,12.78,16.84,17.37,17.31,16.79,16.64,16.75,17.39,16.26,16.37,16.39,17.39,17.25,17.12,16.68,16.65,17.11,17.33,16.91,16.99,16.56,16.51
2/26/25 10:00,322,13.01,18.46,19.85,19.79,18.41,18.17,18.91,19.71,17.92,18.08,18.3,19.52,19.26,19.5,18.42,18.29,19.37,19.62,19.09,19.24,18.57,18.43
2/26/25 10:30,323,13.2,21.11,22.55,22.32,21.03,20.71,21.92,22.28,19.87,20.08,20.81,22.39,22.2,22.47,21.27,21.14,21.8,21.8,21.84,21.89,21.1,20.71
2/26/25 11:00,324,13.2,24.68,24.67,24.59,22.65,22.59,23.01,23.69,21.83,22.09,22.81,23.97,23.55,23.6,23.1,23.06,23.35,23.4,23.5,23.37,22.95,22.51
2/26/25 11:30,325,13.17,27.6,26.59,26.26,24.06,23.71,23.76,24.75,23.63,23.52,24.21,25.7,25.18,24.74,24.05,23.87,25.22,25.26,24.3,24.16,24.88,24.48
2/26/25 12:00,326,13.16,30.19,28.37,28.21,25.16,24.91,25.21,28.1,25.23,25.31,26.24,26.92,26.24,26.39,25.47,25.58,26.54,26.73,26.64,26.53,26.33,26.08
2/26/25 12:30,327,13.16,32.42,29.63,29.57,26.77,26.4,26,28.3,26.68,26.77,28.22,29.4,28.63,27.38,27.25,27.38,28.92,28.93,28.52,28.13,27.93,27.49
2/26/25 13:00,328,13.15,34.46,31.44,31.55,28.75,28.52,26.88,30.29,27.84,27.85,29.42,31.24,30.16,28.82,28.05,28.16,30.12,30.39,29.11,29.37,29.18,29.12
2/26/25 13:30,329,13.14,36.06,32.78,32.96,29.9,29.55,28.13,29.86,28.51,28.69,29.08,31.17,30.03,30.45,28.77,29.04,31.04,31.27,30.48,30.55,29.61,30.28
2/26/25 14:00,330,13.14,37.44,33.98,33.44,30.88,30.51,29.41,30.03,29.7,30.32,30.25,32.16,31.38,31.49,29.42,29.56,32.2,32.62,31.22,31.03,30.5,30.96
2/26/25 14:30,331,13.13,38.26,35.57,35.22,31.52,31.3,30.34,31.83,29.65,30.12,30.79,33.15,32.11,32.19,29.85,29.79,32.65,33.38,31.83,31.97,30.95,31.29
2/26/25 15:00,332,13.11,38.04,34.42,34.15,30.81,30.65,30.7,34.07,30.17,30.28,31.15,32.91,32.08,32.14,30.52,30.54,32.46,32.77,33.37,33.72,31.42,31.79
2/26/25 15:30,333,13.1,37.19,33.64,33.79,30,30.21,29.73,32.12,29.51,29.3,29.44,31.1,30.36,30.83,29.39,29.4,30.75,30.73,32.67,32.98,30.24,30.52
2/26/25 16:00,334,13.11,36.14,34.52,34.31,29.38,29.58,28.98,32.78,29.66,29.19,28.8,30.86,30.24,31.25,29.48,29.39,31.27,31.17,34.37,34.5,30.53,30.63
2/26/25 16:30,335,13.06,35.66,33.34,32.87,29.05,29.09,28.78,32.44,29.3,29,28.6,30.62,30.03,31.85,29.13,29.06,30.25,30.16,33.47,33.31,29.96,30.17
2/26/25 17:00,336,12.9,34.31,32.78,32.15,28.5,28.55,28.36,30.36,29.77,28.47,28.2,29.42,29.34,30.15,28.31,28.34,29.39,29.24,31.72,31.75,29.18,29.36
2/26/25 17:30,337,12.65,32,30.54,30.34,28.33,28.16,27.55,30.56,28.97,27.71,27.12,28.36,28.51,29.26,27.17,27.15,28.19,27.98,30.91,31.14,27.98,28.11
2/26/25 18:00,338,12.52,29.18,28.45,28.25,26.43,26.11,25.81,30.3,27.14,25.93,25.59,26.07,26.09,27.14,25.56,25.53,26.28,26.3,30.56,29.99,26.31,26.45
2/26/25 18:30,339,12.46,26.25,25.79,25.71,24.38,24.15,23.64,26.14,24.3,23.65,23.58,23.71,23.71,24.68,23.57,23.54,24.27,24.34,27.59,27.24,24.21,24.32
2/26/25 19:00,340,12.42,23.78,22.79,22.74,22.12,22.03,21.47,23.28,21.7,21.55,21.64,21.67,21.68,22.15,21.63,21.59,22.06,21.88,23.59,23.45,22.26,22.22
2/26/25 19:30,341,12.41,21.75,20.46,20.48,20.16,20.2,19.73,19.92,19.85,19.9,19.99,20.03,20.07,19.97,19.99,19.99,20.06,20.09,20.64,20.67,20.36,20.41
2/26/25 20:00,342,12.4,20.16,19.29,19.28,19.07,19.1,18.68,18.81,18.79,18.83,18.93,18.98,19.03,18.89,18.95,18.94,19.01,19.05,19.46,19.49,19.29,19.33
2/26/25 20:30,343,12.39,19.06,18.61,18.62,18.42,18.45,18.09,18.18,18.15,18.2,18.31,18.39,18.45,18.29,18.36,18.35,18.4,18.44,18.84,18.87,18.67,18.7
2/26/25 21:00,344,12.38,18.09,18.15,18.17,18,18.06,17.69,17.77,17.78,17.83,18,18.05,18.13,17.88,18.06,18.06,18.13,18.17,18.41,18.45,18.31,18.34
2/26/25 21:30,345,12.36,17.4,17.57,17.58,17.45,17.48,17.2,17.24,17.19,17.24,17.41,17.48,17.55,17.34,17.45,17.45,17.48,17.51,17.89,17.93,17.71,17.73
2/26/25 22:00,346,12.35,16.9,17.02,17.03,16.88,16.91,16.65,16.69,16.65,16.7,16.85,16.91,16.96,16.79,16.87,16.87,16.91,16.96,17.25,17.28,17.14,17.16
2/26/25 22:30,347,12.34,16.47,16.73,16.75,16.55,16.58,16.36,16.39,16.35,16.4,16.52,16.6,16.65,16.5,16.54,16.54,16.57,16.6,16.81,16.83,16.78,16.79
2/26/25 23:00,348,12.33,16.11,16.52,16.55,16.32,16.35,16.14,16.14,16.13,16.17,16.31,16.37,16.42,16.27,16.35,16.34,16.39,16.42,16.55,16.58,16.56,16.56
2/26/25 23:30,349,12.32,15.77,16.19,16.22,16.02,16.06,15.82,15.83,15.83,15.87,16.01,16.07,16.13,15.95,16.04,16.04,16.07,16.11,16.2,16.22,16.25,16.26
2/27/25 0:00,350,12.31,15.46,15.88,15.91,15.79,15.84,15.48,15.56,15.55,15.56,15.75,15.76,15.83,15.52,15.65,15.65,15.71,15.75,15.87,15.91,15.89,15.9
2/27/25 0:30,351,12.3,14.9,14.64,14.66,14.54,14.61,14.17,14.26,14.34,14.37,14.61,14.35,14.46,14.28,14.4,14.39,14.53,14.6,14.71,14.75,14.75,14.77
2/27/25 1:00,352,12.29,14.15,13.95,13.97,13.98,14.01,13.49,13.68,13.41,13.46,13.74,13.67,13.78,13.65,13.74,13.72,13.85,13.9,14.32,14.39,13.98,14.03
2/27/25 1:30,353,12.28,13.7,13.83,13.83,13.73,13.82,13.52,13.46,13.53,13.54,13.78,13.63,13.73,13.48,13.72,13.72,13.73,13.77,13.88,13.89,13.94,13.96
2/27/25 2:00,354,12.27,13.43,13.36,13.39,13.27,13.33,12.89,12.99,12.92,12.96,13.22,13.03,13.18,12.99,13.15,13.14,13.29,13.35,13.49,13.58,13.39,13.43
2/27/25 2:30,355,12.26,13.04,13.44,13.47,13.51,13.55,13.21,13.21,13.11,13.16,13.35,13.47,13.56,13.27,13.42,13.42,13.51,13.55,13.81,13.87,13.61,13.65
2/27/25 3:00,356,12.25,13.25,14.26,14.27,14.23,14.31,14.09,13.98,14.07,14.1,14.3,14.24,14.33,14.01,14.17,14.18,14.2,14.25,14.2,14.21,14.32,14.33
2/27/25 3:30,357,12.25,13.41,14.07,14.08,14.11,14.21,13.81,13.68,13.74,13.77,14,13.84,13.99,13.66,13.75,13.76,13.79,13.83,13.83,13.88,13.94,13.95
2/27/25 4:00,358,12.24,13.12,13.33,13.39,13.24,13.33,12.74,12.74,12.77,12.83,13.06,12.73,12.9,12.89,12.7,12.69,12.8,12.82,12.99,13.17,12.96,12.97
2/27/25 4:30,359,12.23,12.68,12.76,12.77,12.73,12.71,12.28,12.26,12.02,12.11,12.4,12.23,12.31,12.24,12.12,12.1,12.24,12.25,12.73,12.93,12.38,12.38
2/27/25 5:00,360,12.22,12.33,12.67,12.74,12.73,12.74,12.19,12.18,11.98,12.09,12.33,12.25,12.39,12.33,12.18,12.18,12.23,12.25,12.54,12.81,12.42,12.41
2/27/25 5:30,361,12.2,12.15,12.52,12.55,12.76,12.8,12.2,12.13,11.93,12.02,12.26,12.11,12.21,12.22,12,11.98,12.15,12.18,12.72,12.94,12.25,12.3
2/27/25 6:00,362,12.19,12.05,12.58,12.61,12.57,12.59,12,12.05,11.86,11.98,12.2,12.13,12.26,12.14,12.17,12.16,12.05,12.07,12.37,12.62,12.24,12.23
2/27/25 6:30,363,12.19,11.91,12.26,12.3,12.14,12.18,11.61,11.74,11.63,11.71,11.87,11.72,11.8,11.86,11.73,11.73,11.71,11.73,12.02,12.23,11.84,11.82
2/27/25 7:00,364,12.17,11.82,12.63,12.64,12.57,12.62,12.7,12.63,12.55,12.42,14.65,13.02,13.01,12.57,13.74,13.89,12.92,12.93,13.08,13.03,14.34,13.61
2/27/25 7:30,365,12.27,12.18,15.17,14.83,14.26,14.32,15,15.02,15.52,16.28,22.1,16.76,16.41,16.16,20.64,20.36,16.1,16.03,15.45,15.36,19.77,17.44
2/27/25 8:00,366,12.84,13.43,19.18,18.13,17.11,17.05,18.64,17.5,17.5,17.84,20.13,18.4,17.99,20.46,18.63,18.6,20.08,20.62,19.07,18.75,18.55,17.93
2/27/25 8:30,367,13.15,15.29,22.34,21.28,18.7,18.44,20.42,19.79,18.22,18.4,20.39,19.54,19.46,20.85,19.6,19.63,20.52,21.22,20.85,20.26,19.01,18.87
2/27/25 9:00,368,13.16,17.37,22.14,22.04,20.42,20.38,22.05,22.63,19.8,19.93,20.5,21.31,21.19,21.66,21.23,21.15,21.21,21.68,22.58,22.16,21.13,20.66
2/27/25 9:30,369,13.17,19.34,23.28,23.13,21.76,21.6,22.79,22.73,21.13,21.25,22.27,22.75,22.66,22.67,22.44,22.29,22.33,22.47,23.13,23.02,22.44,22.11
2/27/25 10:00,370,13.17,21.74,24.58,24.33,22.81,22.5,24.11,23.57,22.36,22.61,23.25,23.91,23.75,24.09,23.09,22.98,24.05,24.02,23.99,23.73,23.52,23.12
2/27/25 10:30,371,13.16,24.53,26.09,25.96,24.14,24.06,25.25,25.42,23.8,24,24.88,25.68,25.76,25.77,24.83,24.66,25.53,25.5,25.71,25.88,24.89,24.59
2/27/25 11:00,372,13.16,27.35,27.15,27.27,25.49,25.16,25.79,26.21,24.61,24.73,25.66,26.96,26.74,26.42,25.96,25.9,26.48,26.55,26.63,26.52,26.17,25.82
2/27/25 11:30,373,13.15,30.04,29.32,29.01,27.12,27.03,26.99,27.88,26.56,26.4,27.26,28.63,28.29,27.27,27.53,27.46,28.15,28.21,27.68,27.62,27.72,27.45
2/27/25 12:00,374,13.14,32.45,30.99,30.7,28.28,28.1,27.83,29.76,27.49,27.53,28.87,29.71,29.02,28.81,28.37,28.34,29.65,29.8,29.38,29.09,29.4,29.26
2/27/25 12:30,375,13.13,34.67,33.1,33.1,29,28.89,28.57,32.36,28.62,28.32,29.82,30.58,29.65,30.51,29.92,30.1,31.14,31.03,31.2,31.26,30.45,30.31
2/27/25 13:00,376,13.12,36.24,32.46,32.52,28.42,28.47,26.62,30.88,28.85,28.2,28.62,29.15,28.54,29.42,29.02,29.01,30.11,30.12,32.63,32.84,30.05,30.14
2/27/25 13:30,377,13.13,36.23,33.99,34.38,29.67,29.51,28.53,33.06,29.74,29.28,29.89,30.6,29.88,30.62,29.94,29.95,32.06,31.98,32.98,33.92,30.96,31.64
2/27/25 14:00,378,13.12,36.99,33.82,33.96,28.97,28.92,27.15,31.02,29.41,28.78,28.77,29.83,29.48,30,28.73,28.76,30.08,29.96,32.5,33.01,29.72,30.31
2/27/25 14:30,379,13.08,35.92,29.24,28.95,26.51,26.57,24.98,27.36,26.55,26.42,26.08,26.52,26.31,26.74,26.12,26.12,26.64,26.7,28.68,28.77,26.89,27.1
2/27/25 15:00,380,13.08,32.06,30.04,29.81,26.06,26.09,25.59,27.39,26.31,26.05,25.78,26.2,26.02,26.57,25.66,25.65,26.34,26.26,28.48,28.46,26.32,26.42
2/27/25 15:30,381,13.02,31.04,27.32,27.25,24.46,24.5,23.56,25.2,24.4,24.18,24.36,24.7,24.54,25.1,24.48,24.46,24.98,24.94,26.55,26.64,25.01,25.15
2/27/25 16:00,382,13.1,28.97,28.4,28.13,24.82,24.92,24.51,26.53,24.8,24.57,24.39,25.34,25.03,25.55,24.55,24.49,25.46,25.45,27.46,27.53,25.18,25.19
2/27/25 16:30,383,13.1,29.35,29.14,28.74,25.14,25.21,24.79,27.44,25.32,25.04,24.6,25.98,25.76,26.61,24.97,24.88,25.99,25.93,28.6,28.68,25.41,25.53
2/27/25 17:00,384,12.99,28.98,26.1,25.76,23.7,23.77,23,24.91,24.25,23.69,23.32,24.21,24.15,24.45,23.47,23.44,24.21,24.12,25.71,25.71,24.07,24.14
2/27/25 17:30,385,12.98,26.94,25.33,25.04,23.48,23.43,22.78,25.51,23.91,23.26,23.02,23.51,23.54,23.82,23.04,23.01,23.69,23.66,25.69,25.59,23.55,23.62
2/27/25 18:00,386,12.88,25.7,24.86,24.71,23.24,23.08,22.59,26.08,23.53,22.59,22.53,22.85,22.82,23.4,22.37,22.31,23.03,23.01,26.19,25.87,22.93,23.05
2/27/25 18:30,387,12.51,23.69,22.77,22.62,21.7,21.45,20.97,23.32,21.58,21.09,21.01,21.13,21.14,21.51,20.97,20.93,21.43,21.48,24.47,24.17,21.66,21.64
2/27/25 19:00,388,12.44,21.59,20.57,20.56,19.99,19.96,19.39,20.77,19.6,19.46,19.59,19.6,19.59,19.77,19.51,19.47,19.82,19.71,21.18,21.08,20.15,20.1
2/27/25 19:30,389,12.44,19.8,18.81,18.81,18.44,18.47,18,18.21,18.17,18.18,18.27,18.3,18.35,18.25,18.26,18.25,18.33,18.35,18.87,18.87,18.63,18.65
2/27/25 20:00,390,12.42,18.5,18.01,18.02,17.73,17.76,17.41,17.52,17.51,17.53,17.63,17.69,17.74,17.63,17.67,17.66,17.71,17.74,18.15,18.17,17.98,17.99
2/27/25 20:30,391,12.41,17.73,17.51,17.5,17.23,17.26,16.95,17.08,17.04,17.06,17.19,17.24,17.28,17.19,17.23,17.21,17.29,17.32,17.69,17.71,17.51,17.52
2/27/25 21:00,392,12.4,17.15,16.94,16.95,16.7,16.73,16.48,16.6,16.57,16.58,16.68,16.76,16.79,16.7,16.75,16.74,16.78,16.8,17.13,17.15,17,17
2/27/25 21:30,393,12.39,16.75,16.81,16.78,16.46,16.49,16.24,16.43,16.33,16.33,16.44,16.52,16.54,16.47,16.49,16.47,16.54,16.56,16.91,16.93,16.72,16.72
2/27/25 22:00,394,12.37,16.96,16.71,16.7,16.38,16.37,16.2,16.32,16.23,16.22,16.38,16.5,16.52,16.35,16.4,16.37,16.48,16.5,16.68,16.69,16.61,16.58
2/27/25 22:30,395,12.36,17.23,16.61,16.6,16.35,16.36,16.13,16.25,16.22,16.21,16.37,16.44,16.46,16.29,16.39,16.37,16.44,16.46,16.58,16.59,16.53,16.51
2/27/25 23:00,396,12.35,17.33,16.78,16.77,16.46,16.48,16.29,16.38,16.33,16.33,16.5,16.51,16.54,16.46,16.5,16.48,16.57,16.59,16.72,16.74,16.67,16.66
2/27/25 23:30,397,12.34,17.37,16.98,16.97,16.62,16.63,16.44,16.51,16.49,16.49,16.65,16.66,16.7,16.59,16.65,16.64,16.74,16.76,16.82,16.85,16.84,16.84
2/28/25 0:00,398,12.33,17.16,16.86,16.85,16.45,16.47,16.23,16.38,16.34,16.35,16.49,16.5,16.55,16.46,16.53,16.51,16.59,16.61,16.8,16.83,16.69,16.69
2/28/25 0:30,399,12.32,16.84,16.44,16.46,16.28,16.33,16.09,16.11,16.16,16.16,16.32,16.29,16.35,16.13,16.32,16.3,16.38,16.41,16.43,16.43,16.5,16.5
2/28/25 1:00,400,12.31,16.45,16.33,16.32,16.16,16.18,16.02,16.04,16.03,16.03,16.2,16.23,16.26,16.05,16.19,16.17,16.21,16.23,16.34,16.35,16.34,16.32
2/28/25 1:30,401,12.3,16.54,16.1,16.11,15.92,15.96,15.75,15.76,15.82,15.82,15.99,15.93,16,15.8,15.96,15.94,16.01,16.03,16.08,16.09,16.13,16.13
2/28/25 2:00,402,12.29,16.02,15.74,15.74,15.54,15.62,15.35,15.36,15.38,15.41,15.6,15.46,15.56,15.33,15.56,15.56,15.61,15.64,15.65,15.65,15.75,15.76
2/28/25 2:30,403,12.28,15.86,16.04,16.05,15.82,15.85,15.68,15.73,15.7,15.7,15.87,15.87,15.91,15.72,15.85,15.84,15.92,15.94,15.97,15.99,16.02,16.01
2/28/25 3:00,404,12.27,16.09,16.06,16.07,15.82,15.81,15.62,15.75,15.69,15.69,15.83,15.91,15.93,15.73,15.82,15.8,15.9,15.92,15.97,15.99,15.97,15.96
2/28/25 3:30,405,12.27,15.97,15.47,15.48,15.3,15.3,15.06,15.15,15.18,15.17,15.31,15.31,15.34,15.08,15.25,15.23,15.34,15.36,15.35,15.35,15.44,15.43
2/28/25 4:00,406,12.26,15.47,15.12,15.13,15.02,15.08,14.84,14.76,14.92,14.93,15.08,14.96,15.05,14.76,15.01,15.01,15.12,15.16,15.04,15.04,15.21,15.21
2/28/25 4:30,407,12.25,14.93,14.44,14.44,14.39,14.5,14.14,14.07,14.17,14.21,14.41,14.15,14.3,14,14.34,14.34,14.48,14.55,14.25,14.28,14.5,14.52
2/28/25 5:00,408,12.24,14.22,13.75,13.78,13.87,13.89,13.36,13.49,13.37,13.42,13.66,13.5,13.57,13.54,13.59,13.57,13.71,13.76,14.04,14.16,13.81,13.88
2/28/25 5:30,409,12.24,13.52,13.49,13.51,13.5,13.51,13.08,13.08,12.93,12.99,13.23,13.11,13.2,13.13,13.03,13.02,13.12,13.15,13.55,13.71,13.35,13.43
2/28/25 6:00,410,12.23,13.07,13,13.01,13.14,13.16,12.68,12.8,12.69,12.72,12.88,12.82,12.89,12.92,12.8,12.78,12.96,12.99,13.41,13.48,13.1,13.15
2/28/25 6:30,411,12.22,12.84,12.84,12.86,13.01,13.03,12.63,12.74,12.6,12.6,12.82,12.78,12.88,12.79,12.8,12.79,12.88,12.91,13.23,13.26,13.04,13.06
2/28/25 7:00,412,12.2,12.76,13.44,13.45,13.65,13.69,13.5,13.48,13.34,13.32,14.1,13.48,13.54,13.54,13.59,13.62,13.53,13.52,13.93,13.93,14.43,14.05
2/28/25 7:30,413,12.3,13.11,16.35,15.98,15.75,15.77,16.39,16.38,16.29,17.01,23.81,17.82,17.53,17.01,21.71,21.71,17.6,17.23,16.8,16.73,20.44,18.72
2/28/25 8:00,414,12.81,14.34,19.89,19.18,18,17.97,18.99,19.26,18.42,18.67,19.95,19.33,19.03,21.33,19.13,19.12,20.34,20.65,19.67,19.45,19.2,18.85
2/28/25 8:30,415,13.15,16.15,22.47,21.56,19.83,19.52,21.61,21.16,19.36,19.51,21.72,20.59,20.55,22.25,20.91,20.89,21.67,22.1,21.99,21.66,20.15,20.13
2/28/25 9:00,416,13.16,18.17,22.84,22.73,21.36,21.23,22.88,22.81,20.82,20.9,21.76,22.26,21.98,23.02,22.73,22.5,22.43,22.69,23.2,22.52,22.14,21.63
2/28/25 9:30,417,13.16,20.5,23.65,23.16,22.83,22.72,25.29,22.18,22,22.32,23.85,23.48,23.13,24.03,25.03,24.68,23.8,23.87,24.11,23.17,23.85,23.26
2/28/25 10:00,418,13.15,23.12,25.3,24.76,23.73,23.57,26.14,24.11,23.57,23.95,26.64,25.02,24.54,25.71,25.81,25.55,24.12,24.13,25.39,25.03,24.98,24.51
2/28/25 10:30,419,13.15,25.94,27.28,26.89,25.28,24.99,26.5,25.08,24.68,24.89,26.36,26.5,26.3,27.25,25.7,25.56,26.33,26.69,26.8,26.31,25.83,25.63
2/28/25 11:00,420,13.15,28.8,27.92,27.85,26.4,26.11,26.7,26.81,26.04,26.26,28.18,28.52,28,27.62,27.91,27.76,27.45,27.58,27.92,27.41,27.54,26.86
2/28/25 11:30,421,13.14,31.35,29.85,29.66,27.66,27.46,27.72,29.39,27.46,27.25,28.78,29.53,28.86,28.25,28.31,28.21,28.33,28.47,28.46,28.53,28.53,28.24
2/28/25 12:00,422,13.13,33.59,31.18,30.78,28.26,28.02,28.71,29.18,28.47,28.57,30.01,31,30.08,29.68,28.91,28.82,29.92,30.2,30.14,29.54,29.91,29.76
2/28/25 12:30,423,13.12,35.9,31.44,30.86,29.51,29.21,29.28,29.58,29.31,29.37,31.01,31.06,30.14,30.07,29.72,29.75,31.02,30.93,30.92,30.52,30.41,30.29
2/28/25 13:00,424,13.13,37.11,33.5,33.35,30.62,30.23,30.35,31.18,29.83,29.96,30.46,32.03,30.88,32.1,30.45,30.39,32.18,32.31,32.08,31.58,31.31,31.41
2/28/25 13:30,425,13.06,37.45,31,30.99,29.03,28.93,28.07,29.81,28.58,28.55,29.21,29.86,29.43,29.69,28.88,28.84,29.67,29.57,30.48,30.49,29.69,29.77
2/28/25 14:00,426,13.12,34.41,29.12,28.87,26.08,26.22,25.25,27.81,26.88,26.37,26.58,26.85,26.47,27.13,26.61,26.57,27.19,27.24,28.99,29.25,27.12,27.37
2/28/25 14:30,427,13.18,33.45,32.34,32,27.79,27.8,26.23,30.42,28,27.34,27.92,28.74,28.06,28.7,27.62,27.64,28.93,28.95,31.01,31.41,28.1,28.33
2/28/25 15:00,428,13.01,33.89,29,28.88,26.12,26.17,25.34,27.44,26.15,25.8,26.04,26.68,26.46,26.87,26.38,26.36,26.9,26.82,28.91,29.09,26.97,27.17
2/28/25 15:30,429,13.09,32.41,30.04,29.87,26.79,26.88,26.31,28.81,27.19,26.73,26.76,27.64,27.26,27.88,27.1,27.09,28.01,27.96,30.24,30.41,27.69,27.87
2/28/25 16:00,430,13.02,31.15,29.47,29.35,26.21,26.24,25.65,27.47,25.94,25.65,25.84,26.2,25.91,26.69,25.77,25.7,26.49,26.43,28.48,28.57,26.52,26.58
2/28/25 16:30,431,13.11,31.01,30.05,29.68,26.54,26.6,26.69,30.06,27.05,26.59,26.64,27.83,27.45,28.6,27.07,26.95,28.14,27.99,30.73,30.86,27.9,28.04
2/28/25 17:00,432,12.99,31.15,29.29,28.75,25.75,25.83,25.61,27.62,27,25.98,25.57,26.65,26.64,27.39,25.86,25.78,26.91,26.73,28.93,28.91,26.39,26.53
2/28/25 17:30,433,12.94,29.52,28.35,28.14,26.2,26.05,25.48,29.59,26.88,25.69,25.35,26.29,26.36,27.13,25.42,25.36,26.47,26.21,29.54,29.74,26.09,26.27
2/28/25 18:00,434,12.82,27.57,26.33,26.25,24.62,24.48,24.16,26.8,24.89,24.19,24.17,24.45,24.43,24.99,24.06,24.03,24.6,24.58,27.53,27.59,24.66,24.74
2/28/25 18:30,435,12.59,25.46,23.45,23.39,22.2,22.23,21.75,22.32,22.15,22.07,22.05,22.18,22.17,22.34,22.13,22.1,22.31,22.35,23.22,23.25,22.45,22.51
2/28/25 19:00,436,12.46,23.61,21.87,21.85,21,21.03,20.64,21,20.94,20.91,20.94,21.01,21.04,21.04,20.91,20.88,21.02,21.04,21.66,21.69,21.23,21.26
2/28/25 19:30,437,12.43,22.06,20.21,20.21,19.83,19.86,19.48,19.69,19.72,19.72,19.74,19.82,19.85,19.83,19.81,19.79,19.88,19.91,20.4,20.42,20.15,20.18
2/28/25 20:00,438,12.43,20.6,19.41,19.42,18.95,18.97,18.63,18.85,18.85,18.85,18.87,18.96,19,18.99,18.93,18.91,18.99,19.01,19.45,19.47,19.22,19.22
2/28/25 20:30,439,12.42,19.91,18.79,18.76,18.41,18.43,18.12,18.33,18.3,18.29,18.35,18.42,18.45,18.43,18.4,18.39,18.47,18.5,18.94,18.94,18.7,18.71
2/28/25 21:00,440,12.4,19.36,18.25,18.26,17.68,17.69,17.42,17.63,17.61,17.58,17.64,17.68,17.7,17.75,17.7,17.67,17.75,17.76,18.23,18.23,17.92,17.91
2/28/25 21:30,441,12.38,18.89,17.31,17.27,16.68,16.7,16.36,16.68,16.67,16.62,16.68,16.69,16.71,16.76,16.67,16.65,16.75,16.76,17.29,17.3,16.95,16.94
2/28/25 22:00,442,12.36,18.33,16.87,16.84,16.43,16.45,16.13,16.4,16.39,16.4,16.38,16.45,16.49,16.52,16.47,16.46,16.52,16.54,16.99,17.02,16.72,16.74
2/28/25 22:30,443,12.35,17.8,16.71,16.7,16.34,16.36,16.08,16.33,16.31,16.31,16.31,16.41,16.44,16.45,16.43,16.41,16.47,16.49,16.89,16.9,16.66,16.67
2/28/25 23:00,444,12.35,17.44,16.61,16.6,16.24,16.26,16.02,16.18,16.17,16.18,16.21,16.28,16.31,16.31,16.29,16.28,16.33,16.34,16.68,16.69,16.51,16.51
2/28/25 23:30,445,12.34,17.04,16.36,16.35,16.01,16.02,15.79,15.95,15.93,15.94,15.96,16.06,16.09,16.08,16.08,16.06,16.12,16.14,16.46,16.47,16.28,16.28
3/1/25 0:00,446,12.33,16.63,16.18,16.17,15.98,16,15.77,15.87,15.84,15.85,15.92,15.99,16.02,15.97,16,16,16.05,16.07,16.35,16.36,16.21,16.23
3/1/25 0:30,447,12.32,16.18,16.17,16.15,15.91,15.93,15.75,15.89,15.81,15.82,15.89,15.99,16.02,15.98,15.99,15.98,16.03,16.04,16.31,16.33,16.17,16.17
3/1/25 1:00,448,12.31,16.3,16.22,16.21,15.99,16,15.8,15.94,15.87,15.89,15.97,16.04,16.07,16.06,16.06,16.05,16.1,16.12,16.36,16.38,16.24,16.25
3/1/25 1:30,449,12.3,16.35,16.17,16.17,15.97,15.99,15.79,15.88,15.85,15.87,15.94,16.02,16.05,16,16.03,16.02,16.07,16.09,16.33,16.35,16.22,16.24
3/1/25 2:00,450,12.29,16.02,15.96,15.96,15.82,15.83,15.65,15.73,15.67,15.69,15.78,15.84,15.87,15.79,15.84,15.83,15.87,15.89,16.11,16.13,16.02,16.04
3/1/25 2:30,451,12.28,15.61,15.6,15.61,15.52,15.54,15.34,15.39,15.36,15.38,15.47,15.54,15.57,15.47,15.53,15.53,15.56,15.58,15.78,15.8,15.72,15.73
3/1/25 3:00,452,12.27,15.19,15.27,15.29,15.17,15.19,15.03,15.06,15.04,15.06,15.14,15.21,15.24,15.13,15.19,15.18,15.21,15.23,15.42,15.43,15.38,15.39
3/1/25 3:30,453,12.26,14.82,14.99,15.01,14.93,14.95,14.81,14.77,14.78,14.81,14.91,14.99,15.03,14.88,14.96,14.97,14.98,15.01,15.15,15.17,15.14,15.15
3/1/25 4:00,454,12.24,14.43,14.69,14.73,14.67,14.74,14.5,14.52,14.66,14.68,14.78,14.79,14.87,14.61,14.78,14.79,14.83,14.87,14.91,14.94,15.01,15.02
3/1/25 4:30,455,12.24,14.06,14.74,14.75,14.65,14.72,14.44,14.57,14.58,14.6,14.74,14.75,14.84,14.59,14.68,14.68,14.71,14.74,14.79,14.84,14.89,14.91
3/1/25 5:00,456,12.23,14.39,15.04,15.04,14.81,14.82,14.7,14.88,14.71,14.71,14.88,14.94,14.97,14.85,14.91,14.89,14.96,14.98,15.13,15.16,15.04,15.03
3/1/25 5:30,457,12.22,14.88,14.99,14.99,14.79,14.81,14.65,14.77,14.68,14.69,14.81,14.89,14.93,14.8,14.88,14.87,14.94,14.95,15.09,15.12,15.02,15.03
3/1/25 6:00,458,12.21,14.77,14.85,14.86,14.71,14.75,14.57,14.7,14.64,14.65,14.77,14.8,14.85,14.69,14.82,14.81,14.85,14.88,14.98,15.01,14.95,14.96
3/1/25 6:30,459,12.21,14.52,14.72,14.73,14.6,14.64,14.43,14.66,14.51,14.52,14.67,14.69,14.74,14.59,14.72,14.71,14.75,14.79,14.91,14.95,14.85,14.86
3/1/25 7:00,460,12.19,14.46,14.75,14.76,14.53,14.55,14.41,14.69,14.51,14.52,14.69,14.7,14.73,14.63,14.74,14.72,14.81,14.82,14.97,14.98,14.87,14.86
3/1/25 7:30,461,12.18,14.89,15.28,15.27,15.08,15.04,15.12,14.98,15.02,15.05,15.18,15.39,15.35,15.17,15.22,15.19,15.36,15.36,15.4,15.37,15.33,15.29
3/1/25 8:00,462,12.7,15.61,16.73,16.53,15.75,15.79,16.04,16.9,16.25,16.21,18.65,16.51,16.43,16.76,17.12,17.06,16.67,16.41,17.5,17.39,16.88,16.7
3/1/25 8:30,463,13.04,16.47,18.75,18.4,17.08,17.13,17.76,18.8,17.38,17.35,19.65,17.79,17.75,17.99,18.32,18.17,17.83,17.8,19.45,19.44,17.86,17.71
3/1/25 9:00,464,13,17.05,18.36,18.14,17.18,17.25,17.53,18.62,17.4,17.31,18.35,17.79,17.7,17.75,18.21,18.09,17.79,17.77,19.2,19.11,18.26,17.96
3/1/25 9:30,465,13.16,18.35,20.9,20.76,18.68,18.82,18.91,21.12,19.31,19.05,20.42,19.52,19.33,19.68,20.24,19.99,19.53,19.39,22.08,21.96,20.53,19.99
3/1/25 10:00,466,13.16,20.72,22.78,22.62,19.08,19.24,19.1,21.68,19.58,19.37,20.89,19.81,19.77,20.6,20.79,20.63,20.41,20.2,23.08,23.01,21.51,21.02
3/1/25 10:30,467,13.16,21.8,23.75,23.66,18.9,18.96,18.82,21.22,19.31,18.85,20.25,18.81,18.96,20.22,19.68,19.54,19.59,19.55,22.58,22.6,20.1,19.81
3/1/25 11:00,468,13.22,22.8,23.57,23.49,20.23,20.26,20.08,22.56,20.71,20.43,21.58,21.44,21.37,21.75,22.22,22.04,21.67,21.56,24.66,24.83,22.71,22.36
3/1/25 11:30,469,13.2,25.28,24.54,24.47,20.8,20.88,20.33,23.16,21.08,20.61,21.39,21.2,21.1,22.04,22.33,22.24,22.13,22.19,24.64,24.82,22.99,22.92
3/1/25 12:00,470,13.16,25.93,26.22,25.96,22.13,22.23,22.28,25.95,22.52,22.05,23.7,23.43,22.9,24.01,23.85,23.68,24.11,24.23,25.92,26.36,24.33,24.08
3/1/25 12:30,471,13.15,27.51,24.8,24.77,22.98,22.78,22.57,24.77,22.17,21.99,23.01,23.65,23.24,23.62,23.17,23.09,23.56,23.78,24.57,25.08,23.47,23.42
3/1/25 13:00,472,13.15,27.21,25.18,25.41,22.74,22.6,22.31,25.77,23,22.6,23.26,23.74,23.26,23.55,23.42,23.42,23.91,23.89,25.79,26.17,24.14,24.22
3/1/25 13:30,473,13.12,28.46,27.06,27.14,23.24,23.24,22.34,25.86,23.93,22.98,23.6,24.29,23.67,24.44,23.53,23.57,24.35,24.34,26.64,27.25,24.4,24.6
3/1/25 14:00,474,13.13,30.23,29.21,29.17,24.46,24.37,23.41,27.38,25.05,24.47,25.16,25.71,25.2,25.97,24.38,24.31,25.97,25.95,28.11,28.52,25.21,25.83
3/1/25 14:30,475,13.15,32.34,30.09,29.97,24.9,24.83,23.75,27.36,25.14,24.53,25.29,26.37,25.82,26.09,25.15,25.18,26.2,26.07,28.81,29.14,25.93,26.31
3/1/25 15:00,476,13.15,32.93,29.32,28.9,24.67,24.82,23.66,26.92,24.99,24.32,24.48,25.91,25.55,25.84,24.43,24.45,25.78,25.61,28.8,28.87,25.51,25.84
3/1/25 15:30,477,13.14,31.63,25.42,25.36,22.08,22.09,20.76,24.24,22.64,22.27,22.06,22.44,22.33,23.06,22.21,22.14,23.21,23.2,26.2,26.31,23.41,23.57
3/1/25 16:00,478,13.07,27.59,21.5,21.31,19.55,19.62,18.22,19.91,19.31,19.15,19.39,18.86,18.92,19.64,19.35,19.27,19.67,19.65,21.15,21.48,19.97,20.15
3/1/25 16:30,479,13.08,23.14,19.31,19.22,18,18.08,17.25,18.36,17.95,17.81,18.05,17.8,17.97,18.28,17.94,17.91,18.17,18.21,19.06,19.37,18.03,18.44
3/1/25 17:00,480,13.08,21.21,21.62,21.46,18.78,18.78,18.6,19.82,19.52,18.57,18.54,19.2,19.05,19.52,18.49,18.39,19.16,19.02,20.78,20.77,18.59,18.88
3/1/25 17:30,481,13.03,20.78,20,19.84,18.33,18.35,17.73,19.68,18.59,18.15,18.21,18.59,18.65,18.92,18.31,18.26,18.78,18.71,20.39,20.39,18.71,18.7
3/1/25 18:00,482,12.63,19.65,17.71,17.62,16.86,16.9,16.19,16.57,16.69,16.53,16.8,16.37,16.67,16.93,16.75,16.72,16.91,16.87,17.72,17.73,17,17.18
3/1/25 18:30,483,12.46,18.33,17.07,17.03,16.34,16.36,16.03,16.01,16.24,16.2,16.33,16.13,16.27,16.35,16.35,16.32,16.44,16.46,16.9,16.95,16.26,16.58
3/1/25 19:00,484,12.38,17.26,16.16,16.17,15.72,15.77,15.44,15.4,15.54,15.55,15.71,15.39,15.62,15.66,15.69,15.66,15.75,15.76,16.02,16.02,15.81,15.95
3/1/25 19:30,485,12.37,16.7,16.1,16.08,15.66,15.66,15.47,15.47,15.56,15.54,15.69,15.47,15.64,15.69,15.7,15.66,15.76,15.79,16,16.01,15.83,15.9
3/1/25 20:00,486,12.37,16.44,15.8,15.79,15.49,15.52,15.31,15.3,15.39,15.38,15.48,15.43,15.5,15.45,15.47,15.46,15.52,15.57,15.69,15.7,15.63,15.68
3/1/25 20:30,487,12.36,15.96,15.52,15.52,15.34,15.35,15.17,15.2,15.25,15.25,15.33,15.33,15.35,15.24,15.31,15.3,15.36,15.38,15.4,15.4,15.47,15.48
3/1/25 21:00,488,12.32,15.66,15.55,15.54,15.34,15.36,15.19,15.27,15.25,15.25,15.34,15.32,15.34,15.25,15.3,15.27,15.33,15.35,15.41,15.41,15.45,15.43
3/1/25 21:30,489,12.34,15.59,15.4,15.41,15.21,15.22,15.06,15.12,15.13,15.14,15.2,15.24,15.25,15.13,15.2,15.18,15.22,15.24,15.26,15.26,15.34,15.34
3/1/25 22:00,490,12.34,15.11,15.05,15.05,14.9,14.91,14.76,14.8,14.82,14.82,14.89,14.93,14.95,14.8,14.89,14.88,14.92,14.94,14.99,14.99,15.03,15.03
3/1/25 22:30,491,12.32,14.99,15.09,15.08,14.83,14.84,14.72,14.82,14.78,14.77,14.85,14.9,14.91,14.8,14.87,14.84,14.91,14.93,15.02,15.03,14.99,14.98
3/1/25 23:00,492,12.31,15.2,15.1,15.07,14.82,14.82,14.7,14.8,14.75,14.75,14.85,14.88,14.91,14.8,14.85,14.82,14.91,14.93,15.04,15.05,15,14.99
3/1/25 23:30,493,12.29,15.36,15.14,15.14,14.95,14.97,14.81,14.87,14.86,14.87,14.95,14.99,15.01,14.88,14.97,14.96,15.01,15.04,15.12,15.13,15.1,15.09
3/2/25 0:00,494,12.28,15.5,15.35,15.33,15.16,15.18,15.03,15.08,15.08,15.09,15.16,15.2,15.22,15.09,15.19,15.17,15.23,15.25,15.33,15.34,15.3,15.3
3/2/25 0:30,495,12.27,15.59,15.44,15.42,15.29,15.3,15.16,15.2,15.2,15.2,15.28,15.33,15.35,15.21,15.31,15.3,15.35,15.37,15.44,15.45,15.42,15.42
3/2/25 1:00,496,12.26,15.73,15.53,15.51,15.41,15.42,15.28,15.32,15.32,15.32,15.42,15.46,15.48,15.33,15.44,15.42,15.46,15.48,15.55,15.56,15.54,15.53
3/2/25 1:30,497,12.26,15.68,15.38,15.37,15.25,15.26,15.12,15.16,15.17,15.17,15.24,15.3,15.32,15.17,15.28,15.26,15.31,15.33,15.39,15.4,15.38,15.37
3/2/25 2:00,498,12.25,15.63,15.09,15.08,14.95,14.94,14.8,14.9,14.86,14.86,14.93,15.01,15.03,14.86,14.96,14.94,15,15.02,15.08,15.09,15.05,15.04
3/2/25 2:30,499,12.23,15.57,14.92,14.91,14.77,14.78,14.62,14.68,14.71,14.71,14.78,14.83,14.86,14.68,14.81,14.8,14.84,14.86,14.92,14.93,14.9,14.89
3/2/25 3:00,500,12.23,15.37,14.98,14.98,14.81,14.82,14.68,14.74,14.73,14.74,14.82,14.88,14.91,14.72,14.85,14.83,14.88,14.9,14.95,14.96,14.93,14.93
3/2/25 3:30,501,12.21,15.34,15.08,15.08,14.94,14.95,14.81,14.85,14.85,14.86,14.95,15.01,15.04,14.85,14.99,14.97,15,15.02,15.06,15.07,15.05,15.05
3/2/25 4:00,502,12.2,15.54,15.31,15.3,15.18,15.19,15.04,15.1,15.08,15.08,15.16,15.24,15.26,15.08,15.19,15.19,15.23,15.25,15.27,15.29,15.27,15.27
3/2/25 4:30,503,12.2,15.56,15.25,15.25,15.1,15.11,14.95,15.03,15.02,15.02,15.08,15.15,15.18,15.02,15.13,15.12,15.16,15.18,15.21,15.21,15.2,15.2
3/2/25 5:00,504,12.17,15.55,15,14.99,14.86,14.85,14.69,14.81,14.77,14.77,14.84,14.92,14.94,14.79,14.86,14.84,14.92,14.93,14.96,14.97,14.94,14.94
3/2/25 5:30,505,12.18,15.45,14.87,14.85,14.73,14.72,14.56,14.66,14.64,14.64,14.7,14.79,14.8,14.65,14.73,14.71,14.78,14.8,14.83,14.84,14.81,14.81
3/2/25 6:00,506,12.15,15.44,15.05,15.04,14.9,14.91,14.76,14.82,14.83,14.83,14.89,14.96,14.98,14.83,14.92,14.91,14.96,14.97,15,15,14.99,14.99
3/2/25 6:30,507,12.12,15.7,15.27,15.25,15.12,15.11,14.96,15.07,15.03,15.03,15.1,15.18,15.19,15.07,15.12,15.11,15.17,15.18,15.2,15.21,15.2,15.19
3/2/25 7:00,508,12.11,15.85,15.3,15.28,15.19,15.17,15.01,15.17,15.09,15.1,15.12,15.24,15.24,15.13,15.11,15.12,15.21,15.23,15.22,15.25,15.2,15.23
3/2/25 7:30,509,12.1,15.83,15.22,15.22,15.18,15.14,15.01,15.14,15.04,15.05,15.03,15.2,15.19,15.08,15.01,14.98,15.13,15.17,15.1,15.11,15.16,15.16
3/2/25 8:00,510,12.11,15.75,15.45,15.47,15.34,15.33,15.25,15.33,15.26,15.27,15.26,15.46,15.44,15.3,15.22,15.27,15.37,15.41,15.28,15.3,15.4,15.39
3/2/25 8:30,511,12.16,15.99,16.18,16.22,16.01,15.99,15.95,16.19,15.88,15.89,15.95,16.26,16.24,16.08,15.97,15.98,16.08,16.13,16.05,16.1,16.06,16.04
3/2/25 9:00,512,12.22,16.44,16.7,16.73,16.53,16.49,16.42,16.74,16.34,16.34,16.43,16.82,16.76,16.62,16.47,16.48,16.62,16.67,16.49,16.64,16.53,16.5
3/2/25 9:30,513,12.48,17,17.65,17.72,17.36,17.29,17.27,17.66,17.14,17.17,17.27,17.72,17.69,17.61,17.3,17.33,17.52,17.6,17.42,17.47,17.38,17.36
3/2/25 10:00,514,12.74,17.64,18.42,18.52,18.21,18.12,18.12,18.71,17.82,17.84,18,18.69,18.62,18.43,18.15,18.11,18.31,18.42,18.3,18.45,18.09,18.06
3/2/25 10:30,515,12.9,18.75,19.78,19.88,19.34,19.25,19.37,20.27,18.79,18.84,19.12,20.08,19.96,19.63,19.19,19.14,19.4,19.53,19.47,19.76,19.15,19.11
3/2/25 11:00,516,13.12,20.65,21.89,22.12,21.2,21.06,21.15,22.64,20.53,20.59,20.78,22.18,22.01,22.06,21.21,21.18,21.51,21.73,21.46,21.79,21.06,20.98
3/2/25 11:30,517,13.16,23.13,23.92,24.16,22.78,22.62,22.81,24.95,22.41,22.32,23.02,24.09,23.86,23.74,23.11,23.02,23.47,23.71,23.14,23.38,23.08,23
3/2/25 12:00,518,13.14,25.96,24.96,25.05,23.9,23.84,23.48,25.81,23.38,23.33,24.07,25.18,24.86,24.62,24.18,24.03,24.54,24.87,24.47,24.71,24.38,24.46
3/2/25 12:30,519,13.14,28.66,28.76,28.69,26.7,26.29,25.98,29.26,26.03,25.88,26.71,28.39,27.82,27.39,27.08,27.1,27.47,28.07,27.26,27.6,27.1,27.08
3/2/25 13:00,520,13.12,31.49,29.58,30.13,27.9,27.55,26.36,29.6,26.71,26.62,27.24,29.13,28.47,28.47,27.22,27.27,27.88,28.63,27.65,28.06,27.49,27.64
3/2/25 13:30,521,13.13,33.43,31.74,32.91,29.76,29.36,28.13,31.03,28.53,28.33,28.79,31.09,30.51,30.64,28.45,28.58,30.3,30.9,29.6,30.39,28.93,29.41
3/2/25 14:00,522,13.12,35.47,33.06,33.62,30.28,29.98,29.06,30.99,28.95,29.08,29.54,31.73,31.26,31.51,29.35,29.38,31.15,31.49,30.2,30.55,29.68,30.07
3/2/25 14:30,523,13.08,35.25,30.98,30.95,28.91,28.73,27.86,29.99,27.95,27.85,28.59,29.63,29.14,29.66,28.2,28.14,29.42,29.64,29.83,30.29,28.79,29.02
3/2/25 15:00,524,13.11,33.9,32.68,32.51,29.06,29.04,29.44,31.48,28.94,28.29,29.02,30.48,29.89,30.55,28.82,28.78,30.15,30.19,31.54,32.35,29.13,29.31
3/2/25 15:30,525,13.12,34.52,34.69,34.43,29.9,30.08,29.95,32.89,29.66,29.03,29.39,31.47,30.71,31.82,29.84,29.79,31.66,31.8,33.54,34.07,30.36,30.53
3/2/25 16:00,526,13.09,35.16,33.13,32.81,29.35,29.47,29.24,31.83,29.04,28.73,28.78,30.65,29.95,31.07,29.3,29.23,30.59,30.61,32.46,32.57,29.55,29.65
3/2/25 16:30,527,13.07,34.12,33.77,33.41,29.34,29.31,29.7,31.39,29.12,28.8,28.83,30.48,29.83,31.45,29.18,29.06,30.5,30.45,32.31,32.55,29.67,29.76
3/2/25 17:00,528,12.99,33.23,33.58,33.19,29.37,29.41,29.54,30.51,29.75,28.47,28.38,29.68,29.37,31.23,28.47,28.32,29.92,29.94,31.32,31.65,28.9,29.02
3/2/25 17:30,529,12.7,31.52,31.22,31.47,28.32,27.98,27.71,30.55,28.74,27.51,27.18,28.05,28.06,29.31,27.29,27.21,28.17,27.97,31.48,31.71,27.77,27.94
3/2/25 18:00,530,12.64,29.07,28.93,28.88,26.6,26.45,25.98,28.34,26.7,26.05,25.93,26.21,26.2,27.05,25.96,25.92,26.48,26.51,29.28,29.4,26.26,26.31
3/2/25 18:30,531,12.53,27.08,27.82,27.62,25.65,25.2,25.03,26.89,25.43,24.89,24.8,25,24.97,25.89,24.75,24.71,25.4,25.45,28.79,28.81,25.04,25.1
3/2/25 19:00,532,12.41,25.35,24.63,24.58,23.6,23.46,23.14,24.2,23.17,23.1,23.19,23.26,23.24,23.58,23.18,23.15,23.55,23.43,24.79,24.69,23.52,23.52
3/2/25 19:30,533,12.38,23.38,22.17,22.15,21.74,21.77,21.39,21.5,21.55,21.58,21.63,21.67,21.7,21.65,21.64,21.62,21.67,21.69,22.03,22.05,21.9,21.93
3/2/25 20:00,534,12.38,21.86,21.01,21.01,20.76,20.79,20.46,20.51,20.57,20.61,20.7,20.75,20.79,20.68,20.74,20.73,20.76,20.8,21.01,21.03,20.98,21
3/2/25 20:30,535,12.35,20.58,20.16,20.19,19.92,19.95,19.68,19.73,19.75,19.78,19.88,19.94,19.99,19.88,19.93,19.92,19.96,20,20.17,20.19,20.17,20.19
3/2/25 21:00,536,12.33,19.79,19.58,19.62,19.35,19.37,19.13,19.18,19.18,19.22,19.32,19.4,19.45,19.34,19.39,19.38,19.41,19.44,19.62,19.64,19.61,19.61
3/2/25 21:30,537,12.34,19.03,19.09,19.12,18.94,18.96,18.76,18.77,18.75,18.8,18.92,19,19.04,18.93,19.02,19.02,19.05,19.09,19.2,19.22,19.21,19.22
3/2/25 22:00,538,12.32,18.49,19.15,19.18,19.05,19.07,18.92,18.91,18.89,18.95,19.09,19.19,19.24,19.08,19.27,19.26,19.31,19.34,19.34,19.37,19.44,19.46
3/2/25 22:30,539,12.31,18.3,19.41,19.45,19.53,19.58,19.44,19.35,19.33,19.39,19.55,19.62,19.69,19.41,19.58,19.58,19.57,19.61,19.56,19.57,19.73,19.74
3/2/25 23:00,540,12.3,18.13,18.76,18.79,18.78,18.82,18.6,18.56,18.6,18.63,18.8,18.75,18.82,18.56,18.74,18.73,18.76,18.81,18.77,18.78,18.9,18.92
3/2/25 23:30,541,12.28,17.67,17.64,17.67,17.66,17.71,17.31,17.38,17.3,17.35,17.57,17.47,17.58,17.37,17.59,17.58,17.67,17.72,17.72,17.77,17.71,17.73
3/3/25 0:00,542,12.28,16.95,17.09,17.12,17.29,17.31,16.85,16.76,16.57,16.6,16.86,16.72,16.82,16.84,16.79,16.77,16.99,17.03,17.29,17.36,16.99,17.06
3/3/25 0:30,543,12.26,16.55,17.01,17.03,17.37,17.4,16.9,16.75,16.55,16.61,16.86,16.76,16.85,16.87,16.82,16.82,16.96,16.99,17.16,17.23,16.92,17
3/3/25 1:00,544,12.26,16.06,16.27,16.3,16.4,16.43,15.86,15.9,15.66,15.74,16.03,15.91,15.97,16,15.98,15.97,15.99,16,16.21,16.39,16.05,16.06
3/3/25 1:30,545,12.24,15.67,15.92,15.94,16.14,16.15,15.79,15.79,15.58,15.59,15.81,15.84,15.94,15.83,15.85,15.84,15.97,16.01,16.29,16.32,16.04,16.08
3/3/25 2:00,546,12.24,15.47,15.87,15.89,15.92,15.93,15.61,15.72,15.62,15.59,15.74,15.71,15.82,15.78,15.81,15.79,15.92,15.95,16.23,16.25,15.99,16
3/3/25 2:30,547,12.23,15.3,16.23,16.25,16.72,16.72,16.43,15.99,15.92,15.97,16.09,16.3,16.37,16.31,16.27,16.27,16.23,16.25,16.56,16.61,16.21,16.26
3/3/25 3:00,548,12.22,15.32,16.29,16.33,16.95,17.12,16.62,16.44,16.23,16.36,16.46,16.9,17.11,16.41,16.98,17.01,16.53,16.57,16.54,16.61,16.56,16.62
3/3/25 3:30,549,12.21,15.36,16.74,16.79,17.29,17.42,17.04,16.81,16.83,16.94,17,17.12,17.27,16.76,17.2,17.23,17.12,17.15,16.88,16.89,17.1,17.12
3/3/25 4:00,550,12.2,15.64,17.17,17.21,17.39,17.54,17.22,17.07,17.32,17.36,17.38,17.32,17.46,17.15,17.48,17.49,17.5,17.51,17.4,17.36,17.51,17.51
3/3/25 4:30,551,12.2,15.8,16.78,16.84,17.07,17.18,16.88,16.74,16.86,16.89,16.97,17,17.13,16.72,17.08,17.13,17.08,17.13,16.82,16.82,17.04,17.03
3/3/25 5:00,552,12.19,15.61,16.46,16.51,16.71,16.85,16.47,16.36,16.5,16.56,16.64,16.6,16.77,16.33,16.71,16.75,16.73,16.77,16.48,16.47,16.71,16.7
3/3/25 5:30,553,12.19,15.45,16.17,16.23,16.58,16.67,16.38,16.18,16.28,16.32,16.36,16.47,16.62,16.14,16.5,16.53,16.41,16.46,16.15,16.18,16.39,16.39
3/3/25 6:00,554,12.18,15.28,16.06,16.11,16.49,16.58,16.28,16.09,16.14,16.19,16.28,16.33,16.47,16.02,16.43,16.46,16.35,16.38,16.06,16.08,16.31,16.3
3/3/25 6:30,555,12.17,15.19,15.76,15.82,16.31,16.4,16.04,16,15.99,16.06,16.1,16.23,16.37,15.85,16.19,16.21,16.12,16.17,15.8,15.86,16.16,16.17
3/3/25 7:00,556,12.16,15.02,15.92,15.97,16.43,16.49,16.61,16.35,16.2,16.28,18.08,16.8,16.87,16.21,16.96,17.01,16.61,16.48,16.65,16.51,17.54,17.06
3/3/25 7:30,557,12.25,15.2,17.98,17.99,17.85,17.89,18.43,18.47,18.09,18.74,27.38,20.04,19.92,18.41,24.82,25.25,19.48,18.98,18.5,18.59,21.98,20.48
3/3/25 8:00,558,12.87,16.16,21.74,21.96,20.25,20.29,21.26,21.99,20.79,20.94,27.92,22.82,22.5,22.79,27.14,27.54,22.42,22.08,21.93,21.87,22.29,21.92
3/3/25 8:30,559,13.13,17.97,25.06,25.07,22.63,22.54,25.24,23.24,22.44,22.6,25.17,23.19,23.26,25.32,24.67,24.55,25.53,25.58,25.04,24.18,22.94,22.81
3/3/25 9:00,560,13.16,20.08,25.83,26.25,24.47,24.31,27.08,25.47,24.05,24.25,24.8,25.5,25.33,26.34,26.01,25.84,26.1,26.25,26.73,25.76,25.4,24.87
3/3/25 9:30,561,13.16,22.12,27.04,27.49,26.12,25.61,28.55,26.16,25.59,25.7,27.26,27.09,26.7,27.71,28.02,27.5,27.37,27.27,27.55,26.76,27.15,26.5
3/3/25 10:00,562,13.15,24.7,28.41,28.59,26.96,26.72,29.23,26.98,26.45,26.74,28.27,28.04,27.75,28.93,28.58,28.16,28.62,28.52,28.62,27.68,28.16,27.71
3/3/25 10:30,563,13.14,27.99,30.19,30.28,28.52,28.13,30.03,28.18,28,28.15,29.56,29.76,29.47,30.55,29.5,29.35,29.86,29.87,30.1,29.49,29.42,29.28
3/3/25 11:00,564,13.21,31.26,31.55,31.64,30.05,29.87,30.77,30.41,29.87,29.95,31.2,31.77,31.05,31.12,31.39,30.99,31.29,31.26,31.85,31.29,31.19,30.85
3/3/25 11:30,565,13.15,34.32,33.78,33.56,31.91,31.69,32.37,31.98,31.62,31.62,33.01,33.13,32.44,32.42,32.75,32.36,32.79,32.91,33.04,32.87,32.79,32.58
3/3/25 12:00,566,13.13,37.02,35.68,35.61,33.42,33.17,33.84,33.99,33.57,33.45,34.7,34.64,33.95,34.37,33.89,33.63,34.83,34.83,34.74,34.25,34.11,34.08
3/3/25 12:30,567,13.12,39.13,36.61,36.41,34.41,34.42,34.06,34.67,34.56,34.81,35.39,35.77,35.08,34.77,35.38,35.15,35.84,36,35.82,35.63,35.3,35.38
3/3/25 13:00,568,13.12,41.01,38.42,38.84,36.38,36.12,35.2,35.49,35.88,36.02,36.42,37.47,36.74,36.84,36.16,36.16,37.22,37.46,37.05,37.11,36.15,36.44
3/3/25 13:30,569,13.12,42.25,38.41,38.53,36.68,36.64,35.7,35.45,35.99,36.25,36.57,37.47,36.79,37.38,36.25,36.37,37.7,37.59,37.62,37.55,36.84,37.16
3/3/25 14:00,570,13.12,42.84,39.41,39.4,37.31,37.15,36.08,35.87,36.16,36.46,37.07,38.16,37.51,37.54,36.46,36.51,38,38,37.66,37.39,37.08,37.27
3/3/25 14:30,571,13.09,43.31,38.6,38.31,36.73,36.44,36.11,35.9,35.94,36.23,36.84,37.95,37.31,37.05,36.5,36.53,38.13,37.74,38.03,37.68,37.05,37.03
3/3/25 15:00,572,13.06,42.41,38.04,37.89,36.16,36.05,36.62,35.68,35.51,35.73,36.11,37.02,36.43,36.44,35.91,35.89,37.07,36.73,37.52,37.14,36.6,36.73
3/3/25 15:30,573,13.06,41.34,37.24,37.09,35.51,35.57,36.52,35.97,35.55,35.9,36.95,37.81,37.15,36.34,36.56,36.52,37.04,36.96,37.07,36.69,36.52,36.67
3/3/25 16:00,574,12.76,39.5,33.37,33.4,32.71,32.71,32.11,32.6,32.5,32.6,33.06,33.11,33.04,32.58,32.88,32.85,32.81,32.86,33.42,33.48,33.12,33.17
3/3/25 16:30,575,12.98,35.98,33.64,33.71,32.53,32.45,32.64,33.55,32.23,32.26,32.66,33.2,32.83,33.09,32.51,32.47,32.85,32.94,33.66,33.82,32.82,32.88
3/3/25 17:00,576,12.96,34.36,35.96,35.67,32.9,32.8,33.13,35.12,33.55,32.65,32.63,33.26,33.06,34.22,32.8,32.74,33.74,33.67,35.51,35.82,33.05,33.28
3/3/25 17:30,577,12.87,34.51,35.6,35.47,33.45,33.21,32.91,38.6,33.87,32.78,32.67,33.57,33.48,34.57,32.97,32.88,33.63,33.47,37.43,37.74,33.24,33.33
3/3/25 18:00,578,12.52,33.11,32.07,32.3,30.76,30.57,30.43,31.94,30.68,30.35,30.29,30.45,30.46,30.98,30.21,30.2,30.65,30.69,32.47,32.43,30.6,30.69
3/3/25 18:30,579,12.46,30.73,30.78,30.81,29.46,29.22,29.19,31.05,29.14,28.88,28.79,29.14,29.2,29.69,28.82,28.81,29.5,29.51,32.38,32.3,29.16,29.2
3/3/25 19:00,580,12.4,28.45,26.88,26.92,26.34,26.37,26.04,26.22,26.17,26.18,26.29,26.29,26.31,26.25,26.25,26.23,26.33,26.35,26.75,26.82,26.53,26.55
3/3/25 19:30,581,12.4,26.31,25.25,25.28,24.96,25,24.69,24.73,24.77,24.82,24.95,24.91,24.97,24.81,24.92,24.91,24.98,25.02,25.21,25.25,25.17,25.19
3/3/25 20:00,582,12.4,24.75,24.27,24.3,24.08,24.11,23.87,23.87,23.92,23.96,24.08,24.1,24.15,23.96,24.07,24.07,24.1,24.14,24.26,24.28,24.31,24.32
3/3/25 20:30,583,12.37,23.64,23.33,23.36,23.25,23.28,23.03,23.03,23.07,23.14,23.3,23.31,23.37,23.16,23.31,23.3,23.34,23.39,23.41,23.44,23.52,23.53
3/3/25 21:00,584,12.37,22.59,22.43,22.47,22.4,22.42,22.16,22.16,22.16,22.24,22.38,22.42,22.47,22.31,22.43,22.43,22.44,22.49,22.63,22.67,22.63,22.69
3/3/25 21:30,585,12.35,21.72,21.86,21.91,21.8,21.83,21.65,21.62,21.59,21.65,21.8,21.93,21.99,21.74,21.98,21.98,21.99,22.04,22.04,22.09,22.17,22.21
3/3/25 22:00,586,12.34,21.07,21.42,21.45,21.52,21.56,21.2,21.03,21.01,21.11,21.34,21.31,21.41,21.14,21.18,21.18,21.15,21.2,21.42,21.49,21.41,21.5
3/3/25 22:30,587,12.31,20.5,21.21,21.26,21.4,21.46,21.11,20.87,20.89,20.96,21.18,21.15,21.27,20.88,21.24,21.26,21.16,21.21,21.05,21.13,21.38,21.43
3/3/25 23:00,588,12.3,20.13,20.61,20.67,20.88,20.91,20.63,20.58,20.46,20.59,20.88,20.85,20.96,20.45,20.62,20.63,20.51,20.55,20.61,20.74,20.86,20.9
3/3/25 23:30,589,12.28,19.51,19.64,19.67,19.9,19.9,19.67,19.53,19.34,19.41,19.65,19.75,19.82,19.65,19.68,19.69,19.73,19.79,20.09,20.14,19.86,19.94
3/4/25 0:00,590,12.28,18.97,19.53,19.56,19.99,20.04,19.61,19.46,19.34,19.4,19.5,19.72,19.79,19.63,19.71,19.72,19.79,19.84,20.15,20.19,19.85,19.91
3/4/25 0:30,591,12.26,18.56,19.1,19.14,19.45,19.46,19.18,18.9,18.59,18.72,19.1,19.07,19.17,18.9,19,19.02,18.93,18.96,19.2,19.34,19.17,19.25
3/4/25 1:00,592,12.26,17.96,18.36,18.4,18.78,18.79,18.45,18.38,17.99,18.04,18.41,18.46,18.54,18.32,18.56,18.55,18.5,18.54,18.74,18.82,18.7,18.74
3/4/25 1:30,593,12.26,17.45,18.12,18.14,18.67,18.68,18.54,18.12,17.77,17.89,18.1,18.51,18.57,18.14,18.47,18.47,18.41,18.45,18.82,18.86,18.48,18.54
3/4/25 2:00,594,12.27,17.1,18.07,18.09,18.68,18.71,18.55,18.14,17.75,17.86,18.12,18.39,18.48,18.11,18.41,18.41,18.23,18.24,18.5,18.57,18.38,18.42
3/4/25 2:30,595,12.26,16.77,18.02,18.04,18.6,18.62,18.64,18.15,17.78,17.9,18.09,18.53,18.56,18.2,18.73,18.74,18.35,18.39,18.6,18.66,18.47,18.54
3/4/25 3:00,596,12.25,16.63,17.74,17.79,18.25,18.29,18.1,17.57,17.37,17.49,17.74,17.98,18.03,17.72,17.91,17.91,17.76,17.78,17.96,18.05,17.92,17.98
3/4/25 3:30,597,12.24,16.4,17.7,17.74,18.41,18.44,18.26,17.55,17.31,17.5,17.83,17.85,17.93,17.57,17.82,17.83,17.6,17.62,17.58,17.72,17.79,17.82
3/4/25 4:00,598,12.24,16.22,17.55,17.58,18.27,18.29,17.94,17.17,17.04,17.23,17.56,17.66,17.73,17.57,17.44,17.45,17.35,17.35,17.49,17.57,17.41,17.45
3/4/25 4:30,599,12.22,15.97,16.97,17,17.65,17.69,17.32,16.91,16.83,17.03,17.26,17.34,17.47,17,17.38,17.4,17.14,17.14,16.93,17.04,17.37,17.37
3/4/25 5:00,600,12.22,15.72,16.83,16.87,17.58,17.64,17.09,16.61,16.48,16.6,16.58,16.72,16.73,17,16.48,16.51,16.71,16.73,17.04,17.08,16.64,16.74
3/4/25 5:30,601,12.21,15.45,16.6,16.63,17.11,17.1,16.83,16.47,16.35,16.42,16.35,16.73,16.8,16.71,16.74,16.75,16.76,16.79,17.02,17.07,16.72,16.82
3/4/25 6:00,602,12.2,15.17,16.48,16.51,17.2,17.24,17.06,16.3,16.1,16.35,16.59,16.73,16.8,16.42,16.63,16.65,16.32,16.33,16.44,16.53,16.56,16.63
3/4/25 6:30,603,12.19,14.87,15.95,15.96,16.92,16.94,16.47,15.9,15.79,15.95,16.27,16.35,16.49,16.03,16.48,16.5,16.14,16.14,15.93,16.03,16.26,16.29
3/4/25 7:00,604,12.17,14.55,16.18,16.22,17.15,17.16,17.13,16.11,16.19,16.27,17.3,16.72,16.64,16.55,16.89,16.91,16.47,16.33,16.94,16.77,18.31,17.15
3/4/25 7:30,605,12.24,14.84,19.39,19.38,19.72,19.85,20.37,19.79,19.93,20.08,24.41,21.1,20.68,20.36,23.41,23.19,22.29,20.99,21.82,21.17,23.86,21.76
3/4/25 8:00,606,12.84,16.37,22.87,22.97,21.55,21.54,22.71,21.9,21.9,22.02,25.05,23.28,22.94,23.71,24.27,24.01,24.74,23.84,23.4,22.99,22.99,22.55
3/4/25 8:30,607,13.14,18.85,25.54,25.82,23.13,22.98,25.36,23.54,22.79,22.99,25.47,23.78,23.69,24.7,25.54,25.15,25.17,24.85,24.97,24.17,23.44,23.42
3/4/25 9:00,608,13.16,21.38,25.25,25.86,23.97,23.82,26.3,24.23,23.6,23.82,24.46,24.78,24.64,25.12,26.43,25.63,25.53,25.31,26.07,25.09,25.11,24.51
3/4/25 9:30,609,13.15,23.67,26.2,26.76,25.29,25.03,27.72,25.37,25.22,25.3,26.53,26.37,26.12,27.03,27.68,26.86,26.99,26.63,27,26.02,26.56,26.15
3/4/25 10:00,610,13.16,25.92,27.62,27.88,26.69,26.28,28.99,26.46,26.22,26.53,28.1,27.83,27.61,28.4,28.7,28.13,28.19,28.17,28.23,27.58,27.63,26.98
3/4/25 10:30,611,13.16,28.48,29.2,29.42,27.83,27.57,29.55,27.32,27.15,27.43,29.05,29.14,28.8,29.52,28.92,28.72,29.4,29.19,29.3,28.61,28.65,28.36
3/4/25 11:00,612,13.14,31.27,30.28,30.32,28.79,28.65,29.34,29.28,28.7,28.75,30.48,30.95,30.06,30.04,30.3,30.06,30.36,30.26,30.65,30.29,30.31,29.86
3/4/25 11:30,613,13.13,33.87,32.53,32.21,30.16,30.11,30.67,30.25,30.05,30.13,31.25,31.85,31.14,30.58,31.31,31.04,31.61,31.64,31.35,31,31.46,31.19
3/4/25 12:00,614,13.12,36.12,34.08,34.03,31.32,30.94,31.25,31.9,31.07,30.91,32.52,32.77,31.97,32.24,32.35,32.09,33.45,33.74,32.92,32.53,32.54,32.34
3/4/25 12:30,615,13.13,37.97,35.16,35.01,32.63,32.18,32.19,32.95,32.49,32.51,33.31,33.83,32.93,33.02,32.8,32.81,34.05,34.38,33.77,33.49,33.27,33.64
3/4/25 13:00,616,13.12,39.72,35.95,36.45,33.82,33.41,33.06,33.08,33.45,33.81,33.78,35.4,34.31,34.91,33.08,33.12,34.98,35.15,35.05,34.97,33.85,34.07
3/4/25 13:30,617,13.12,40.92,37.48,37.6,34.52,34.36,32.87,34.22,33.54,33.48,34.04,35.08,34.18,35.06,33.25,33.32,35.12,35.25,35.04,35.11,34.34,34.57
3/4/25 14:00,618,13.12,41.54,37.12,37.02,32.79,32.65,31.41,35.33,32.93,32.29,33.02,33.72,33.23,34.36,32.39,32.47,33.62,33.76,35.6,36.11,33.2,33.88
3/4/25 14:30,619,13.1,40.04,34.65,34.51,30.28,30.38,28.97,32.11,30.63,30.16,30.21,30.95,30.56,31.09,30.04,29.97,31.23,31.26,33.13,33.47,30.93,31.23
3/4/25 15:00,620,13.11,38.43,34.97,34.48,30.33,30.56,29.12,32.75,30.74,29.89,30.02,31.41,31.02,31.32,30.18,30.14,31.6,31.39,34.23,34.56,30.89,31.21
3/4/25 15:30,621,13.13,37.33,34.59,34.25,29.56,29.82,29,31.06,29.59,29.01,29.07,30.3,29.78,30.76,29.23,29.22,30.56,30.37,33.12,33.17,29.93,30.04
3/4/25 16:00,622,13.11,36.17,32.82,32.42,28.68,28.74,27.96,31.15,29.31,28.69,28.15,30.23,29.81,30.28,28.69,28.7,30.13,29.88,32.25,32.07,29.4,29.45
3/4/25 16:30,623,13.04,34.85,32.5,31.98,28.57,28.61,28.27,29.4,28.29,28,27.7,29.3,29.04,29.63,28.04,28.02,29.2,29.04,30.74,30.58,28.41,28.55
3/4/25 17:00,624,12.91,32.9,31.34,30.73,27.51,27.58,27.05,29.34,28.75,27.7,27.03,28.02,27.9,29.06,27.04,26.96,28.13,27.99,30.25,30.38,27.74,27.89
3/4/25 17:30,625,12.66,30.63,28.74,28.66,26.39,26.15,25.45,28.94,26.96,25.89,25.43,26.02,26.05,26.84,25.55,25.49,26.2,25.99,30.01,29.55,26.26,26.34
3/4/25 18:00,626,12.48,27.89,26.68,26.96,24.72,24.39,23.97,26.82,25.04,24.07,23.75,24.13,24.21,25.02,23.66,23.61,24.22,24.26,27.81,27.48,24.21,24.26
3/4/25 18:30,627,12.43,25.08,23.4,23.47,22.2,22.1,21.56,23.33,NAN,21.91,21.73,22.14,22.2,22.37,21.77,21.74,22.13,22.2,24.3,24.16,22.24,22.3
3/4/25 19:00,628,12.39,22.63,20.84,20.85,20.04,20.05,19.63,19.91,20.16,19.89,19.93,20,20.03,19.98,19.9,19.86,19.97,20,20.63,20.65,20.26,20.27
3/4/25 19:30,629,12.39,20.91,19.61,19.61,19.01,19.04,18.62,18.81,19.49,18.82,18.86,18.97,19.01,18.97,18.9,18.88,18.95,18.99,19.49,19.5,19.22,19.24
3/4/25 20:00,630,12.38,19.8,19.05,19.07,18.48,18.51,18.18,18.27,23.2,18.32,18.39,18.47,18.51,18.43,18.44,18.42,18.49,18.52,18.88,18.89,18.71,18.72
3/4/25 20:30,631,12.35,19,18.68,18.65,18.21,18.24,17.94,18.04,22.33,18.05,18.16,18.23,18.27,18.2,18.21,18.19,18.24,18.27,18.63,18.64,18.48,18.49
3/4/25 21:00,632,12.36,18.61,18.41,18.39,18,18.03,17.79,17.92,21.84,17.9,17.99,18.1,18.14,18.08,18.05,18.03,18.09,18.12,18.48,18.49,18.33,18.32
3/4/25 21:30,633,12.34,18.65,18.61,18.61,18.04,18.06,17.82,17.98,21.61,17.93,18.01,18.1,18.14,18.14,18.06,18.04,18.11,18.12,18.5,18.52,18.3,18.3
3/4/25 22:00,634,12.33,19.03,18.76,18.73,18.16,18.19,17.97,18.14,21.53,18.06,18.15,18.22,18.25,18.26,18.24,18.21,18.3,18.32,18.7,18.71,18.44,18.43
3/4/25 22:30,635,12.31,19.21,18.97,18.97,18.39,18.41,18.21,18.36,21.7,18.34,18.44,18.49,18.54,18.52,18.54,18.52,18.63,18.66,18.9,18.93,18.77,18.78
3/4/25 23:00,636,12.3,19.38,19.13,19.13,18.9,18.91,18.75,18.78,21.82,18.77,18.95,18.96,19,18.88,18.99,18.96,19.01,19.04,19.2,19.21,19.19,19.19
3/4/25 23:30,637,12.29,19.46,19.08,19.08,18.85,18.86,18.7,18.75,21.69,18.72,18.92,18.91,18.95,18.8,18.9,18.88,18.95,18.97,19.09,19.11,19.08,19.08
3/5/25 0:00,638,12.28,19.49,19.04,19.03,18.79,18.82,18.62,18.69,21.66,18.67,18.84,18.83,18.87,18.76,18.85,18.82,18.89,18.92,19.03,19.05,19.04,19.03
3/5/25 0:30,639,12.27,19.38,18.9,18.89,18.66,18.66,18.48,18.58,21.18,18.53,18.69,18.72,18.75,18.6,18.67,18.65,18.73,18.75,18.87,18.89,18.85,18.83
3/5/25 1:00,640,12.26,19.33,18.83,18.84,18.58,18.59,18.39,18.52,21.45,18.46,18.61,18.67,18.7,18.5,18.61,18.58,18.68,18.7,18.78,18.8,18.77,18.76
3/5/25 1:30,641,12.26,19.31,18.66,18.66,18.39,18.38,18.19,18.34,21.11,18.27,18.39,18.48,18.5,18.33,18.44,18.41,18.51,18.54,18.6,18.63,18.56,18.53
3/5/25 2:00,642,12.23,19.33,18.47,18.47,18.16,18.16,17.95,18.06,21.19,18.06,18.16,18.25,18.26,18.08,18.17,18.14,18.25,18.28,18.35,18.36,18.33,18.31
3/5/25 2:30,643,12.25,19.04,17.92,17.94,17.69,17.68,17.42,17.51,20.95,17.58,17.67,17.75,17.76,17.52,17.66,17.64,17.76,17.79,17.83,17.85,17.83,17.81
3/5/25 3:00,644,12.23,18.49,17.64,17.65,17.44,17.44,17.23,17.32,20.96,17.33,17.48,17.51,17.54,17.29,17.44,17.41,17.49,17.52,17.6,17.61,17.61,17.6
3/5/25 3:30,645,12.22,18.26,17.72,17.71,17.5,17.49,17.33,17.44,21.04,17.38,17.54,17.6,17.61,17.44,17.51,17.49,17.57,17.59,17.68,17.7,17.68,17.66
3/5/25 4:00,646,12.22,18.37,17.75,17.74,17.51,17.51,17.34,17.45,21.19,17.4,17.53,17.63,17.64,17.46,17.58,17.56,17.62,17.64,17.71,17.73,17.67,17.66
3/5/25 4:30,647,12.21,18.36,17.74,17.73,17.46,17.45,17.27,17.4,21.03,17.37,17.49,17.55,17.57,17.42,17.51,17.48,17.56,17.58,17.63,17.64,17.62,17.6
3/5/25 5:00,648,12.2,18.34,17.62,17.63,17.37,17.37,17.18,17.31,21.28,17.26,17.35,17.46,17.48,17.32,17.39,17.36,17.45,17.48,17.54,17.55,17.5,17.48
3/5/25 5:30,649,12.18,18.4,17.66,17.67,17.4,17.4,17.23,17.36,21.28,17.32,17.42,17.51,17.53,17.36,17.42,17.39,17.48,17.5,17.56,17.57,17.57,17.55
3/5/25 6:00,650,12.16,18.54,17.64,17.64,17.38,17.37,17.19,17.37,21.05,17.28,17.42,17.46,17.48,17.34,17.4,17.37,17.46,17.49,17.54,17.57,17.53,17.52
3/5/25 6:30,651,12.18,18.31,17.51,17.5,17.27,17.25,17.09,17.27,20.83,17.14,17.3,17.33,17.35,17.21,17.27,17.24,17.32,17.35,17.42,17.45,17.41,17.39
3/5/25 7:00,652,12.16,18.32,17.64,17.63,17.31,17.28,17.19,17.38,20.76,17.17,17.3,17.49,17.47,17.33,17.33,17.3,17.43,17.46,17.51,17.53,17.45,17.42
3/5/25 7:30,653,12.17,18.49,18.29,18.3,17.81,17.76,17.87,18.05,20.78,17.78,18.2,18.24,18.16,18.17,18.12,18.11,18.53,18.49,18.39,18.46,18.29,18.04
3/5/25 8:00,654,12.36,18.8,19.63,19.63,18.96,18.89,19.61,19.34,21.29,18.91,19.6,19.54,19.4,19.78,19.3,19.24,19.72,19.76,19.81,19.73,19.21,19.02
3/5/25 8:30,655,13.13,19.94,23.31,24.04,21.5,21.19,23.19,23.15,20.87,20.95,23.21,22.43,22.29,23.33,22.18,22.19,22.81,23.06,23.33,23.59,21.49,21.43
3/5/25 9:00,656,13.16,21.64,23.71,24.54,22.48,22.2,24.48,24.93,21.88,21.96,23.13,23.43,23.08,24.34,23.62,23.38,23.44,23.66,25.08,25.18,23.42,22.85
3/5/25 9:30,657,13.17,22.98,24.95,25.72,23.84,23.42,24.82,24.51,23.1,23.05,24.14,24.4,24.1,25,24.86,24.67,24.79,24.82,25.39,25.15,24.29,23.85
3/5/25 10:00,658,13.17,24.63,26.55,26.97,25.07,24.8,26.26,24.85,24.33,24.57,25.91,25.93,25.72,26.45,26.58,26.44,26.02,26.05,26.44,25.98,25.72,25.43
3/5/25 10:30,659,13.19,26.86,28.16,28.49,26.5,26.31,27.76,26.08,25.87,25.99,27.49,27.75,27.5,27.97,27.12,26.91,27.78,27.97,28.03,27.59,27.44,27.21
3/5/25 11:00,660,13.16,29.64,29.51,29.86,27.71,27.7,27.8,27.96,26.99,27.07,28.77,29.17,28.65,28.71,28.63,28.38,28.85,28.98,29.27,28.78,28.73,28.41
3/5/25 11:30,661,13.15,32.32,31.24,31.35,28.4,28.08,29.11,29.21,28.3,28.26,29.73,29.9,29.29,29.24,29.62,29.5,29.93,30.13,29.78,29.44,29.81,29.6
3/5/25 12:00,662,13.14,34.62,32.63,32.5,29.78,29.54,29.79,30.6,29.82,29.68,31.11,31.54,30.64,31.16,31.18,31.23,31.65,31.76,31.5,31.38,31.1,30.94
3/5/25 12:30,663,13.14,36.88,33.95,33.64,31.21,31,30.71,32.06,31.42,31.52,32.84,33.65,32.54,32.05,32.51,32.63,32.93,33.16,32.8,32.5,32.59,32.95
3/5/25 13:00,664,13.13,38.76,35.38,35.98,33.43,33.34,31.77,33.43,32.92,33.2,33.75,35.51,34.38,34.05,33.87,34.14,34.44,35.08,34.16,34.43,33.91,34.26
3/5/25 13:30,665,13.15,39.97,37.27,37.73,34.42,34.22,33.09,33.35,33.43,33.56,33.78,35.22,34.53,35.3,33.53,33.7,35.44,35.77,35.15,35.13,34.31,34.73
3/5/25 14:00,666,13.14,40.85,37.57,37.55,34.93,34.65,33.8,34.01,33.89,34.49,34.96,37.23,36.17,36.48,34.3,34.3,36.38,36.56,35.73,35.8,34.96,35.26
3/5/25 14:30,667,13.17,41.84,37.89,37.73,33.44,33.45,32.01,35.75,33.58,33.02,34.33,35.83,34.8,35.31,33.44,33.41,35.36,35.24,36.78,36.97,34.8,35.2
3/5/25 15:00,668,13.22,41.48,37.08,36.62,32.01,32.14,31,34.48,32.14,31.52,31.72,33.35,32.86,33.18,31.54,31.57,33.07,32.88,35.84,36.12,32.45,32.77
3/5/25 15:30,669,13.21,39.9,35.92,35.73,30.88,31,30.04,33.19,31.3,30.66,30.31,32.01,31.51,32.14,30.93,30.84,32.41,32.35,35.4,35.43,31.89,32.17
3/5/25 16:00,670,13.14,38.21,34.59,34.25,30.26,30.45,29.73,33.14,30.88,30.49,30.05,31.65,31.1,31.9,30.3,30.29,31.74,31.58,33.88,33.82,31.07,31.26
3/5/25 16:30,671,12.99,36.77,34.16,33.49,29.7,29.67,29.41,31.29,29.94,29.62,29.28,30.92,30.47,31.73,29.52,29.46,30.95,30.9,32.73,32.79,30.14,30.28
3/5/25 17:00,672,12.88,34.8,32.36,31.73,28.66,28.78,28.38,30.8,29.95,28.82,28.23,29.39,29.31,30.15,28.27,28.2,29.29,29.17,31.87,32.04,28.97,29.09
3/5/25 17:30,673,12.65,32.15,30.51,30.41,28.18,28.03,27.42,31.46,28.85,27.67,27.27,27.88,27.93,28.92,27.23,27.16,28.06,27.89,32.26,31.91,28.01,28.16
3/5/25 18:00,674,12.48,29.36,28.48,28.58,26.95,26.64,26.26,29.81,27.31,26.26,26.07,26.53,26.58,27.4,26.05,26,26.64,26.69,30.65,30.17,26.78,26.89
3/5/25 18:30,675,12.42,26.55,25.7,25.72,24.34,24.03,23.87,25.49,23.92,23.67,23.52,23.91,23.97,24.47,23.5,23.48,24.1,24.07,27.01,26.75,24.04,24.03
3/5/25 19:00,676,12.38,23.92,22.45,22.45,21.78,21.75,21.46,21.99,21.48,21.45,21.54,21.6,21.63,21.69,21.5,21.47,21.72,21.67,22.81,22.77,21.94,21.92
3/5/25 19:30,677,12.39,21.89,20.68,20.69,20.11,20.15,19.74,19.87,21.07,19.93,20.02,20.07,20.12,20.03,20.03,20.01,20.08,20.13,20.54,20.56,20.37,20.37
3/5/25 20:00,678,12.37,20.51,19.77,19.77,19.36,19.39,19.05,19.19,19.96,19.23,19.32,19.4,19.45,19.38,19.4,19.39,19.43,19.47,19.87,19.88,19.73,19.74
3/5/25 20:30,679,12.36,19.61,19.29,19.31,18.94,18.97,18.67,18.79,18.83,18.8,18.9,19.01,19.07,18.96,19,18.99,19.03,19.07,19.46,19.49,19.32,19.33
3/5/25 21:00,680,12.33,19.03,18.95,18.97,18.58,18.62,18.34,18.43,18.45,18.44,18.56,18.64,18.69,18.57,18.63,18.61,18.66,18.71,18.97,19,18.9,18.9
3/5/25 21:30,681,12.31,18.61,18.54,18.56,18.24,18.27,18.03,18.08,18.11,18.09,18.22,18.31,18.36,18.23,18.27,18.26,18.3,18.33,18.6,18.62,18.53,18.54
3/5/25 22:00,682,12.31,18.11,18.32,18.32,18.05,18.08,17.84,17.9,17.89,17.9,18.04,18.12,18.16,18.03,18.08,18.07,18.11,18.14,18.36,18.39,18.34,18.35
3/5/25 22:30,683,12.29,17.92,18.46,18.44,18.15,18.18,18.01,18.11,18.03,18.04,18.18,18.27,18.31,18.21,18.24,18.22,18.28,18.32,18.55,18.57,18.47,18.47
3/5/25 23:00,684,12.28,18.42,19.01,18.99,18.47,18.5,18.3,18.45,18.34,18.34,18.48,18.55,18.58,18.56,18.55,18.53,18.6,18.63,18.9,18.93,18.73,18.74
3/5/25 23:30,685,12.28,18.77,19.14,19.14,18.63,18.65,18.48,18.61,18.54,18.54,18.69,18.73,18.77,18.71,18.76,18.74,18.85,18.88,19.07,19.1,18.95,18.94
3/6/25 0:00,686,12.27,19.15,19.06,19.07,18.77,18.77,18.62,18.76,18.66,18.66,18.83,18.91,18.94,18.77,18.84,18.82,18.91,18.94,19.05,19.08,19.06,19.05
3/6/25 0:30,687,12.26,19.44,18.71,18.71,18.42,18.42,18.18,18.35,18.31,18.31,18.41,18.51,18.53,18.38,18.47,18.45,18.53,18.56,18.67,18.68,18.62,18.61
3/6/25 1:00,688,12.24,19.47,18.34,18.33,18.03,18.01,17.81,17.97,17.94,17.93,18.03,18.11,18.13,17.98,18.09,18.06,18.14,18.17,18.28,18.3,18.22,18.19
3/6/25 1:30,689,12.23,19.41,18.38,18.38,17.98,17.97,17.76,17.94,17.88,17.87,18,18.07,18.08,17.92,18.02,17.99,18.13,18.17,18.23,18.25,18.17,18.14
3/6/25 2:00,690,12.22,19.24,18.07,18.06,17.8,17.81,17.52,17.72,17.68,17.66,17.8,17.8,17.85,17.64,17.74,17.71,17.84,17.89,17.93,17.97,17.94,17.93
3/6/25 2:30,691,12.22,18.49,17.33,17.33,17.06,17.08,16.76,16.97,NAN,16.95,17.12,16.99,17.08,16.81,16.98,16.96,17.09,17.13,17.15,17.16,17.22,17.21
3/6/25 3:00,692,12.23,18,17.4,17.4,17.02,17,16.82,16.94,17.85,16.94,17.11,17.18,17.21,16.91,17.03,17,17.14,17.17,17.23,17.24,17.22,17.2
3/6/25 3:30,693,12.22,17.58,16.64,16.66,16.36,16.39,15.95,16.26,16.63,16.31,16.5,16.42,16.57,16.05,16.36,16.34,16.52,16.56,16.54,16.59,16.59,16.61
3/6/25 4:00,694,12.2,17.53,16.72,16.71,16.48,16.44,16.31,16.47,16.28,16.27,16.47,16.54,16.53,16.42,16.42,16.38,16.55,16.58,16.68,16.72,16.6,16.58
3/6/25 4:30,695,12.18,17.87,16.84,16.84,16.46,16.4,16.26,16.41,16.33,16.34,16.47,16.63,16.62,16.45,16.44,16.39,16.62,16.65,16.69,16.7,16.65,16.62
3/6/25 5:00,696,12.18,18,17,16.97,16.47,16.45,16.34,16.58,16.46,16.45,16.64,16.66,16.63,16.58,16.65,16.62,16.77,16.78,16.95,16.96,16.83,16.81
3/6/25 5:30,697,12.17,17.85,16.29,16.31,16.09,16.12,15.63,15.99,16.02,15.99,16.25,16.08,16.22,16,16.05,16.05,16.34,16.39,16.51,16.54,16.37,16.41
3/6/25 6:00,698,12.18,16.3,15.34,15.37,15.3,15.32,14.83,14.96,14.86,14.86,15.06,14.96,15.11,15.02,14.97,14.96,15.16,15.22,15.61,15.68,15.29,15.36
3/6/25 6:30,699,12.12,15.6,15.07,15.11,15.15,15.17,14.76,14.86,16.15,14.64,14.91,14.86,15.03,14.76,14.89,14.87,14.99,15.04,15.39,15.43,15.13,15.14
3/6/25 7:00,700,12.11,15.01,14.75,14.78,14.73,14.8,14.52,14.6,17.89,14.49,17.18,14.91,14.99,14.58,15.07,15.13,14.88,14.84,15.22,15.23,16.12,15.58
3/6/25 7:30,701,12.19,14.74,16.66,16.7,16.37,16.47,16.94,16.82,18.04,16.75,26.45,18.38,18.22,16.85,22.38,22.86,18.3,17.61,17.25,17.32,20.57,19.26
3/6/25 8:00,702,12.86,15.62,19.3,19.42,18.38,18.46,19.02,19.51,21.21,19.1,30.8,20.97,20.79,19.54,25.51,26.46,20.52,19.99,19.57,19.62,21.19,20.61
3/6/25 8:30,703,13.16,16.98,21.61,22.08,20.25,20.31,22.04,21.49,20.29,20.64,30.75,22.21,22.21,21.62,26.26,26.93,22.33,22.23,22.23,21.98,21.51,21.47
3/6/25 9:00,704,13.17,18.93,24.05,24.85,22.43,22.28,24.39,22.55,21.96,22.13,22.87,23.14,23,23.55,24.28,24.05,24.52,24.36,24.42,23.23,23.41,22.83
3/6/25 9:30,705,13.17,21.4,24.83,25.33,23.69,23.53,26.55,23.6,23.49,23.66,25.77,24.94,24.54,25.01,26.96,26.59,25.65,24.91,25.35,24.54,25.25,24.87
3/6/25 10:00,706,13.16,24.28,26.9,27.11,25.52,25.48,28.03,25.93,25.65,26.07,28.97,27.63,27.38,27.36,29.66,29.44,27.5,26.91,27.15,26.44,27.56,26.94
3/6/25 10:30,707,13.15,27.46,28.66,28.89,27.42,27.05,28.55,27.21,26.65,26.81,28.33,28.54,28.16,28.97,27.5,27.31,28.47,28.56,28.89,28.45,28.14,27.96
3/6/25 11:00,708,13.14,30.4,30.57,30.95,28.77,28.66,28.84,29.82,28.43,28.43,29.67,30.77,30.23,29.94,29.59,29.63,29.57,29.66,30.52,30.23,29.93,29.54
3/6/25 11:30,709,13.13,33.24,30.81,30.56,28.05,28.25,28.22,32.03,29.27,28.86,31.92,30.39,30.06,29.77,31.3,31.38,29.92,30.04,31.91,32.03,31.24,30.78
3/6/25 12:00,710,13.1,35.91,32.09,31.87,29.76,29.82,29.47,32.41,30.66,30.45,34.12,32.92,32.33,30.54,33.18,33.76,31.19,31.37,32.08,32.21,32.49,32.43
3/6/25 12:30,711,13.11,38.26,33.91,33.83,31.89,31.92,31.09,33.71,32.65,32.79,36.82,35.78,35.05,32.22,34.99,35.59,33.41,33.62,33.3,33.48,34.27,34.66
3/6/25 13:00,712,13.13,40.29,34.4,34.77,31.69,31.75,30.37,34.29,32.61,32.32,34.6,34.86,34.16,32.69,33.96,34.3,33.24,33.47,34.91,35.52,34.1,34.69
3/6/25 13:30,713,13.12,40.88,35.57,35.71,31.97,32.07,29.78,33.82,32.46,31.59,32.17,33.18,32.71,32.83,31.99,32.15,33.18,33.14,35.71,36.39,33.15,33.68
3/6/25 14:00,714,13.13,40.64,35.53,35.27,32.08,32.08,29.65,33.67,31.73,31.1,31.91,33.24,32.92,32.56,31.67,31.67,32.78,32.87,35.44,35.85,33.18,33.69
3/6/25 14:30,715,13.13,40.33,35,34.76,31.47,31.6,29.52,34.4,31.66,31.21,32.18,33.68,33.19,32.56,31.87,31.91,32.89,32.89,35.67,35.72,33.29,33.9
3/6/25 15:00,716,13.13,39.76,35.24,35.11,31.15,31.2,29.99,34.46,31.43,30.7,31.1,32.67,32.07,32.39,31.04,31.02,32.65,32.4,35.6,35.73,32.36,32.72
3/6/25 15:30,717,13.13,39.16,35.64,35.43,31.24,31.63,30.56,34.28,31.5,30.98,30.7,32.92,32.23,32.68,31.14,31.07,32.86,32.57,36.07,36.17,32.57,32.73
3/6/25 16:00,718,13.11,38.3,35.11,34.56,30.89,31.29,30.79,33.73,30.9,30.42,30.56,32.72,31.95,32.42,30.84,30.86,32.25,31.85,34.29,34.24,31.77,31.85
3/6/25 16:30,719,13.05,37.12,34.4,33.67,30.28,30.21,29.78,32.11,30.46,30.01,29.77,31.67,31.09,32.54,30.22,30.28,31.69,31.43,33.47,33.65,31.07,31.22
3/6/25 17:00,720,12.9,35.15,31.82,31.61,28.38,28.44,27.81,30.46,29.17,28.21,27.65,28.78,28.59,29.37,27.69,27.61,28.93,28.72,31.57,31.75,28.4,28.48
3/6/25 17:30,721,12.65,31.65,29.65,29.89,27.2,26.89,26.49,29.89,27.57,26.59,26.17,26.76,26.76,27.85,26.02,25.95,26.73,26.59,30.52,30.3,26.86,27.03
3/6/25 18:00,722,12.45,28.29,27.83,28.09,26.03,25.7,25.42,29.17,26.17,25.34,25.04,25.34,25.41,26.32,24.81,24.79,25.45,25.51,29.28,29.02,25.45,25.52
3/6/25 18:30,723,12.4,25.38,24.62,24.69,23.34,23.1,22.98,25.47,23.09,22.87,22.76,23.1,23.17,23.64,22.69,22.66,23.41,23.17,26.43,26.2,23.31,23.34
3/6/25 19:00,724,12.37,22.81,21.14,21.14,20.65,20.66,20.24,20.72,20.38,20.39,20.47,20.57,20.63,20.6,20.52,20.49,20.69,20.66,21.82,21.78,21.03,21.06
3/6/25 19:30,725,12.38,20.68,19.26,19.3,18.87,18.9,18.5,18.64,18.69,18.72,18.78,18.88,18.94,18.81,18.83,18.82,18.88,18.92,19.45,19.46,19.25,19.28
3/6/25 20:00,726,12.37,19,18.19,18.22,17.74,17.8,17.43,17.49,17.86,17.58,17.67,17.74,17.8,17.65,17.69,17.68,17.73,17.77,18.13,18.15,18.04,18.05
3/6/25 20:30,727,12.35,17.79,17.33,17.37,17.01,17.05,16.74,16.84,17.74,16.88,16.98,17.1,17.15,17.01,17.06,17.05,17.09,17.13,17.5,17.53,17.39,17.4
3/6/25 21:00,728,12.34,16.99,16.9,16.96,16.59,16.62,16.33,16.4,16.4,16.43,16.54,16.66,16.72,16.57,16.62,16.61,16.64,16.69,16.99,17.01,16.93,16.95
3/6/25 21:30,729,12.32,16.45,16.62,16.64,16.36,16.39,16.13,16.21,16.19,16.22,16.34,16.46,16.51,16.36,16.42,16.41,16.44,16.47,16.76,16.78,16.69,16.7
3/6/25 22:00,730,12.3,16.14,16.42,16.43,16.13,16.16,15.95,16,15.98,16.01,16.13,16.24,16.29,16.13,16.19,16.17,16.22,16.26,16.51,16.54,16.46,16.47
3/6/25 22:30,731,12.29,15.84,16.06,16.08,15.77,15.79,15.55,15.63,15.62,15.65,15.78,15.87,15.92,15.75,15.84,15.82,15.87,15.91,16.11,16.14,16.09,16.09
3/6/25 23:00,732,12.27,15.61,15.95,15.98,15.7,15.73,15.52,15.56,15.55,15.58,15.73,15.81,15.86,15.67,15.76,15.75,15.79,15.83,15.97,16,16.01,16.01
3/6/25 23:30,733,12.27,15.42,15.84,15.87,15.61,15.64,15.45,15.48,15.45,15.49,15.66,15.75,15.8,15.59,15.69,15.68,15.73,15.77,15.92,15.97,15.95,15.96
3/7/25 0:00,734,12.26,15.34,16.03,16.03,15.68,15.71,15.54,15.64,15.54,15.56,15.71,15.81,15.85,15.72,15.76,15.75,15.8,15.84,16.07,16.09,16,16.01
3/7/25 0:30,735,12.25,15.85,16.62,16.6,16.09,16.12,15.96,16.09,15.98,15.98,16.11,16.22,16.25,16.21,16.2,16.18,16.25,16.28,16.55,16.58,16.39,16.38
3/7/25 1:00,736,12.25,16.46,16.82,16.79,16.3,16.32,16.13,16.34,16.21,16.19,16.32,16.39,16.42,16.44,16.4,16.38,16.47,16.48,16.83,16.85,16.57,16.57
3/7/25 1:30,737,12.24,16.84,16.91,16.9,16.34,16.37,16.14,16.33,16.25,16.25,16.36,16.42,16.45,16.43,16.43,16.41,16.5,16.51,16.81,16.83,16.65,16.63
3/7/25 2:00,738,12.21,17.05,16.92,16.91,16.34,16.36,16.17,16.33,16.27,16.27,16.36,16.42,16.45,16.43,16.43,16.41,16.53,16.54,16.84,16.87,16.65,16.65
3/7/25 2:30,739,12.2,17.23,16.94,16.92,16.48,16.5,16.28,16.46,16.39,16.38,16.55,16.56,16.6,16.53,16.59,16.57,16.7,16.74,16.89,16.93,16.82,16.81
3/7/25 3:00,740,12.19,17.32,16.97,16.97,16.57,16.6,16.4,16.51,16.47,16.48,16.63,16.63,16.67,16.57,16.66,16.64,16.74,16.76,16.94,16.97,16.86,16.86
3/7/25 3:30,741,12.19,17.34,16.98,16.98,16.72,16.75,16.57,16.65,16.61,16.61,16.78,16.78,16.83,16.68,16.8,16.78,16.84,16.87,16.99,17.02,17,16.99
3/7/25 4:00,742,12.18,17.4,17.01,17.02,16.78,16.79,16.64,16.7,16.67,16.67,16.84,16.85,16.89,16.73,16.86,16.84,16.9,16.92,17.03,17.05,17.03,17.03
3/7/25 4:30,743,12.17,17.5,16.86,16.85,16.61,16.59,16.4,16.58,16.49,16.49,16.6,16.71,16.73,16.56,16.65,16.62,16.72,16.75,16.83,16.85,16.8,16.79
3/7/25 5:00,744,12.15,17.37,16.2,16.2,16,15.99,15.74,15.89,15.88,15.88,15.99,16.02,16.04,15.88,15.98,15.96,16.04,16.07,16.12,16.13,16.14,16.13
3/7/25 5:30,745,12.14,16.58,15.52,15.54,15.36,15.4,15.05,15.23,15.24,15.23,15.41,15.28,15.37,15.07,15.31,15.28,15.46,15.5,15.42,15.45,15.53,15.52
3/7/25 6:00,746,12.15,15.9,15.48,15.49,15.19,15.31,14.85,15.18,15.06,15.01,15.26,15.08,15.24,14.95,15.16,15.16,15.31,15.36,15.34,15.41,15.4,15.45
3/7/25 6:30,747,12.15,15.25,14.88,14.89,14.69,14.74,14.29,14.75,14.54,14.41,14.68,14.5,14.65,14.53,14.52,14.51,14.74,14.81,15.08,15.17,14.83,14.92
3/7/25 7:00,748,12.14,15.03,15.4,15.4,15.04,15.07,14.93,15.07,15.27,14.89,15.11,15.17,15.24,14.92,15,14.98,15.18,15.2,15.31,15.34,15.26,15.29
3/7/25 7:30,749,12.14,15.74,16.4,16.42,15.93,15.91,15.96,16.1,16.09,15.79,15.98,16.23,16.2,16.05,16.02,16,16.2,16.24,16.2,16.24,16.17,16.12
3/7/25 8:00,750,12.45,16.59,17.75,17.87,17.23,17.17,17.34,17.75,17.37,17.05,17.42,17.72,17.62,17.65,17.38,17.34,17.65,17.67,17.65,17.83,17.44,17.39
3/7/25 8:30,751,12.75,17.7,18.43,18.54,17.79,17.67,17.85,18.4,17.58,17.62,17.75,18.34,18.26,18.27,17.87,17.86,18.11,18.23,18.11,18.22,17.91,17.85
3/7/25 9:00,752,12.77,18.83,18.91,19.08,18.32,18.23,18.25,18.82,18.08,18.12,18.24,18.82,18.72,18.81,18.32,18.32,18.6,18.77,18.52,18.58,18.39,18.36
3/7/25 9:30,753,12.98,19.87,20.05,20.24,19.41,19.27,19.47,20.22,19.17,19.25,19.26,20.14,20.01,20.16,19.52,19.45,19.9,20.11,19.87,20.08,19.59,19.56
3/7/25 10:00,754,13.04,21.05,21.04,21.27,20.35,20.22,20.45,21.39,19.96,20.03,20.26,21.12,20.98,21.18,20.51,20.45,20.81,20.95,20.89,21.1,20.43,20.32
3/7/25 10:30,755,13.12,22.85,23.19,23.45,22.05,21.87,22.3,23.5,21.59,21.65,22.07,23.22,22.98,23.26,22.25,22.18,22.69,22.84,22.53,22.77,22.35,22.3
3/7/25 11:00,756,13.15,24.7,24.7,24.85,23.92,23.82,24.01,25.48,23.27,23.21,24,25.46,25.09,24.48,24.09,24.08,23.94,24.11,24.64,24.79,24.03,23.94
3/7/25 11:30,757,13.16,27.75,27.72,27.78,25.78,25.57,26.3,28.64,25.78,25.57,26.32,27.89,27.29,26.84,26.72,26.75,26.36,26.79,26.45,26.69,26.88,26.59
3/7/25 12:00,758,13.15,30.87,29.5,29.33,27.49,27.32,27.21,29.96,27,26.92,27.74,29.18,28.59,28.35,28.05,28.01,28.41,29.11,28.45,28.49,28.42,28.18
3/7/25 12:30,759,13.14,33.3,31.8,31.47,28.96,28.52,27.91,31.45,28.57,28.1,29,30.88,30.19,29.76,29.29,29.44,29.89,30.44,29.44,29.74,29.41,29.46
3/7/25 13:00,760,13.13,35.24,32.75,33.36,31.06,30.65,29.71,32.21,29.74,29.71,30.05,32.54,31.56,31.92,30.09,30.17,31.36,31.98,30.89,31.23,30.63,30.87
3/7/25 13:30,761,13.13,36.85,34.51,35.45,31.56,31.17,30.07,31.33,30.4,30.4,30.68,32.35,31.58,33,30.45,30.47,32.84,33.25,31.87,32.01,31.18,31.4
3/7/25 14:00,762,13.13,38.18,36,36.31,32.58,32.24,31.26,33.5,31.29,31.48,31.95,34.24,33.36,34.65,31.48,31.47,33.7,34.08,33.01,33.27,32.39,32.53
3/7/25 14:30,763,13.12,38.96,36.36,36.59,33.59,33.37,32.27,35.36,31.99,32.03,32.54,36.02,34.8,35.28,32.4,32.38,34.4,35.09,33.78,34.27,33.19,33.61
3/7/25 15:00,764,13.12,39.51,36.74,36.74,33.85,33.64,33.36,36.43,32.42,32.61,32.85,36.2,35.22,35.27,32.99,32.97,35.14,35.13,34.62,34.76,33.45,33.57
3/7/25 15:30,765,13.12,39.4,36.69,36.7,33.48,33.47,33.34,35.71,32.26,32.05,32.47,35.31,34.28,34.69,32.64,32.6,34.25,34.34,35,35.43,33,33.19
3/7/25 16:00,766,13.1,38.55,36.43,36.05,31.81,31.99,31.71,34.57,31.63,31.09,31.19,33.42,32.75,33.56,31.6,31.46,33.48,33.23,34.58,34.81,32.17,32.26
3/7/25 16:30,767,13.01,37.17,34.54,33.82,30.47,30.54,30.14,31.93,30.48,30.29,29.99,31.49,31.06,32.41,30.2,30.13,31.56,31.26,33.53,33.75,30.74,30.93
3/7/25 17:00,768,12.84,34.61,31.66,31.64,29.14,29.21,28.72,31.83,29.96,29.11,28.6,29.38,29.3,30.21,28.72,28.66,29.67,29.42,32.62,32.9,29.46,29.56
3/7/25 17:30,769,12.68,32.09,30.18,30.44,28.06,27.98,27.42,30.3,28.33,27.52,27.26,27.78,27.76,28.61,27.32,27.26,27.93,27.82,31.16,31.08,27.82,27.95
3/7/25 18:00,770,12.54,29.41,27.74,27.79,26,25.98,25.5,26.45,25.92,25.66,25.62,25.84,25.82,26.19,25.7,25.67,25.97,25.99,27.54,27.53,26.18,26.28
3/7/25 18:30,771,12.39,26.95,24.74,24.75,23.79,23.83,23.35,23.65,23.62,23.64,23.61,23.71,23.75,23.76,23.65,23.63,23.75,23.78,24.43,24.46,24.04,24.08
3/7/25 19:00,772,12.36,24.93,23.48,23.46,22.76,22.78,22.42,22.64,22.64,22.67,22.69,22.82,22.86,22.85,22.85,22.83,22.88,22.91,23.41,23.43,23.17,23.18
3/7/25 19:30,773,12.36,23.8,22.95,22.96,22.45,22.48,22.11,22.3,22.28,22.3,22.37,22.46,22.49,22.48,22.5,22.47,22.53,22.56,22.99,23.01,22.8,22.83
3/7/25 20:00,774,12.35,22.95,22.3,22.32,21.86,21.9,21.57,21.71,21.74,21.76,21.8,21.91,21.96,21.95,21.95,21.93,21.99,22.03,22.35,22.37,22.22,22.23
3/7/25 20:30,775,12.33,22.43,21.93,21.93,21.42,21.45,21.19,21.31,21.3,21.32,21.4,21.48,21.52,21.48,21.51,21.49,21.56,21.59,21.86,21.88,21.76,21.76
3/7/25 21:00,776,12.3,22.06,21.73,21.75,21.33,21.34,21.1,21.17,21.17,21.2,21.3,21.35,21.4,21.31,21.38,21.37,21.46,21.5,21.66,21.68,21.64,21.65
3/7/25 21:30,777,12.29,21.7,21.38,21.36,20.96,20.98,20.75,20.91,20.85,20.87,20.98,21.05,21.1,21.03,21.11,21.09,21.17,21.21,21.41,21.44,21.33,21.33
3/7/25 22:00,778,12.3,21.46,20.82,20.83,20.43,20.46,20.18,20.33,20.29,20.32,20.39,20.47,20.51,20.48,20.53,20.51,20.59,20.62,20.9,20.93,20.76,20.78
3/7/25 22:30,779,12.29,20.79,20.39,20.4,20.11,20.13,19.88,19.96,19.9,19.95,20.07,20.16,20.21,20.1,20.19,20.19,20.26,20.31,20.47,20.52,20.44,20.47
3/7/25 23:00,780,12.28,19.86,19.54,19.56,19.45,19.47,19.2,19.25,19.18,19.23,19.36,19.44,19.5,19.36,19.43,19.42,19.49,19.52,19.82,19.85,19.71,19.73
3/7/25 23:30,781,12.27,19.07,19.14,19.17,19.01,19.14,18.73,18.78,18.55,18.66,18.96,18.82,19.01,18.7,18.93,18.93,19.01,19.05,19.3,19.39,19.21,19.28
3/8/25 0:00,782,12.26,18.66,18.59,18.63,18.56,18.7,18.15,18.3,18.09,18.2,18.52,18.29,18.53,18.29,18.46,18.46,18.61,18.68,18.77,18.9,18.71,18.75
3/8/25 0:30,783,12.25,18.01,17.69,17.72,17.67,17.76,17.13,17.37,17.11,17.23,17.43,17.24,17.38,17.35,17.36,17.34,17.59,17.64,17.92,18.01,17.66,17.71
3/8/25 1:00,784,12.25,17.36,17.34,17.36,17.27,17.33,16.91,17.03,16.9,16.95,17.17,17.02,17.12,16.97,17.21,17.2,17.29,17.36,17.56,17.63,17.38,17.41
3/8/25 1:30,785,12.23,16.96,17,17.01,16.88,16.97,16.72,16.69,16.69,16.72,16.96,16.72,16.85,16.52,16.93,16.91,17.01,17.07,16.92,16.95,17.1,17.11
3/8/25 2:00,786,12.22,16.62,16.7,16.73,16.63,16.69,16.21,16.54,16.25,16.31,16.63,16.46,16.59,16.29,16.68,16.67,16.79,16.85,16.97,17.07,16.83,16.88
3/8/25 2:30,787,12.22,16.34,16.44,16.45,16.39,16.48,16.12,16.28,16.09,16.13,16.39,16.29,16.4,16.14,16.41,16.4,16.5,16.53,16.65,16.7,16.58,16.63
3/8/25 3:00,788,12.2,16.25,16.59,16.59,16.63,16.65,16.34,16.47,16.19,16.2,16.45,16.58,16.66,16.53,16.65,16.63,16.72,16.74,17.08,17.12,16.81,16.82
3/8/25 3:30,789,12.2,16.16,16.85,16.85,17.21,17.24,16.78,16.72,16.44,16.47,16.56,16.59,16.69,16.88,16.81,16.79,17,17.03,17.36,17.39,17.07,17.09
3/8/25 4:00,790,12.19,16.09,16.89,16.91,17.18,17.2,16.87,16.8,16.59,16.61,16.7,16.82,16.86,16.94,16.87,16.86,16.99,17.01,17.38,17.43,17.04,17.07
3/8/25 4:30,791,12.19,16.14,17.22,17.23,17.53,17.53,17.25,17.1,16.82,16.89,17.02,17.2,17.28,17.19,17.21,17.2,17.27,17.3,17.55,17.58,17.27,17.31
3/8/25 5:00,792,12.18,16.26,17.67,17.69,18.25,18.24,18.02,17.66,17.3,17.41,17.68,17.81,17.86,17.72,17.78,17.78,17.69,17.71,17.85,17.9,17.73,17.76
3/8/25 5:30,793,12.18,16.32,17.58,17.61,18.13,18.15,17.9,17.52,17.28,17.41,17.72,17.73,17.81,17.6,17.76,17.78,17.6,17.63,17.62,17.7,17.82,17.83
3/8/25 6:00,794,12.17,16.46,17.56,17.58,18.02,18.06,17.89,17.51,17.22,17.42,17.78,17.92,18.02,17.64,17.79,17.8,17.53,17.53,17.58,17.66,17.83,17.85
3/8/25 6:30,795,12.16,16.54,17.55,17.58,18.14,18.22,17.74,17.46,17.3,17.46,17.78,17.81,17.95,17.51,17.83,17.83,17.64,17.65,17.46,17.54,17.98,17.99
3/8/25 7:00,796,12.15,16.52,18.19,18.21,18.74,18.8,18.58,18.12,17.97,18.1,18.71,18.34,18.47,18.06,18.58,18.58,18.49,18.46,18.55,18.57,18.82,18.7
3/8/25 7:30,797,12.24,16.94,20.15,20.23,20.11,20.1,20.46,20.5,19.99,20.01,20.64,20.76,20.62,20.5,20.75,20.72,20.97,20.85,20.86,20.96,20.8,20.56
3/8/25 8:00,798,12.58,18.09,21.84,22.01,21.18,21.15,21.75,22.06,21.18,21.24,21.68,22.01,21.83,22.12,21.58,21.59,22.42,22.39,21.99,22.02,21.79,21.6
3/8/25 8:30,799,12.91,19.6,23.33,23.47,22.26,22.18,22.97,23.09,22.06,22.19,22.6,23.05,22.82,23.34,22.88,22.92,23.27,23.18,23.06,22.9,22.59,22.46
3/8/25 9:00,800,13.08,21.61,24.95,25.26,23.91,23.8,25,24.78,23.58,23.72,24.14,24.73,24.52,24.99,24.52,24.43,24.99,25.06,24.77,24.51,24.19,24.02
3/8/25 9:30,801,13.05,23.17,24.68,24.86,23.82,23.81,24.53,23.94,23.67,23.86,24.42,24.65,24.38,24.64,24.85,24.76,24.8,24.63,24.56,24.39,24.42,24.24
3/8/25 10:00,802,13.15,24.5,27.92,28.22,27.2,27.04,29.05,27.24,26.59,26.73,28.17,28.26,27.98,28.94,28.71,28.37,28.62,28.18,28.53,27.94,27.61,27.11
3/8/25 10:30,803,13.14,28.02,29.72,29.87,28.94,28.9,30.26,28.77,28.56,28.67,29.99,30.21,29.83,30.12,29.6,29.55,30.49,30.16,30.2,29.68,29.77,29.64
3/8/25 11:00,804,13.14,31.64,31.58,31.66,30.33,30.04,31.2,30.59,30.21,30.26,31.72,32.47,31.75,31.43,32.2,32.09,32.11,31.72,32.38,32.13,32.01,31.64
3/8/25 11:30,805,13.15,34.63,34.3,34.12,31.79,31.67,31.99,32.3,31.66,31.65,32.79,33.13,32.5,32.63,32.65,32.57,33.12,33.09,32.77,32.46,32.77,32.51
3/8/25 12:00,806,13.15,36.76,34.88,34.67,32.62,32.34,32.53,32.92,32.89,32.87,33.71,34.21,33.48,33.43,33.89,33.79,34.59,34.6,34.19,34.05,33.78,33.8
3/8/25 12:30,807,13.13,38.99,36.13,36.03,33.96,33.8,33.68,34.07,33.96,34.31,35.03,35.6,34.86,34.9,34.99,34.93,35.78,35.67,35.45,35.37,34.98,35.07
3/8/25 13:00,808,13.14,40.78,36.63,37.02,34.96,34.61,34.05,34.09,34.39,34.6,35.45,36.63,35.79,35.35,35.23,35.31,35.78,35.77,35.91,36.03,35.38,35.66
3/8/25 13:30,809,13.1,41.73,36.17,36.19,34.51,34.43,34.17,33.92,34.38,34.61,35.33,36.11,35.45,35.2,34.91,35.02,35.77,35.58,35.8,35.89,35.35,35.45
3/8/25 14:00,810,13.08,40.2,36.11,36.15,34.48,34.28,34.63,33.8,33.89,34.27,34.39,35.13,34.67,34.95,34.39,34.36,35.44,35.15,35.44,35.32,34.75,34.76
3/8/25 14:30,811,13.11,39.42,37.73,37.63,35.65,35.41,35.63,35.69,35.22,35.63,36.52,37.71,37.04,36.91,36.35,36.4,37.76,37.45,36.93,36.74,36.19,36.12
3/8/25 15:00,812,13.09,40.86,37.15,36.9,35.36,35.37,36.53,35.79,35.26,35.88,36.73,38.21,37.33,36.64,36.28,36.33,37.8,36.98,37.4,37.11,36.61,36.8
3/8/25 15:30,813,13.11,42.06,38.98,38.78,36.7,36.94,38.14,37.37,36.23,36.69,37.14,39.86,38.6,37.91,37.52,37.64,38.75,38.21,38.09,37.68,37.45,37.59
3/8/25 16:00,814,13.11,42.63,37.48,37.02,35.62,35.73,36.63,36.35,35.75,36.12,36.54,38.87,37.88,36.89,36.91,36.96,37.79,37.37,36.99,36.75,36.76,36.65
3/8/25 16:30,815,13.01,41.99,37.07,36.43,35.55,35.56,36.45,35.54,35.36,35.65,36.01,38.56,38.11,37.2,36.34,36.4,36.96,36.63,36.57,36.39,36.13,36.2
3/8/25 17:00,816,12.82,40.42,36.56,36.1,35.75,35.8,36.63,36.41,35.56,35.85,35.34,37.17,36.75,36.79,35.47,35.55,36.41,35.93,36.83,36.42,35.49,35.65
3/8/25 17:30,817,12.58,38.26,35.19,35.21,35.01,34.65,35.19,36.41,34.7,34.91,34.66,35.52,35.26,35.18,34.51,34.57,34.62,34.54,36.04,35.49,34.64,34.73
3/8/25 18:00,818,12.43,35.52,33.82,34.08,33.64,33.23,33.84,35.3,33.57,33.73,33.58,34.07,34.07,34.05,33.33,33.42,33.3,33.27,34.44,33.96,33.5,33.61
3/8/25 18:30,819,12.39,32.32,31.72,31.75,31.5,31.19,31.67,32.9,31.1,31.23,31.59,31.67,31.69,31.7,31.35,31.48,31.37,31.16,32.34,31.96,31.61,31.61
3/8/25 19:00,820,12.36,29.53,28.28,28.32,28.26,28.29,28.01,27.96,27.91,27.94,28.27,28.26,28.32,28.09,28.16,28.2,28.16,28.21,28.76,28.74,28.5,28.53
3/8/25 19:30,821,12.37,27.12,25.49,25.51,25.44,25.48,25.05,25.08,25.18,25.22,25.35,25.37,25.45,25.22,25.29,25.3,25.35,25.42,25.78,25.83,25.67,25.73
3/8/25 20:00,822,12.35,25.06,24.6,24.65,24.65,24.69,24.37,24.17,24.19,24.31,24.52,24.56,24.66,24.37,24.43,24.43,24.46,24.52,24.69,24.76,24.76,24.81
3/8/25 20:30,823,12.35,23.61,23.66,23.71,23.92,23.97,23.55,23.33,23.28,23.39,23.62,23.65,23.74,23.43,23.54,23.54,23.5,23.57,23.9,23.99,23.8,23.89
3/8/25 21:00,824,12.32,22.5,22.7,22.74,22.99,22.98,22.64,22.4,22.85,22.35,22.51,22.66,22.76,22.58,22.65,22.64,22.73,22.77,23.13,23.17,22.84,22.91
3/8/25 21:30,825,12.32,21.52,21.45,21.51,21.84,21.97,21.38,21.21,23.51,21.3,21.52,21.48,21.68,21.31,21.73,21.74,21.72,21.77,21.87,21.91,21.85,21.86
3/8/25 22:00,826,12.3,20.45,20.75,20.79,21.08,21.17,20.63,20.37,20.37,20.47,20.71,20.61,20.75,20.6,20.84,20.87,20.91,20.98,21.11,21.19,21.09,21.14
3/8/25 22:30,827,12.28,19.68,19.79,19.84,20.35,20.49,19.74,19.69,19.38,19.57,19.87,20.12,20.42,19.71,20.43,20.47,20.26,20.33,20.55,20.7,20.3,20.37
3/8/25 23:00,828,12.28,18.99,19.18,19.24,19.98,20.07,19.1,19.1,18.64,18.87,19.15,19.56,19.73,19.2,19.77,19.78,19.42,19.5,19.78,19.91,19.53,19.63
3/8/25 23:30,829,12.27,18.41,19.28,19.31,19.82,19.99,19.55,19.32,19.21,19.37,19.42,19.71,19.92,19.26,19.93,19.94,19.79,19.87,19.68,19.72,19.87,19.91
3/9/25 0:00,830,12.26,18.21,19.13,19.16,19.49,19.64,19.21,19.15,19.12,19.22,19.35,19.47,19.67,19.07,19.58,19.61,19.49,19.59,19.33,19.42,19.58,19.61
3/9/25 0:30,831,12.25,17.8,18,18.05,18.71,18.82,18.18,17.96,17.75,17.92,18.13,18.42,18.59,17.98,18.5,18.53,18.23,18.28,18.18,18.35,18.35,18.4
3/9/25 1:00,832,12.24,17.16,17.46,17.49,18.34,18.41,17.7,17.26,17.06,17.2,17.38,17.66,17.79,17.68,17.44,17.43,17.44,17.48,17.94,18.02,17.49,17.53
3/9/25 1:30,833,12.24,16.44,17,17.06,18.04,18.08,17.44,16.71,16.71,16.9,16.95,17.03,17.16,17.3,16.84,16.85,17,17.04,17.2,17.3,17.09,17.14
3/9/25 2:00,834,12.22,15.87,16.77,16.82,17.75,17.77,17.13,16.57,16.42,16.66,16.78,17.16,17.3,16.92,17.16,17.17,16.79,16.81,16.75,16.9,17,17.02
3/9/25 2:30,835,12.22,15.48,16.36,16.39,17.41,17.46,16.93,16.43,16.26,16.44,16.68,17.03,17.21,16.53,16.97,17.01,16.55,16.59,16.53,16.65,16.79,16.82
3/9/25 3:00,836,12.21,15.17,16.64,16.68,17.44,17.47,17.4,16.69,NAN,16.27,16.75,17.19,17.24,16.51,17.02,17.04,16.6,16.64,16.68,16.78,16.93,17.01
3/9/25 3:30,837,12.2,14.87,15.94,15.98,16.98,17.07,16.63,16.21,NAN,16.02,16.15,16.7,16.92,16.16,16.61,16.65,16.43,16.47,16.33,16.44,16.56,16.61
3/9/25 4:00,838,12.19,14.62,15.75,15.79,16.61,16.67,16.36,15.71,NAN,15.42,15.52,16.18,16.3,15.85,16.04,16.03,15.88,15.92,16.29,16.33,16.1,16.17
3/9/25 4:30,839,12.19,14.18,15.65,15.7,16.46,16.46,16.07,15.65,15.38,15.1,15.25,15.96,16.07,15.64,15.86,15.87,15.84,15.86,16.16,16.2,15.81,15.91
3/9/25 5:00,840,12.18,13.89,15.42,15.49,16.1,16.1,15.61,15.28,15.05,15.13,14.94,15.08,15.2,15.67,15.21,15.2,15.2,15.21,15.63,15.66,15.56,15.65
3/9/25 5:30,841,12.17,13.59,14.25,14.28,15.69,15.76,14.95,14.17,NAN,14.5,14.61,14.88,14.98,14.69,15.13,15.18,14.6,14.6,14.65,14.76,14.73,14.76
3/9/25 6:00,842,12.16,13.19,14.38,14.41,15.33,15.32,15.2,14,13.92,14.13,14.53,14.68,14.79,14.44,14.44,14.43,14.29,14.32,14.4,14.53,14.49,14.56
3/9/25 6:30,843,12.16,12.77,14.36,14.43,14.87,14.88,14.9,14.28,14.31,13.98,14.34,14.75,14.83,14.25,14.7,14.69,14.22,14.27,14.42,14.55,14.56,14.64
3/9/25 7:00,844,12.15,12.65,14.18,14.2,14.67,14.69,14.72,14.27,15.19,13.89,15.87,14.64,14.72,14.19,14.9,15.01,14.55,14.58,14.83,14.88,15.42,15.04
3/9/25 7:30,845,12.24,12.77,16.58,16.6,17.1,17.1,17.81,16.87,17.78,16.99,24.55,18.78,18.3,17.15,21.8,21.5,19.07,18.13,18.52,17.98,22.02,19.65
3/9/25 8:00,846,12.92,13.93,19.93,20.19,18.97,18.96,20,19.01,19.83,19.26,21.55,19.79,19.52,19.95,21,20.94,22.97,21.65,20.53,19.95,20.94,20.12
3/9/25 8:30,847,13.16,16.16,22.93,23.49,20.7,20.48,23.14,22.09,20.39,20.53,23.55,21.32,21.2,22.94,23.01,22.88,24.76,23.58,23.06,22.3,21.16,20.95
3/9/25 9:00,848,13.16,18.78,23.91,24.59,22.13,21.87,24.35,22.86,21.91,22.01,22.68,23.06,22.96,23.43,24.43,24.06,24.1,23.77,24.05,23.02,23.13,22.69
3/9/25 9:30,849,13.17,21.35,25.23,25.73,23.61,23.37,25.5,23.69,23.33,23.44,24.76,24.49,24.26,24.87,25.57,25.2,25.33,25.22,25.01,24.07,24.68,24.1
3/9/25 10:00,850,13.18,23.86,25.77,26.16,24.4,24.32,25.58,24.63,24.15,24.24,25.5,25.57,25.54,25.73,25.84,25.63,26.09,25.93,25.64,25.4,25.37,24.91
3/9/25 10:30,851,13.16,26.4,27.9,28.18,26.8,26.57,27.57,26.7,26.17,26.37,27.48,28.11,27.81,28.13,27.42,27.51,28.75,28.52,28.14,27.59,27.67,27.36
3/9/25 11:00,852,13.16,29.67,29.67,29.61,28.18,27.78,28.79,28.39,28.29,28.21,29.56,30.41,29.8,29.31,29.51,29.26,30.02,29.86,29.89,29.46,29.59,29.48
3/9/25 11:30,853,13.13,32.75,31.65,31.44,29.58,29.49,30.42,30.26,29.77,29.79,31.21,31.44,30.86,30.51,31.02,30.83,31.31,31.19,30.99,30.77,30.95,30.83
3/9/25 12:00,854,13.13,35.15,33.09,32.84,30.97,30.58,31.15,31.28,31.21,31.16,32.09,32.65,31.99,31.88,32.39,32.19,33.3,33.17,32.63,32.64,32.17,32.19
3/9/25 12:30,855,13.15,37.16,34.43,34.56,32.29,32.04,31.62,31.79,31.89,32.17,32.86,33.26,32.57,32.73,32.96,32.94,34.07,34.01,33.41,33.28,32.77,33.07
3/9/25 13:00,856,13.14,38.7,34.68,35.27,32.96,32.91,31.92,32.31,32.65,32.95,34.19,34.78,34.15,32.92,33.62,33.98,33.87,33.78,33.68,33.71,33.53,33.98
3/9/25 13:30,857,13.12,40.16,35.7,35.87,33.98,34.12,32.63,33.1,33.24,33.58,35.46,35.8,34.89,34.45,33.98,34.26,35.09,34.73,35.21,35.5,34.35,34.67
3/9/25 14:00,858,13.12,41.32,36.13,35.95,33.82,33.71,32.93,33.93,33.55,33.93,36.3,37.18,36.62,34.03,34.91,35.22,35.13,34.99,35.04,35.01,35.25,35.59
3/9/25 14:30,859,13.12,42.1,37.32,36.98,34.39,34.4,33.55,34.97,34.28,34.63,36.83,38.23,37.18,35.74,35.26,35.38,36.55,36.22,35.99,35.92,35.67,35.71
3/9/25 15:00,860,13.12,42.26,35.83,35.44,33.4,33.31,33.4,34.52,33.42,33.47,34.74,36.04,35.26,34.38,33.98,34.06,35.65,35.09,35.99,35.86,34.76,34.88
3/9/25 15:30,861,13.16,41.56,34.74,34.32,31.63,32,31.48,34.35,32.36,32,32.56,34.75,33.86,32.85,32.87,32.98,33.78,33.43,35.44,35.25,33.88,34
3/9/25 16:00,862,13.13,40.45,34.81,34.38,32.36,32.55,32.54,33.57,32.5,32.37,32.76,35.39,34.52,33.71,33.13,33.19,33.88,33.57,34.37,34.15,33.59,33.44
3/9/25 16:30,863,13.02,38.84,32.42,32.09,30.84,30.89,30.65,31.03,31.03,31.2,31.54,34.03,33.48,32.03,31.68,31.74,31.71,31.49,31.94,31.84,31.76,31.79
3/9/25 17:00,864,12.87,36.16,31.22,31.16,29.87,29.97,30.22,31.62,30.33,30.45,30.35,32,31.64,30.66,30.5,30.56,30.59,30.41,31.58,31.14,30.43,30.55
3/9/25 17:30,865,12.63,33.17,30.15,30.2,29.65,29.49,29.47,31.21,29.52,29.61,29.41,30.24,30.13,29.85,29.3,29.4,29.25,29.25,30.88,30.35,29.47,29.61
3/9/25 18:00,866,12.45,30.13,28.4,28.36,27.89,27.52,27.83,29.71,28.02,27.92,27.87,28.6,28.67,28.1,27.63,27.72,27.59,27.63,28.98,28.48,27.93,27.98
3/9/25 18:30,867,12.41,26.69,25.22,25.23,24.66,24.39,24.79,26.13,24.49,24.57,24.99,25.08,25.14,24.88,24.87,25.01,24.71,24.45,25.74,25.37,24.99,25
3/9/25 19:00,868,12.37,23.69,21.19,21.25,21.05,21.07,20.62,20.73,20.81,20.83,21.29,21.2,21.28,20.84,21.13,21.15,21.08,21.13,21.76,21.75,21.46,21.47
3/9/25 19:30,869,12.37,21.14,19.32,19.36,19.26,19.3,18.8,18.75,18.93,18.97,19.18,19.24,19.33,19.05,19.14,19.13,19.19,19.25,19.83,19.89,19.56,19.62
3/9/25 20:00,870,12.37,19.08,18.3,18.34,18.28,18.31,17.92,17.85,17.97,18,18.13,18.3,18.37,18.09,18.19,18.21,18.24,18.29,18.8,18.85,18.57,18.63
3/9/25 20:30,871,12.35,17.62,17.16,17.2,17.13,17.16,16.88,16.81,NAN,16.96,17.07,17.25,17.31,17.03,17.11,17.13,17.16,17.21,17.63,17.66,17.44,17.49
3/9/25 21:00,872,12.33,16.32,16.15,16.18,16.11,16.14,15.9,15.85,15.93,15.94,16.05,16.24,16.29,16.03,16.12,16.13,16.17,16.21,16.6,16.63,16.39,16.43
3/9/25 21:30,873,12.32,15.23,14.97,15.01,14.93,14.96,14.64,14.66,NAN,14.67,14.84,14.99,15.09,14.78,14.96,14.96,15.03,15.09,15.45,15.49,15.19,15.23
3/9/25 22:00,874,12.31,13.99,14.03,14.05,14.02,14.06,13.76,13.72,NAN,13.74,13.91,14.12,14.2,13.88,14.03,14.02,14.12,14.18,14.58,14.62,14.29,14.32
3/9/25 22:30,875,12.3,13.35,13.92,13.96,13.89,13.92,13.7,13.68,13.68,13.69,13.86,14.07,14.14,13.86,13.98,13.99,14.02,14.06,14.43,14.46,14.23,14.26
3/9/25 23:00,876,12.29,13.09,13.75,13.79,13.75,13.77,13.56,13.49,13.53,13.55,13.71,13.93,13.98,13.72,13.8,13.81,13.86,13.91,14.24,14.28,14.07,14.1
3/9/25 23:30,877,12.26,12.83,13.65,13.7,13.65,13.68,13.46,13.39,13.43,13.46,13.62,13.8,13.85,13.62,13.68,13.69,13.73,13.77,14.13,14.19,13.95,13.99
3/10/25 0:00,878,12.25,12.69,13.21,13.25,13.19,13.21,12.96,12.91,NAN,12.97,13.14,13.32,13.39,13.14,13.27,13.27,13.32,13.36,13.67,13.7,13.49,13.53
3/10/25 0:30,879,12.24,12.41,13.04,13.06,13.01,13.03,12.77,12.72,NAN,12.77,12.96,13.1,13.16,12.94,13.03,13.03,13.08,13.12,13.5,13.55,13.31,13.35
3/10/25 1:00,880,12.23,12.1,12.58,12.61,12.51,12.53,12.17,12.31,NAN,12.28,12.51,12.61,12.71,12.45,12.59,12.59,12.69,12.75,13.03,13.08,12.87,12.9
3/10/25 1:30,881,12.22,11.7,12.16,12.18,11.97,12.02,11.62,11.8,11.71,11.73,12.01,12.04,12.16,11.8,11.9,11.9,12.04,12.07,12.34,12.38,12.26,12.31
3/10/25 2:00,882,12.22,11.66,12.2,12.18,11.84,11.86,11.67,11.78,11.74,11.74,11.92,12.04,12.08,11.81,11.93,11.9,12.08,12.12,12.21,12.22,12.16,12.15
3/10/25 2:30,883,12.21,12.22,12.5,12.49,12.16,12.16,12.02,12.17,12.01,12.01,12.25,12.36,12.4,12.18,12.29,12.25,12.4,12.43,12.53,12.57,12.47,12.46
3/10/25 3:00,884,12.2,12.99,12.8,12.77,12.42,12.42,12.26,12.42,12.25,12.26,12.49,12.58,12.6,12.42,12.5,12.46,12.61,12.65,12.75,12.78,12.68,12.67
3/10/25 3:30,885,12.18,13.51,12.97,12.95,12.57,12.58,12.39,12.51,12.43,12.44,12.59,12.7,12.73,12.54,12.62,12.59,12.74,12.76,12.84,12.86,12.83,12.83
3/10/25 4:00,886,12.17,13.33,12.57,12.6,12.31,12.35,12.08,11.98,12.17,12.19,12.32,12.36,12.41,12.17,12.33,12.32,12.5,12.56,12.49,12.52,12.56,12.57
3/10/25 4:30,887,12.18,12.5,12.03,12.07,11.93,11.97,11.69,11.52,11.69,11.75,11.91,12.02,12.09,11.77,11.94,11.94,12,12.03,11.97,12.05,12.19,12.22
3/10/25 5:00,888,12.18,11.42,11.19,11.23,11.14,11.21,10.85,10.71,10.92,10.99,11.14,11.15,11.26,10.83,11.11,11.11,11.2,11.29,11.07,11.11,11.36,11.38
3/10/25 5:30,889,12.17,10.53,10.07,10.11,9.99,10.08,9.59,9.6,NAN,9.82,10.06,9.91,10.08,9.58,9.97,9.97,10.12,10.2,10.13,10.18,10.28,10.35
3/10/25 6:00,890,12.14,9.6,9.34,9.4,9.48,9.52,8.74,8.74,NAN,8.76,8.94,8.95,9.07,9.02,8.93,8.9,9.18,9.23,9.76,9.88,9.34,9.45
3/10/25 6:30,891,12.15,9.02,8.98,9.02,9.11,9.11,8.57,8.57,NAN,8.53,8.73,8.77,8.87,8.92,8.44,8.43,8.72,8.77,9.42,9.56,9.06,9.18
3/10/25 7:00,892,12.13,8.6,8.78,8.8,8.85,8.88,8.73,8.61,NAN,8.43,10.06,9.12,9.17,8.71,9.22,9.36,9.05,9.05,9.54,9.57,10.31,9.7
3/10/25 7:30,893,12.25,8.7,11.5,11.56,12.55,12.39,12.4,11.27,NAN,11.53,14.91,13.03,12.44,11.98,13.63,13.51,13.9,13.45,13.21,12.78,15.15,13.25
3/10/25 8:00,894,12.99,9.93,14.89,15.01,13.6,13.53,14.86,14.01,NAN,14.01,15.57,14.64,14.49,14.97,15.69,15.48,18.23,17.11,15.96,15.02,15.7,14.89
3/10/25 8:30,895,13.16,11.86,17.41,17.91,16.08,15.98,18.56,17.34,15.46,15.68,18.36,16.91,16.63,18.64,19.06,18.71,19.27,18.1,18.41,17.69,16.5,16.41
3/10/25 9:00,896,13.16,14.06,18.71,19.56,17.38,17.18,18.92,18.61,16.95,17.01,17.03,17.88,17.76,18.54,18.76,18.45,18.89,18.72,19.2,18.17,17.9,17.44
3/10/25 9:30,897,13.16,16.51,20.35,21.03,18.55,18.24,20.17,19.07,18.17,18.3,19.58,19.68,19.47,20.34,20.44,20.17,20.22,20.34,20.33,19.47,19.88,19.36
3/10/25 10:00,898,13.15,19.25,21.06,21.3,19.74,19.42,21.53,19.89,19.28,19.51,21.32,21.16,20.97,21.43,22.27,22.01,21.31,20.95,21.26,20.57,21.18,20.49
3/10/25 10:30,899,13.15,22.16,22.87,22.89,21.28,21.05,22.03,21.87,20.73,20.81,22.56,23.11,22.9,22.6,21.7,21.71,23.18,22.65,22.62,22.05,22.4,22.01
3/10/25 11:00,900,13.14,25.11,24.61,24.41,22.96,22.59,23.27,24.36,22.64,22.49,23.94,25.36,24.58,24.27,23.61,23.39,23.94,24.02,24.96,24.86,23.57,23.26
3/10/25 11:30,901,13.15,27.94,26.44,26.3,24.31,23.86,24.82,26.73,24.18,23.97,25.39,26.68,25.88,25.48,25.72,25.67,25.21,25.49,25.3,25.25,25.69,25.55
3/10/25 12:00,902,13.14,30.38,28.15,27.8,25.29,25.06,25.2,27.38,25.54,25.41,27.15,27.99,26.79,26.51,26.84,26.85,27.14,27.24,26.69,26.73,26.89,26.78
3/10/25 12:30,903,13.13,32.65,30.27,30.31,25.76,25.67,24.79,30.45,27.46,25.96,28.32,27.38,26.83,27.77,27.25,27.31,27.59,27.78,29.76,30.27,27.81,28.16
3/10/25 13:00,904,13.13,34.34,31.54,32.25,27.35,27.38,25.83,30.8,27.78,26.68,28.41,28.65,27.86,28.85,27.96,28.09,28.35,28.44,30.71,31.61,28.43,28.97
3/10/25 13:30,905,13.13,35.41,31.26,31.38,26.98,26.99,25.13,29.43,27.52,26.45,27.99,28.56,28.01,28.54,27.49,27.7,28.22,28.27,30.7,31.29,29.23,29.51
3/10/25 14:00,906,13.13,35.94,32.23,32.08,27.25,27.23,25.22,30.1,27.72,27.01,27.8,29.11,28.86,28.92,27.47,27.54,28.87,29.04,31.62,32.22,28.83,29.26
3/10/25 14:30,907,13.12,35.86,33.02,33.04,27.33,27.55,25.45,29.85,27.23,26.84,27.27,28.41,27.91,28.6,27.09,27.14,28.58,28.52,31.35,31.68,28.04,28.52
3/10/25 15:00,908,13.13,35.24,32.07,31.6,26.66,26.92,25.82,29.66,27.19,26.57,26.36,27.81,27.23,27.89,26.24,26.31,28.18,27.97,30.52,30.61,27.3,27.7
3/10/25 15:30,909,13.12,34.44,30.72,30.23,25.85,26.23,25.09,27.6,25.92,25.22,25.19,27.18,26.59,27.32,25.82,25.8,27.44,27.16,29.82,29.73,26.53,26.85
3/10/25 16:00,910,13.12,32.9,30.02,29.44,25.45,25.74,24.99,26.95,25.54,24.96,24.71,26.74,26.14,27.06,25.17,25.18,26.81,26.5,28.22,27.98,25.64,25.76
3/10/25 16:30,911,13.09,31.36,29.05,28.49,24.63,24.7,24.23,25.79,24.56,24.3,24.02,25.61,25.23,26.4,24.32,24.3,25.89,25.62,27.72,28.1,24.84,24.95
3/10/25 17:00,912,12.88,29.34,27.26,26.85,24.07,24.31,23.43,28.13,25.05,23.93,23.38,24.26,24.11,25.37,23.57,23.52,24.72,24.39,28.56,28.46,24.26,24.44
3/10/25 17:30,913,12.63,27.07,26.42,26.86,23.92,23.82,22.96,27.63,24.45,23.18,22.76,23.33,23.35,24.7,22.82,22.83,23.59,23.53,28.41,28.08,23.51,23.57
3/10/25 18:00,914,12.42,24.59,24.72,25.14,22.73,22.44,22.05,25.57,22.91,21.8,21.52,22.12,22.21,23.3,21.56,21.54,22.33,22.37,26.42,26.09,22.14,22.18
3/10/25 18:30,915,12.36,21.84,22.22,22.23,20.6,20.2,19.94,22.42,20.05,19.74,19.66,20,20.07,20.73,19.69,19.66,20.46,20.24,23.59,23.26,20.25,20.23
3/10/25 19:00,916,12.32,19.54,18.58,18.61,17.88,17.92,17.44,17.68,17.55,17.57,17.71,17.8,17.86,17.73,17.64,17.62,17.77,17.78,18.53,18.59,18.09,18.12
3/10/25 19:30,917,12.34,17.78,17.14,17.16,16.75,16.79,16.38,16.45,16.47,16.52,16.65,16.75,16.82,16.67,16.64,16.64,16.69,16.72,17.17,17.18,17.09,17.12
3/10/25 20:00,918,12.32,16.54,16.22,16.26,15.88,15.92,15.57,15.61,15.64,15.69,15.81,15.92,15.98,15.83,15.78,15.78,15.81,15.84,16.27,16.29,16.21,16.23
3/10/25 20:30,919,12.3,15.71,15.53,15.54,15.19,15.24,14.91,14.96,14.98,15.02,15.16,15.25,15.31,15.12,15.11,15.11,15.16,15.18,15.54,15.57,15.51,15.53
3/10/25 21:00,920,12.3,14.93,15.01,15.04,14.66,14.7,14.4,14.47,14.47,14.52,14.67,14.78,14.83,14.64,14.67,14.67,14.72,14.75,15.04,15.09,15.02,15.03
3/10/25 21:30,921,12.29,14.32,14.43,14.44,14.16,14.2,13.92,13.98,13.95,14,14.15,14.28,14.33,14.16,14.18,14.18,14.21,14.25,14.58,14.62,14.52,14.53
3/10/25 22:00,922,12.27,13.81,14,14.05,13.72,13.75,13.51,13.57,13.53,13.58,13.72,13.86,13.92,13.77,13.78,13.77,13.81,13.83,14.15,14.19,14.11,14.12
3/10/25 22:30,923,12.26,13.43,13.62,13.66,13.37,13.4,13.16,13.25,13.18,13.23,13.37,13.5,13.55,13.4,13.42,13.41,13.46,13.5,13.82,13.86,13.77,13.79
3/10/25 23:00,924,12.24,13.07,13.35,13.38,13.07,13.1,12.86,12.93,12.87,12.92,13.09,13.21,13.27,13.12,13.14,13.13,13.18,13.22,13.52,13.56,13.49,13.5
3/10/25 23:30,925,12.24,12.72,13.23,13.24,12.96,13,12.74,12.79,12.73,12.78,12.95,13.06,13.12,12.92,12.94,12.94,12.98,13.01,13.28,13.32,13.29,13.31
3/11/25 0:00,926,12.23,12.43,12.96,13.01,12.77,12.81,12.49,12.5,12.47,12.56,12.76,12.85,12.96,12.54,12.8,12.81,12.9,12.95,12.92,12.99,13.08,13.1
3/11/25 0:30,927,12.23,12.02,12.18,12.22,11.93,12.05,11.57,11.66,11.72,11.79,12.05,11.81,11.98,11.61,11.87,11.87,12.08,12.17,12.1,12.18,12.22,12.29
3/11/25 1:00,928,12.22,11.48,11.64,11.65,11.58,11.64,11.16,11.34,11.11,11.19,11.46,11.46,11.61,11.35,11.39,11.4,11.53,11.59,11.96,12.05,11.77,11.84
3/11/25 1:30,929,12.2,11.43,12.19,12.23,12.01,12.05,11.78,11.77,11.72,11.8,12,12.07,12.16,11.82,11.96,11.96,12.03,12.07,12.15,12.21,12.25,12.27
3/11/25 2:00,930,12.18,11.36,11.12,11.15,10.95,11.07,10.63,10.66,10.72,10.78,11,10.81,10.97,10.57,10.87,10.87,11.09,11.16,11.1,11.15,11.22,11.25
3/11/25 2:30,931,12.18,10.84,10.49,10.51,10.3,10.34,9.69,10.1,9.81,9.93,10.1,9.97,10.08,10.11,9.96,9.95,10.31,10.38,10.8,10.9,10.39,10.51
3/11/25 3:00,932,12.17,10.11,10.03,10.04,9.99,10.02,9.4,9.72,9.32,9.47,9.68,9.59,9.69,9.73,9.55,9.52,9.85,9.9,10.5,10.61,10,10.12
3/11/25 3:30,933,12.16,10.03,10.73,10.71,10.33,10.36,10.04,10.65,10.21,10.23,10.6,10.66,10.75,10.34,10.54,10.51,10.66,10.62,10.95,10.97,10.78,10.8
3/11/25 4:00,934,12.14,11.03,11.06,11.06,10.66,10.69,10.36,10.84,10.58,10.58,10.91,10.84,10.92,10.76,10.78,10.77,10.96,10.98,11.38,11.46,11.09,11.11
3/11/25 4:30,935,12.14,11.28,10.86,10.87,10.59,10.63,10.28,10.71,10.52,10.56,10.83,10.84,10.97,10.61,10.75,10.74,10.89,10.94,11.2,11.26,11.06,11.1
3/11/25 5:00,936,12.14,10.96,10.27,10.3,10.11,10.13,9.75,10,9.92,9.92,10.22,10.2,10.33,10.01,10.1,10.09,10.21,10.24,10.67,10.73,10.42,10.44
3/11/25 5:30,937,12.14,10.37,9.96,10,9.81,9.89,9.38,9.55,9.5,9.57,9.81,9.64,9.8,9.54,9.58,9.58,9.78,9.82,10.07,10.23,9.98,10.04
3/11/25 6:00,938,12.12,10.05,10.23,10.24,9.99,10.07,9.69,9.86,9.66,9.74,9.98,9.84,9.97,9.77,9.85,9.82,10.06,10.08,10.36,10.46,10.15,10.17
3/11/25 6:30,939,12.12,10.67,10.91,10.9,10.54,10.54,10.32,10.8,10.53,10.53,10.74,10.78,10.85,10.56,10.6,10.57,10.84,10.86,10.93,10.96,10.92,10.92
3/11/25 7:00,940,12.11,10.9,10.26,10.28,10.08,10.12,9.77,10.16,10,10.01,10.47,10.27,10.39,9.96,10.22,10.23,10.39,10.42,10.46,10.5,10.53,10.49
3/11/25 7:30,941,12.24,10.66,11.46,11.43,11.96,11.84,12.24,11.58,11.58,11.77,17.84,13.02,12.61,11.82,14.89,14.75,14.23,12.42,12.87,12.3,15.4,13.52
3/11/25 8:00,942,13.02,11.32,15.56,15.52,14.52,14.55,15.47,15.52,14.78,14.89,21.44,16,15.8,15.42,18.72,18.57,18.14,16.34,16.21,15.88,17.97,16.66
3/11/25 8:30,943,13.17,13.28,18.79,19.5,17.01,16.87,18.33,19.11,16.56,16.65,18.62,17.96,17.9,18.8,17.9,17.8,18.91,18.67,18.55,18.28,17.12,17.07
3/11/25 9:00,944,13.15,15.54,19.81,20.61,18.56,18.39,20,20.88,18.28,18.3,18.75,19.52,19.42,19.81,19.78,19.53,19.25,19.49,20.25,19.98,18.99,18.65
3/11/25 9:30,945,13.16,17.99,21.16,21.75,19.88,19.57,20.86,21.07,19.51,19.63,20.63,21.02,20.71,21.47,21.09,20.84,21.1,21.18,21.33,21.15,20.59,20.14
3/11/25 10:00,946,13.15,20.68,22.79,23.06,21.52,21.32,22.71,22.76,20.72,20.72,22.47,22.33,22.18,23.25,23.05,22.82,23.29,23.26,23.34,23.15,22.33,21.79
3/11/25 10:30,947,13.15,23.53,24.47,24.66,23.18,22.94,24.09,25.07,22.74,22.8,23.96,24.74,24.33,25.36,24,23.99,25,25,25.14,24.96,24.1,23.99
3/11/25 11:00,948,13.14,26.54,26.45,26.49,24.86,24.64,25.07,26.77,24.71,24.55,25.41,27.33,26.81,26.08,26.14,26.13,26.34,26.62,26.36,26.39,25.79,25.52
3/11/25 11:30,949,13.13,29.33,28.48,28.44,26.57,26.45,26.98,29.48,26.74,26.43,27.24,28.88,28.21,28.09,27.75,27.59,27.72,28.23,27.69,27.89,27.87,27.53
3/11/25 12:00,950,13.12,31.92,30.59,30.46,28.24,28.15,27.91,31.42,27.94,27.6,28.51,30.27,29.53,29.34,28.9,28.84,29.01,29.69,28.85,29.17,29.13,29.02
3/11/25 12:30,951,13.13,33.88,32.32,32.38,30.11,29.85,28.44,31.78,29.32,29.03,29.7,31.17,30.3,31.14,29.45,29.41,30.55,31.03,30.34,30.43,30.13,30.24
3/11/25 13:00,952,13.14,35.59,33.19,34.15,31.47,31.1,29.47,32.81,30.18,29.93,30.3,32.91,31.93,32.43,30.45,30.62,31.38,31.92,31.39,32,30.96,31.17
3/11/25 13:30,953,13.14,36.82,34.58,35.44,31.83,31.57,30.04,31.94,30.5,30.55,30.49,33.24,32.38,32.71,30.68,30.85,32.22,32.84,31.87,32.45,31.52,31.98
3/11/25 14:00,954,13.14,37.6,35.55,35.94,31.85,31.78,30.43,33.44,30.56,30.51,31.35,33.14,32.44,33.17,30.82,30.89,32.43,32.78,32.71,33.22,31.67,32.18
3/11/25 14:30,955,13.12,38.21,36.54,36.68,31.43,31.69,29.71,35.14,30.62,30.28,31.39,32.82,32.11,32.93,30.7,30.58,32.48,32.68,34.32,35.06,31.8,32.12
3/11/25 15:00,956,13.11,38.56,35.71,35.22,31.04,31.45,30.45,35.52,31.36,30.71,31.04,33.11,32.27,33.12,31,30.97,33.26,32.87,35.46,35.82,31.96,32.32
3/11/25 15:30,957,13.12,38.36,35.68,35.59,30.36,30.49,30.79,33.76,30.83,29.99,30.17,32.48,31.65,33,30.77,30.76,33.2,32.99,35.22,35.29,31.73,32.05
3/11/25 16:00,958,13.13,37.44,34.7,34.15,29.82,30.1,29.44,31.72,29.99,29.32,29.27,31.52,30.91,31.74,29.79,29.8,31.75,31.48,33.12,33.28,30.4,30.44
3/11/25 16:30,959,13.04,35.77,33.57,32.92,29.06,29.05,28.76,30.71,29.06,28.62,28.27,30.12,29.77,30.93,28.87,28.85,30.5,30.21,32.5,32.79,29.31,29.39
3/11/25 17:00,960,12.83,33.64,32.4,32.67,29,29.25,28.59,33.5,29.52,28.27,27.86,28.81,28.64,30.05,27.93,27.92,29.2,28.83,33.1,32.91,28.59,28.69
3/11/25 17:30,961,12.6,31.16,31.18,31.44,28.12,27.9,27.48,31.43,28.47,27.32,26.78,27.22,27.2,28.76,26.79,26.76,27.69,27.67,32.31,32.16,27.39,27.47
3/11/25 18:00,962,12.42,28.42,28.55,28.43,26.44,26.11,25.86,29.97,27.03,25.85,25.52,25.9,25.96,26.99,25.52,25.5,26.22,26.34,30.29,29.78,26.12,26.16
3/11/25 18:30,963,12.36,25.6,25.98,25.92,24.45,24.05,24.19,26.74,24.2,23.74,23.69,23.96,24.03,24.62,23.5,23.48,24.25,24.07,27.7,27.57,24.22,24.2
3/11/25 19:00,964,12.34,23.2,22.01,22.03,21.54,21.58,21.19,21.38,21.27,21.32,21.44,21.51,21.56,21.44,21.35,21.34,21.4,21.43,22.06,22.1,21.81,21.84
3/11/25 19:30,965,12.34,21.3,20.58,20.62,20.3,20.34,20.03,20.06,20.1,20.16,20.27,20.35,20.41,20.26,20.25,20.25,20.28,20.31,20.7,20.73,20.67,20.69
3/11/25 20:00,966,12.33,20,19.83,19.86,19.69,19.73,19.48,19.45,19.47,19.53,19.67,19.75,19.8,19.64,19.7,19.7,19.72,19.75,20.05,20.08,20.06,20.08
3/11/25 20:30,967,12.31,19.02,19.28,19.32,19.21,19.24,19.02,18.98,19,19.04,19.18,19.26,19.31,19.13,19.18,19.2,19.2,19.24,19.63,19.68,19.52,19.56
3/11/25 21:00,968,12.31,18.24,18.71,18.74,18.63,18.66,18.44,18.39,18.41,18.47,18.61,18.73,18.78,18.58,18.65,18.66,18.67,18.72,19.02,19.07,19,19.03
3/11/25 21:30,969,12.3,17.57,17.94,18,17.91,17.94,17.86,17.76,17.76,17.83,18.02,18.16,18.21,17.99,18.11,18.11,18.12,18.16,18.39,18.44,18.4,18.42
3/11/25 22:00,970,12.27,17.05,17.92,17.98,17.98,18.02,17.91,17.81,17.78,17.87,18.07,18.2,18.26,18.01,18.15,18.16,18.17,18.22,18.29,18.34,18.42,18.44
3/11/25 22:30,971,12.25,16.71,17.45,17.48,17.53,17.57,17.38,17.3,17.33,17.42,17.59,17.7,17.76,17.45,17.61,17.62,17.64,17.7,17.82,17.85,17.9,17.94
3/11/25 23:00,972,12.25,16.11,15.87,15.93,15.73,15.84,15.24,15.3,15.61,15.64,15.87,15.46,15.68,15.51,15.51,15.53,15.55,15.61,15.88,16.03,15.93,15.97
3/11/25 23:30,973,12.22,15.13,14.8,14.86,15.06,15.15,14.64,14.39,14.25,14.34,14.67,14.51,14.7,14.74,14.52,14.52,14.75,14.79,15.47,15.55,15.08,15.19
3/12/25 0:00,974,12.21,14.17,14.33,14.37,14.74,14.76,14.26,13.89,13.66,13.86,14.08,13.93,13.99,14.24,13.58,13.56,13.83,13.87,14.48,14.64,14.06,14.17
3/12/25 0:30,975,12.19,13.52,13.93,13.95,14.09,14.09,13.8,13.64,13.46,13.54,13.76,13.76,13.88,13.8,13.65,13.65,13.7,13.74,14.22,14.31,14,14.07
3/12/25 1:00,976,12.18,13.16,13.7,13.72,14.15,14.17,13.73,13.21,13.04,13.21,13.51,13.53,13.61,13.59,13.32,13.32,13.39,13.43,13.94,14.02,13.59,13.72
3/12/25 1:30,977,12.17,12.85,14.17,14.2,14.76,14.79,14.62,14.15,14.05,14.18,14.43,14.68,14.79,14.38,14.39,14.4,14.31,14.36,14.69,14.76,14.67,14.75
3/12/25 2:00,978,12.16,12.85,15.32,15.36,16.04,16.08,15.96,15.31,15.2,15.35,15.68,15.75,15.83,15.41,15.42,15.44,15.38,15.42,15.49,15.51,15.53,15.61
3/12/25 2:30,979,12.15,13.26,15.16,15.22,15.94,16,15.54,15.35,14.96,15,15.3,15.35,15.47,15.29,15.36,15.38,15.41,15.44,15.79,15.85,15.51,15.52
3/12/25 3:00,980,12.19,13.09,14.28,14.33,14.91,14.98,14.45,14.15,14.02,14.16,14.53,14.53,14.71,14.08,14.52,14.54,14.25,14.26,14.42,14.57,14.68,14.71
3/12/25 3:30,981,12.17,12.62,13.17,13.23,13.75,13.71,13.44,12.82,12.7,12.87,13.14,13.06,13.17,13.14,13,12.99,12.99,12.99,13.16,13.3,13.13,13.17
3/12/25 4:00,982,12.16,12.3,12.88,12.92,13.33,13.38,12.89,12.83,12.87,12.98,13.06,13.18,13.32,12.93,13.15,13.16,13.04,13.08,13.01,13.12,13.3,13.34
3/12/25 4:30,983,12.16,11.87,12.5,12.52,12.91,12.93,12.73,12.29,12.12,12.28,12.59,12.7,12.8,12.53,12.42,12.42,12.4,12.42,12.88,12.98,12.61,12.68
3/12/25 5:00,984,12.15,11.57,12.27,12.3,12.55,12.54,12.29,12.24,12.09,12.13,12.14,12.25,12.33,12.46,12.48,12.48,12.6,12.62,13.04,13.06,12.69,12.72
3/12/25 5:30,985,12.15,11.47,12.72,12.77,14.05,14.15,13.19,12.71,12.76,12.98,13.23,13.15,13.34,13.2,13.22,13.25,12.98,12.95,13.31,13.4,13.09,13.16
3/12/25 6:00,986,12.15,11.3,12.41,12.49,13.93,14,13.17,12.51,12.71,12.97,13.08,13.32,13.48,12.95,13.41,13.43,12.73,12.73,12.7,12.83,13.09,13.13
3/12/25 6:30,987,12.14,11.21,12.73,12.78,13.61,13.59,13.5,12.61,12.58,12.74,13.11,13.07,13.29,12.84,12.94,12.94,12.72,12.71,12.57,12.76,12.96,12.97
3/12/25 7:00,988,12.13,11.2,13.18,13.21,14.48,14.55,14.27,13.39,13.29,13.48,14.5,14.03,14.12,13.32,14.39,14.41,13.67,13.62,13.88,13.88,14.48,14.08
3/12/25 7:30,989,12.27,11.63,16.1,16.14,18.2,17.89,19.13,16.58,16.83,16.72,20.97,18.5,17.92,17.22,19.4,19.3,20.72,18.48,18.68,18.14,20.78,18.68
3/12/25 8:00,990,12.99,13.27,19.74,19.95,18.59,18.57,19.75,19.93,19.08,19.09,20.89,19.6,19.45,19.68,20.15,20.18,21.94,21.31,20.56,20.31,20.64,19.92
3/12/25 8:30,991,13.16,16.08,21.74,22.48,20.07,19.89,21.29,21.65,19.88,19.97,21.54,21.05,20.98,21.96,20.88,20.86,21.83,21.83,21.75,21.34,20.27,20.2
3/12/25 9:00,992,13.15,18.71,22.92,23.81,21.62,21.41,22.93,23.06,21.26,21.33,21.33,22.56,22.48,22.25,22.61,22.48,22.52,22.85,23.15,22.65,22.15,21.94
3/12/25 9:30,993,13.16,21.1,24.39,25.17,22.91,22.68,23.98,23.47,22.52,22.58,23.34,23.82,23.66,24.4,24.08,23.88,24.61,24.47,24.08,23.46,23.81,23.45
3/12/25 10:00,994,13.15,23.55,25.44,25.92,24.43,24.24,25.37,25.25,23.79,23.98,24.81,25.47,25.42,25.78,25.77,25.59,25.76,25.76,25.27,25.3,24.97,24.76
3/12/25 10:30,995,13.15,26.08,27.2,27.54,26.3,26.08,26.26,27.33,25.13,25.23,26.4,27.39,27.17,27.31,26.46,26.42,26.96,26.97,27,27.26,26.36,26.32
3/12/25 11:00,996,13.14,28.74,29.09,29.17,27.29,27.21,27.01,28.74,26.98,26.76,27.6,29.5,28.93,28.01,28.4,28.37,28.36,28.59,28.57,28.58,28,27.81
3/12/25 11:30,997,13.14,31.4,30.73,30.82,28.63,28.36,28.65,30.8,28.17,28.04,28.93,30.29,29.4,29.51,29.54,29.47,29.69,30.08,29.3,29.37,29.38,29.35
3/12/25 12:00,998,13.13,33.72,32.86,32.74,29.92,29.67,29.08,31.98,29.43,29.27,30.58,31.43,30.62,30.86,30.46,30.3,31.16,31.68,30.32,30.42,30.47,30.47
3/12/25 12:30,999,13.13,35.78,34.87,35,31.37,30.98,30.43,32.68,30.78,30.65,31.36,32.56,31.61,33.02,30.97,30.88,32.47,33.13,31.75,31.61,31.54,31.77
3/12/25 13:00,1000,13.12,37.57,35.74,36.48,33.24,32.88,31.51,33.65,31.98,32.08,32.11,34.72,33.75,34.72,32.12,32.26,34.08,34.56,33.07,33.36,32.5,32.83
3/12/25 13:30,1001,13.12,38.97,36.74,37.35,34.11,33.91,32.69,34.22,32.66,32.77,33,35.21,34.21,35.91,32.75,32.88,34.63,35.17,34.04,34.48,33.32,33.6
3/12/25 14:00,1002,13.11,40.07,38.6,38.79,34.08,34.03,32.68,36.55,33.75,33.91,33.94,36.4,35.4,36.65,33.56,33.75,35.19,35.43,35.28,35.68,34.56,34.91
3/12/25 14:30,1003,13.11,40.72,39.24,39.38,34.25,34.43,33.42,38.54,33.45,33.26,34.31,36.43,35.42,36.57,33.77,33.78,35.62,36.1,36.95,37.72,34.58,34.99
3/12/25 15:00,1004,13.11,40.92,37.89,37.72,33.61,33.87,33.25,37.87,33.7,33.39,34.04,35.65,34.79,35.67,33.94,33.97,35.95,35.52,37.58,37.97,34.67,35.01
3/12/25 15:30,1005,13.11,40.61,37.58,37.33,32.6,32.99,31.86,35.45,33.14,32.3,32.09,34.22,33.6,34.06,32.89,32.89,34.97,34.63,37.39,37.32,33.59,33.78
3/12/25 16:00,1006,13.1,39.39,37.41,36.79,32.17,32.38,32.08,33.7,32.47,31.92,31.6,33.75,33.11,33.94,32.19,32.21,33.9,33.61,35.09,35.36,32.5,32.61
3/12/25 16:30,1007,13.07,37.73,35.2,34.69,31.09,31.17,30.72,33.22,31.21,30.92,30.5,32,31.61,33.04,30.92,30.89,32.4,32.02,34.52,34.71,31.21,31.37
3/12/25 17:00,1008,12.85,35.41,33.18,33.29,29.83,29.94,29.59,33.88,30.71,29.83,29.29,30.05,29.94,31.3,29.42,29.41,30.4,30.2,34.61,34.39,29.91,30.08
3/12/25 17:30,1009,12.61,32.67,31.3,31.27,28.9,28.86,28.16,32.64,29.69,28.65,28.18,28.72,28.75,29.9,28.24,28.22,29.01,29.01,33.27,32.93,28.91,29.07
3/12/25 18:00,1010,12.43,29.95,28.9,28.79,27.38,27.19,26.62,30.21,27.95,26.91,26.59,27.18,27.24,27.86,26.74,26.72,27.42,27.48,31.04,30.55,27.44,27.48
3/12/25 18:30,1011,12.37,26.98,25.88,25.79,24.81,24.63,24.36,26.56,24.82,24.52,24.35,24.7,24.76,24.96,24.47,24.45,24.99,24.91,27.87,27.55,25.18,25.21
3/12/25 19:00,1012,12.32,24.45,22.54,22.56,22.13,22.16,21.78,22.1,22.04,22.05,22.09,22.24,22.28,22.23,22.07,22.04,22.11,22.12,22.86,22.87,22.57,22.61
3/12/25 19:30,1013,12.34,22.29,20.72,20.73,20.43,20.47,20.14,20.31,20.36,20.39,20.43,20.57,20.62,20.52,20.46,20.46,20.48,20.51,21,21.01,20.9,20.91
3/12/25 20:00,1014,12.34,20.64,20.19,20.22,19.96,19.99,19.72,19.79,19.81,19.86,19.94,20.05,20.1,19.97,20.02,20.02,20.05,20.07,20.44,20.45,20.38,20.4
3/12/25 20:30,1015,12.32,19.58,19.12,19.14,18.9,18.93,18.69,18.79,18.78,18.81,18.91,19.01,19.05,18.94,18.98,18.98,19.01,19.03,19.45,19.47,19.32,19.33
3/12/25 21:00,1016,12.31,18.66,18.21,18.22,18.05,18.07,17.81,17.9,17.89,17.91,18.03,18.11,18.15,18.02,18.06,18.06,18.09,18.12,18.56,18.58,18.42,18.43
3/12/25 21:30,1017,12.29,17.84,17.98,18.01,17.87,17.9,17.68,17.66,17.67,17.7,17.84,17.89,17.94,17.79,17.76,17.76,17.78,17.81,18.24,18.26,18.12,18.14
3/12/25 22:00,1018,12.28,17.42,17.67,17.7,17.56,17.6,17.35,17.36,17.38,17.42,17.57,17.58,17.64,17.42,17.47,17.48,17.51,17.54,17.89,17.93,17.81,17.82
3/12/25 22:30,1019,12.26,16.91,17.07,17.1,16.94,16.97,16.77,16.93,16.93,16.95,17.15,17.18,17.25,16.99,17.1,17.1,17.15,17.18,17.51,17.55,17.41,17.43
3/12/25 23:00,1020,12.25,16.44,16.36,16.39,16.16,16.19,16.01,16.09,16.03,16.08,16.25,16.31,16.36,16.21,16.22,16.21,16.24,16.27,16.62,16.65,16.54,16.55
3/12/25 23:30,1021,12.24,15.93,16.2,16.24,16.07,16.1,15.93,15.94,15.9,15.94,16.09,16.2,16.25,16.07,16.09,16.09,16.11,16.13,16.5,16.54,16.42,16.44
3/13/25 0:00,1022,12.24,15.6,16.1,16.12,16.04,16.1,15.89,15.87,15.89,15.91,16.06,16.13,16.2,15.93,16.07,16.08,16.12,16.17,16.44,16.48,16.39,16.42
3/13/25 0:30,1023,12.22,15.24,15.71,15.73,15.64,15.7,15.47,15.44,15.5,15.53,15.72,15.72,15.8,15.4,15.6,15.6,15.64,15.68,15.81,15.85,15.9,15.92
3/13/25 1:00,1024,12.22,14.99,15.42,15.44,15.32,15.37,15.16,15.13,15.17,15.2,15.39,15.43,15.5,15.11,15.31,15.32,15.35,15.39,15.49,15.52,15.56,15.56
3/13/25 1:30,1025,12.21,14.75,15.33,15.36,15.18,15.21,15.06,15.06,15.04,15.08,15.24,15.32,15.37,15.16,15.21,15.21,15.24,15.26,15.42,15.46,15.46,15.47
3/13/25 2:00,1026,12.19,14.64,14.87,14.92,14.69,14.71,14.59,14.62,14.6,14.64,14.77,14.86,14.9,14.71,14.78,14.77,14.8,14.82,15.02,15.06,15.03,15.03
3/13/25 2:30,1027,12.18,14.25,13.97,14.01,13.9,13.95,13.59,13.79,13.86,13.86,14.01,14.16,14.25,13.83,14.14,14.13,14.14,14.17,14.34,14.38,14.35,14.37
3/13/25 3:00,1028,12.16,14,14.34,14.38,14.22,14.25,14.12,14.12,14.1,14.15,14.3,14.43,14.47,14.27,14.32,14.32,14.34,14.37,14.51,14.55,14.58,14.58
3/13/25 3:30,1029,12.18,13.86,14.41,14.46,14.31,14.33,14.25,14.21,14.18,14.24,14.4,14.5,14.55,14.34,14.45,14.45,14.47,14.5,14.61,14.64,14.7,14.71
3/13/25 4:00,1030,12.17,13.54,14.08,14.13,14.02,14.05,13.94,13.92,13.95,13.99,14.13,14.24,14.3,14.07,14.18,14.18,14.21,14.24,14.33,14.35,14.41,14.42
3/13/25 4:30,1031,12.17,13.39,13.75,13.76,13.6,13.62,13.52,13.57,13.52,13.56,13.7,13.8,13.85,13.68,13.74,13.74,13.76,13.8,14,14.04,13.98,13.98
3/13/25 5:00,1032,12.16,13.22,13.67,13.72,13.62,13.64,13.53,13.47,13.46,13.53,13.69,13.78,13.82,13.6,13.7,13.7,13.71,13.75,13.85,13.9,13.93,13.95
3/13/25 5:30,1033,12.15,13,13.48,13.52,13.39,13.42,13.34,13.34,13.32,13.37,13.53,13.65,13.69,13.48,13.59,13.59,13.6,13.63,13.76,13.79,13.82,13.82
3/13/25 6:00,1034,12.14,12.91,13.5,13.53,13.44,13.48,13.38,13.35,13.34,13.38,13.54,13.61,13.67,13.4,13.5,13.5,13.54,13.59,13.68,13.71,13.72,13.74
3/13/25 6:30,1035,12.14,13.08,13.92,13.93,13.8,13.84,13.74,13.75,13.75,13.76,13.88,13.97,14.01,13.81,13.93,13.92,13.96,13.98,14.08,14.08,14.1,14.1
3/13/25 7:00,1036,12.14,13.72,14.62,14.62,14.45,14.47,14.41,14.45,14.34,14.34,14.5,14.6,14.63,14.49,14.54,14.53,14.58,14.59,14.69,14.7,14.67,14.66
3/13/25 7:30,1037,12.12,14.45,14.95,14.95,14.73,14.74,14.67,14.75,14.61,14.62,14.77,14.86,14.87,14.77,14.8,14.78,14.85,14.87,14.97,15,14.94,14.94
3/13/25 8:00,1038,12.1,15.01,15.41,15.41,15.22,15.22,15.14,15.23,15.07,15.07,15.21,15.34,15.34,15.27,15.28,15.26,15.32,15.34,15.46,15.51,15.41,15.41
3/13/25 8:30,1039,12.15,15.59,16.38,16.42,16.14,16.12,16.09,16.31,15.95,15.95,16.14,16.36,16.33,16.22,16.17,16.15,16.24,16.26,16.38,16.48,16.27,16.27
3/13/25 9:00,1040,12.17,16.35,17.05,17.11,16.87,16.84,16.78,17.03,16.57,16.58,16.76,17.08,17.02,16.94,16.86,16.85,16.93,16.96,17.05,17.16,16.95,16.96
3/13/25 9:30,1041,12.23,17.25,17.73,17.8,17.51,17.45,17.42,17.82,17.15,17.16,17.35,17.76,17.71,17.58,17.42,17.39,17.49,17.56,17.64,17.78,17.5,17.52
3/13/25 10:00,1042,12.25,17.91,18.15,18.22,17.73,17.65,17.73,18.09,17.43,17.42,17.67,17.92,17.78,17.93,17.72,17.67,17.89,17.94,18.12,18.3,17.8,17.78
3/13/25 10:30,1043,12.43,18.64,19.01,19.11,18.57,18.47,18.52,19.06,18.06,18.09,18.31,18.93,18.8,18.67,18.37,18.35,18.54,18.61,18.66,18.86,18.5,18.5
3/13/25 11:00,1044,12.71,19.38,19.66,19.75,19.2,19.11,19.21,19.84,18.7,18.71,19.05,19.57,19.41,19.26,18.96,18.92,19.11,19.17,19.31,19.58,19.06,19.06
3/13/25 11:30,1045,12.73,20.15,20.25,20.38,19.78,19.66,19.56,20.3,19.16,19.19,19.54,20.19,20.04,19.92,19.48,19.41,19.69,19.76,19.91,20.18,19.62,19.62
3/13/25 12:00,1046,12.64,20.56,20.26,20.42,19.66,19.58,19.57,20.27,19.28,19.27,19.58,20.03,19.89,19.99,19.52,19.49,19.71,19.78,20.08,20.35,19.71,19.71
3/13/25 12:30,1047,12.78,20.71,20.74,20.87,19.87,19.8,19.76,20.71,19.5,19.45,19.81,20.12,19.95,20.13,19.76,19.7,20,20.03,20.35,20.68,19.86,19.86
3/13/25 13:00,1048,12.79,21.11,21,21.11,19.78,19.7,19.88,20.91,19.64,19.59,19.87,20.28,20.09,20.3,19.86,19.8,20.05,20.08,20.51,20.88,19.95,19.96
3/13/25 13:30,1049,12.83,21.22,21.04,21.09,19.48,19.49,19.3,20.22,19.27,19.11,19.41,19.46,19.34,19.85,19.5,19.44,19.83,19.78,20.67,20.9,19.7,19.66
3/13/25 14:00,1050,12.77,21.25,20.88,20.92,19.3,19.3,19.11,19.98,19.12,19,19.33,19.42,19.34,19.71,19.37,19.33,19.65,19.69,20.29,20.51,19.5,19.47
3/13/25 14:30,1051,12.67,21.15,20.22,20.2,18.57,18.58,18.41,19.32,18.69,18.53,18.72,18.69,18.59,19.11,18.68,18.64,19,18.99,19.69,19.81,18.96,18.96
3/13/25 15:00,1052,12.64,20.94,19.75,19.8,18.33,18.35,18.04,18.75,18.2,18.09,18.36,18.38,18.3,18.73,18.54,18.47,18.76,18.76,19.51,19.63,18.76,18.75
3/13/25 15:30,1053,12.51,19.62,17.64,17.68,17.63,17.55,17.25,17.3,17.4,17.39,17.51,17.4,17.48,17.47,17.31,17.31,17.5,17.56,17.5,17.57,17.59,17.67
3/13/25 16:00,1054,12.38,18.41,17.05,17.07,17,16.96,16.81,16.47,16.8,16.77,16.86,16.82,16.83,16.92,16.81,16.78,16.88,16.89,16.65,16.87,17.01,16.99
3/13/25 16:30,1055,12.31,17.54,16.51,16.54,16.34,16.3,16.2,15.95,16.18,16.15,16.26,16.26,16.24,16.3,16.18,16.16,16.25,16.25,16.09,16.28,16.34,16.35
3/13/25 17:00,1056,12.27,16.96,15.98,15.98,15.9,15.85,15.7,15.54,15.71,15.71,15.83,15.82,15.77,15.82,15.68,15.65,15.8,15.82,15.67,15.74,15.9,15.92
3/13/25 17:30,1057,12.26,16.53,15.72,15.73,15.64,15.61,15.49,15.25,15.44,15.43,15.52,15.57,15.53,15.56,15.46,15.43,15.53,15.56,15.29,15.43,15.62,15.62
3/13/25 18:00,1058,12.22,16.11,15.61,15.6,15.28,15.26,15.17,14.9,15.2,15.18,15.26,15.31,15.31,15.31,15.25,15.23,15.34,15.35,15.07,15.28,15.4,15.37
3/13/25 18:30,1059,12.17,15.77,15.31,15.31,14.99,14.98,14.89,14.61,14.91,14.87,14.99,15.03,15,14.97,14.94,14.91,15.02,15.04,14.76,14.97,15.08,15.07
3/13/25 19:00,1060,12.15,15.5,14.94,14.94,14.76,14.75,14.64,14.51,14.61,14.62,14.7,14.7,14.7,14.73,14.65,14.66,14.71,14.7,14.67,14.72,14.82,14.81
3/13/25 19:30,1061,12.15,15.27,14.72,14.72,14.6,14.59,14.48,14.4,14.49,14.49,14.57,14.57,14.56,14.54,14.52,14.5,14.58,14.59,14.57,14.57,14.64,14.64
3/13/25 20:00,1062,12.14,15.1,14.63,14.61,14.4,14.41,14.29,14.32,14.33,14.31,14.39,14.37,14.38,14.39,14.35,14.34,14.41,14.43,14.41,14.42,14.49,14.49
3/13/25 20:30,1063,12.13,14.99,14.48,14.5,14.27,14.27,14.16,14.21,14.17,14.17,14.25,14.19,14.22,14.22,14.19,14.15,14.24,14.26,14.27,14.25,14.33,14.34
3/13/25 21:00,1064,12.13,14.82,14.28,14.29,14.17,14.17,14.05,14.06,14.06,14.06,14.11,14.07,14.1,14.09,14.06,14.07,14.13,14.15,14.14,14.11,14.2,14.21
3/13/25 21:30,1065,12.12,14.68,14.2,14.22,14.11,14.11,14.01,14.04,14.03,14.02,14.1,14.09,14.1,14.05,14.03,14.04,14.09,14.12,14.07,14.07,14.17,14.14
3/13/25 22:00,1066,12.12,14.59,14.17,14.19,14.11,14.11,14,14.03,14.03,14.03,14.09,14.07,14.1,14.07,14.02,14.05,14.12,14.13,14.08,14.09,14.18,14.17
3/13/25 22:30,1067,12.12,14.51,13.99,13.99,13.93,13.86,13.74,13.87,13.81,13.81,13.83,13.93,13.91,13.82,13.76,13.71,13.88,13.89,13.81,13.83,13.9,13.9
3/13/25 23:00,1068,12.12,14.48,13.87,13.84,13.84,13.82,13.66,13.72,13.72,13.72,13.75,13.79,13.76,13.71,13.62,13.59,13.73,13.74,13.7,13.72,13.81,13.82
3/13/25 23:30,1069,12.11,14.44,13.79,13.8,13.76,13.73,13.61,13.65,13.64,13.64,13.67,13.68,13.7,13.62,13.56,13.53,13.62,13.63,13.66,13.67,13.71,13.72
3/14/25 0:00,1070,12.12,14.32,13.68,13.68,13.65,13.61,13.5,13.54,13.53,13.53,13.56,13.62,13.64,13.53,13.49,13.46,13.53,13.54,13.58,13.59,13.59,13.59
3/14/25 0:30,1071,12.11,14.23,13.67,13.67,13.62,13.58,13.47,13.52,13.52,13.52,13.55,13.63,13.64,13.54,13.48,13.46,13.52,13.54,13.57,13.58,13.58,13.58
3/14/25 1:00,1072,12.11,14.21,13.69,13.69,13.62,13.59,13.49,13.54,13.53,13.53,13.59,13.64,13.65,13.55,13.5,13.48,13.55,13.56,13.59,13.61,13.6,13.59
3/14/25 1:30,1073,12.11,14.22,13.64,13.63,13.56,13.52,13.42,13.48,13.48,13.49,13.52,13.58,13.59,13.49,13.45,13.43,13.47,13.48,13.53,13.54,13.53,13.52
3/14/25 2:00,1074,12.11,14.21,13.65,13.65,13.57,13.54,13.47,13.53,13.52,13.52,13.58,13.62,13.63,13.52,13.48,13.46,13.5,13.51,13.57,13.59,13.56,13.55
3/14/25 2:30,1075,12.11,14.19,13.62,13.63,13.55,13.52,13.45,13.5,13.49,13.5,13.55,13.6,13.61,13.51,13.47,13.46,13.5,13.51,13.56,13.57,13.56,13.55
3/14/25 3:00,1076,12.1,14.16,13.61,13.62,13.52,13.49,13.42,13.48,13.48,13.48,13.53,13.61,13.62,13.51,13.49,13.48,13.52,13.53,13.56,13.57,13.56,13.55
3/14/25 3:30,1077,12.1,14.16,13.55,13.55,13.46,13.43,13.36,13.42,13.43,13.44,13.48,13.54,13.56,13.46,13.45,13.43,13.48,13.48,13.52,13.53,13.52,13.5
3/14/25 4:00,1078,12.1,14.13,13.46,13.47,13.36,13.33,13.29,13.33,13.37,13.37,13.41,13.48,13.49,13.39,13.39,13.38,13.42,13.43,13.44,13.45,13.44,13.43
3/14/25 4:30,1079,12.1,14.07,13.46,13.46,13.35,13.32,13.28,13.32,13.36,13.36,13.39,13.48,13.49,13.38,13.37,13.35,13.4,13.41,13.43,13.43,13.44,13.42
3/14/25 5:00,1080,12.1,14.02,13.39,13.4,13.27,13.24,13.25,13.28,13.32,13.32,13.36,13.48,13.48,13.36,13.39,13.37,13.41,13.42,13.43,13.44,13.43,13.42
3/14/25 5:30,1081,12.11,13.99,13.36,13.37,13.22,13.19,13.2,13.25,13.3,13.29,13.33,13.45,13.46,13.34,13.38,13.35,13.4,13.41,13.4,13.42,13.42,13.41
3/14/25 6:00,1082,12.1,13.95,13.32,13.33,13.17,13.15,13.15,13.2,13.25,13.24,13.27,13.4,13.41,13.28,13.33,13.29,13.33,13.34,13.34,13.36,13.37,13.36
3/14/25 6:30,1083,12.1,13.94,13.32,13.32,13.16,13.14,13.14,13.18,13.24,13.24,13.25,13.39,13.4,13.27,13.31,13.27,13.33,13.34,13.33,13.35,13.35,13.35
3/14/25 7:00,1084,12.09,13.97,13.41,13.41,13.25,13.23,13.22,13.28,13.32,13.33,13.33,13.48,13.49,13.35,13.42,13.36,13.42,13.44,13.42,13.43,13.43,13.43
3/14/25 7:30,1085,12.08,14.06,13.5,13.51,13.32,13.3,13.3,13.35,13.37,13.37,13.36,13.55,13.54,13.41,13.48,13.41,13.49,13.51,13.48,13.49,13.48,13.47
3/14/25 8:00,1086,12.09,14.16,13.75,13.77,13.52,13.52,13.54,13.59,13.58,13.6,13.54,13.83,13.78,13.64,13.71,13.57,13.67,13.74,13.63,13.64,13.66,13.66
3/14/25 8:30,1087,12.11,14.4,14.11,14.16,13.76,13.8,13.87,13.84,13.83,13.86,13.77,14.12,14.05,13.85,13.96,13.74,13.89,14.03,13.84,13.89,13.87,13.89
3/14/25 9:00,1088,12.18,14.75,14.59,14.67,14.22,14.28,14.31,14.39,14.21,14.24,14.17,14.68,14.62,14.34,14.32,14,14.37,14.49,14.26,14.38,14.31,14.33
3/14/25 9:30,1089,12.38,15.25,15.55,15.67,15.17,15.14,15.16,15.4,14.99,15.03,15.07,15.69,15.6,15.45,15.16,14.78,15.34,15.43,15.21,15.26,15.18,15.17
3/14/25 10:00,1090,12.66,16.07,16.63,16.79,16.24,16.14,16.24,16.67,15.96,16.04,16.07,16.89,16.78,16.62,16.08,16.04,16.42,16.54,16.32,16.4,16.18,16.15
3/14/25 10:30,1091,12.96,17.28,18.76,19.01,18.09,17.88,18.15,18.49,17.53,17.63,17.72,18.85,18.75,18.55,17.93,17.91,18.36,18.57,18.16,18.22,17.79,17.72
3/14/25 11:00,1092,13.02,19.37,20.35,20.64,19.71,19.48,19.76,20.38,19.13,19.24,19.25,20.67,20.55,20.35,19.78,19.81,20.09,20.3,19.82,19.95,19.43,19.4
3/14/25 11:30,1093,13.08,21.43,22.6,22.82,21.7,21.53,21.44,23.14,21.1,21.18,21.33,22.75,22.5,22.4,21.59,21.54,22.19,22.42,21.73,21.98,21.42,21.41
3/14/25 12:00,1094,13.19,24.86,26.74,26.79,24.51,24.28,24.26,26.61,23.77,23.72,24.36,26.25,25.75,25.66,24.97,24.93,25.33,25.83,24.57,24.89,24.57,24.56
3/14/25 12:30,1095,13.18,28.55,28.98,29.1,26.49,26.09,25.54,27.28,25.23,25.26,25.76,27.68,27.13,27.22,26.24,26.17,27.23,27.59,26.42,26.58,25.95,26.06
3/14/25 13:00,1096,13.15,31.14,28.87,29.53,27.58,27.34,26.05,28.42,26.32,26.4,26.64,28.87,28.33,28.28,26.9,26.98,27.81,28.33,27.41,27.79,26.94,27.27
3/14/25 13:30,1097,13.09,32.26,29.1,29.85,27.86,27.79,26.51,28.1,26.62,26.7,26.84,28.58,28.01,28.27,26.96,26.91,27.91,28.4,27.63,28.02,27.07,27.43
3/14/25 14:00,1098,13.17,32.42,32.63,33.02,29.54,29.47,28.58,30.65,28.38,28.63,28.66,31.3,30.63,31.02,28.83,28.97,30.32,30.67,29.62,29.98,28.81,29.22
3/14/25 14:30,1099,13.15,34.4,33.87,34.35,30.29,30.36,29.13,31.59,28.87,29.11,29.41,32.24,31.61,31.71,29.74,29.63,31.61,32.29,30.44,30.69,29.78,30.05
3/14/25 15:00,1100,13.11,35.66,34.08,34.38,31.31,31.24,31.21,33.7,29.59,29.72,30.15,33.64,32.71,32.78,30.43,30.5,32.16,32.24,31.4,31.67,30.41,30.68
3/14/25 15:30,1101,13.06,35.48,32.95,33.17,30.83,30.65,30.82,31.99,29.58,29.58,29.71,32.64,31.84,31.76,30,29.96,31.47,31.64,31.01,31.21,30.09,30.29
3/14/25 16:00,1102,13.07,35.2,33.76,33.75,31.47,31.24,31.41,32.33,30.05,30.06,30.1,33.87,32.49,33.4,30.8,30.81,32.39,32.74,31.82,32.29,30.51,30.55
3/14/25 16:30,1103,12.93,35.01,32.87,32.77,30.57,30.47,30.6,32.58,29.6,29.67,29.61,32.38,31.82,32.87,30.29,30.29,31.79,32.07,31.85,32.18,29.94,30.1
3/14/25 17:00,1104,12.65,33.43,31.96,32.6,30.94,30.38,30.42,32.84,29.6,29.55,29.25,30.42,30.24,32.08,29.4,29.4,30.43,30.4,31.77,31.52,29.54,29.68
3/14/25 17:30,1105,12.54,31.83,32.21,33.07,31.93,30.84,31.02,35.97,29.94,29.7,29.3,30.58,30.43,33.32,29.35,29.3,30.15,30.3,32.55,32.74,29.45,29.57
3/14/25 18:00,1106,12.36,30.13,30.67,31.32,30.68,29.5,29.83,33.07,29.22,28.94,28.37,29.4,29.35,31.76,28.37,28.35,28.85,29.29,30.88,30.96,28.53,28.58
3/14/25 18:30,1107,12.34,27.77,27.6,28,27.53,26.96,27.01,28.64,26.58,26.58,26.41,26.86,26.87,27.78,26.35,26.34,26.71,26.93,27.72,27.71,26.55,26.59
3/14/25 19:00,1108,12.33,25.44,24.51,24.55,24.4,24.45,24.17,24.14,24.3,24.31,24.42,24.38,24.43,24.23,24.32,24.31,24.37,24.42,24.5,24.51,24.48,24.5
3/14/25 19:30,1109,12.32,23.7,23.24,23.25,23.16,23.21,23.01,22.88,23.1,23.11,23.23,23.16,23.22,22.98,23.17,23.17,23.17,23.19,23.27,23.26,23.29,23.3
3/14/25 20:00,1110,12.3,22.46,22.3,22.31,22.22,22.28,22.09,22.03,22.21,22.21,22.32,22.28,22.33,22.1,22.3,22.29,22.3,22.33,22.4,22.4,22.41,22.42
3/14/25 20:30,1111,12.3,21.51,21.16,21.16,21.09,21.14,20.97,20.88,21.09,21.09,21.2,21.16,21.22,20.97,21.2,21.19,21.21,21.23,21.26,21.25,21.31,21.31
3/14/25 21:00,1112,12.3,20.44,20.23,20.24,20.15,20.2,20.04,19.95,20.14,20.14,20.26,20.2,20.26,20.03,20.25,20.23,20.25,20.28,20.3,20.29,20.35,20.35
3/14/25 21:30,1113,12.28,19.63,19.36,19.38,19.26,19.31,19.1,19.1,19.25,19.25,19.39,19.35,19.4,19.11,19.34,19.32,19.37,19.4,19.42,19.43,19.47,19.47
3/14/25 22:00,1114,12.28,19.02,18.82,18.82,18.7,18.74,18.6,18.59,18.67,18.67,18.82,18.78,18.83,18.63,18.8,18.78,18.82,18.84,18.91,18.91,18.91,18.91
3/14/25 22:30,1115,12.25,18.81,18.62,18.63,18.49,18.53,18.37,18.37,18.46,18.46,18.59,18.6,18.64,18.44,18.61,18.59,18.63,18.64,18.68,18.68,18.7,18.7
3/14/25 23:00,1116,12.24,18.22,17.37,17.4,17.31,17.38,17.14,17.06,17.27,17.28,17.46,17.29,17.41,17.04,17.45,17.44,17.47,17.5,17.43,17.42,17.55,17.56
3/14/25 23:30,1117,12.23,17.12,16.77,16.78,16.74,16.83,16.5,16.46,16.59,16.61,16.82,16.65,16.8,16.48,16.83,16.83,16.85,16.88,16.84,16.84,16.89,16.91
3/15/25 0:00,1118,12.23,16.28,16.21,16.25,16.32,16.37,15.95,15.91,15.89,15.89,16.2,16.2,16.31,16.04,16.18,16.17,16.19,16.21,16.33,16.39,16.28,16.34
3/15/25 0:30,1119,12.22,15.52,16.06,16.1,16.19,16.27,15.99,15.83,15.98,16.01,16.19,16.11,16.28,15.87,16.29,16.29,16.26,16.3,16.11,16.11,16.3,16.31
3/15/25 1:00,1120,12.21,15.19,15.76,15.79,15.79,15.91,15.56,15.43,15.53,15.57,15.77,15.62,15.76,15.51,15.88,15.88,15.78,15.82,15.83,15.82,15.9,15.91
3/15/25 1:30,1121,12.19,15.03,15.36,15.39,15.45,15.52,15.15,15.16,15.16,15.2,15.49,15.36,15.49,15.27,15.56,15.55,15.57,15.61,15.63,15.65,15.6,15.64
3/15/25 2:00,1122,12.19,14.59,14.64,14.69,14.82,14.88,14.39,14.44,14.3,14.41,14.61,14.66,14.82,14.43,14.72,14.71,14.68,14.71,14.85,14.98,14.66,14.71
3/15/25 2:30,1123,12.18,14.1,14.48,14.5,14.8,14.79,14.47,14.15,14.01,14.12,14.42,14.37,14.45,14.24,14.32,14.3,14.24,14.25,14.31,14.43,14.32,14.35
3/15/25 3:00,1124,12.18,13.77,14.91,14.95,15.38,15.44,15.02,14.84,14.62,14.73,14.79,14.77,14.95,15.05,14.66,14.66,14.86,14.89,15,15.07,14.89,14.95
3/15/25 3:30,1125,12.16,13.68,14.48,14.54,15.35,15.41,14.88,14.21,14.08,14.25,14.69,14.45,14.56,14.44,14.23,14.23,14.27,14.28,14.49,14.54,14.44,14.48
3/15/25 4:00,1126,12.15,13.57,14.69,14.7,15.22,15.27,14.91,14.61,14.52,14.59,14.86,14.79,14.93,14.94,15,15.02,15,15.04,15.03,15.05,15.04,15.1
3/15/25 4:30,1127,12.15,13.7,15.77,15.79,15.92,16.02,15.82,16.05,15.82,15.78,15.99,15.92,16.06,15.93,15.9,15.93,15.88,15.92,16.06,16.11,16.07,16.12
3/15/25 5:00,1128,12.14,13.97,15.42,15.47,15.52,15.65,15.34,15.53,15.26,15.27,15.48,15.41,15.6,15.38,15.35,15.39,15.33,15.39,15.51,15.58,15.47,15.53
3/15/25 5:30,1129,12.13,13.88,15.24,15.29,15.68,15.69,15.61,15.08,14.93,15.02,15.22,15.35,15.43,15.23,15.08,15.09,14.97,14.99,15.14,15.21,15.15,15.22
3/15/25 6:00,1130,12.14,13.55,14.05,14.1,14.63,14.64,14.35,13.94,13.76,13.9,14.16,14.12,14.22,14.05,14.16,14.18,14.15,14.18,14.21,14.26,14.16,14.17
3/15/25 6:30,1131,12.11,13.23,13.96,14.01,14.6,14.6,14.51,13.92,13.79,13.98,14.28,14.31,14.42,13.95,14.34,14.35,13.94,13.94,13.83,13.94,14.22,14.18
3/15/25 7:00,1132,12.12,13.04,14.16,14.19,14.71,14.71,14.87,14.34,13.93,14.03,15.26,14.58,14.62,14.26,15.03,15.15,14.45,14.44,14.61,14.67,15.51,14.99
3/15/25 7:30,1133,12.32,13.05,15.9,15.94,17.67,17.29,19.61,16.34,16.51,16.54,20.11,17.65,17.21,16.88,19.02,18.81,18.95,17.43,17.35,17.04,20.35,18.2
3/15/25 8:00,1134,12.98,14.08,18.99,18.99,18.28,18.24,19.19,18.78,18.41,18.57,20.59,18.8,18.62,18.71,19.99,19.75,22.02,20.76,20.01,19.42,20.14,19.37
3/15/25 8:30,1135,13.16,15.83,20.85,21.05,19.57,19.26,21.76,19.64,19.17,19.34,21.91,20.35,20.14,21.57,22.05,21.58,22.89,21.6,21.29,20.24,20.22,19.92
3/15/25 9:00,1136,13.16,17.64,21.75,22.15,21.19,20.72,23.51,21.55,20.79,20.92,21.87,21.87,21.43,22.3,23.58,22.91,22.79,22.44,22.63,21.89,22.19,21.72
3/15/25 9:30,1137,13.16,19.83,24.21,24.76,22.67,22.2,24.77,22.87,22.43,22.42,23.87,23.67,23.39,24.39,24.9,24.36,24.98,24.33,24.29,23.42,23.67,23
3/15/25 10:00,1138,13.16,22.82,25.22,25.48,24.29,24.02,26,24,23.74,23.96,25.61,25.41,25.2,25.82,26.34,25.96,26.46,26.09,25.79,25.18,24.97,24.37
3/15/25 10:30,1139,13.16,25.91,27.36,27.58,26.14,25.71,26.61,26.06,25.48,25.53,26.71,27.44,27,27,26.79,26.68,28.01,27.47,27.34,26.55,26.77,26.56
3/15/25 11:00,1140,13.15,28.91,29.13,29.11,27.32,27.05,27.78,27.82,27.48,27.35,28.19,29.27,28.55,28.43,28.97,28.95,29.43,29.18,29.05,28.37,28.14,27.95
3/15/25 11:30,1141,13.15,31.67,31.15,30.88,28.76,28.57,29.12,29.74,28.75,28.66,29.46,30.3,29.53,29.77,30.41,30.23,31.11,31.03,29.96,29.69,29.75,29.8
3/15/25 12:00,1142,13.14,34.12,32.92,32.19,30.23,29.98,30.26,30.98,30.4,30.37,31.34,32.07,31.32,31.24,31.66,31.47,32.24,32.19,31.24,31.02,31.04,31.2
3/15/25 12:30,1143,13.15,36.41,34.5,34.13,31.88,31.53,31.18,32.11,31.36,31.58,32.16,32.98,31.95,33.17,31.81,31.72,33.13,32.93,32.15,31.6,31.73,32.33
3/15/25 13:00,1144,13.14,37.98,35.19,35.86,32.89,32.54,32.28,31.97,31.99,32.2,32.88,33.9,33.01,33.76,31.76,31.73,34.11,34.07,33.37,33.64,32.48,32.93
3/15/25 13:30,1145,13.13,39.53,36.96,37.32,33.93,33.71,33.3,32.77,33.01,33.52,33.83,35.55,34.32,35.8,32.68,32.82,35.17,35.73,34.38,34.25,33.82,34.38
3/15/25 14:00,1146,13.13,40.52,38.81,39.07,34.88,34.42,33.97,34.6,33.68,34.06,33.84,36.24,35.42,36.6,33.34,33.27,36.09,36.27,35.17,35.44,34.34,34.6
3/15/25 14:30,1147,12.98,40.13,34.19,34.13,32.45,32.3,31.74,32.29,31.6,31.73,32.23,32.95,32.6,32.67,31.85,31.79,32.93,32.77,33.29,33,32.46,32.48
3/15/25 15:00,1148,12.71,36.58,30.59,30.58,29.54,29.56,28.79,29.98,29.36,29.29,29.62,29.52,29.54,29.59,29.6,29.55,29.73,29.77,31.2,31.31,30.28,30.32
3/15/25 15:30,1149,12.49,31.21,23.57,23.65,24.18,24.22,23.04,23.09,23.99,23.76,24.23,23.68,23.75,22.91,23.66,23.55,23.89,23.9,23.79,23.81,23.12,23.61
3/15/25 16:00,1150,12.72,26.02,23.43,23.21,23.58,23.63,23.11,23.28,23.52,23.14,23.77,23.95,23.68,23.41,23.32,23.23,23.77,23.69,23.32,23.36,22.87,23.23
3/15/25 16:30,1151,12.92,24.63,24.37,24.19,23.95,23.97,23.78,24.97,23.97,23.72,24.14,24.75,24.58,24.23,24.25,24.21,24.55,24.47,24.72,24.72,24.47,24.34
3/15/25 17:00,1152,12.51,23.61,23.43,23.45,23.35,23.38,22.98,24.05,23.23,23.06,23.53,23.69,23.67,23.28,23.54,23.52,23.44,23.44,23.9,23.84,23.81,23.71
3/15/25 17:30,1153,12.38,22.42,23.14,23.12,23.12,23.08,22.63,24.1,22.88,22.57,22.89,23.27,23.15,23.05,22.76,22.69,23.15,23.16,23.73,23.69,22.86,22.97
3/15/25 18:00,1154,12.33,21.49,21.57,21.62,21.61,21.61,21.38,21.56,21.42,21.46,21.52,21.94,21.92,21.48,21.51,21.46,21.61,21.68,21.62,21.65,21.59,21.6
3/15/25 18:30,1155,12.32,20.01,17.15,17.36,18.07,18.1,17.14,17.32,NAN,17.73,18.22,17.85,18.11,17,18.04,17.97,17.98,17.98,17.65,17.68,17.59,17.81
3/15/25 19:00,1156,12.31,18.17,16.94,17.09,18.02,18.03,17.56,16.67,17.46,17.36,17.8,17.42,17.56,17.5,17.62,17.55,17.7,17.69,16.95,16.92,16.86,17.57
3/15/25 19:30,1157,12.31,17.22,17.43,17.4,18.1,18.09,17.79,17.34,17.5,17.46,17.8,17.72,17.71,17.62,17.75,17.7,17.68,17.7,17.23,17.16,17.74,17.8
3/15/25 20:00,1158,12.3,16.41,17.33,17.32,17.88,17.88,17.76,17.52,17.61,17.65,17.85,17.89,17.91,17.72,17.97,17.94,17.88,17.91,17.34,17.1,17.96,17.96
3/15/25 20:30,1159,12.28,16.06,16.72,16.74,17.06,17.1,16.68,16.78,16.61,16.65,16.99,16.88,16.96,16.83,16.99,16.96,16.98,17,17.07,17.05,16.98,17.02
3/15/25 21:00,1160,12.28,15.62,16.25,16.26,16.58,16.62,16.19,16.13,15.94,16.04,16.4,16.27,16.36,16.2,16.38,16.36,16.38,16.43,16.31,16.36,16.45,16.49
3/15/25 21:30,1161,12.26,15.47,16.22,16.25,16.43,16.45,16.23,16.06,15.92,16.05,16.35,16.32,16.44,16.12,16.41,16.39,16.37,16.41,16.14,16.2,16.48,16.51
3/15/25 22:00,1162,12.26,15.57,16.2,16.22,16.6,16.62,16.33,16.03,15.94,15.99,16.33,16.42,16.52,16.29,16.48,16.45,16.4,16.45,16.54,16.54,16.41,16.45
3/15/25 22:30,1163,12.25,15.57,16.21,16.22,16.73,16.82,16.53,16.16,16.19,16.37,16.65,16.55,16.66,16.39,16.65,16.63,16.39,16.44,16.41,16.43,16.62,16.67
3/15/25 23:00,1164,12.24,15.43,16.02,16.07,16.67,16.66,16.43,16.04,15.89,16.03,16.4,16.32,16.4,16.25,16.38,16.36,16.3,16.31,16.22,16.27,16.35,16.38
3/15/25 23:30,1165,12.22,15.17,15.77,15.78,16.13,16.15,16.1,15.68,15.5,15.67,16,16,16.07,15.75,16.07,16.06,15.91,15.92,15.69,15.77,16.08,16.1
3/16/25 0:00,1166,12.19,15.23,15.87,15.92,16.51,16.53,16.22,15.96,15.95,16.08,16.38,16.25,16.36,16.24,16.19,16.17,16.19,16.2,16.21,16.25,16.39,16.43
3/16/25 0:30,1167,12.18,15.23,16.35,16.37,16.51,16.52,16.16,16.35,16.22,16.2,16.35,16.37,16.45,16.42,16.35,16.35,16.43,16.47,16.66,16.66,16.5,16.52
3/16/25 1:00,1168,12.19,15.28,16.11,16.15,16.35,16.36,16.05,15.95,15.9,15.94,16.08,16.13,16.19,16.17,16.09,16.08,16.21,16.23,16.39,16.43,16.12,16.17
3/16/25 1:30,1169,12.19,15.01,15.53,15.56,15.91,15.91,15.68,15.46,15.3,15.33,15.45,15.63,15.68,15.63,15.63,15.62,15.69,15.72,15.92,15.95,15.64,15.69
3/16/25 2:00,1170,12.18,14.75,15.56,15.58,15.84,15.85,15.61,15.46,15.33,15.37,15.33,15.48,15.55,15.66,15.57,15.55,15.71,15.74,15.9,15.91,15.62,15.67
3/16/25 2:30,1171,12.17,14.6,16.39,16.42,16.75,16.74,16.51,16.36,16.21,16.2,16.09,16.17,16.3,16.48,16.24,16.24,16.53,16.56,16.61,16.61,16.41,16.48
3/16/25 3:00,1172,12.16,14.62,16.48,16.55,16.85,16.85,16.58,16.56,16.35,16.32,16.42,16.37,16.5,16.69,16.6,16.6,16.71,16.75,16.86,16.89,16.65,16.68
3/16/25 3:30,1173,12.15,14.43,16.12,16.2,16.98,16.99,16.54,15.79,15.73,15.88,15.96,15.98,16.11,15.96,15.85,15.86,15.81,15.84,15.88,15.91,15.82,15.89
3/16/25 4:00,1174,12.13,14.23,16.12,16.18,16.93,16.94,16.63,16.08,15.91,16.09,15.96,16.24,16.34,16.33,16.05,16.06,16.13,16.17,16.18,16.2,15.94,16.04
3/16/25 4:30,1175,12.12,14.28,15.88,15.92,16.63,16.64,16.55,15.92,15.63,15.75,15.94,16.25,16.31,16.06,16.04,16.04,16.02,16.01,16.08,16.09,15.84,15.92
3/16/25 5:00,1176,12.13,14.17,15.33,15.37,16.05,16.06,16.13,15.57,15.25,15.4,15.58,16.02,16.06,15.65,16.09,16.1,15.77,15.8,15.8,15.86,15.76,15.83
3/16/25 5:30,1177,12.13,13.93,15.13,15.16,15.92,15.92,15.91,15.37,15.01,15.2,15.48,15.78,15.83,15.44,15.71,15.71,15.39,15.4,15.43,15.51,15.53,15.58
3/16/25 6:00,1178,12.11,14.08,15.26,15.31,15.81,15.81,15.77,15.36,15.14,15.3,15.62,15.7,15.79,15.31,15.66,15.65,15.4,15.39,15.24,15.35,15.62,15.65
3/16/25 6:30,1179,12.13,14.16,15.12,15.15,15.6,15.63,15.44,15.11,14.91,14.98,15.18,15.41,15.46,15.23,15.3,15.29,15.25,15.26,15.4,15.42,15.18,15.22
3/16/25 7:00,1180,12.11,14,14.85,14.89,15.68,15.7,15.35,14.88,14.75,14.88,15.46,15.27,15.33,15.02,15.4,15.39,15.07,15.04,15.14,15.17,15.33,15.2
3/16/25 7:30,1181,12.27,13.97,16.44,16.46,17.09,17.08,17.93,17,16.94,16.96,21.34,17.74,17.61,16.99,19.98,19.98,18.22,17.37,17.38,17.3,20.69,18.75
3/16/25 8:00,1182,12.97,14.62,19.73,19.64,19.17,19.13,19.93,20.61,19.79,19.76,26.15,20.58,20.31,19.64,23.32,22.97,22.39,21.36,21.22,20.86,23.1,21.34
3/16/25 8:30,1183,13.16,15.92,22.83,22.76,21.32,21.01,23.36,21.72,20.8,21.01,24.14,22.29,22.07,23.28,23.34,23,23.97,23.12,22.67,22.11,21.75,21.47
3/16/25 9:00,1184,13.16,17.56,23.18,23.52,22.52,22.14,25.12,23.22,22.08,22.13,23.43,23.21,22.89,23.79,24.63,24.15,24.26,24.22,23.74,23.08,23.03,22.5
3/16/25 9:30,1185,13.16,19.73,23.95,24.51,23.27,22.92,25.24,23.84,23.47,23.43,24.58,24.35,24.04,24.8,25.26,24.96,25.36,24.69,24.43,23.74,24.11,23.58
3/16/25 10:00,1186,13.16,22.16,24.69,25.32,24.11,23.69,25.57,24.45,23.62,23.85,24.79,25.46,25.37,25.48,25.66,25.54,26,25.65,24.87,24.76,24.7,24.23
3/16/25 10:30,1187,13.15,24.72,26.51,26.85,26.14,25.78,26.54,27.29,25.36,25.38,26.31,28.19,27.76,27.2,26.01,26.09,27.31,27.13,27.21,27.14,26.25,26.16
3/16/25 11:00,1188,13.16,27.21,27.86,27.99,26.79,26.63,27.01,28.9,26.76,26.46,27.17,29.26,28.79,27.87,27.37,27.24,27.74,27.95,28.05,28.18,27.27,27.26
3/16/25 11:30,1189,13.11,29.57,27.79,27.62,25.07,25.17,25.34,28.63,25.94,25.45,26.94,27,26.49,26.87,26.91,26.82,27,27.1,28.21,28.67,26.8,26.91
3/16/25 12:00,1190,13.09,29.01,24.63,24.53,23.24,23.27,22.79,24.55,23.82,23.66,23.68,23.77,23.68,23.83,23.95,23.87,24.15,24.09,25.2,25.3,24.08,24.03
3/16/25 12:30,1191,13.11,27.4,26.53,26.34,24.51,24.5,23.82,26.82,25.06,24.57,25.16,25.21,24.99,25.09,25.4,25.36,25.43,25.47,26.88,27.15,25.55,25.82
3/16/25 13:00,1192,12.83,26.63,22.96,22.93,22.53,22.53,22.2,23.23,22.67,22.62,22.87,23.07,23.06,22.84,23.05,23,23.14,23.11,23.94,24.01,23.54,23.63
3/16/25 13:30,1193,13.13,25.45,27.69,27.52,25.83,25.81,25.4,28.06,26.25,25.74,27.06,27.84,27.34,26.75,26.83,27.01,27.03,27.01,28.21,28.83,26.96,27.22
3/16/25 14:00,1194,13.03,26.2,24.3,24.27,23.16,23.18,22.74,24.22,23.28,23.17,23.36,23.55,23.45,23.56,23.45,23.41,23.69,23.68,24.51,24.53,23.7,23.82
3/16/25 14:30,1195,13.15,26.49,27.54,27.22,23.85,24.09,22.78,26.62,24.23,23.67,23.72,25.41,24.95,25.12,24.34,24.35,25.68,25.5,26.72,27.05,24.55,24.76
3/16/25 15:00,1196,13.14,28.81,28.03,27.72,24.22,24.27,23.54,27.31,24.91,24.47,24.27,26,25.67,25.66,24.6,24.63,26.31,25.92,27.58,27.77,24.86,25.08
3/16/25 15:30,1197,13.14,29.63,27.41,26.96,23.67,23.97,23.17,25.36,24.24,23.59,23.36,25.16,24.65,25.05,23.94,23.93,25.66,25.44,26.15,26.07,23.91,24.09
3/16/25 16:00,1198,13.07,28.77,24.76,24.62,22.4,22.44,21.89,22.74,22.44,22.22,21.92,22.76,22.57,22.75,22.32,22.25,23.12,23.02,23.87,23.9,22.35,22.4
3/16/25 16:30,1199,12.99,25.39,23.59,23.46,21.17,21.15,20.91,22.48,21.17,20.82,20.69,20.93,20.9,21.26,20.65,20.58,21.19,21.05,23.31,23.15,20.88,20.92
3/16/25 17:00,1200,13.03,23.73,23.17,23.35,20.8,20.88,20.47,22.46,23.71,20.47,20.36,20.84,20.79,21.35,20.46,20.44,21.01,20.94,23.04,22.77,20.68,20.75
3/16/25 17:30,1201,12.94,22.38,21.42,21.5,20.27,20.18,19.91,21.71,20.56,20.07,19.93,20.42,20.4,20.62,20.02,20,20.52,20.48,22.23,22.12,20.36,20.39
3/16/25 18:00,1202,12.68,21.41,21.9,21.87,20.36,20.05,20.01,22.58,NAN,19.82,19.63,20.28,20.29,20.81,19.71,19.66,20.29,20.34,23.08,22.78,20.05,20.08
3/16/25 18:30,1203,12.38,19.67,19.28,19.26,18.46,18.28,18.3,19.6,NAN,18.21,18.17,18.43,18.43,18.76,18.23,18.18,18.57,18.56,20.2,20.1,18.54,18.53
3/16/25 19:00,1204,12.33,17.85,16.86,16.89,16.6,16.63,16.38,16.46,16.49,16.52,16.57,16.68,16.72,16.56,16.6,16.59,16.63,16.65,16.88,16.9,16.8,16.82
3/16/25 19:30,1205,12.32,16.38,15.96,16,15.85,15.86,15.67,15.65,15.71,15.75,15.83,15.94,15.98,15.81,15.89,15.88,15.91,15.93,16.07,16.08,16.07,16.09
3/16/25 20:00,1206,12.31,15.34,15.4,15.43,15.31,15.34,15.16,15.15,15.18,15.22,15.32,15.41,15.45,15.28,15.37,15.37,15.38,15.4,15.49,15.51,15.54,15.54
3/16/25 20:30,1207,12.3,14.58,14.86,14.89,14.77,14.79,14.64,14.65,14.65,14.69,14.79,14.91,14.95,14.77,14.87,14.86,14.87,14.9,14.97,15,15.02,15.03
3/16/25 21:00,1208,12.29,13.98,14.38,14.42,14.31,14.33,14.21,14.19,14.16,14.2,14.32,14.44,14.48,14.32,14.43,14.42,14.43,14.46,14.54,14.56,14.57,14.58
3/16/25 21:30,1209,12.28,13.57,14.03,14.06,13.97,14,13.84,13.84,13.82,13.86,13.97,14.09,14.13,13.96,14.08,14.07,14.09,14.12,14.21,14.23,14.22,14.23
3/16/25 22:00,1210,12.25,13.35,13.89,13.92,13.83,13.85,13.7,13.71,13.69,13.72,13.84,13.96,14,13.8,13.93,13.92,13.94,13.97,14.03,14.05,14.06,14.06
3/16/25 22:30,1211,12.25,13.23,13.82,13.84,13.76,13.78,13.67,13.65,13.63,13.66,13.79,13.9,13.93,13.74,13.86,13.85,13.88,13.9,13.95,13.97,14,14
3/16/25 23:00,1212,12.24,13.15,13.83,13.83,13.66,13.67,13.57,13.61,13.54,13.55,13.67,13.8,13.82,13.67,13.76,13.74,13.77,13.79,13.89,13.9,13.87,13.87
3/16/25 23:30,1213,12.23,13.34,13.91,13.92,13.69,13.7,13.57,13.65,13.57,13.58,13.69,13.82,13.84,13.73,13.77,13.75,13.79,13.8,13.96,13.97,13.88,13.89
3/17/25 0:00,1214,12.21,13.55,13.77,13.78,13.54,13.56,13.43,13.49,13.45,13.45,13.54,13.66,13.68,13.56,13.63,13.62,13.65,13.66,13.79,13.8,13.73,13.74
3/17/25 0:30,1215,12.2,13.49,13.79,13.78,13.57,13.58,13.46,13.53,13.47,13.48,13.57,13.67,13.7,13.59,13.65,13.63,13.66,13.67,13.82,13.83,13.76,13.76
3/17/25 1:00,1216,12.17,13.77,14.19,14.21,13.83,13.85,13.72,13.78,13.73,13.74,13.82,13.93,13.95,13.86,13.93,13.9,13.96,13.96,14.1,14.11,14.01,14
3/17/25 1:30,1217,12.19,13.93,14.18,14.18,13.9,13.92,13.77,13.83,13.79,13.79,13.88,13.97,14,13.92,13.97,13.95,13.98,13.99,14.13,14.14,14.05,14.05
3/17/25 2:00,1218,12.18,13.99,14.05,14.05,13.82,13.83,13.68,13.77,13.73,13.73,13.8,13.9,13.92,13.86,13.91,13.9,13.93,13.93,14.1,14.11,14,14
3/17/25 2:30,1219,12.14,14.14,14.11,14.11,13.84,13.85,13.69,13.8,13.76,13.76,13.83,13.92,13.95,13.88,13.94,13.92,13.97,13.98,14.14,14.15,14.03,14.04
3/17/25 3:00,1220,12.15,14.5,14.4,14.38,14.13,14.15,14,14.07,14.05,14.05,14.11,14.21,14.23,14.15,14.21,14.19,14.24,14.24,14.39,14.4,14.29,14.29
3/17/25 3:30,1221,12.14,14.45,14.32,14.31,14.05,14.05,13.92,13.98,13.97,13.97,14.01,14.13,14.15,14.06,14.11,14.09,14.14,14.15,14.28,14.28,14.2,14.21
3/17/25 4:00,1222,12.13,14.55,14.48,14.48,14.2,14.2,14.07,14.13,14.12,14.11,14.17,14.27,14.29,14.2,14.27,14.25,14.3,14.32,14.41,14.41,14.33,14.33
3/17/25 4:30,1223,12.14,14.56,14.32,14.3,13.99,14,13.81,14.02,13.95,13.94,14,14.07,14.09,14.05,14.1,14.07,14.17,14.18,14.35,14.37,14.18,14.18
3/17/25 5:00,1224,12.12,14.44,13.97,13.96,13.72,13.73,13.54,13.79,13.7,13.69,13.76,13.83,13.86,13.81,13.87,13.85,13.92,13.92,14.18,14.19,13.98,13.98
3/17/25 5:30,1225,12.12,14.38,13.9,13.89,13.63,13.65,13.46,13.64,13.6,13.59,13.64,13.74,13.78,13.7,13.77,13.75,13.8,13.8,14.03,14.05,13.87,13.88
3/17/25 6:00,1226,12.11,14.38,13.8,13.78,13.51,13.52,13.34,13.55,13.51,13.5,13.52,13.62,13.64,13.6,13.62,13.6,13.65,13.65,13.9,13.9,13.74,13.74
3/17/25 6:30,1227,12.11,14.2,13.72,13.7,13.44,13.45,13.26,13.46,13.41,13.41,13.43,13.54,13.56,13.52,13.56,13.54,13.6,13.6,13.84,13.84,13.67,13.67
3/17/25 7:00,1228,12.11,14.15,14.09,14.09,13.82,13.85,13.69,13.73,13.74,13.75,13.81,13.91,13.94,13.84,13.92,13.9,13.96,13.97,14.06,14.08,14.01,14.01
3/17/25 7:30,1229,12.08,14.34,14.52,14.55,14.37,14.36,14.24,14.36,14.22,14.23,14.29,14.53,14.54,14.38,14.39,14.38,14.43,14.45,14.49,14.52,14.45,14.45
3/17/25 8:00,1230,12.09,14.59,14.6,14.6,14.07,14.06,13.95,14.32,14.11,14.06,14.13,14.27,14.24,14.28,14.26,14.24,14.36,14.35,14.61,14.63,14.26,14.25
3/17/25 8:30,1231,12.1,14.79,14.47,14.44,13.88,13.9,13.8,14.17,13.99,13.92,13.96,14.12,14.09,14.17,14.09,14.07,14.18,14.17,14.59,14.61,14.19,14.17
3/17/25 9:00,1232,12.14,15.08,15.43,15.46,14.73,14.72,14.62,15.02,14.71,14.64,14.77,14.95,14.88,14.97,14.87,14.83,15,14.99,15.38,15.5,14.92,14.92
3/17/25 9:30,1233,12.53,15.7,16.4,16.53,16.16,15.98,16.11,16.59,15.59,15.56,15.89,16.54,16.38,16.22,15.91,15.89,16.16,16.18,16.29,16.6,15.89,15.9
3/17/25 10:00,1234,12.83,16.56,17.14,17.32,16.84,16.7,16.74,17.38,16.34,16.4,16.51,17.44,17.27,17.29,16.64,16.68,16.88,17.02,16.86,17.13,16.63,16.65
3/17/25 10:30,1235,13.03,17.81,18.95,19.27,18.18,18,18.19,19.43,17.62,17.65,17.86,19.03,18.74,19.16,17.95,17.98,18.32,18.52,18.37,18.83,17.87,17.83
3/17/25 11:00,1236,13.04,19.27,19.62,19.93,19.05,18.79,18.96,19.76,18.18,18.21,18.56,19.66,19.32,19.23,18.56,18.55,18.78,18.95,18.75,19.16,18.33,18.35
3/17/25 11:30,1237,13.09,20.46,20.98,21.3,20.14,19.92,20.28,21.27,19.09,19.03,19.73,20.87,20.48,20.65,19.64,19.55,19.93,20.01,20.29,20.91,19.47,19.53
3/17/25 12:00,1238,13.14,21.96,23.05,23.14,21.08,20.82,21.18,23.23,20.23,20.09,20.99,21.82,21.39,21.64,21.26,21.17,21.52,21.65,21.92,22.57,20.83,20.87
3/17/25 12:30,1239,13.16,23.89,24.61,24.71,22.86,22.63,22.4,25.42,21.77,21.46,22.65,23.91,23.26,23.66,22.71,22.73,23.11,23.47,23.29,24,22.39,22.71
3/17/25 13:00,1240,13.16,26.9,27.25,27.97,24.86,24.56,23.59,26.82,23.9,23.5,24.27,26.36,25.5,25.94,24.15,24.26,25.17,25.64,25.39,26.45,24.01,24.49
3/17/25 13:30,1241,13.17,29.11,27.56,28.05,25.36,25.13,24.01,26.3,24.14,24.15,24.67,27.17,26.36,26.35,24.27,24.3,25.49,25.86,25.47,26.46,24.7,25.25
3/17/25 14:00,1242,13.15,30.33,29.66,30.01,26.1,26.02,25.31,27.88,25.31,25.22,25.66,28.05,27.21,27.75,25.6,25.77,27.46,27.64,27.07,27.97,25.69,26.21
3/17/25 14:30,1243,13.12,30.84,29.35,29.33,25.66,25.84,24.5,27.66,24.59,24.57,25.06,26.94,26.54,26.54,25.17,25.16,26.32,26.67,26.66,27.27,25.59,25.87
3/17/25 15:00,1244,13.15,30.71,30.43,30.29,25.79,26.02,25.71,29.38,25.73,25.19,25.57,28.02,27.19,27.76,25.94,26.05,27.76,27.57,28.31,28.91,26.14,26.49
3/17/25 15:30,1245,13.16,31.21,30.85,30.72,25.73,25.88,25.71,27.54,25.4,24.81,25.05,27.31,26.36,27.58,25.88,25.94,28.28,28.15,28.6,29.32,25.98,26.16
3/17/25 16:00,1246,13.16,31.14,29.84,29.13,25.37,25.74,25.57,27.27,25.29,24.79,24.84,27.37,26.5,27.31,25.55,25.57,27.6,27.53,28.58,29.3,25.33,25.53
3/17/25 16:30,1247,13.03,30.31,28.41,27.95,24.49,24.62,24.58,29.01,24.56,24.32,23.98,25.53,25.06,26.9,24.56,24.47,26.21,25.84,29.7,29.71,24.67,24.86
3/17/25 17:00,1248,12.79,28.61,27.4,27.51,23.96,23.98,23.98,27.84,24.72,23.59,23.16,23.6,23.49,25.47,23.34,23.3,24.17,24.06,28.44,28.24,23.64,23.81
3/17/25 17:30,1249,12.58,26.08,25.83,26.1,22.97,22.72,22.47,26.25,23.61,22.35,22,22.78,22.83,23.89,22.14,22.12,23.05,22.92,27.09,26.69,22.58,22.68
3/17/25 18:00,1250,12.39,23.46,24.58,24.64,22.03,21.57,21.5,24.32,22.6,21.2,20.94,21.56,21.59,22.51,20.97,20.92,21.62,21.72,25.59,25.3,21.32,21.36
3/17/25 18:30,1251,12.32,20.94,21.46,21.46,19.93,19.6,19.65,21.15,19.84,19.36,19.32,19.46,19.48,20.12,19.33,19.25,19.84,19.79,22.12,22.01,19.65,19.62
3/17/25 19:00,1252,12.3,18.77,18.11,18.14,17.57,17.6,17.25,17.3,17.32,17.37,17.52,17.57,17.63,17.48,17.5,17.48,17.56,17.6,17.87,17.9,17.78,17.8
3/17/25 19:30,1253,12.31,17.05,17.02,17.09,16.71,16.75,16.43,16.37,16.42,16.48,16.67,16.69,16.76,16.52,16.61,16.6,16.67,16.71,16.78,16.81,16.87,16.9
3/17/25 20:00,1254,12.3,15.89,16.14,16.21,15.86,15.91,15.62,15.58,15.64,15.71,15.88,15.91,15.99,15.71,15.84,15.83,15.87,15.91,15.92,15.95,16.06,16.08
3/17/25 20:30,1255,12.29,15.02,15.45,15.48,15.31,15.38,15.04,15,15.11,15.16,15.33,15.36,15.47,15.11,15.36,15.36,15.42,15.48,15.4,15.42,15.55,15.57
3/17/25 21:00,1256,12.27,14.36,14.81,14.86,14.72,14.83,14.46,14.3,14.41,14.45,14.67,14.52,14.68,14.32,14.65,14.66,14.68,14.74,14.66,14.69,14.84,14.87
3/17/25 21:30,1257,12.24,13.75,14.17,14.2,14.07,14.2,13.79,13.71,13.79,13.83,14.05,13.88,14.05,13.69,14.07,14.07,14.16,14.2,14.01,14.01,14.23,14.23
3/17/25 22:00,1258,12.24,13.43,14.25,14.3,14.19,14.28,13.89,13.79,13.8,13.85,14.1,14.08,14.21,13.79,14.12,14.12,14.14,14.18,14.09,14.14,14.26,14.29
3/17/25 22:30,1259,12.24,13.06,13.83,13.88,13.73,13.81,13.4,13.33,13.27,13.34,13.61,13.54,13.68,13.38,13.52,13.53,13.62,13.66,13.81,13.89,13.82,13.89
3/17/25 23:00,1260,12.24,12.57,13.15,13.19,13.08,13.15,12.66,12.82,12.53,12.63,13.02,12.67,12.84,12.76,12.53,12.54,12.73,12.79,13.23,13.33,12.99,13.03
3/17/25 23:30,1261,12.22,12.09,12.61,12.64,12.51,12.58,12.11,12.21,12.08,12.11,12.41,12.24,12.38,12.24,12.42,12.43,12.52,12.56,12.77,12.83,12.65,12.69
3/18/25 0:00,1262,12.21,11.73,12.35,12.38,12.15,12.27,11.83,12.01,11.9,11.95,12.21,11.97,12.12,11.94,12.14,12.13,12.31,12.34,12.47,12.54,12.39,12.42
3/18/25 0:30,1263,12.2,12.14,13.43,13.43,13,13.03,12.86,13.11,12.83,12.84,13.04,13.1,13.18,12.93,13.02,12.99,13.22,13.22,13.26,13.28,13.21,13.2
3/18/25 1:00,1264,12.17,13.03,13.34,13.35,12.94,13.01,12.58,13.11,12.97,12.97,13.25,13.2,13.38,13,13.25,13.23,13.39,13.4,13.42,13.45,13.37,13.38
3/18/25 1:30,1265,12.16,13.28,13.33,13.32,13.02,13.02,12.76,13.04,12.99,13,13.23,13.31,13.37,13.02,13.18,13.16,13.38,13.37,13.4,13.39,13.35,13.34
3/18/25 2:00,1266,12.15,13.69,13.18,13.2,12.88,12.88,12.63,12.91,12.87,12.89,13.14,13.14,13.2,12.9,13.18,13.15,13.26,13.23,13.31,13.3,13.25,13.23
3/18/25 2:30,1267,12.15,13.63,13.46,13.48,12.99,13.02,12.83,13.11,12.95,12.96,13.12,13.11,13.13,13.06,13.17,13.13,13.32,13.35,13.42,13.45,13.29,13.28
3/18/25 3:00,1268,12.14,13.7,13.45,13.47,13.13,13.13,12.97,13.15,12.98,12.98,13.15,13.21,13.21,13.08,13.16,13.13,13.29,13.3,13.38,13.4,13.27,13.26
3/18/25 3:30,1269,12.13,13.73,13.38,13.39,13.01,12.98,12.81,13.13,12.9,12.87,13.08,13.16,13.15,13.06,13.16,13.12,13.31,13.31,13.5,13.54,13.27,13.26
3/18/25 4:00,1270,12.13,13.82,13.11,13.08,12.7,12.68,12.46,13.02,12.77,12.73,13.02,12.98,13.02,12.9,13.07,13.04,13.03,13.03,13.42,13.45,13.19,13.16
3/18/25 4:30,1271,12.11,13.56,12.44,12.46,12.27,12.29,11.94,12.25,12.17,12.22,12.47,12.41,12.5,12.31,12.51,12.51,12.51,12.54,12.81,12.89,12.65,12.67
3/18/25 5:00,1272,12.12,13.07,13.1,13.11,12.83,12.87,12.74,12.95,12.74,12.74,12.92,13.01,13.02,12.82,12.93,12.9,13.04,13.05,13.14,13.15,13.07,13.06
3/18/25 5:30,1273,12.11,13.46,13.38,13.4,12.96,12.99,12.82,13.1,12.91,12.91,13.08,13.16,13.19,13.02,13.09,13.07,13.27,13.29,13.33,13.34,13.25,13.24
3/18/25 6:00,1274,12.11,13.31,12.56,12.59,12.48,12.52,12.17,12.32,12.23,12.27,12.46,12.37,12.51,12.38,12.39,12.41,12.53,12.57,12.74,12.83,12.62,12.71
3/18/25 6:30,1275,12.1,12.36,12.08,12.13,12.23,12.29,11.93,11.78,11.84,11.95,12.06,12.09,12.2,12.02,11.9,11.94,11.99,12.03,12.24,12.34,12.12,12.18
3/18/25 7:00,1276,12.1,11.63,12.07,12.12,12.26,12.29,12.21,11.85,11.75,11.82,12.22,12.17,12.25,11.89,12.22,12.24,12.01,12,12.22,12.29,12.29,12.25
3/18/25 7:30,1277,12.3,11.51,13.52,13.54,14.97,14.68,16.79,13.74,14.03,13.92,16.66,14.54,14.28,13.99,15.8,15.91,16.9,15.37,15.23,14.87,17.11,15.08
3/18/25 8:00,1278,13,12.4,16.41,16.48,15.52,15.47,16.31,16.6,16.04,15.84,17.6,16.51,16.3,16.19,16.42,16.55,17.72,17.29,17.16,17.28,17.36,16.65
3/18/25 8:30,1279,13.17,14.03,19.7,20.15,17.27,17.17,18.82,18.9,17.27,17.35,19.63,18.64,18.31,20.08,18.54,18.63,19.77,19.72,19.02,18.87,18.19,18.02
3/18/25 9:00,1280,13.17,15.81,20.56,21.14,19.11,18.93,20.39,20.05,18.71,18.89,19.73,19.93,19.73,20.89,20.64,20.67,20.91,21.03,20.44,20.22,19.89,19.41
3/18/25 9:30,1281,13.2,17.76,21.77,22.13,20.53,20.37,22.73,21.08,20.44,20.55,22.15,21.93,21.8,22.42,22.94,23.03,22.65,21.94,22.14,21.52,21.61,21.04
3/18/25 10:00,1282,13.21,20.03,23.61,24.25,22.23,22.02,23.09,22.33,21.79,21.89,23.42,23.59,23.44,23.8,24.13,24.41,24.14,24.07,23.57,23.23,23.1,22.78
3/18/25 10:30,1283,13.18,22.98,25.39,25.63,24.17,23.89,24.79,24.34,23.68,23.66,25.3,26.02,25.49,25.13,25.55,25.97,26.76,26.33,25.69,24.82,25.09,24.84
3/18/25 11:00,1284,13.18,26.45,26.8,26.81,25.55,25.35,26.54,26.1,25.92,25.89,27.22,28.09,27.09,27.32,27.04,27.13,27.46,27.25,27.16,26.73,26.48,26.16
3/18/25 11:30,1285,13.17,29.66,29.39,28.81,26.93,26.73,27.63,28.61,27.3,27.29,28.53,29.49,28.56,28.42,28.31,28.52,29.07,29.16,28.56,28.54,28.25,28.37
3/18/25 12:00,1286,13.16,32.35,31.32,30.82,28.55,28.26,28.14,29.22,28.65,28.53,30.08,30.41,29.41,29.92,29.86,30.18,30.75,30.32,29.38,29.16,29.49,29.55
3/18/25 12:30,1287,13.14,34.52,32.64,32.74,30.79,30.53,29.84,30.79,30.23,30.52,31.54,32.34,31.46,31.67,30.67,31.19,31.67,31.83,30.83,30.89,30.49,30.99
3/18/25 13:00,1288,13.13,36.18,34.7,35.58,32.13,31.9,30.75,31.69,31.01,31.35,31.59,33.62,32.78,33.66,30.35,30.56,32.66,32.85,31.71,32.24,31.3,31.65
3/18/25 13:30,1289,13.13,37.53,36.11,36.37,32.65,32.25,31.77,31.65,31.69,32.25,32.05,34.25,33.03,34.41,31.76,32.09,34.01,33.61,33.06,33.27,32.36,32.62
3/18/25 14:00,1290,13.13,38.65,37.11,36.98,33.46,33.29,32.62,33.57,32.61,33.22,33.54,35.44,34.52,35.06,32.97,33.32,35.55,35.23,34.24,34.12,33.73,33.79
3/18/25 14:30,1291,13.13,39.38,37.77,37.68,34.29,34.28,32.59,35.82,33.11,33.2,33.36,37.04,35.79,36.69,33.47,33.84,36.38,36.92,35.21,35.51,34.02,34.09
3/18/25 15:00,1292,13.11,39.97,37.19,36.73,33.61,33.58,33.88,37.62,33.58,33.3,34.09,37.29,35.99,36.33,34.39,34.71,36.27,35.57,36.54,36.61,34.74,34.84
3/18/25 15:30,1293,13.12,39.99,37.45,36.87,33.42,33.73,34.13,35.41,33.83,33.43,33.32,36.18,35.11,35.48,34.33,34.45,36.06,35.93,36.09,36.64,34.43,34.49
3/18/25 16:00,1294,13.12,39.19,37.43,36.76,33.36,33.48,33.96,36.28,33.19,32.9,33.24,36.41,35.14,36.23,34.05,34.14,36.43,36.39,36.93,37.86,34.27,34.55
3/18/25 16:30,1295,13,38.08,36.76,36.36,32.64,32.53,33.32,38.02,32.5,32.25,32.14,34.18,33.59,35.34,32.83,32.76,34.54,34.16,37.84,38.24,33.13,33.31
3/18/25 17:00,1296,12.75,35.9,34.9,35.08,31.72,31.68,31.73,37.02,32.66,31.48,30.95,31.52,31.46,33.5,31.17,31.12,32.32,32.32,37.34,37.44,31.76,31.95
3/18/25 17:30,1297,12.55,33.37,33.22,33.66,30.96,30.6,30.83,36.05,32.01,30.57,29.94,30.9,30.91,32.14,30.2,30.18,31.38,31.24,36.74,36.69,30.74,30.87
3/18/25 18:00,1298,12.4,30.8,32.17,32.18,30.3,29.68,29.77,33.98,30.72,29.34,29.07,29.77,29.76,30.96,28.92,28.9,29.8,29.98,34.4,34.12,29.49,29.57
3/18/25 18:30,1299,12.35,27.9,28.55,28.51,27.62,27.28,27.45,29.25,27.64,27.04,27.03,27.22,27.24,27.97,27.1,27.04,27.65,27.67,30.57,30.57,27.56,27.54
3/18/25 19:00,1300,12.34,25.54,25.03,25.1,24.86,24.89,24.58,24.6,24.65,24.72,24.86,24.95,25.01,24.78,24.85,24.85,24.91,24.97,25.07,25.11,25.19,25.21
3/18/25 19:30,1301,12.3,23.69,23.49,23.54,23.52,23.55,23.32,23.14,23.12,23.21,23.45,23.43,23.48,23.27,23.56,23.57,23.57,23.62,23.54,23.6,23.61,23.65
3/18/25 20:00,1302,12.33,22.22,22.68,22.73,22.81,22.84,22.63,22.4,22.35,22.48,22.68,22.8,22.88,22.59,22.96,22.98,22.93,22.99,22.89,22.93,23.13,23.18
3/18/25 20:30,1303,12.32,21.21,22.31,22.37,22.51,22.54,22.34,21.96,21.79,21.96,22.33,22.42,22.48,22.08,22.79,22.8,22.79,22.85,22.37,22.48,22.75,22.79
3/18/25 21:00,1304,12.3,20.52,21.64,21.7,21.75,21.75,21.77,21.51,21.37,21.47,21.77,21.87,21.9,21.61,22.05,22.06,22.06,22.12,21.89,21.95,22.16,22.19
3/18/25 21:30,1305,12.27,20.08,21.17,21.21,21.46,21.49,21.58,21.36,21.3,21.46,21.64,21.9,21.96,21.58,22.22,22.26,22.18,22.24,21.81,21.89,22.29,22.3
3/18/25 22:00,1306,12.28,19.67,21.27,21.33,21.76,21.83,21.92,21.76,21.76,21.87,22.05,22.24,22.33,21.74,22.15,22.18,22.05,22.13,21.83,21.89,22.3,22.35
3/18/25 22:30,1307,12.27,19.1,19.89,19.96,20.51,20.53,20.35,19.95,19.75,19.9,20.2,20.31,20.43,19.85,20.1,20.12,19.9,19.96,19.83,19.94,20.25,20.29
3/18/25 23:00,1308,12.26,18.24,18.61,18.65,19.2,19.24,18.91,18.66,18.5,18.53,18.59,18.75,18.83,18.85,18.68,18.69,18.76,18.8,19.29,19.34,18.95,19
3/18/25 23:30,1309,12.25,17.42,18.11,18.14,18.79,18.78,18.68,18.31,17.89,17.98,18.12,18.55,18.67,18.28,18.58,18.6,18.46,18.49,18.57,18.65,18.68,18.75
3/19/25 0:00,1310,12.16,17.18,17.87,17.91,18.56,18.61,18.42,17.95,17.59,17.59,17.67,18.16,18.24,18,18.32,18.36,18.13,18.15,18.58,18.62,18.27,18.31
3/19/25 0:30,1311,12.19,16.81,17.86,17.92,18.68,18.71,18.49,17.98,17.69,17.85,18.1,18.4,18.54,18.04,18.39,18.44,18.22,18.25,18.13,18.23,18.36,18.4
3/19/25 1:00,1312,12.22,16.26,17.13,17.18,18.05,18.07,17.7,17.13,16.96,17.13,17.34,17.53,17.71,17.28,17.53,17.54,17.17,17.17,17.1,17.23,17.36,17.37
3/19/25 1:30,1313,12.21,15.58,16.59,16.65,17.15,17.16,17.07,16.67,16.41,16.52,16.8,16.98,17.05,16.82,16.97,16.97,16.88,16.87,17.19,17.24,17.01,17.07
3/19/25 2:00,1314,12.2,15.15,16.04,16.07,16.93,16.94,16.72,15.99,15.67,15.78,16.05,16.33,16.44,16.27,16.28,16.29,16.3,16.32,16.59,16.64,16.32,16.38
3/19/25 2:30,1315,12.19,14.73,16.49,16.53,17.87,17.95,17.7,16.68,16.28,16.38,16.42,17.06,17.19,16.85,17.24,17.26,16.83,16.84,16.89,16.94,16.96,16.99
3/19/25 3:00,1316,12.18,14.55,15.7,15.76,17.37,17.38,16.99,16.04,16.2,16.53,16.83,16.97,17.1,16.42,16.72,16.74,16.29,16.3,16.09,16.18,16.6,16.53
3/19/25 3:30,1317,12.18,14.42,16.02,16.07,17.18,17.13,17.09,16.21,16.07,16.27,16.5,16.66,16.73,16.48,16.57,16.59,16.31,16.32,16.2,16.28,16.49,16.5
3/19/25 4:00,1318,12.17,14.18,15.9,15.92,16.99,17.09,16.87,16.09,15.93,16.02,15.82,16.35,16.46,16.32,16.65,16.67,16.29,16.27,16.51,16.54,16.37,16.43
3/19/25 4:30,1319,12.16,13.99,16.17,16.22,17.17,17.18,17.19,16.44,16.1,16.25,16.39,17.06,17.16,16.44,17.21,17.24,16.57,16.59,16.55,16.64,16.48,16.59
3/19/25 5:00,1320,12.16,13.91,15.64,15.69,16.98,17.09,16.88,16.4,15.84,15.88,15.88,17.1,17.24,16.13,17.16,17.18,16.65,16.7,16.42,16.54,16.29,16.38
3/19/25 5:30,1321,12.15,13.74,16.17,16.22,17.38,17.43,17.5,16.61,16.01,16.3,16.6,17.01,17.1,16.35,16.96,16.99,16.77,16.78,16.59,16.7,17.02,17.05
3/19/25 6:00,1322,12.14,13.74,15.53,15.59,16.77,16.75,16.65,15.49,15.31,15.46,15.79,15.99,16.13,15.92,16.25,16.3,16.08,16.09,15.88,15.93,15.69,15.72
3/19/25 6:30,1323,12.14,13.65,15.22,15.25,16.64,16.67,16.54,15.4,15.18,15.38,15.8,15.98,16.01,15.68,15.8,15.8,15.59,15.58,15.52,15.57,15.55,15.52
3/19/25 7:00,1324,12.13,13.51,15.79,15.84,16.78,16.8,17.02,16,15.64,15.77,16,16.48,16.55,16.24,16.74,16.74,15.96,15.91,16.16,16.21,16.35,16.33
3/19/25 7:30,1325,12.28,13.67,17.97,18,19.06,19.07,20.41,19.03,18.64,18.6,23.66,19.79,19.74,18.6,22.25,21.73,20.12,19.38,19.55,19.44,22.97,20.85
3/19/25 8:00,1326,13,15.15,22.99,22.77,22.25,22.3,23.09,23.92,22.84,22.63,27.38,23.77,23.24,22.89,25.61,25.1,25.2,24.1,25.34,25.04,25.98,24.33
3/19/25 8:30,1327,13.15,17.96,25.4,25.66,24.11,23.96,26.3,25.45,24.07,24.09,27.74,25.7,25.26,26.64,26.35,26.26,26.63,25.83,25.88,25.52,24.57,24.44
3/19/25 9:00,1328,13.12,20.82,25.72,25.98,25.26,24.98,27.91,25.39,25.02,25.25,26.38,26.22,26.03,26.56,28.09,28.2,26.9,26.45,26.33,26.01,25.97,25.53
3/19/25 9:30,1329,13.15,23.4,27.42,27.84,26.64,26.34,28.7,26.74,26.44,26.29,28.08,27.72,27.56,28.46,29.06,29.18,28.64,28.06,28.02,27.37,27.61,27.18
3/19/25 10:00,1330,13.14,26.13,29.2,29.73,28.24,28.05,29.24,27.82,27.76,27.95,29.36,29.66,29.32,29.44,30.54,30.74,30.54,30.17,29.3,28.77,29.09,28.51
3/19/25 10:30,1331,13.15,28.97,30.35,30.53,29.41,29.12,29.8,29.41,28.98,28.92,30.39,30.76,30.15,29.99,30.31,30.71,31.38,30.92,30.62,29.89,30.3,29.95
3/19/25 11:00,1332,13.14,31.74,32.39,32.29,30.47,30.13,31.03,31.45,31.01,30.76,31.7,32.71,31.71,32.22,31.82,31.91,32.56,32.53,32.4,31.88,31.65,31.72
3/19/25 11:30,1333,13.14,34.46,34.07,33.54,32.27,31.97,32.65,32.61,32.11,32.07,33,33.37,32.55,33.01,33.43,33.61,34.15,34.02,33.43,33.11,33.07,33.13
3/19/25 12:00,1334,13.13,36.84,35.89,35.47,33.7,33.56,33.48,34.16,33.82,33.73,34.71,35.03,34.18,34.95,34.82,35.11,35.67,35.5,34.82,34.64,34.49,34.51
3/19/25 12:30,1335,13.12,38.84,37.69,37.73,35.4,35.05,34.66,34.56,34.62,34.88,35.77,35.89,35.07,36.41,35.35,35.66,36.78,36.34,36.11,35.82,35.35,35.95
3/19/25 13:00,1336,13.12,40.21,38.83,39.27,36.29,36.05,35.09,35.02,35.33,35.59,36.08,37.14,36.32,36.97,35.44,35.66,37.64,37.63,36.59,36.67,36.14,36.53
3/19/25 13:30,1337,13.11,41.23,39,38.72,36.8,36.66,36.16,35.21,35.84,36.29,36.22,37.67,36.93,37.45,36.1,36.37,37.99,37.67,37.72,37.7,36.85,36.93
3/19/25 14:00,1338,13.09,42.11,39.7,39.34,36.95,36.65,36.55,35.91,36.18,36.69,36.67,38.41,37.66,37.81,36.22,36.48,38.82,38.32,37.5,37.41,37.01,37.11
3/19/25 14:30,1339,13.07,42.44,38.57,38.18,36.39,36.34,35.92,35.82,35.47,35.88,36.15,37.78,36.97,37.41,36.28,36.48,38.27,38.04,37.39,37.06,36.75,36.72
3/19/25 15:00,1340,13.05,40.47,35.84,35.73,34.73,34.58,35.08,34.36,34.21,34.51,34.58,35.51,35.13,35.35,34.76,34.92,35.85,35.26,35.77,35.41,34.88,34.92
3/19/25 15:30,1341,12.98,37.67,34.4,34.4,33.54,33.41,33.94,32.97,33.14,33.32,33.5,33.91,33.61,33.92,33.45,33.5,34.35,33.97,34.33,34.13,33.76,33.74
3/19/25 16:00,1342,13.03,36.05,35.36,35.16,33.98,33.68,35.22,34.13,33.66,33.84,34.02,35.07,34.45,34.92,34.04,34.15,35.22,34.85,34.99,34.7,34.07,34.03
3/19/25 16:30,1343,13,36.01,35.2,35.03,33.68,33.37,34.49,35.38,33.34,33.51,34.25,35.06,34.45,35.36,33.93,34.03,34.99,34.83,35.28,35.16,34.02,34.18
3/19/25 17:00,1344,12.67,34.59,32.51,32.54,31.6,31.61,31.38,32.12,31.37,31.35,31.72,31.66,31.57,31.79,31.6,31.57,31.86,31.88,32.49,32.62,31.91,31.94
3/19/25 17:30,1345,12.4,32.37,30.9,30.94,30.48,30.48,30.2,30.85,30.41,30.36,30.47,30.48,30.5,30.58,30.53,30.51,30.64,30.66,31.41,31.42,30.9,30.93
3/19/25 18:00,1346,12.38,30.95,31.25,31.25,30.93,30.79,31.03,32.21,30.93,30.8,31.06,31.46,31.42,31.14,30.94,30.95,30.91,30.93,31.82,31.65,31.21,31.25
3/19/25 18:30,1347,12.33,29.73,28.31,28.33,28.15,28.17,27.95,28.1,28.06,28.09,28.2,28.27,28.29,28.17,28.22,28.22,28.25,28.27,28.57,28.59,28.46,28.48
3/19/25 19:00,1348,12.33,27.99,26.67,26.71,26.59,26.6,26.4,26.45,26.48,26.53,26.59,26.64,26.67,26.58,26.66,26.65,26.68,26.71,26.96,26.99,26.91,26.93
3/19/25 19:30,1349,12.33,26.25,25.46,25.5,25.53,25.55,25.37,25.31,25.38,25.44,25.55,25.64,25.68,25.52,25.67,25.67,25.65,25.68,25.83,25.86,25.9,25.91
3/19/25 20:00,1350,12.32,24.86,24.69,24.72,24.77,24.81,24.74,24.66,24.71,24.78,24.84,24.95,25,24.82,24.99,25,25,25.03,25.09,25.13,25.17,25.19
3/19/25 20:30,1351,12.31,24.05,24.18,24.21,24.31,24.34,24.21,24.09,24.1,24.17,24.3,24.38,24.44,24.22,24.33,24.33,24.34,24.38,24.39,24.43,24.53,24.55
3/19/25 21:00,1352,12.3,23.41,24.1,24.14,24.22,24.23,24.19,24.03,23.99,24.06,24.19,24.3,24.33,24.17,24.25,24.25,24.26,24.29,24.27,24.31,24.4,24.41
3/19/25 21:30,1353,12.28,23.12,23.9,23.94,24.08,24.09,24.11,24.01,23.98,24.04,24.2,24.29,24.33,24.1,24.3,24.31,24.33,24.37,24.24,24.29,24.45,24.47
3/19/25 22:00,1354,12.27,22.82,23.63,23.67,23.78,23.83,23.8,23.64,23.63,23.73,23.89,23.91,23.99,23.72,24.03,24.04,24.05,24.09,23.85,23.9,24.09,24.13
3/19/25 22:30,1355,12.26,22.28,22.66,22.7,22.89,22.89,22.87,22.71,22.67,22.77,22.91,23,23.04,22.8,22.96,22.97,22.95,22.99,22.89,22.95,23.14,23.15
3/19/25 23:00,1356,12.25,21.57,22.53,22.57,22.89,22.89,23.03,22.77,22.82,22.92,23,23.19,23.23,22.97,23,23.02,22.92,22.97,22.96,23,23.22,23.25
3/19/25 23:30,1357,12.24,21.38,22.68,22.73,22.88,22.9,23.08,22.94,22.87,22.96,23.11,23.32,23.36,23.15,23.31,23.33,23.32,23.36,23.15,23.2,23.42,23.43
3/20/25 0:00,1358,12.24,21.35,22.26,22.3,22.64,22.67,22.66,22.4,22.37,22.46,22.71,22.73,22.82,22.47,22.79,22.8,22.71,22.73,22.49,22.56,22.85,22.88
3/20/25 0:30,1359,12.23,20.68,21.01,21.06,21.4,21.42,21.34,20.88,20.65,20.71,21.03,21.18,21.26,20.76,21.07,21.07,20.95,20.97,20.94,21,21.06,21.13
3/20/25 1:00,1360,12.22,19.7,20.65,20.72,21.16,21.2,21.19,20.68,20.26,20.42,20.82,20.92,20.98,20.43,20.86,20.87,20.36,20.43,20.45,20.53,20.59,20.68
3/20/25 1:30,1361,12.21,19.05,20.77,20.82,21.28,21.28,21.51,21.1,20.8,20.99,21.33,21.42,21.49,20.95,21.38,21.4,21.22,21.26,20.9,21,21.44,21.47
3/20/25 2:00,1362,12.21,19.1,20.72,20.74,21.23,21.24,21.29,20.97,20.65,20.75,20.87,21.35,21.42,20.97,21.21,21.23,21.17,21.19,21.23,21.26,21.17,21.22
3/20/25 2:30,1363,12.19,19.48,21.7,21.7,22.01,22.11,22.04,22.04,21.89,21.97,22.14,22.14,22.27,21.83,22.22,22.21,22.17,22.21,22.13,22.14,22.22,22.25
3/20/25 3:00,1364,12.19,19.84,21.07,21.08,21.39,21.31,21.33,21.17,20.95,21.02,21.1,21.31,21.39,21.24,21.31,21.32,21.32,21.34,21.4,21.43,21.41,21.45
3/20/25 3:30,1365,12.18,20.06,21.83,21.84,22.15,22.23,22.14,21.9,21.98,22.05,22.12,22.23,22.29,21.94,22.25,22.26,22.24,22.26,22.06,22.06,22.33,22.37
3/20/25 4:00,1366,12.17,20.13,20.81,20.83,21.23,21.25,21.15,20.89,20.76,20.83,20.89,21.01,21.11,20.93,21.04,21.06,21.05,21.06,21.12,21.16,21.09,21.13
3/20/25 4:30,1367,12.16,20,19.47,19.51,19.93,19.92,19.48,19.74,19.49,19.49,19.83,19.99,20,19.84,20.02,20,20.05,20.06,20.28,20.29,20.14,20.15
3/20/25 5:00,1368,12.15,18.87,18,17.96,18.58,18.58,17.81,18.27,18.28,18.17,18.6,18.46,18.48,18.25,18.42,18.36,18.45,18.46,18.43,18.46,18.35,18.37
3/20/25 5:30,1369,12.15,17.95,17.83,17.78,19.67,19.67,19,18.65,19.4,19.35,19.54,19.71,19.8,19.22,19.77,19.73,19.63,19.6,18.23,18.04,19.52,19.68
3/20/25 6:00,1370,12.15,17.09,17.77,17.73,19.05,19.01,18.97,18.53,18.31,18.36,18.68,18.79,18.81,18.55,18.88,18.87,18.66,18.66,18.34,18.32,18.77,18.77
3/20/25 6:30,1371,12.15,16.73,18.01,17.98,19.18,19.19,19.19,18.74,18.4,18.47,18.82,19.1,19.11,18.56,19.15,19.15,18.79,18.78,18.55,18.6,18.92,18.93
3/20/25 7:00,1372,12.13,16.84,18.47,18.46,19.1,19.08,19.2,18.98,18.61,18.67,19.17,19.24,19.22,18.84,19.37,19.37,19.02,19.02,19.08,19.1,19.08,19.05
3/20/25 7:30,1373,12.22,17.34,20.07,20.09,20.44,20.46,21.05,20.67,20.25,20.23,23.03,21,20.99,20.42,21.58,21.59,20.77,20.67,20.71,20.77,21.58,21.17
3/20/25 8:00,1374,12.14,18.51,21.2,21.19,21.85,21.87,21.98,21.99,21.61,21.64,21.82,22.22,22.19,21.71,22.07,22.09,22.06,22.08,21.93,22.01,21.8,21.82
3/20/25 8:30,1375,12.2,19.49,22.4,22.42,22.51,22.47,22.96,23.11,22.4,22.5,22.86,23.54,23.35,22.74,23.12,23.2,23.16,23.12,22.75,22.79,22.75,22.79
3/20/25 9:00,1376,12.59,20.65,24.34,24.3,24.31,24.22,25.41,24.68,24.1,24.26,24.95,25.95,25.43,24.82,25.24,25.43,25.16,25.07,24.51,24.58,24.53,24.51
3/20/25 9:30,1377,12.97,22.39,26.85,26.96,26.56,26.28,28.23,26.81,26.09,26.25,26.97,27.79,27.19,28.2,27.57,27.73,28.03,27.73,27.27,26.77,26.88,26.41
3/20/25 10:00,1378,12.9,24.88,26.38,26.57,25.93,25.75,26.58,26.18,25.64,25.74,25.97,26.77,26.53,26.9,26.2,26.42,27.14,27.17,26.35,26.2,25.96,25.96
3/20/25 10:30,1379,12.71,25.2,26.13,26.18,25.81,25.66,26.54,25.64,25.53,25.75,25.84,26.56,26.23,26.22,25.93,26.11,26.72,26.56,26.08,25.94,25.85,25.82
3/20/25 11:00,1380,12.9,25.32,27.39,27.37,26.83,26.53,28.1,27.19,26.45,26.67,26.7,27.7,27.2,27.81,26.65,26.81,27.83,27.71,27.25,27.04,26.6,26.61
3/20/25 11:30,1381,13.11,26.69,30.9,30.72,29.56,28.96,31.11,30.1,29.22,29.46,29.87,31.46,30.48,31.17,29.41,29.76,31.28,30.89,29.99,29.64,29.5,29.25
3/20/25 12:00,1382,13.17,30.04,31.18,31.28,29.81,29.53,30.92,29.64,29.15,29.32,29.86,30.64,30,30.93,29.94,30.2,31.35,31.01,30.42,29.99,29.82,29.91
3/20/25 12:30,1383,13.19,31.81,33.27,33.39,31.45,30.98,32.54,31.08,30.84,31.08,31.45,32.42,31.61,32.98,31.24,31.52,33.08,32.58,31.77,31.5,31.02,30.95
3/20/25 13:00,1384,13.17,34.55,34,34.11,32.28,31.83,32.72,31.39,31.48,31.67,32.25,33.23,32.6,33.1,31.81,32.1,33.44,33.3,32.37,32.2,31.73,31.89
3/20/25 13:30,1385,13.15,35.85,35.58,35.57,33.46,32.93,34.05,32.87,32.91,33.33,33.28,34.89,34.1,35.1,33.07,33.42,35.26,34.86,34.13,33.82,33.24,33.45
3/20/25 14:00,1386,13.13,37.29,35.48,35.37,33.53,33.17,33.81,33.15,32.99,33.39,33.32,34.45,33.91,34.54,33.2,33.37,35.08,34.62,34.06,33.59,33.39,33.32
3/20/25 14:30,1387,13.1,37.47,34.7,34.74,33.43,33.06,33.6,32.63,32.69,32.99,33.16,34.48,33.93,34.21,33.32,33.57,34.9,34.53,34.17,33.86,33.43,33.55
3/20/25 15:00,1388,12.93,36.05,30.36,30.3,29.87,29.9,29.53,30.06,30.06,30.08,30.96,30.61,30.55,29.99,30.45,30.42,30.32,30.26,30.92,30.94,30.83,30.94
3/20/25 15:30,1389,12.58,32.74,28.4,28.42,28.02,28.04,27.81,28.04,28.22,28.24,28.74,28.74,28.73,28.08,28.39,28.37,28.26,28.28,28.83,28.83,28.73,28.78
3/20/25 16:00,1390,12.46,29.82,26.45,26.44,26.17,26.2,25.92,26.14,26.22,26.22,26.55,26.63,26.65,26.16,26.45,26.42,26.3,26.32,26.78,26.8,26.66,26.69
3/20/25 16:30,1391,12.35,27.28,22.96,23.12,23.23,23.25,22.1,23.13,23.13,23.17,23.94,23.67,23.65,23.02,23.63,23.58,23.36,23.35,23.69,23.72,23.68,23.61
3/20/25 17:00,1392,12.33,23.83,19.83,19.71,20.19,20.12,19.02,19.55,20.12,20.04,20.12,20.21,20.19,19.53,20.07,19.95,20.33,20.35,19.92,20,19.7,20.1
3/20/25 17:30,1393,12.3,21.2,18.85,18.82,19.07,19.04,18.48,18.41,19.06,19.05,19.27,19.22,19.24,18.57,19.26,19.21,19.43,19.4,18.93,19.09,18.84,19
3/20/25 18:00,1394,12.3,20.18,18.27,18.23,18.47,18.46,17.94,18.07,18.44,18.48,18.68,18.81,18.81,18.07,18.72,18.67,18.79,18.71,18.55,18.64,18.41,18.52
3/20/25 18:30,1395,12.29,19.48,17.37,17.45,17.74,17.75,16.98,17.26,17.6,17.57,17.98,18,18.02,17.49,18.03,17.98,17.94,17.95,17.73,17.69,17.44,17.53
3/20/25 19:00,1396,12.28,18.88,17.41,17.58,17.83,17.85,17.31,17.33,17.61,17.59,17.86,17.9,17.94,17.54,17.92,17.86,17.96,17.98,17.57,17.64,17.42,17.62
3/20/25 19:30,1397,12.27,18.42,17.36,17.53,17.77,17.77,17.36,17.31,17.53,17.49,17.73,17.74,17.81,17.54,17.78,17.73,17.89,17.91,17.46,17.46,17.45,17.61
3/20/25 20:00,1398,12.26,18.16,17.62,17.76,17.88,17.88,17.57,17.6,17.68,17.65,17.93,17.99,18.02,17.75,18,17.97,18.06,18.06,17.78,17.79,17.7,17.76
3/20/25 20:30,1399,12.24,18.14,17.58,17.65,17.8,17.79,17.43,17.61,17.7,17.72,17.85,17.94,17.98,17.56,17.89,17.85,18.1,18.12,17.62,17.66,17.71,17.73
3/20/25 21:00,1400,12.23,18.11,17.41,17.51,17.46,17.45,17.11,17.35,17.43,17.46,17.56,17.79,17.85,17.25,17.63,17.6,17.89,17.91,17.38,17.45,17.49,17.51
3/20/25 21:30,1401,12.22,18.08,17.32,17.38,17.36,17.36,17.05,17.24,17.35,17.36,17.48,17.62,17.68,17.21,17.54,17.52,17.78,17.77,17.33,17.37,17.44,17.45
3/20/25 22:00,1402,12.21,18.03,17.16,17.22,17.26,17.23,16.86,17.07,17.16,17.17,17.26,17.42,17.45,17,17.32,17.3,17.59,17.58,17.1,17.19,17.24,17.25
3/20/25 22:30,1403,12.2,17.96,17.14,17.16,17.16,17.1,16.89,17.07,17.05,17.06,17.06,17.29,17.3,17.05,17.14,17.11,17.25,17.25,17.07,17.09,17.14,17.11
3/20/25 23:00,1404,12.19,17.84,17.12,17.14,17.05,16.99,16.81,17,17,17.01,17.05,17.26,17.27,17,17.11,17.08,17.26,17.25,17.07,17.12,17.1,17.07
3/20/25 23:30,1405,12.18,17.74,17.07,17.08,17.02,17,16.81,16.99,16.95,16.95,17.02,17.22,17.24,16.96,17.09,17.07,17.2,17.2,16.97,17.01,17.04,17.03
3/21/25 0:00,1406,12.17,17.73,17.12,17.13,17.08,17.04,16.88,16.99,16.98,16.98,17,17.23,17.24,17.03,17.14,17.11,17.21,17.21,17.07,17.1,17.11,17.1
3/21/25 0:30,1407,12.17,17.71,17.17,17.18,17.13,17.08,16.95,17.06,17.03,17.03,17.06,17.25,17.27,17.1,17.16,17.14,17.23,17.23,17.15,17.17,17.17,17.16
3/21/25 1:00,1408,12.16,17.67,17.09,17.08,17.02,16.97,16.86,16.94,16.94,16.95,16.98,17.13,17.14,17.01,17.07,17.05,17.14,17.14,17.06,17.07,17.08,17.09
3/21/25 1:30,1409,12.14,17.58,16.99,16.99,16.91,16.88,16.76,16.84,16.86,16.86,16.9,17.01,17.03,16.9,16.96,16.93,17.02,17.02,16.96,16.97,16.96,16.95
3/21/25 2:00,1410,12.14,17.54,17.1,17.11,17.03,17.04,16.89,16.96,17.01,17.01,17,17.15,17.14,17.01,17.13,17.08,17.19,17.2,17.11,17.12,17.11,17.12
3/21/25 2:30,1411,12.14,17.46,17.02,17.03,16.99,17.01,16.85,16.9,16.97,16.97,16.95,17.11,17.13,16.94,17.07,17.05,17.12,17.14,17.03,17.04,17.04,17.05
3/21/25 3:00,1412,12.13,17.43,17.08,17.08,17.03,17,16.87,16.95,16.94,16.95,16.99,17.13,17.14,17,17.07,17.05,17.15,17.15,17.09,17.1,17.09,17.1
3/21/25 3:30,1413,12.13,17.43,17,17,16.94,16.9,16.81,16.87,16.87,16.88,16.9,17.04,17.06,16.93,17.01,16.99,17.05,17.05,17.02,17.03,17.01,17.01
3/21/25 4:00,1414,12.13,17.33,16.84,16.84,16.76,16.73,16.64,16.71,16.72,16.73,16.73,16.86,16.87,16.76,16.81,16.79,16.86,16.87,16.83,16.84,16.82,16.82
3/21/25 4:30,1415,12.12,17.13,16.31,16.31,16.21,16.21,16.07,16.15,16.22,16.24,16.2,16.33,16.33,16.2,16.28,16.25,16.36,16.38,16.28,16.3,16.27,16.28
3/21/25 5:00,1416,12.12,16.87,16.25,16.25,16.15,16.17,16,16.07,16.16,16.18,16.14,16.26,16.27,16.11,16.17,16.14,16.25,16.28,16.17,16.19,16.14,16.15
3/21/25 5:30,1417,12.11,16.77,16.17,16.18,16.1,16.09,15.95,16.01,16.07,16.08,16.08,16.19,16.2,16.05,16.05,16.04,16.14,16.16,16.07,16.08,16.07,16.07
3/21/25 6:00,1418,12.11,16.73,16.19,16.19,16.11,16.1,15.98,16.02,16.05,16.06,16.09,16.25,16.25,16.05,16.08,16.06,16.19,16.2,16.08,16.1,16.07,16.07
3/21/25 6:30,1419,12.11,16.66,16.19,16.2,16.12,16.12,15.97,16,16.09,16.11,16.14,16.31,16.32,16.05,16.11,16.08,16.23,16.25,16.1,16.1,16.09,16.09
3/21/25 7:00,1420,12.12,16.71,16.35,16.35,16.3,16.28,16.16,16.21,16.25,16.26,16.28,16.43,16.44,16.24,16.26,16.25,16.36,16.37,16.25,16.26,16.25,16.24
3/21/25 7:30,1421,12.11,16.78,16.48,16.48,16.44,16.42,16.29,16.38,16.38,16.39,16.42,16.57,16.57,16.38,16.41,16.39,16.5,16.5,16.4,16.42,16.39,16.39
3/21/25 8:00,1422,12.1,16.93,16.67,16.67,16.62,16.6,16.48,16.55,16.54,16.54,16.58,16.75,16.75,16.57,16.6,16.59,16.7,16.7,16.6,16.62,16.59,16.59
3/21/25 8:30,1423,12.09,17.08,16.86,16.87,16.82,16.78,16.7,16.77,16.73,16.74,16.76,16.97,16.96,16.8,16.82,16.81,16.92,16.92,16.82,16.83,16.82,16.82
3/21/25 9:00,1424,12.1,17.21,16.94,16.95,16.89,16.85,16.73,16.83,16.8,16.81,16.83,17.04,17.01,16.89,16.88,16.87,16.97,16.99,16.91,16.92,16.89,16.89
3/21/25 9:30,1425,12.14,17.31,17.21,17.23,17.14,17.08,16.98,17.17,17.01,17.03,17.07,17.33,17.27,17.13,17.07,17.06,17.2,17.21,17.14,17.15,17.12,17.11
3/21/25 10:00,1426,12.13,17.56,17.5,17.51,17.41,17.34,17.32,17.43,17.34,17.37,17.34,17.67,17.58,17.47,17.37,17.36,17.52,17.54,17.44,17.44,17.41,17.4
3/21/25 10:30,1427,12.37,17.97,18.29,18.33,18.05,17.95,18.07,17.94,18.02,18.13,17.93,18.54,18.36,18.14,17.93,17.92,18.52,18.68,18.09,17.94,17.99,17.99
3/21/25 11:00,1428,12.55,18.59,18.7,18.58,18.57,18.49,18.57,18.21,18.54,18.66,18.31,19.01,18.8,18.51,18.25,18.16,19.33,19.25,18.5,18.53,18.29,18.5
3/21/25 11:30,1429,12.46,19.17,19.04,18.94,18.97,18.82,18.87,18.54,18.81,18.86,18.72,19.17,19,18.66,18.64,18.37,19.57,19.43,18.85,18.79,18.63,18.75
3/21/25 12:00,1430,12.73,19.69,19.95,19.85,19.78,19.51,20.23,19.33,19.65,19.75,19.57,20.12,19.83,19.66,19.51,18.97,20.75,20.54,19.84,19.6,19.52,19.47
3/21/25 12:30,1431,12.79,20.35,20.62,20.59,20.25,19.97,20.56,19.97,20.07,20.17,20.06,20.59,20.34,20.49,20.06,19.83,21.12,20.99,20.43,20.08,20.21,20.05
3/21/25 13:00,1432,12.87,20.97,21.11,21.08,20.72,20.5,21.02,20.55,20.55,20.64,20.61,21.13,20.9,21.12,20.74,20.83,21.67,21.54,20.97,20.61,20.75,20.6
3/21/25 13:30,1433,12.79,21.46,21.85,21.87,21.35,21.12,21.82,21.05,21.09,21.21,21.19,21.73,21.48,21.72,21.29,21.35,22.14,21.96,21.57,21.19,21.28,21.18
3/21/25 14:00,1434,12.64,21.56,21.62,21.62,21.25,21.13,21.46,21.16,21.1,21.17,21.15,21.58,21.41,21.54,21.19,21.23,21.89,21.78,21.47,21.34,21.29,21.21
3/21/25 14:30,1435,12.83,21.65,22.45,22.42,22.07,21.95,22.58,22.03,21.88,22.01,21.9,22.49,22.29,22.4,22.03,22.11,22.63,22.47,22.25,22.03,22.04,21.99
3/21/25 15:00,1436,12.93,22.59,23.32,23.33,22.85,22.75,23.57,22.84,22.82,22.98,22.83,23.5,23.27,23.49,22.89,23.04,23.82,23.61,23.11,22.82,22.93,22.86
3/21/25 15:30,1437,12.67,23,22.32,22.36,21.89,21.86,22.13,21.71,21.8,21.89,21.84,22.24,22.11,22.05,21.95,22.01,22.58,22.48,22.16,21.97,22.01,21.95
3/21/25 16:00,1438,12.72,22.61,22.09,22.12,21.72,21.66,21.95,21.58,21.64,21.72,21.71,21.97,21.86,21.92,21.78,21.84,22.35,22.27,21.96,21.83,21.81,21.74
3/21/25 16:30,1439,12.76,22.37,22.77,22.7,22.33,22.06,23.36,22.31,22.02,22.21,22.05,22.79,22.5,22.86,22.27,22.35,23.42,23.13,22.62,22.26,22.3,22.19
3/21/25 17:00,1440,12.41,21.94,20.51,20.55,20.71,20.54,20.69,20.38,20.53,20.61,20.51,20.83,20.69,20.48,20.57,20.57,21.12,21.01,20.74,20.53,20.41,20.47
3/21/25 17:30,1441,12.44,21.19,20.39,20.52,20.66,20.4,20.76,20.24,20.42,20.5,20.37,20.83,20.62,20.26,20.43,20.44,21.31,21.15,20.68,20.45,20.41,20.34
3/21/25 18:00,1442,12.28,20.76,19.68,19.78,19.83,19.73,19.6,19.61,19.71,19.73,19.7,19.85,19.8,19.56,19.73,19.69,20.07,20.03,19.83,19.77,19.76,19.72
3/21/25 18:30,1443,12.25,20.23,19.5,19.54,19.68,19.59,19.36,19.27,19.64,19.64,19.56,19.76,19.67,19.44,19.6,19.58,20.01,19.96,19.42,19.4,19.35,19.33
3/21/25 19:00,1444,12.25,19.78,19.01,19.09,19.3,19.31,19.06,18.83,19.13,19.14,19.23,19.27,19.28,18.95,19.31,19.3,19.43,19.44,19.09,19.17,19.05,19.14
3/21/25 19:30,1445,12.23,19.15,18.57,18.72,18.88,18.88,18.6,18.46,18.75,18.76,18.84,18.89,18.96,18.58,18.92,18.91,19.07,19.06,18.72,18.84,18.77,18.83
3/21/25 20:00,1446,12.2,18.93,18.65,18.76,18.84,18.87,18.58,18.52,18.74,18.75,18.84,18.88,18.94,18.62,18.9,18.9,19.08,19.09,18.76,18.85,18.81,18.86
3/21/25 20:30,1447,12.18,18.78,18.62,18.65,18.76,18.74,18.45,18.49,18.6,18.58,18.71,18.67,18.7,18.54,18.77,18.75,18.92,18.89,18.67,18.72,18.74,18.73
3/21/25 21:00,1448,12.18,18.52,18.32,18.33,18.31,18.3,18.07,18.2,18.2,18.2,18.39,18.35,18.42,18.27,18.5,18.48,18.54,18.54,18.46,18.51,18.42,18.43
3/21/25 21:30,1449,12.17,18.16,17.85,17.95,18.05,18.1,17.72,17.75,17.82,17.83,17.95,17.95,18.03,17.87,18.09,18.08,18.18,18.19,18.01,18.12,18,18.05
3/21/25 22:00,1450,12.06,18.05,17.9,17.94,18.08,18.1,17.85,17.73,17.74,17.81,17.92,18.02,18.06,17.89,18.09,18.09,18.21,18.22,18.02,18.11,18,18.07
3/21/25 22:30,1451,12.15,17.94,17.82,17.88,18,18.02,17.75,17.71,17.76,17.79,17.91,17.94,18,17.85,18.04,18.03,18.13,18.14,17.97,18.02,17.99,18.03
3/21/25 23:00,1452,12.12,17.83,18.07,18.07,18.09,18.08,17.91,17.93,17.96,17.96,18.1,18.15,18.17,18.03,18.23,18.21,18.32,18.31,18.15,18.18,18.18,18.17
3/21/25 23:30,1453,12.12,17.98,18.01,18,18.04,18.04,17.81,17.91,17.9,17.92,18.03,18.01,18.06,17.94,18.09,18.09,18.22,18.22,18.05,18.08,18.07,18.08
3/22/25 0:00,1454,12.12,18.01,18.14,18.12,18.16,18.13,17.98,18.06,18.06,18.05,18.15,18.18,18.2,18.07,18.21,18.21,18.34,18.31,18.14,18.14,18.21,18.18
3/22/25 0:30,1455,12.11,18.11,17.95,17.94,17.93,17.91,17.75,17.8,17.86,17.86,17.89,17.97,17.98,17.81,17.95,17.93,18.07,18.06,17.89,17.93,17.98,17.98
3/22/25 1:00,1456,12.11,18.13,17.99,17.99,17.96,17.95,17.77,17.85,17.91,17.92,17.94,18.03,18.06,17.86,18.04,18.03,18.14,18.13,17.98,18.02,18.04,18.03
3/22/25 1:30,1457,12.1,18.19,18.08,18.05,18.05,18.01,17.91,17.96,17.99,18,18.04,18.11,18.11,18,18.11,18.1,18.22,18.2,18.1,18.12,18.13,18.1
3/22/25 2:00,1458,12.11,18.28,17.98,17.98,17.98,17.95,17.83,17.86,17.91,17.92,17.95,18.02,18.02,17.88,18.01,17.98,18.12,18.1,18,18.01,18.01,18.03
3/22/25 2:30,1459,12.11,18.26,17.88,17.89,17.87,17.86,17.72,17.76,17.82,17.82,17.84,17.93,17.93,17.76,17.95,17.93,18.05,18.03,17.93,17.95,17.93,17.94
3/22/25 3:00,1460,12.11,18.14,17.68,17.7,17.69,17.67,17.56,17.58,17.65,17.65,17.67,17.73,17.73,17.6,17.77,17.75,17.85,17.83,17.78,17.79,17.77,17.76
3/22/25 3:30,1461,12.1,18.05,17.59,17.61,17.58,17.55,17.44,17.44,17.51,17.52,17.55,17.59,17.58,17.48,17.63,17.61,17.74,17.71,17.64,17.63,17.65,17.63
3/22/25 4:00,1462,12.1,17.98,17.5,17.5,17.47,17.44,17.33,17.35,17.41,17.42,17.43,17.48,17.48,17.38,17.51,17.48,17.61,17.59,17.55,17.53,17.55,17.53
3/22/25 4:30,1463,12.09,17.91,17.39,17.39,17.36,17.32,17.2,17.2,17.27,17.28,17.3,17.33,17.33,17.25,17.36,17.34,17.48,17.46,17.41,17.4,17.41,17.38
3/22/25 5:00,1464,12.08,17.83,17.32,17.31,17.27,17.24,17.15,17.14,17.22,17.22,17.24,17.27,17.26,17.18,17.28,17.26,17.39,17.37,17.34,17.34,17.34,17.33
3/22/25 5:30,1465,12.09,17.78,17.31,17.31,17.26,17.23,17.15,17.17,17.21,17.22,17.24,17.27,17.27,17.22,17.31,17.29,17.4,17.38,17.37,17.38,17.36,17.33
3/22/25 6:00,1466,12.08,17.7,17.29,17.29,17.26,17.25,17.15,17.18,17.23,17.23,17.24,17.31,17.3,17.2,17.33,17.3,17.4,17.39,17.39,17.39,17.38,17.38
3/22/25 6:30,1467,12.09,17.64,17.25,17.24,17.21,17.23,17.12,17.13,17.18,17.18,17.18,17.28,17.28,17.13,17.28,17.24,17.34,17.34,17.33,17.36,17.34,17.36
3/22/25 7:00,1468,12.08,17.59,17.22,17.28,17.23,17.28,17.19,17.19,17.23,17.23,17.21,17.33,17.34,17.14,17.34,17.31,17.39,17.4,17.36,17.39,17.39,17.39
3/22/25 7:30,1469,12.18,17.61,17.49,17.61,17.66,17.71,18.05,17.63,17.64,17.72,18.85,17.97,17.96,17.49,18.28,18.32,18.07,18,17.95,17.87,18.38,18.04
3/22/25 8:00,1470,12.16,17.68,17.62,17.82,17.94,17.89,18.09,17.84,17.89,17.95,18.15,18.19,18.13,17.74,18.21,18.22,18.31,18.2,18.11,18,18.17,18.06
3/22/25 8:30,1471,12.41,17.97,18.3,18.31,18.53,18.4,18.99,18.39,18.4,18.58,19.22,19.06,18.92,18.46,19.21,19.23,19.18,18.96,18.65,18.51,18.83,18.64
3/22/25 9:00,1472,12.93,18.62,20.16,20.09,20.36,20.11,21.69,19.9,20.09,20.23,21.22,20.98,20.74,20.65,21.3,21.24,21.83,21.33,20.85,20.26,20.8,20.33
3/22/25 9:30,1473,12.9,19.77,20.98,21.01,20.56,20.31,21.54,20.47,20.58,20.74,20.97,21.24,20.94,21.08,21.52,21.68,21.94,21.56,21.06,20.62,21.07,20.65
3/22/25 10:00,1474,12.88,20.78,20.98,21.01,20.94,20.73,21.64,20.87,20.71,20.95,21.79,21.82,21.6,21.17,22.31,22.45,22.07,21.81,21.32,21.11,21.63,21.42
3/22/25 10:30,1475,13.07,21.74,23.44,23.51,22.86,22.64,23.98,22.88,22.71,22.81,23.26,23.9,23.51,23.29,23.83,24.13,25,24.68,23.93,23.41,23.47,23.16
3/22/25 11:00,1476,13.13,24.49,25.82,25.83,24.63,24.4,25.73,25.42,25.13,25.08,25.22,26.24,25.66,25.24,25.1,25.25,26.73,26.29,25.43,25.15,25.32,25.03
3/22/25 11:30,1477,13.14,27.3,27.36,27.09,26.3,26.09,27.84,26.72,26.77,26.97,26.99,28.06,27.51,26.75,27.45,27.71,28.52,28.02,26.95,26.8,27.32,27.18
3/22/25 12:00,1478,13.04,28.81,26.19,26.23,25.21,25.17,25.51,25.03,25.28,25.42,25.43,25.94,25.69,25.31,25.48,25.64,26.67,26.51,25.79,25.49,25.64,25.65
3/22/25 12:30,1479,13.08,27.91,27.17,27.31,26.36,26.29,26.63,26.14,26.41,26.64,26.38,27.09,26.7,26.43,26.47,26.69,27.26,27.01,26.32,26.17,26.38,26.52
3/22/25 13:00,1480,13.14,29.64,29.45,29.99,28.49,28.3,28.16,27.6,28.13,28.43,28.17,29.3,28.72,28.56,27.63,27.92,30.04,29.66,28.41,28.41,28.3,28.62
3/22/25 13:30,1481,13.13,31.9,30.05,30.2,28.74,28.68,28.58,27.41,28.18,28.61,28.08,29.55,28.97,28.59,28.17,28.52,30.22,29.91,28.8,28.66,28.71,28.75
3/22/25 14:00,1482,13.11,32.42,29.86,29.84,28.15,28.15,28.31,27.35,27.69,28.09,27.67,28.92,28.46,28.18,27.62,27.94,30.04,29.5,28.36,28.12,28.16,28.29
3/22/25 14:30,1483,13.02,32.19,28.07,28.04,26.61,26.61,26.36,26.27,26.36,26.63,26.27,27.49,27.03,26.66,26.43,26.68,28.45,28.14,27.24,27.05,26.77,26.77
3/22/25 15:00,1484,12.8,28.41,23.82,23.87,23.58,23.51,23.8,23.28,23.72,23.79,23.6,23.85,23.7,23.09,23.55,23.56,24.32,24.14,24.04,23.81,23.81,23.76
3/22/25 15:30,1485,13.11,25.85,25.88,25.8,24.41,24.2,26.11,24.89,24.08,24.23,23.72,26.3,25.45,25.3,24.03,24.22,27.02,26.31,25.26,24.72,24.1,24.12
3/22/25 16:00,1486,13.07,27.2,28.08,28.07,26.14,25.78,28.38,26.17,25.57,25.79,25.13,27.84,27,27.44,26.02,26.24,29.24,28.4,26.75,26.14,25.76,25.87
3/22/25 16:30,1487,12.87,27.55,26.16,26.02,24.88,25,25.92,25.04,25.15,25.28,24.66,25.59,25.39,25.89,24.95,25.04,26.3,26.09,25.87,25.65,25.19,25.3
3/22/25 17:00,1488,13.05,27.51,27.71,27.58,27.05,27.11,27.96,27.96,26.97,27.18,26.28,28.13,28.06,28.73,27.39,27.6,27.9,27.88,28.23,27.76,26.89,27.23
3/22/25 17:30,1489,12.72,27.35,26.47,26.72,26.23,25.97,26.49,28.48,26.63,26.86,25.36,27.49,27.39,26.97,26.51,26.72,27.05,26.8,27.46,26.84,26.33,26.58
3/22/25 18:00,1490,12.39,25.82,25.14,25.41,25.42,24.99,25.64,26.68,25.46,25.67,24.31,26.01,25.95,25.75,25.09,25.23,25.52,25.42,26,25.48,25.13,25.3
3/22/25 18:30,1491,12.32,23.38,22.76,22.81,22.87,22.78,23.03,23.44,22.92,23.01,22.46,23.35,23.41,23,23.05,23.13,23.07,23.01,23.17,23.05,22.96,23.11
3/22/25 19:00,1492,12.31,21.14,20.82,20.87,20.94,20.98,20.76,20.79,20.84,20.82,20.41,20.92,21.01,20.89,20.9,20.94,21.05,21.05,21.09,21.1,20.98,21.07
3/22/25 19:30,1493,12.31,19.37,19.94,19.97,20.06,20.11,19.83,20.01,20,19.96,19.76,20.06,20.15,20.11,20.05,20.09,20.25,20.29,20.27,20.29,20.2,20.26
3/22/25 20:00,1494,12.29,18.27,19.5,19.53,19.67,19.71,19.49,19.59,19.51,19.48,19.41,19.6,19.7,19.61,19.64,19.68,19.77,19.79,19.79,19.82,19.68,19.75
3/22/25 20:30,1495,12.29,17.45,18.13,18.16,18.4,18.44,18.15,18.24,18.08,18.08,18.07,18.23,18.33,18.29,18.35,18.38,18.49,18.5,18.55,18.57,18.38,18.42
3/22/25 21:00,1496,12.28,16.51,16.85,16.88,16.99,16.99,16.75,16.82,16.63,16.63,16.67,16.82,16.91,16.85,17,17,17.11,17.13,17.25,17.27,17.05,17.09
3/22/25 21:30,1497,12.28,15.73,16.93,16.97,17.07,17.14,16.81,16.91,16.76,16.75,16.86,16.87,17.01,16.87,17.06,17.07,17.2,17.22,17.21,17.27,17.14,17.21
3/22/25 22:00,1498,12.26,15.44,17.35,17.39,17.4,17.49,17.03,17.42,17.28,17.26,17.42,17.42,17.55,17.24,17.52,17.53,17.51,17.57,17.5,17.57,17.55,17.6
3/22/25 22:30,1499,12.25,15.33,17.29,17.34,17.29,17.38,17.02,17.3,17.1,17.06,17.23,17.28,17.39,17.15,17.32,17.33,17.28,17.32,17.35,17.41,17.39,17.42
3/22/25 23:00,1500,12.24,15.29,17.23,17.24,17.27,17.32,17.12,17.31,17.13,17.12,17.27,17.31,17.38,17.19,17.3,17.31,17.3,17.34,17.29,17.33,17.36,17.38
3/22/25 23:30,1501,12.23,15.29,16.95,16.98,17.01,17.02,16.9,17.07,NAN,16.88,16.95,17.06,17.12,17.02,17.01,17.03,17.09,17.11,17.1,17.13,17.07,17.09
3/23/25 0:00,1502,12.22,15.3,16.67,16.7,16.74,16.79,16.59,16.84,NAN,16.71,16.78,16.87,16.94,16.8,16.91,16.93,16.9,16.92,16.89,16.93,16.95,16.97
3/23/25 0:30,1503,12.21,15.06,16.48,16.51,16.56,16.59,16.48,16.63,NAN,16.54,16.6,16.69,16.74,16.59,16.66,16.68,16.68,16.71,16.63,16.66,16.72,16.73
3/23/25 1:00,1504,12.21,14.79,16.05,16.09,16.1,16.12,15.95,16.16,16.05,16.05,16.14,16.21,16.26,16.08,16.2,16.21,16.23,16.26,16.17,16.21,16.25,16.25
3/23/25 1:30,1505,12.2,14.39,15.55,15.58,15.57,15.64,15.41,15.64,15.52,15.5,15.64,15.67,15.74,15.56,15.77,15.79,15.75,15.78,15.68,15.73,15.78,15.83
3/23/25 2:00,1506,12.19,14.14,15.72,15.76,15.74,15.78,15.51,15.84,15.68,15.66,15.76,15.81,15.91,15.78,15.87,15.89,15.85,15.88,15.87,15.92,15.91,15.95
3/23/25 2:30,1507,12.18,14.3,15.58,15.6,15.57,15.64,15.34,15.53,15.45,15.44,15.56,15.62,15.73,15.55,15.66,15.68,15.7,15.73,15.68,15.72,15.74,15.77
3/23/25 3:00,1508,12.17,14.51,15.26,15.28,15.19,15.26,14.95,15.2,15.14,15.13,15.19,15.21,15.31,15.15,15.33,15.34,15.38,15.41,15.34,15.4,15.4,15.43
3/23/25 3:30,1509,12.17,14.24,14.77,14.8,14.78,14.84,14.54,14.8,14.74,14.72,14.85,14.83,14.92,14.69,14.94,14.94,14.91,14.94,14.92,14.97,15.01,15.03
3/23/25 4:00,1510,12.15,13.5,14.7,14.74,14.76,14.81,14.54,14.8,14.68,14.66,14.79,14.79,14.86,14.64,14.79,14.81,14.76,14.81,14.78,14.84,14.89,14.9
3/23/25 4:30,1511,12.14,13,14.33,14.37,14.42,14.49,14.23,14.41,14.34,14.33,14.4,14.42,14.53,14.3,14.51,14.53,14.48,14.52,14.44,14.51,14.57,14.6
3/23/25 5:00,1512,12.14,12.57,13.95,14.01,13.99,14.06,13.79,14.07,14.03,14,14.04,14.14,14.23,13.96,14.15,14.17,14.16,14.2,14.15,14.2,14.26,14.28
3/23/25 5:30,1513,12.13,12.05,13.26,13.29,13.52,13.57,13.19,13.3,13.26,13.27,13.28,13.16,13.31,13.26,13.22,13.26,13.32,13.35,13.31,13.33,13.31,13.4
3/23/25 6:00,1514,12.12,11.52,13.19,13.24,13.29,13.35,13.09,13.24,13.08,13.06,13.06,13.22,13.33,13.15,13.23,13.26,13.3,13.34,13.4,13.45,13.34,13.39
3/23/25 6:30,1515,12.12,11.22,12.34,12.36,12.35,12.46,12.09,12.2,12.15,12.18,12.34,12.2,12.32,12.13,12.5,12.5,12.4,12.43,12.42,12.44,12.43,12.47
3/23/25 7:00,1516,12.11,11.3,12.4,12.42,12.26,12.29,12.03,12.27,12.12,12.15,12.24,12.25,12.36,12.1,12.42,12.41,12.54,12.53,12.46,12.5,12.49,12.51
3/23/25 7:30,1517,12.14,11.62,13.1,13.15,12.88,12.85,12.8,13.03,12.74,12.74,12.88,13.01,13.02,12.86,13.07,13.06,13.34,13.31,13.14,13.14,13.08,13.04
3/23/25 8:00,1518,12.48,12.56,14.55,14.64,13.87,13.73,14.32,13.99,13.75,13.81,14.1,14.3,14.26,14.15,14.22,14.22,14.72,14.68,14.31,14.2,14.27,14.11
3/23/25 8:30,1519,12.62,13.79,14.93,15.04,14.32,14.18,14.66,14.37,14.17,14.24,14.34,14.72,14.64,14.54,14.43,14.48,15.13,15.06,14.63,14.52,14.47,14.39
3/23/25 9:00,1520,12.5,14.6,15.21,15.32,14.61,14.51,14.74,14.54,14.34,14.41,14.42,15,14.91,14.72,14.48,14.52,15.08,15.04,14.84,14.75,14.67,14.66
3/23/25 9:30,1521,12.38,15.13,14.92,14.99,14.43,14.38,14.37,14.31,14.24,14.28,14.28,14.62,14.57,14.42,14.39,14.42,14.84,14.82,14.57,14.49,14.43,14.43
3/23/25 10:00,1522,12.46,15.4,15.46,15.52,14.91,14.85,15.05,14.8,14.75,14.82,14.77,15.13,15.02,14.96,14.87,14.91,15.4,15.36,15.11,14.97,14.96,14.97
3/23/25 10:30,1523,12.59,15.8,16.12,16.2,15.56,15.52,15.59,15.44,15.34,15.4,15.39,15.8,15.71,15.59,15.46,15.52,16,16,15.71,15.65,15.49,15.46
3/23/25 11:00,1524,13.09,16.92,18.76,18.78,17.73,17.55,18.32,17.87,17.5,17.6,17.69,18.64,18.31,18.22,18.1,18.22,19.01,18.98,18.2,17.91,17.92,17.84
3/23/25 11:30,1525,13.1,19.49,20.07,19.92,18.79,18.63,19.43,18.74,18.68,18.71,19,19.64,19.27,19.08,19.46,19.6,20.54,20.26,19.45,19.18,19.14,19.07
3/23/25 12:00,1526,13.11,21.97,21.22,20.97,19.69,19.52,19.78,19.79,19.6,19.56,19.76,20.3,19.96,19.82,20.16,20.37,21.23,21.1,20.2,19.97,20.05,20.07
3/23/25 12:30,1527,13.14,23.59,23.66,23.9,22.24,22.13,21.97,21.9,21.83,22.11,22.27,22.93,22.22,22.29,21.95,22.14,23.8,23.23,22.39,22.32,21.9,22.29
3/23/25 13:00,1528,13.16,26.07,24.84,25.4,23.39,23.18,22.93,22.46,23.12,23.39,23.15,24.16,23.53,23.77,22.78,23.17,25.11,24.82,23.57,23.64,23.02,23.24
3/23/25 13:30,1529,13.15,28.09,27.05,27.1,24.09,23.95,24.26,23.91,24.16,24.64,23.71,25.42,24.78,24.84,23.43,23.82,26.48,26.2,24.32,24.33,23.89,24.24
3/23/25 14:00,1530,13.16,29.87,27.38,27.17,25.17,25.28,25.16,24.84,24.81,25.6,24.37,27.02,26.56,25.56,24.89,25.44,27.93,27.35,25.36,25.39,25.36,25.47
3/23/25 14:30,1531,13.16,31.04,28.06,27.66,25.96,25.9,24.92,26.01,25.32,25.81,25.22,27.88,26.98,26.51,25.77,26.27,28.83,28.2,26.21,26.13,26.09,26.42
3/23/25 15:00,1532,13.14,31.48,28.82,28.82,25.62,25.49,25.21,26.59,25.15,25.36,24.89,27.81,27.27,26.56,25.58,25.87,28.8,28.14,26.39,26.16,25.49,25.9
3/23/25 15:30,1533,13.14,31.02,28.38,27.93,26.1,25.89,28.09,26.43,25.6,25.91,25.31,28.33,27.34,27.29,25.86,26.18,29.76,28.65,27.26,26.44,25.81,26.01
3/23/25 16:00,1534,13.06,30.55,27,26.85,24.84,24.75,26.05,24.65,24.62,24.74,24.11,26.2,25.72,25.72,24.86,25.04,27.59,27.09,25.71,25.18,24.76,24.83
3/23/25 16:30,1535,13.02,28.64,26.97,26.73,24.49,24.59,25.63,25.33,24.31,24.28,23.85,25.33,25.11,25.73,24.39,24.53,26.13,25.83,25.44,25.73,24.51,24.68
3/23/25 17:00,1536,12.78,26.78,25.92,26.28,25.79,25.11,26.12,26.2,24.72,24.77,23.85,25.18,25.1,26.59,24.03,24.16,25.68,25.64,26.68,26.07,24.04,24.33
3/23/25 17:30,1537,12.51,25.41,26.22,26.91,25.77,24.43,25.61,26.48,25.12,24.66,23.38,24.43,24.35,26.25,23.39,23.48,25.36,25.1,26.63,25.05,23.7,23.87
3/23/25 18:00,1538,12.34,23.45,21.63,21.8,21.28,21.51,21.25,21.16,21.48,21.55,21.27,21.47,21.59,21.01,21.39,21.43,21.91,21.97,21.58,21.66,21.39,21.57
3/23/25 18:30,1539,12.3,20.59,20.52,20.74,20.78,20.61,20.39,22.42,20.5,20.34,20.1,20.13,20.33,20.79,20.07,20.08,20.59,20.55,20.56,20.81,20.17,20.27
3/23/25 19:00,1540,12.3,18.59,18.32,18.38,18.31,18.35,18.09,18.04,18.06,18.15,18.25,18.41,18.48,18.21,18.38,18.38,18.45,18.46,18.35,18.43,18.49,18.54
3/23/25 19:30,1541,12.29,17.17,17.32,17.35,17.32,17.35,17.12,17.08,17.07,17.14,17.24,17.39,17.44,17.22,17.39,17.38,17.44,17.47,17.37,17.43,17.55,17.57
3/23/25 20:00,1542,12.28,16.22,16.77,16.81,16.82,16.85,16.65,16.58,16.53,16.6,16.74,16.89,16.94,16.71,16.89,16.89,16.93,16.95,16.87,16.91,17.02,17.04
3/23/25 20:30,1543,12.27,15.51,15.84,15.86,15.83,15.87,15.62,15.66,15.63,15.68,15.78,15.89,15.98,15.67,15.86,15.86,15.91,15.94,15.86,15.91,16,16.03
3/23/25 21:00,1544,12.26,14.72,15.14,15.15,15.19,15.28,14.93,14.98,14.97,15.03,15.14,15.19,15.34,14.92,15.26,15.28,15.3,15.32,15.12,15.14,15.3,15.32
3/23/25 21:30,1545,12.25,14.21,14.91,14.92,14.93,15.03,14.72,14.68,14.74,14.77,14.89,14.82,14.95,14.67,15.02,15.02,15.05,15.08,14.96,14.96,15.09,15.1
3/23/25 22:00,1546,12.23,13.8,14.41,14.43,14.42,14.54,14.12,14.27,14.19,14.24,14.41,14.33,14.47,14.13,14.48,14.48,14.62,14.64,14.51,14.55,14.57,14.59
3/23/25 22:30,1547,12.21,13.43,14,14.03,14.04,14.18,13.71,13.93,13.77,13.81,13.99,13.93,14.11,13.77,14.18,14.19,14.28,14.29,14.14,14.18,14.21,14.23
3/23/25 23:00,1548,12.21,13.03,13.49,13.53,13.55,13.66,13.09,13.35,13.18,13.23,13.39,13.41,13.59,13.36,13.45,13.47,13.63,13.67,13.73,13.86,13.63,13.66
3/23/25 23:30,1549,12.2,12.68,13.33,13.35,13.44,13.5,13.05,13.4,13.05,13.11,13.34,13.25,13.39,13.18,13.45,13.45,13.69,13.7,13.66,13.69,13.6,13.62
3/24/25 0:00,1550,12.18,13.09,14.18,14.19,14.01,14.03,13.87,14.09,13.84,13.85,13.99,14.1,14.13,13.95,14.1,14.07,14.19,14.17,14.19,14.2,14.17,14.16
3/24/25 0:30,1551,12.17,13.82,14.01,14.03,13.83,13.95,13.54,13.98,13.73,13.76,13.9,13.76,13.91,13.75,13.88,13.89,14.14,14.16,14.1,14.19,14.04,14.11
3/24/25 1:00,1552,12.17,13.67,14.12,14.13,13.92,13.96,13.64,13.97,13.81,13.8,13.94,13.92,14.02,13.79,14,13.99,14.23,14.24,14.21,14.26,14.1,14.11
3/24/25 1:30,1553,12.16,13.53,13.21,13.24,13.07,13.07,12.71,13.14,13,12.98,13.12,13.07,13.24,13.04,13.09,13.13,13.32,13.33,13.41,13.44,13.34,13.36
3/24/25 2:00,1554,12.15,12.91,12.8,12.82,12.62,12.62,12.41,12.73,12.61,12.6,12.86,12.82,12.92,12.71,12.94,12.92,12.96,12.97,13.12,13.16,13.03,13.02
3/24/25 2:30,1555,12.14,12.6,12.03,12.07,11.95,11.99,11.6,11.84,11.72,11.77,11.9,11.89,12.03,11.92,11.95,11.96,12.15,12.18,12.35,12.4,12.14,12.17
3/24/25 3:00,1556,12.13,11.84,11.74,11.78,11.79,11.85,11.38,11.52,11.42,11.49,11.54,11.6,11.68,11.67,11.61,11.63,11.83,11.86,12.12,12.18,11.82,11.89
3/24/25 3:30,1557,12.12,11.34,11.61,11.63,11.51,11.55,11.2,11.34,11.07,11.19,11.39,11.37,11.48,11.35,11.44,11.44,11.57,11.59,11.74,11.93,11.59,11.65
3/24/25 4:00,1558,12.11,11.6,12.5,12.47,12.2,12.18,12.07,12.33,12.08,12.08,12.3,12.36,12.37,12.22,12.4,12.37,12.46,12.43,12.63,12.67,12.43,12.4
3/24/25 4:30,1559,12.11,12.65,12.25,12.23,12.06,12.08,11.89,12.17,NAN,12.06,12.36,12.36,12.39,12.12,12.56,12.53,12.45,12.43,12.5,12.52,12.44,12.42
3/24/25 5:00,1560,12.11,12.7,12.22,12.19,12.02,12.02,11.96,12.17,NAN,12.05,12.28,12.37,12.4,12.09,12.44,12.42,12.5,12.47,12.47,12.48,12.47,12.44
3/24/25 5:30,1561,12.09,13.03,12.63,12.62,12.41,12.41,12.37,12.54,NAN,12.37,12.57,12.69,12.7,12.48,12.64,12.61,12.75,12.72,12.74,12.76,12.74,12.73
3/24/25 6:00,1562,12.1,13.29,12.31,12.32,12.07,12.08,11.95,12.16,NAN,12.14,12.36,12.36,12.38,12.2,12.42,12.4,12.39,12.37,12.53,12.56,12.44,12.42
3/24/25 6:30,1563,12.09,12.61,11.35,11.37,11.21,11.27,11.05,11.15,NAN,11.2,11.31,11.26,11.37,11.19,11.43,11.43,11.52,11.55,11.65,11.73,11.55,11.58
3/24/25 7:00,1564,12.08,11.86,11.81,11.82,11.61,11.61,11.55,11.65,NAN,11.59,11.71,11.82,11.84,11.65,11.84,11.81,11.92,11.89,11.97,11.99,11.9,11.91
3/24/25 7:30,1565,12.12,12.38,12.03,12.03,11.94,11.88,11.87,12.19,NAN,11.93,12.46,12.4,12.37,12.01,12.34,12.29,12.3,12.23,12.32,12.31,12.31,12.19
3/24/25 8:00,1566,12.2,12.62,12.61,12.64,12.47,12.37,12.34,12.95,NAN,12.29,12.55,12.75,12.7,12.54,12.64,12.6,12.57,12.54,12.66,12.7,12.64,12.57
3/24/25 8:30,1567,12.33,13.27,13.58,13.6,13.1,12.96,13.11,13.86,NAN,12.85,13.46,13.43,13.22,13.48,13.43,13.37,13.47,13.51,13.76,13.77,13.46,13.31
3/24/25 9:00,1568,12.96,14.06,15.88,16.04,14.24,14.18,15.44,15.98,NAN,14.94,16.32,15.8,15.56,15.5,16.49,16.36,16.12,16.08,15.9,15.88,15.76,15.41
3/24/25 9:30,1569,13.11,14.94,18.02,18.37,16.86,17.03,18.09,17.78,17.09,17.04,17.74,18.11,18,17.72,18.8,18.76,18.31,18.28,18.41,17.87,17.78,17.38
3/24/25 10:00,1570,13.16,17.17,19.75,19.99,19.33,19.1,20.94,19.15,19.04,19.11,20.1,20.13,19.78,19.78,21.36,21.47,21.05,20.74,20.32,19.48,19.75,19.54
3/24/25 10:30,1571,13.16,20.65,22.06,22.26,21.11,21.05,22.28,21.15,21.16,21.19,21.95,22.47,22,21.2,22.28,22.57,23.24,22.85,22.09,21.4,21.57,21.59
3/24/25 11:00,1572,13.14,23.72,24.16,23.98,22.55,22.31,23.39,22.95,22.67,22.66,23.18,23.86,23.42,22.74,23.32,23.5,24.91,24.62,23.28,22.98,23.16,23.13
3/24/25 11:30,1573,13.17,26.55,25.19,24.9,23.84,23.79,24.84,23.77,23.75,23.95,24.21,24.99,24.52,23.81,24.67,24.9,25.54,25.14,24.34,24.09,24.09,24.36
3/24/25 12:00,1574,13.17,27.63,25.31,25.28,23.85,23.71,23.98,23.59,23.84,23.92,24.49,24.63,24.13,23.75,24.34,24.67,25.76,25.39,24.42,24.17,24.08,24.27
3/24/25 12:30,1575,13.14,28.81,28.01,28.25,25.94,25.64,25.31,25.62,25.45,25.74,25.86,26.72,26.1,25.81,25.81,26.08,28.1,27.54,26.15,26.05,25.59,25.99
3/24/25 13:00,1576,13.14,30.54,27.81,28.12,26.16,26.03,25.57,24.97,25.28,25.47,25.66,26.49,26.1,25.6,25.55,25.83,27.25,26.87,26.12,25.89,25.85,26.15
3/24/25 13:30,1577,13.13,30,27.62,27.84,25.74,25.73,25.64,25.01,25.37,25.62,25.37,26.19,25.72,25.64,25.35,25.6,27.17,26.83,26.18,26.09,25.51,25.65
3/24/25 14:00,1578,13.13,30.39,27.74,27.66,25.88,25.91,25.62,25.16,25.51,25.88,25.37,26.6,26.11,25.65,25.78,26.11,27.49,27.17,26.28,26.14,25.78,26.03
3/24/25 14:30,1579,13.14,30.48,29.23,29.13,26.91,26.77,26.46,26.7,26.31,26.68,26.28,28.05,27.5,27.18,26.92,27.25,29.5,28.93,27.23,27.03,26.8,27.29
3/24/25 15:00,1580,13.13,31.5,28.69,28.55,26.67,26.76,26.91,26.67,26.5,26.82,26.46,28.57,28.01,27.44,27.15,27.45,29.53,28.46,27.61,27.31,26.84,27.4
3/24/25 15:30,1581,13.12,31.46,27.63,27.51,26.07,26.23,26.86,26.14,25.9,26.16,25.79,27.72,27.11,26.52,26.61,26.83,28.68,28.15,27.11,26.91,26.29,26.54
3/24/25 16:00,1582,13.16,30.83,28.46,28.22,26.43,26.29,28.08,26.33,26.2,26.25,25.87,28.01,27.33,27.35,26.89,27.04,29.13,28.4,27.13,26.7,26.45,26.7
3/24/25 16:30,1583,12.86,29.84,27.27,26.69,25.4,25.49,27,25.56,25.68,25.69,25.29,26.47,26.27,26.88,25.85,25.98,27.32,26.99,26.58,26.6,25.69,25.89
3/24/25 17:00,1584,12.7,28.47,26.17,26.15,25.4,25.5,25.88,26.6,25.74,26.15,25.33,26.73,26.72,26.48,25.78,25.94,26.26,26.17,26.85,26.31,25.42,25.87
3/24/25 17:30,1585,12.48,26.83,25.1,25.36,24.9,24.55,24.95,26.58,25.28,25.21,24.12,25.6,25.56,25.66,24.59,24.72,25.06,24.79,25.91,25.26,24.54,24.83
3/24/25 18:00,1586,12.35,24.55,23.58,23.96,24.02,23.41,24.11,24.87,23.75,23.96,22.88,24.34,24.2,24.38,23.21,23.33,23.8,23.81,24.58,24,23.46,23.6
3/24/25 18:30,1587,12.27,21.65,20.84,20.98,20.86,20.69,21.04,21.21,20.89,20.93,20.59,21.11,21.19,21.26,20.6,20.66,21.05,20.93,21.15,20.97,20.77,20.91
3/24/25 19:00,1588,12.3,19.18,18.99,19.04,18.99,19.03,18.72,18.84,18.86,18.84,18.89,19.01,19.12,18.92,18.93,18.97,19.07,19.11,19.22,19.26,19.06,19.15
3/24/25 19:30,1589,12.29,17.29,18.07,18.15,18.2,18.25,17.86,18.06,18.05,18.06,18.16,18.14,18.32,18.1,18.17,18.2,18.31,18.38,18.35,18.43,18.38,18.41
3/24/25 20:00,1590,12.29,15.91,17.14,17.2,17.41,17.51,17.02,17.19,17.1,17.1,17.33,17.28,17.45,17.24,17.47,17.51,17.49,17.55,17.54,17.62,17.61,17.66
3/24/25 20:30,1591,12.26,15.14,16.64,16.7,16.74,16.82,16.46,16.69,16.57,16.57,16.79,16.76,16.85,16.63,16.74,16.77,16.78,16.83,16.87,16.93,16.88,16.9
3/24/25 21:00,1592,12.24,14.6,15.79,15.85,15.93,15.95,15.64,15.74,NAN,15.61,15.55,15.76,15.87,15.83,15.83,15.87,16.05,16.08,16.17,16.19,16.02,16.06
3/24/25 21:30,1593,12.23,13.71,14.66,14.72,15.02,15.05,14.8,14.54,NAN,14.23,14.21,14.61,14.75,14.39,14.51,14.55,14.65,14.66,14.85,14.86,14.55,14.59
3/24/25 22:00,1594,12.23,12.45,12.74,12.78,13.03,13.04,12.64,12.53,12.33,12.44,12.48,12.78,12.84,12.75,12.75,12.78,12.92,12.92,13.27,13.33,12.77,12.86
3/24/25 22:30,1595,12.21,11.47,11.97,12,12.35,12.37,11.96,11.87,11.57,11.66,11.74,12.08,12.16,12.01,12.03,12.06,12.18,12.21,12.52,12.57,12.13,12.19
3/24/25 23:00,1596,12.21,10.76,11.33,11.38,11.63,11.66,11.37,11.23,10.91,11.02,11.16,11.45,11.55,11.35,11.44,11.47,11.47,11.49,11.77,11.82,11.48,11.55
3/24/25 23:30,1597,12.2,10.16,11.04,11.08,11.42,11.44,11.04,10.86,10.57,10.63,10.79,11.04,11.15,10.98,10.96,10.99,11.15,11.18,11.43,11.52,11.07,11.16
3/25/25 0:00,1598,12.18,9.68,10.69,10.72,10.95,10.97,10.54,10.47,10.23,10.26,10.3,10.55,10.69,10.52,10.5,10.53,10.68,10.7,10.99,11.05,10.68,10.74
3/25/25 0:30,1599,12.17,9.38,9.93,9.97,10.2,10.24,9.84,9.75,9.53,9.6,9.59,9.91,9.99,9.97,9.96,10,10.16,10.2,10.57,10.64,10.1,10.14
3/25/25 1:00,1600,12.16,8.89,9.96,10.04,10.34,10.38,10.07,9.92,9.46,9.45,9.4,9.84,10.01,9.68,9.75,9.77,9.98,10.01,10.38,10.43,9.99,10.03
3/25/25 1:30,1601,12.15,8.56,10.49,10.54,10.81,10.82,10.67,10.53,9.87,9.82,9.76,10.52,10.65,10.11,10.46,10.5,10.43,10.45,10.86,10.88,10.39,10.44
3/25/25 2:00,1602,12.14,8.49,10.76,10.81,10.97,10.98,10.81,10.77,10.4,10.38,10.26,10.73,10.85,10.67,10.75,10.79,10.92,10.95,11.2,11.23,10.86,10.88
3/25/25 2:30,1603,12.13,8.51,10.67,10.73,10.9,10.92,10.74,10.7,10.32,10.33,10.26,10.67,10.81,10.58,10.59,10.63,10.81,10.82,11.07,11.1,10.74,10.79
3/25/25 3:00,1604,12.13,8.27,10.22,10.26,10.38,10.38,10.09,10.2,9.86,9.83,9.71,10.07,10.22,10.1,9.98,10.03,10.27,10.32,10.57,10.6,10.27,10.3
3/25/25 3:30,1605,12.12,7.95,9.74,9.78,10.06,10.08,9.93,9.83,9.36,9.36,9.28,9.78,9.91,9.69,9.82,9.86,9.92,9.97,10.21,10.23,9.84,9.87
3/25/25 4:00,1606,12.1,7.891,9.98,10.03,10.19,10.21,10,9.97,9.74,9.75,9.68,10,10.13,10.01,9.98,10.02,10.19,10.21,10.4,10.41,10.19,10.22
3/25/25 4:30,1607,12.09,7.748,8.6,8.67,8.69,8.73,8.33,8.39,8.02,8.13,8.28,8.5,8.64,8.37,8.42,8.44,8.6,8.62,8.8,8.94,8.66,8.71
3/25/25 5:00,1608,12.08,7.243,8.2,8.23,8.35,8.42,7.997,7.982,7.935,8.03,8.17,8.27,8.44,7.884,8.21,8.22,8.19,8.21,8.1,8.17,8.3,8.27
3/25/25 5:30,1609,12.07,7.087,8.23,8.25,8.33,8.46,8.06,8.08,8.12,8.15,8.3,8.42,8.61,8.1,8.49,8.5,8.57,8.61,8.55,8.54,8.61,8.64
3/25/25 6:00,1610,12.07,6.994,7.822,7.869,8.05,8.15,7.726,7.739,7.522,7.673,7.814,8.02,8.14,7.742,8.04,8.06,8.02,8.04,8.07,8.19,8.1,8.16
3/25/25 6:30,1611,12.07,6.871,8.5,8.54,8.75,8.81,8.5,8.5,8.24,8.25,8.28,8.6,8.71,8.48,8.53,8.55,8.64,8.67,8.79,8.82,8.8,8.85
3/25/25 7:00,1612,12.05,7.191,9.98,10.01,10.03,10.03,10.07,10.09,9.8,9.75,10.03,10.13,10.19,10.02,10.21,10.26,10.04,10.07,10.23,10.26,10.21,10.19
3/25/25 7:30,1613,12.19,7.849,10.6,10.62,10.69,10.67,11.77,10.83,10.55,10.55,13.13,11.14,11.19,10.71,11.96,12.05,11.09,11.1,11.05,11.11,12.06,11.54
3/25/25 8:00,1614,12.94,8.94,12.26,12.28,11.9,11.93,12.46,12.53,12.16,12.18,17.15,13.28,13.31,12.24,15.22,15.28,12.99,13,12.76,12.68,13.73,13.36
3/25/25 8:30,1615,13.17,10.44,13.64,13.79,13.37,13.4,14.71,13.86,13.5,13.64,18.34,14.63,14.66,13.72,16.68,16.71,14.44,14.23,14.07,14.01,14.28,14.18
3/25/25 9:00,1616,13.14,12.07,14.8,14.9,14.52,14.6,15.71,14.82,14.71,14.86,17.15,15.45,15.45,14.88,17.27,17.32,15.3,15.14,14.94,14.94,15.36,15.27
3/25/25 9:30,1617,13.15,14.25,15.93,15.98,15.56,15.64,16.74,15.64,15.48,15.72,18.19,16.71,16.62,15.86,18.5,18.59,16.54,16.34,15.93,15.97,16.56,16.53
3/25/25 10:00,1618,13.12,16.83,16.98,17.03,16.42,16.48,17.19,16.5,16.31,16.58,18.44,17.53,17.37,16.53,18.49,18.63,17.37,17.25,16.66,16.7,17.16,17.27
3/25/25 10:30,1619,13.16,19.18,18.63,18.54,17.97,17.94,18.55,18.22,18.32,18.39,20.28,19.63,19.3,18.14,20.34,20.54,19.35,19.12,18.75,18.78,19.17,19.43
3/25/25 11:00,1620,13.15,22.12,20.1,19.93,19.11,19.14,19.53,20.21,19.74,20.02,21.93,21.17,20.95,19.57,21.5,21.57,20.96,20.89,20.26,20.48,20.9,21.13
3/25/25 11:30,1621,13.15,24.4,21.16,20.97,20.05,20.19,20.24,20.94,20.2,20.44,22.54,21.77,21.48,19.92,22.29,22.46,21.08,21.12,20.6,20.7,21.16,21.57
3/25/25 12:00,1622,13.15,25.54,21.66,21.65,20.7,20.73,20.51,20.97,20.83,21.18,22.65,22.02,21.76,20.33,22.45,22.64,21.63,21.53,20.99,21.15,21.52,21.94
3/25/25 12:30,1623,13.15,25.9,21.74,22,20.91,21,20.48,20.65,20.82,21.2,22.25,21.82,21.38,20.35,21.55,21.72,21.35,21.21,21.02,21.2,21.4,21.91
3/25/25 13:00,1624,13.15,26.39,23.21,23.19,21.81,21.79,21.16,21.14,21.64,22.17,23.19,23.16,22.78,21.42,22.25,22.53,22.47,22.39,22.01,22.41,22.34,22.8
3/25/25 13:30,1625,13.13,27.32,23,22.79,22.05,22.14,21.35,21.19,21.34,21.87,22.3,22.85,22.51,21.25,22.12,22.42,22.47,22.35,21.95,22.12,22.32,22.56
3/25/25 14:00,1626,13.1,27.48,22.47,22.37,21.36,21.45,21.07,20.83,20.84,21.3,21.77,22.53,22.26,20.94,22.01,22.34,22.13,22.06,21.85,22.02,21.88,22.18
3/25/25 14:30,1627,13.16,27.37,24.38,24.1,22.66,22.72,21.81,23.32,22.45,22.82,23.72,25.36,24.98,22.71,23.91,24.29,24.07,24.21,23.14,23.18,23.27,23.93
3/25/25 15:00,1628,13.09,27.92,22.51,22.46,21.46,21.44,21.34,21.25,21.04,21.29,22,22.77,22.5,21.22,21.95,22.12,22.39,22.21,21.83,21.72,21.72,22.05
3/25/25 15:30,1629,12.97,27.13,22.5,22.34,20.94,21.09,20.91,21.5,21.02,21.3,21.89,22.88,22.51,21.17,22.16,22.38,22.36,22.23,21.79,21.72,21.64,22.14
3/25/25 16:00,1630,13.01,25.44,21.97,21.82,20.9,20.97,21.56,21.46,20.85,21.15,21.39,22.89,22.46,21.35,22.02,22.15,22.59,22.17,21.48,21.3,21.57,21.76
3/25/25 16:30,1631,13.05,24.85,22.74,22.25,21,20.92,21.96,22.06,21.5,21.54,22.22,22.98,22.89,22.43,22.82,23,22.75,22.62,22.69,22.66,21.98,22.34
3/25/25 17:00,1632,12.91,24.46,21.39,21.18,20.55,20.48,20.88,21.91,21.06,21.2,21.27,21.95,21.83,21.34,21.3,21.44,21.44,21.51,22.01,21.54,20.99,21.25
3/25/25 17:30,1633,12.5,23.04,19.28,19.28,18.82,18.79,18.54,19.25,18.88,18.96,19.04,19.43,19.42,19.06,19.02,19.06,19.01,19,19.5,19.39,19.11,19.26
3/25/25 18:00,1634,12.34,20.02,18.35,18.45,18.04,17.85,17.71,19.77,18.44,17.85,17.91,18.44,18.5,18.09,17.93,17.93,17.94,17.95,19.2,19.03,18.27,18.33
3/25/25 18:30,1635,12.27,17.61,15.94,15.99,15.84,15.86,15.61,15.82,15.76,15.73,15.96,16.21,16.26,15.89,16.02,16.01,15.97,15.98,16.43,16.45,16.14,16.25
3/25/25 19:00,1636,12.27,15.58,14.59,14.63,14.55,14.58,14.32,14.29,14.36,14.4,14.53,14.69,14.74,14.52,14.62,14.62,14.65,14.68,15.02,15.05,14.8,14.87
3/25/25 19:30,1637,12.26,14.12,13.74,13.79,13.75,13.78,13.55,13.52,13.55,13.58,13.69,13.88,13.93,13.73,13.8,13.8,13.84,13.87,14.15,14.16,13.98,14.01
3/25/25 20:00,1638,12.26,13.06,13.15,13.2,13.18,13.2,13.01,12.99,13,13.03,13.15,13.29,13.33,13.17,13.24,13.24,13.28,13.32,13.53,13.54,13.41,13.45
3/25/25 20:30,1639,12.24,12.37,12.79,12.83,12.81,12.84,12.67,12.65,12.62,12.64,12.77,12.94,12.98,12.78,12.9,12.91,12.93,12.96,13.16,13.19,13.06,13.09
3/25/25 21:00,1640,12.22,11.85,12.65,12.7,12.74,12.77,12.58,12.48,12.45,12.5,12.56,12.79,12.84,12.64,12.66,12.69,12.75,12.79,13.01,13.03,12.83,12.89
3/25/25 21:30,1641,12.2,11.45,12.59,12.63,12.7,12.73,12.59,12.48,12.41,12.48,12.62,12.8,12.84,12.59,12.64,12.65,12.68,12.71,12.91,12.93,12.83,12.87
3/25/25 22:00,1642,12.18,11.28,12.03,12.07,12.04,12.06,11.92,11.88,11.82,11.86,12.01,12.13,12.18,11.96,12.01,12.01,12.03,12.06,12.27,12.3,12.21,12.23
3/25/25 22:30,1643,12.15,11.17,12.08,12.13,12.14,12.16,12.04,11.94,11.92,11.97,12.1,12.22,12.26,12.06,12.06,12.07,12.13,12.16,12.32,12.34,12.25,12.29
3/25/25 23:00,1644,12.16,10.97,11.91,11.95,12,12.02,11.87,11.82,11.77,11.81,11.91,12.13,12.17,11.96,11.98,11.99,12.03,12.06,12.25,12.27,12.14,12.18
3/25/25 23:30,1645,12.13,10.75,11.87,11.92,11.98,12,11.87,11.79,11.75,11.77,11.8,12.08,12.13,11.95,11.96,11.99,12.09,12.11,12.31,12.33,12.11,12.16
3/26/25 0:00,1646,12.11,10.56,11.34,11.39,11.48,11.5,11.25,11.23,11.22,11.25,11.33,11.5,11.59,11.35,11.33,11.37,11.45,11.49,11.66,11.71,11.57,11.62
3/26/25 0:30,1647,12.16,9.86,10.74,10.81,10.82,10.85,10.56,10.62,10.62,10.62,10.67,10.86,10.97,10.69,10.68,10.7,10.8,10.84,10.95,10.99,10.94,10.98
3/26/25 1:00,1648,12.14,9.22,10.35,10.41,10.53,10.59,10.3,10.3,10.27,10.3,10.44,10.57,10.68,10.26,10.53,10.55,10.61,10.63,10.67,10.73,10.7,10.72
3/26/25 1:30,1649,12.12,8.98,10.41,10.47,10.55,10.58,10.31,10.28,10.25,10.29,10.45,10.5,10.61,10.2,10.39,10.41,10.34,10.38,10.43,10.45,10.58,10.6
3/26/25 2:00,1650,12.09,8.87,10.37,10.45,10.55,10.55,10.46,10.29,10.16,10.21,10.38,10.54,10.6,10.34,10.25,10.28,10.33,10.37,10.47,10.51,10.49,10.53
3/26/25 2:30,1651,12.08,8.98,9.88,9.95,9.97,10.05,9.64,9.6,9.39,9.48,9.72,9.69,9.82,9.58,9.74,9.76,9.79,9.82,9.82,9.89,9.82,9.88
3/26/25 3:00,1652,12.11,8.09,8.88,8.96,9.39,9.45,8.99,8.58,8.39,8.55,8.66,9.05,9.17,8.82,8.56,8.6,8.67,8.69,9.04,9.12,8.89,8.97
3/26/25 3:30,1653,12.07,7.517,8.87,8.92,9.09,9.13,8.8,8.65,8.52,8.55,8.76,8.93,9.08,8.69,9.03,9.06,8.95,8.99,9,9.07,8.98,9.04
3/26/25 4:00,1654,12.09,7.619,9.17,9.22,9.33,9.4,9.05,8.89,8.56,8.63,8.8,8.86,8.97,8.82,8.72,8.75,8.77,8.79,8.94,9.01,8.9,8.97
3/26/25 4:30,1655,12.06,7.709,8.87,8.92,9.22,9.24,8.99,8.83,8.6,8.7,8.85,9.08,9.15,8.91,9.01,9.03,9.02,9.05,9.31,9.38,9.01,9.09
3/26/25 5:00,1656,12.07,7.565,8.43,8.48,8.79,8.83,8.71,8.51,8.23,8.37,8.56,8.83,8.89,8.51,8.68,8.71,8.65,8.68,8.87,8.93,8.78,8.84
3/26/25 5:30,1657,12.07,7.18,7.861,7.937,8.19,8.25,8.05,8.05,7.981,8.05,8.08,8.49,8.59,8.29,8.51,8.55,8.61,8.63,8.68,8.76,8.62,8.65
3/26/25 6:00,1658,12.05,7.04,8.22,8.27,8.53,8.64,8.24,8.25,8.18,8.25,8.51,8.63,8.75,8.32,8.54,8.58,8.6,8.62,8.69,8.75,8.84,8.88
3/26/25 6:30,1659,12.05,6.977,7.799,7.858,7.993,8.1,7.692,7.864,7.755,7.787,7.979,8.11,8.25,7.96,8.33,8.36,8.34,8.4,8.52,8.6,8.56,8.61
3/26/25 7:00,1660,12.04,6.838,8.33,8.39,8.24,8.33,8.33,8.44,8.34,8.32,8.78,8.51,8.63,8.22,8.85,8.83,8.56,8.59,8.83,8.88,8.92,8.82
3/26/25 7:30,1661,12.17,7.135,9.68,9.73,10.7,10.46,12.34,10.01,10.12,10.1,12.37,10.3,10.36,9.78,11.59,11.54,10.68,10.78,11.39,11.18,12.41,11.08
3/26/25 8:00,1662,12.95,8.13,13.43,13.23,12.44,12.59,13.01,13.38,13.36,13.13,16.01,13.79,13.55,12.6,16.11,15.61,14.24,14.23,14.13,13.8,15.64,14.04
3/26/25 8:30,1663,13.17,9.69,14.53,14.84,13.36,13.29,14.53,14.72,13.46,13.34,16.68,14.33,14.28,13.94,15.85,15.43,14.93,14.76,15.18,15.2,14.28,13.98
3/26/25 9:00,1664,13.17,11.51,15.77,15.93,14.06,14.15,14.86,15.29,14.89,14.31,16.02,14.78,14.8,15.34,16.66,16.01,15.33,15.09,17.42,17.86,15.13,14.77
3/26/25 9:30,1665,13.17,13.6,17.26,17.42,15.3,15.46,16.08,17.12,16.04,15.65,17.8,16.39,16.38,16.84,18.75,17.95,17.02,16.87,19.08,19.52,17.41,16.99
3/26/25 10:00,1666,13.17,15.95,19.1,19.36,17.2,17.17,17.58,18.75,17.28,17.22,19.93,18.19,17.99,18.27,20.44,20.05,18.6,18.47,20.09,20.66,19.02,18.88
3/26/25 10:30,1667,13.17,18.69,20.06,20.35,18.97,18.92,19.19,20.11,18.96,18.7,19.78,20.27,20.11,18.88,20.13,20.44,20.35,20.31,19.78,19.52,19.45,19.62
3/26/25 11:00,1668,13.17,21.63,21.74,21.8,20.4,20.31,20.21,24.16,20.49,19.57,21.77,21.47,21.18,20.91,21.36,21.18,22.14,21.8,22.51,22.89,21.15,21.25
3/26/25 11:30,1669,13.16,24.24,24.21,23.42,21.69,21.41,21.48,26.47,21.43,21.12,22.09,22.75,22.46,22.49,22.6,22.62,22.67,22.56,22.28,22.67,21.9,22.3
3/26/25 12:00,1670,13.16,26.29,25.28,24.81,22.56,22.2,22.05,25.55,22.72,22.28,23.04,24.12,23.81,22.83,22.88,23,23.96,24,22.96,23.33,22.84,23.38
3/26/25 12:30,1671,13.15,28.12,25.91,26.12,22.4,22.43,20.81,26.05,24.1,22.99,24.16,23.34,23.1,23.33,23.25,23.14,23.86,23.77,25.14,25.77,23.34,24.39
3/26/25 13:00,1672,13.15,29.6,27.01,27.41,23.19,23.35,21.26,25.22,24,23.06,24.02,24.25,23.9,23.81,23.76,23.78,24.2,24.23,26.09,27.13,24,24.63
3/26/25 13:30,1673,13.15,30.47,28.43,28.46,24.29,24.4,22.64,25.77,23.85,23.44,23.89,24.84,24.41,25.07,24.25,24.42,25.48,25.58,26.51,27.91,24.7,25.45
3/26/25 14:00,1674,13.16,30.57,29.29,28.8,25.1,25.34,23.27,27.31,24.06,24.07,24,25.38,24.88,25.52,24.45,24.83,26.09,26.03,26.3,27.34,24.4,25.01
3/26/25 14:30,1675,13.15,30.86,28.85,28.44,25.04,24.98,23.12,28.56,24.01,23.89,24.39,26.11,25.56,25.82,24.59,24.89,26.66,26.87,26.08,26.91,24.65,25.52
3/26/25 15:00,1676,13.15,30.85,29.1,28.67,24.6,24.77,23.79,28.28,24.01,23.47,24.25,26.07,25.64,26.06,24.78,24.8,27.05,26.92,27.34,28.46,24.76,25.49
3/26/25 15:30,1677,13.16,30.58,28.4,27.93,23.67,23.85,23.38,27.04,24.16,23.54,23.32,25.29,24.84,25.33,24.28,24.3,26.61,26.49,27.5,27.95,24.37,24.82
3/26/25 16:00,1678,13.17,29.81,27.52,27.17,23.28,23.48,23.05,25.54,23.49,22.96,22.54,24.12,23.83,24.89,23.88,23.86,25.57,25.41,26.27,26.47,23.9,24.38
3/26/25 16:30,1679,13.05,28.36,26.64,25.95,22.51,22.73,22.92,24.11,22.97,22.36,22.07,22.95,22.98,24.58,23.35,23.34,24.43,24.39,26.63,27.41,23.17,23.6
3/26/25 17:00,1680,12.69,26.44,25.48,24.93,22.42,22.45,21.97,26.1,23.11,21.9,21.54,22.4,22.39,24.13,22.09,22.09,23.08,23.11,27.29,27.3,22.5,22.82
3/26/25 17:30,1681,12.51,24.01,23.44,23.62,21.89,21.59,21.27,25.07,21.98,20.96,20.42,21.34,21.36,22.57,20.51,20.48,21.77,21.64,25.59,25.5,21.02,21.11
3/26/25 18:00,1682,12.36,21.42,21.12,21.34,19.78,19.42,19.31,22.59,20.4,19.28,18.94,19.78,19.83,20.4,19.03,19.02,19.75,19.81,23.07,22.83,19.52,19.57
3/26/25 18:30,1683,12.28,18.78,17.6,17.69,17.23,17.16,16.91,18.15,17.37,17.01,17.03,17.4,17.44,17.47,17.1,17.07,17.31,17.37,18.36,18.42,17.5,17.56
3/26/25 19:00,1684,12.27,16.67,15.78,15.82,15.56,15.61,15.28,15.33,15.37,15.44,15.54,15.68,15.74,15.54,15.64,15.62,15.66,15.7,15.97,16.02,15.94,15.98
3/26/25 19:30,1685,12.28,15.12,14.78,14.83,14.64,14.69,14.43,14.47,14.47,14.52,14.64,14.78,14.84,14.64,14.73,14.72,14.76,14.79,15.01,15.04,15.01,15.04
3/26/25 20:00,1686,12.26,14.04,14.05,14.09,13.9,13.93,13.71,13.76,13.72,13.77,13.9,14.04,14.09,13.91,14.02,14.01,14.02,14.05,14.26,14.29,14.25,14.26
3/26/25 20:30,1687,12.24,13.33,13.51,13.54,13.37,13.4,13.2,13.25,13.19,13.23,13.37,13.52,13.57,13.38,13.49,13.47,13.5,13.53,13.74,13.75,13.71,13.72
3/26/25 21:00,1688,12.23,12.8,13.14,13.2,13,13.04,12.86,12.89,12.82,12.87,13.01,13.16,13.21,13.02,13.13,13.11,13.14,13.16,13.37,13.4,13.35,13.37
3/26/25 21:30,1689,12.24,12.3,12.66,12.72,12.54,12.57,12.42,12.45,12.37,12.42,12.57,12.73,12.78,12.58,12.69,12.68,12.69,12.72,12.92,12.94,12.91,12.92
3/26/25 22:00,1690,12.22,11.85,12.34,12.36,12.24,12.28,12.09,12.15,12.07,12.13,12.27,12.43,12.48,12.28,12.41,12.4,12.41,12.44,12.6,12.62,12.62,12.63
3/26/25 22:30,1691,12.2,11.57,12.09,12.12,12.01,12.05,11.89,11.94,11.87,11.93,12.06,12.24,12.29,12.07,12.21,12.2,12.23,12.25,12.37,12.39,12.43,12.43
3/26/25 23:00,1692,12.19,11.38,11.9,11.95,11.82,11.86,11.7,11.75,11.67,11.74,11.87,12.05,12.11,11.88,12.01,12,12.02,12.05,12.15,12.18,12.2,12.21
3/26/25 23:30,1693,12.17,11.16,11.78,11.82,11.74,11.78,11.57,11.63,11.54,11.61,11.78,11.94,12.01,11.72,11.91,11.91,11.93,11.96,12.02,12.05,12.11,12.12
3/27/25 0:00,1694,12.17,10.98,11.56,11.61,11.55,11.59,11.46,11.51,11.42,11.5,11.63,11.82,11.88,11.59,11.78,11.78,11.78,11.82,11.89,11.92,11.97,11.98
3/27/25 0:30,1695,12.15,10.8,11.53,11.57,11.54,11.6,11.42,11.4,11.36,11.41,11.56,11.68,11.76,11.43,11.58,11.58,11.59,11.63,11.64,11.65,11.77,11.78
3/27/25 1:00,1696,12.15,10.62,11.46,11.49,11.52,11.57,11.36,11.38,11.31,11.37,11.51,11.62,11.69,11.3,11.46,11.46,11.48,11.52,11.52,11.54,11.66,11.66
3/27/25 1:30,1697,12.13,10.18,10.04,10.09,10.14,10.16,9.73,10.04,NAN,9.72,9.89,9.89,9.97,9.89,9.8,9.8,9.97,10.01,10.35,10.46,10.18,10.27
3/27/25 2:00,1698,12.09,9.44,9.5,9.55,9.77,9.78,9.31,9.45,13.33,9.08,9.34,9.3,9.4,9.28,9.26,9.26,9.41,9.43,9.93,10.07,9.51,9.56
3/27/25 2:30,1699,12.12,9,9.53,9.6,9.46,9.52,8.97,9.32,9.01,9.02,9.27,9.12,9.25,9.17,9.09,9.08,9.22,9.23,9.69,9.82,9.37,9.39
3/27/25 3:00,1700,12.11,8.55,9.01,9.05,9.34,9.38,8.84,9.02,8.53,8.59,8.78,8.76,8.82,9.01,8.68,8.69,8.91,8.93,9.58,9.72,9.02,9.11
3/27/25 3:30,1701,12.1,8.39,9.47,9.53,9.17,9.24,8.99,9.11,8.65,8.75,9.01,9.16,9.28,8.96,9.12,9.12,9.09,9.12,9.37,9.53,9.28,9.3
3/27/25 4:00,1702,12.08,8.46,9.59,9.62,9.74,9.82,9.58,9.43,9.16,9.31,9.53,9.7,9.8,9.27,9.61,9.63,9.51,9.55,9.6,9.64,9.74,9.8
3/27/25 4:30,1703,12.1,8.93,10.18,10.23,10.2,10.3,10.05,10.07,10.19,10.2,10.25,10.36,10.48,10.05,10.46,10.46,10.47,10.49,10.49,10.51,10.55,10.52
3/27/25 5:00,1704,12.07,8.86,9.26,9.34,9.17,9.23,8.75,9.05,8.75,8.8,9.01,9.08,9.16,8.93,9.05,9.06,9.11,9.12,9.41,9.56,9.22,9.25
3/27/25 5:30,1705,12.06,8.7,9.44,9.48,9.3,9.4,9.07,9.24,9.1,9.11,9.25,9.27,9.4,9.1,9.4,9.42,9.46,9.47,9.42,9.44,9.47,9.48
3/27/25 6:00,1706,12.07,8.74,9.3,9.34,9.17,9.29,9,9.2,9.01,9.03,9.2,9.16,9.28,9.04,9.37,9.37,9.42,9.44,9.44,9.49,9.44,9.46
3/27/25 6:30,1707,12.07,8.47,8.96,9,8.72,8.8,8.51,8.82,8.51,8.53,8.74,8.64,8.77,8.64,8.86,8.85,8.95,8.95,9.11,9.16,9.02,9.02
3/27/25 7:00,1708,12.07,8.91,9.71,9.7,9.34,9.29,9.22,9.54,9.27,9.24,9.44,9.49,9.51,9.4,9.56,9.51,9.66,9.62,9.9,9.92,9.73,9.66
3/27/25 7:30,1709,12.03,9.94,10.05,10.02,9.56,9.51,9.47,10.1,9.64,9.58,10.01,10.05,10.02,9.77,10.12,10.08,9.89,9.85,10.25,10.28,10.14,10.1
3/27/25 8:00,1710,12.33,10.54,10.3,10.27,9.83,9.78,9.87,10.52,10.01,10.12,12.77,10.99,10.95,9.99,12.01,11.89,10.51,10.46,10.45,10.48,11.02,10.9
3/27/25 8:30,1711,12.73,10.69,12.44,12.44,11.69,11.62,12.39,12.46,11.6,11.54,12.08,12.5,12.31,12.45,12.3,12.26,12.48,12.37,12.3,12.24,12.19,11.96
3/27/25 9:00,1712,13,11.61,14,14.18,12.92,12.74,13.53,13.56,12.75,12.8,13.24,13.55,13.48,13.53,13.22,13.29,13.79,13.78,13.34,13.27,13.19,12.98
3/27/25 9:30,1713,13.13,13.08,16.02,16.33,15.17,15.17,15.72,15.73,14.94,15.01,15.57,15.84,15.77,16.01,16.1,16.2,16.19,16.21,15.83,15.78,15.62,15.37
3/27/25 10:00,1714,13.17,15.42,17.58,17.89,16.99,17.03,17,17.76,16.44,16.54,17.47,17.82,17.71,17.39,18.26,18.22,17.85,17.86,17.48,17.48,17.52,17.4
3/27/25 10:30,1715,13.17,18.05,19.08,19.37,18.18,18.13,18.06,19.49,18.02,17.98,18.85,19.38,19.25,18.45,19.47,19.65,19.18,19.17,18.96,19,18.55,18.68
3/27/25 11:00,1716,13.16,20.68,20.26,20.51,19.5,19.37,19.11,21.99,19.37,19.06,19.78,20.69,20.7,20.01,19.99,19.98,20.39,20.38,20.24,20.44,19.77,19.89
3/27/25 11:30,1717,13.16,22.95,22.62,22.43,21.09,20.89,20.57,24.06,20.92,20.79,21.21,22.58,22.4,21.34,21.84,21.9,22.16,22.27,21.15,21.29,21.27,21.63
3/27/25 12:00,1718,13.15,25.21,24.56,24.21,22.4,22.22,21.5,25.48,21.99,21.83,22.51,23.58,23.29,22.44,22.45,22.57,23.25,23.32,22.51,22.88,22.29,22.71
3/27/25 12:30,1719,13.16,27.07,25.25,25.73,23.84,23.61,22.34,25.98,23.35,23.28,23.68,24.89,24.48,23.94,23.34,23.43,24.13,24.15,23.38,23.89,23.3,23.87
3/27/25 13:00,1720,13.16,28.58,26.79,27.5,25.07,25.02,23.36,26.46,24.18,24.23,24.57,25.97,25.62,25.09,24.33,24.47,24.97,25.18,24.59,25.52,24.52,25.26
3/27/25 13:30,1721,13.16,29.78,28.3,28.54,26.02,25.97,24.42,27.09,25.17,25.28,24.9,27.08,26.59,26.1,24.82,25.02,26.33,26.7,25.7,26.76,25.17,25.84
3/27/25 14:00,1722,13.15,30.77,30,29.78,27.07,26.86,25.21,27.87,25.32,25.79,25.07,27.92,27.66,26.95,25.77,26.2,27.66,27.76,26.08,26.77,26.1,26.63
3/27/25 14:30,1723,13.15,31.55,30.75,30.7,27.37,27.13,25.05,27.99,25.77,26.01,25.82,28.61,28.13,27.2,26.33,26.77,29.17,29.24,26.75,26.93,26.49,27
3/27/25 15:00,1724,13.14,31.89,29.85,29.73,27.05,26.86,26.12,28.95,25.65,25.76,25.77,28.8,28.54,27.53,26.51,26.62,28.5,28.48,26.97,27.54,26.35,27.02
3/27/25 15:30,1725,13.14,31.59,29.79,29.67,27.39,27.2,26.68,29.46,25.75,25.7,25.64,28.68,27.95,27.83,26.45,26.5,28.53,28.52,27.2,27.49,26.13,26.51
3/27/25 16:00,1726,13.14,31,30.01,29.96,26.08,26,25.94,28.45,25.45,25.17,25.16,26.63,26.14,27.61,26.37,26.29,28.26,28.14,27.56,28.14,25.73,26.06
3/27/25 16:30,1727,13.04,30.01,29.11,29.01,25.06,25.29,25.68,26.33,25.11,24.58,24.48,25.08,25.11,27,25.6,25.6,26.7,26.85,28.43,29.17,25.25,25.61
3/27/25 17:00,1728,12.7,28.23,28.08,27.4,25.67,25.58,25.29,29.54,25.03,24.38,23.91,24.82,24.77,26.31,24.33,24.31,25.5,25.62,28.96,29.38,24.43,24.6
3/27/25 17:30,1729,12.49,25.93,25.73,25.79,24,23.59,23.59,27.74,24.19,23,22.66,23.38,23.33,24.7,22.77,22.74,23.98,23.84,27.31,27.76,23.12,23.21
3/27/25 18:00,1730,12.35,23.36,22.96,23.37,21.91,21.49,21.25,24.44,22.33,21.31,20.94,21.72,21.73,22.34,20.96,20.92,21.81,21.92,24.49,24.39,21.37,21.43
3/27/25 18:30,1731,12.28,20.61,19.39,19.51,18.95,18.94,18.63,18.91,18.8,18.76,18.81,19.08,19.14,18.87,18.88,18.86,19,19.04,19.38,19.48,19.15,19.21
3/27/25 19:00,1732,12.25,18.61,17.9,17.98,17.69,17.73,17.44,17.45,17.52,17.58,17.68,17.79,17.85,17.58,17.75,17.74,17.78,17.81,17.94,18.01,18.03,18.07
3/27/25 19:30,1733,12.28,17.25,17.02,17.04,16.8,16.82,16.59,16.62,16.66,16.7,16.8,16.91,16.97,16.75,16.89,16.88,16.92,16.95,17.08,17.11,17.13,17.15
3/27/25 20:00,1734,12.27,16.24,16.66,16.69,16.55,16.61,16.36,16.35,16.43,16.45,16.55,16.65,16.73,16.46,16.64,16.62,16.66,16.7,16.77,16.79,16.87,16.89
3/27/25 20:30,1735,12.24,15.9,16.29,16.31,16.21,16.27,16.07,15.97,16.1,16.1,16.26,16.24,16.32,16.07,16.31,16.29,16.35,16.37,16.44,16.45,16.5,16.5
3/27/25 21:00,1736,12.19,15.68,16.17,16.19,16.08,16.15,15.95,15.89,16,16,16.16,16.19,16.27,15.93,16.21,16.19,16.2,16.22,16.3,16.3,16.35,16.35
3/27/25 21:30,1737,12.21,15.27,15.12,15.14,14.99,15.13,14.78,14.79,14.85,14.88,15,14.9,15.05,14.74,15.08,15.08,15.17,15.19,15.03,15.06,15.24,15.26
3/27/25 22:00,1738,12.18,14.19,13.96,14,13.81,13.95,13.44,13.53,13.45,13.52,13.7,13.54,13.72,13.49,13.73,13.73,13.8,13.84,13.88,14.01,13.93,13.94
3/27/25 22:30,1739,12.19,13.14,13.21,13.26,13.06,13.09,12.72,12.79,12.54,12.65,12.88,12.94,13.07,12.77,12.82,12.82,12.88,12.9,13.05,13.14,13.06,13.12
3/27/25 23:00,1740,12.18,12.21,12.59,12.65,12.42,12.55,12.12,12.25,12.06,12.15,12.36,12.26,12.43,12.1,12.38,12.38,12.44,12.5,12.49,12.6,12.55,12.6
3/27/25 23:30,1741,12.15,11.7,11.97,12.01,12.01,12.04,11.56,11.69,11.25,11.36,11.66,11.74,11.81,11.72,11.62,11.61,11.79,11.82,12.16,12.28,11.91,11.95
3/28/25 0:00,1742,12.16,11.22,11.61,11.64,11.75,11.78,11.29,11.4,11.05,11.14,11.3,11.34,11.41,11.47,11.24,11.24,11.49,11.52,11.97,12.05,11.56,11.59
3/28/25 0:30,1743,12.17,10.74,11.28,11.31,11.4,11.4,10.93,10.97,10.56,10.7,10.95,10.96,11.02,11.05,10.74,10.73,10.99,11.01,11.48,11.59,11.05,11.07
3/28/25 1:00,1744,12.11,10.44,11.26,11.3,11.54,11.57,11.21,11.18,10.76,10.85,11.07,11.1,11.18,11.15,10.98,10.99,11.15,11.16,11.65,11.75,11.26,11.3
3/28/25 1:30,1745,12.13,10.27,11.16,11.21,11.52,11.52,11.09,11.05,10.59,10.71,10.95,11.01,11.1,11.03,10.94,10.95,11.03,11.05,11.33,11.41,11.16,11.18
3/28/25 2:00,1746,12.12,10.21,11.31,11.33,11.75,11.79,11.49,11.06,10.64,10.85,11.22,11.28,11.33,11.18,11.09,11.08,11.05,11.05,11.17,11.26,11.22,11.24
3/28/25 2:30,1747,12.1,10.46,11.91,11.95,12.39,12.45,12.08,11.89,11.62,11.75,12.01,11.98,12.13,11.78,11.99,12.01,11.84,11.88,11.81,11.86,12.05,12.11
3/28/25 3:00,1748,12.09,10.6,11.88,11.89,12.29,12.38,12.01,11.87,11.67,11.77,12,12.14,12.3,11.74,11.99,12,11.92,11.94,11.81,11.89,12.11,12.11
3/28/25 3:30,1749,12.08,10.67,11.84,11.88,12.23,12.34,11.81,11.82,11.63,11.72,11.9,12.04,12.19,11.76,11.95,11.96,11.8,11.79,11.74,11.81,12.03,12.02
3/28/25 4:00,1750,12.08,10.82,12.24,12.26,12.3,12.43,12.14,12.14,12.03,12.07,12.19,12.22,12.35,12.03,12.39,12.39,12.24,12.26,12.28,12.3,12.38,12.39
3/28/25 4:30,1751,12.07,11.07,12.39,12.4,12.4,12.54,12.32,12.34,12.26,12.31,12.4,12.48,12.61,12.23,12.63,12.62,12.59,12.61,12.55,12.56,12.67,12.67
3/28/25 5:00,1752,12.07,11.53,12.92,12.93,12.9,12.99,12.8,12.87,12.73,12.74,12.87,12.96,13.03,12.78,13.05,13.03,13.05,13.06,13.06,13.06,13.07,13.06
3/28/25 5:30,1753,12.06,12.15,13.17,13.17,13.1,13.19,13.07,13.07,13.05,13.07,13.16,13.25,13.31,13.07,13.32,13.31,13.3,13.31,13.36,13.35,13.38,13.37
3/28/25 6:00,1754,12.03,12.64,13.42,13.44,13.34,13.44,13.24,13.3,13.26,13.28,13.38,13.48,13.57,13.24,13.56,13.55,13.56,13.57,13.53,13.55,13.57,13.57
3/28/25 6:30,1755,12.04,12.79,13.11,13.14,13.31,13.34,13.08,13.17,13.03,13.06,13.19,13.16,13.24,13.08,13.26,13.26,13.29,13.32,13.36,13.41,13.32,13.35
3/28/25 7:00,1756,12.05,12.37,12.61,12.62,12.62,12.68,12.47,12.54,12.54,12.55,12.62,12.62,12.69,12.44,12.68,12.67,12.69,12.7,12.69,12.7,12.77,12.77
3/28/25 7:30,1757,12.06,11.95,12.59,12.6,12.99,12.82,13.56,12.67,12.67,12.68,13.71,12.8,12.84,12.34,13.4,13.27,13.22,13.04,13.28,13.14,13.83,13.02
3/28/25 8:00,1758,12.56,12.17,14.51,14.55,13.87,13.8,14.19,14.45,13.94,13.94,14.45,14.51,14.49,14.11,14.49,14.46,14.64,14.49,14.51,14.49,14.49,14.19
3/28/25 8:30,1759,12.93,13.12,16.66,16.81,16.19,16.12,17.33,17.79,15.7,15.63,18.8,16.87,16.68,16.52,17.88,17.38,17.14,16.93,17.84,18.03,16.93,16.44
3/28/25 9:00,1760,13.15,14.68,18.6,18.98,17.77,17.65,18.86,18.86,18.06,17.85,18.51,18.4,18.43,18.61,18.68,18.67,18.73,18.75,18.68,18.72,18.14,17.89
3/28/25 9:30,1761,13.18,17.04,19.83,20.16,19.21,19.22,19.87,19.67,18.95,18.95,19.48,19.85,19.8,19.78,20.13,20.05,19.81,19.79,19.92,19.85,19.74,19.46
3/28/25 10:00,1762,13.18,19.65,21.37,21.7,20.72,20.72,20.55,21.48,20.36,20.43,21.19,21.37,21.22,20.82,21.67,21.67,21.71,21.69,21.16,21.13,21.18,20.98
3/28/25 10:30,1763,13.18,22.21,22.72,23.05,21.73,21.61,21.6,22.91,21.64,21.64,22.33,23.25,22.99,21.9,22.84,22.97,23.03,23.08,22.54,22.44,22.12,22.26
3/28/25 11:00,1764,13.15,24.67,24.55,24.79,23.34,23.04,22.87,24.74,23.43,23.14,23.8,24.43,24.27,23.49,23.77,23.84,24.48,24.54,23.92,23.75,23.81,23.96
3/28/25 11:30,1765,13.15,26.99,26.52,26.12,24.09,23.75,23.75,25.31,24.35,24.19,24.41,25.16,24.62,23.67,24.79,25,25.94,25.77,24.13,24.21,24.36,24.56
3/28/25 12:00,1766,13.18,29.17,27.07,26.74,25.38,24.85,24.81,26.08,25.73,25.69,26.45,26.65,25.64,25.17,26.06,26.32,27.32,26.83,25.95,25.97,25.89,26.34
3/28/25 12:30,1767,13.18,31.09,29.23,29.71,26.73,26.29,25.29,27.97,26.42,26.57,26.6,27.41,26.96,26.63,26.09,26.34,28.16,28.1,26.25,26.41,26.61,27.4
3/28/25 13:00,1768,13.17,32.3,30.4,30.59,27.76,27.45,26.56,26.9,27.31,27.6,27.36,28.7,28.09,27.37,26.66,26.95,29.5,29.16,27.31,27.42,27.13,27.58
3/28/25 13:30,1769,13.21,33.66,31.36,31.07,28.39,28.29,27.62,27.36,27.9,28.47,27.43,29.47,28.72,28.28,27.38,27.65,29.98,29.74,28.35,28.77,28.25,28.67
3/28/25 14:00,1770,13.22,34.54,32.67,32.06,29.79,29.49,28.48,29.27,28.36,28.87,28.04,30.45,29.93,28.91,28.67,29.44,31.8,31.08,29.02,29.42,29.16,29.53
3/28/25 14:30,1771,13.2,35.22,33.55,33.04,30.64,30.13,27.83,30.61,28.94,29.31,28.86,31.67,30.77,29.91,29.18,29.76,32.19,31.85,29.8,30.19,29.76,30.28
3/28/25 15:00,1772,13.19,35.55,33.07,32.5,30.24,29.89,29.93,29.82,28.92,29.16,28.93,31.48,30.81,30.01,29.41,29.62,32.61,31.91,30.45,30.39,29.8,30.39
3/28/25 15:30,1773,13.12,35.49,32.86,32.64,30.44,29.98,31.71,31.27,29.24,29.37,28.57,31.25,30.28,30.84,29.16,29.38,32.47,32.32,30.52,30.72,29.22,29.55
3/28/25 16:00,1774,13.08,34.16,31.46,31.19,29.59,29,31.44,29.61,28.61,28.72,28.41,30.57,29.93,30.08,29.42,29.55,31.62,30.89,29.97,30.02,29.3,29.43
3/28/25 16:30,1775,12.95,33.18,30.01,29.96,27.92,27.77,28.16,28.24,27.21,27.21,27.43,27.68,27.58,28.5,27.74,27.7,28.8,28.74,29.01,29.9,27.73,27.9
3/28/25 17:00,1776,12.53,29.87,25.95,26.09,25.19,25.21,24.48,24.74,24.78,24.78,25.03,24.81,24.85,24.58,25.14,25.1,25.39,25.42,25.69,26.06,25.34,25.49
3/28/25 17:30,1777,12.36,26.61,24.43,24.5,23.86,23.89,23.36,23.53,23.63,23.64,23.78,23.69,23.73,23.52,23.78,23.75,23.92,23.95,24.18,24.38,24.06,24.15
3/28/25 18:00,1778,12.3,24.37,23.25,23.31,22.9,22.92,22.53,22.79,22.71,22.7,22.86,22.86,22.91,22.75,22.89,22.86,23,23.01,23.28,23.41,23.16,23.25
3/28/25 18:30,1779,12.27,22.75,22.02,22.07,21.91,21.92,21.59,21.81,21.67,21.7,21.87,21.91,21.95,21.85,21.93,21.91,22.02,22.04,22.35,22.42,22.19,22.26
3/28/25 19:00,1780,12.28,21.41,20.97,21.01,21.02,21.06,20.68,20.72,20.64,20.73,20.87,20.89,20.95,20.8,20.86,20.85,20.93,20.96,21.13,21.2,21.16,21.23
3/28/25 19:30,1781,12.26,20.05,19.73,19.79,19.85,19.88,19.57,19.58,19.49,19.6,19.77,19.82,19.89,19.66,19.83,19.83,19.88,19.91,19.94,20.01,20.11,20.16
3/28/25 20:00,1782,12.26,18.91,19.14,19.18,19.32,19.35,19.11,19.03,18.93,19.05,19.28,19.37,19.43,19.15,19.24,19.24,19.25,19.28,19.35,19.42,19.53,19.57
3/28/25 20:30,1783,12.24,18.12,18.66,18.72,18.76,18.8,18.65,18.56,18.42,18.52,18.73,18.85,18.89,18.64,18.87,18.87,18.76,18.78,18.93,18.98,19.06,19.07
3/28/25 21:00,1784,12.21,17.76,18.63,18.68,18.8,18.81,18.69,18.5,18.41,18.49,18.72,18.67,18.72,18.44,18.38,18.37,18.3,18.32,18.44,18.52,18.61,18.65
3/28/25 21:30,1785,12.21,17.33,18.12,18.17,18.21,18.23,18.03,17.94,17.78,17.86,18.11,18.03,18.09,17.86,17.84,17.86,17.94,17.98,18.03,18.09,18.12,18.16
3/28/25 22:00,1786,12.21,16.65,17.16,17.18,17.51,17.54,17.2,17.15,16.96,17.01,17.16,17.44,17.53,17.31,17.7,17.72,17.77,17.8,17.83,17.89,17.76,17.79
3/28/25 22:30,1787,12.21,16.32,17.84,17.87,18.05,18.05,17.97,17.82,17.76,17.81,18,18.08,18.14,17.86,17.98,18,18.02,18.04,18.06,18.11,18.1,18.13
3/28/25 23:00,1788,12.2,16.1,17.26,17.31,17.44,17.55,17.21,17.19,17.2,17.24,17.45,17.46,17.63,17.12,17.43,17.44,17.37,17.39,17.36,17.41,17.64,17.7
3/28/25 23:30,1789,12.18,15.76,16.68,16.72,16.87,16.95,16.52,16.73,16.78,16.83,16.97,17,17.13,16.73,17.03,17.04,16.98,16.99,17.05,17.13,17.15,17.15
3/29/25 0:00,1790,12.17,15.32,16.48,16.53,16.97,17,16.87,16.95,16.94,17.03,17.08,17.58,17.68,17.24,17.83,17.85,17.77,17.8,17.51,17.56,17.81,17.8
3/29/25 0:30,1791,12.15,15.26,16.1,16.16,16.28,16.3,16.17,16.3,16.11,16.18,16.4,16.49,16.57,16.37,16.68,16.69,16.64,16.66,16.61,16.69,16.71,16.72
3/29/25 1:00,1792,12.14,14.7,14.67,14.73,15.19,15.17,14.81,14.72,14.29,14.35,14.52,14.72,14.79,14.59,14.77,14.76,14.75,14.75,15.1,15.19,14.81,14.87
3/29/25 1:30,1793,12.14,13.91,14.31,14.35,14.67,14.62,14.48,14.3,13.87,14.01,14.26,14.39,14.44,14.18,14.26,14.24,14.22,14.22,14.59,14.68,14.34,14.36
3/29/25 2:00,1794,12.12,13.29,13.86,13.9,14.34,14.33,14.1,13.87,13.45,13.6,13.81,13.95,13.98,13.84,13.94,13.94,13.89,13.91,14.3,14.37,13.99,14.02
3/29/25 2:30,1795,12.11,13.04,13.72,13.76,14.2,14.19,14,13.79,13.46,13.6,13.75,13.93,13.96,13.87,13.77,13.78,13.85,13.86,14.23,14.29,13.91,13.94
3/29/25 3:00,1796,12.11,12.93,13.73,13.76,14.13,14.13,14.05,13.87,13.51,13.63,13.86,14.19,14.24,13.85,14.18,14.19,14.07,14.1,14.36,14.43,14.16,14.19
3/29/25 3:30,1797,12.1,12.69,13.34,13.37,13.86,13.87,13.71,13.58,13.08,13.14,13.39,13.75,13.81,13.46,13.79,13.79,13.63,13.64,13.99,14.03,13.64,13.67
3/29/25 4:00,1798,12.09,12.49,13.1,13.13,13.68,13.67,13.44,13.16,12.77,12.93,13.17,13.37,13.42,13.25,13.3,13.3,13.16,13.15,13.46,13.53,13.35,13.36
3/29/25 4:30,1799,12.09,12.21,13.01,13.04,13.57,13.58,13.53,13.21,12.77,12.85,13.05,13.44,13.51,13.15,13.55,13.57,13.28,13.3,13.6,13.64,13.33,13.35
3/29/25 5:00,1800,12.08,12.29,13.59,13.62,14.38,14.39,14.33,13.83,13.4,13.62,13.84,14.18,14.25,13.78,14.16,14.19,13.96,14,14.06,14.1,13.92,13.97
3/29/25 5:30,1801,12.08,12.34,13.46,13.5,14.15,14.15,14.19,13.83,13.24,13.38,13.66,14.11,14.14,13.69,14.29,14.3,14.03,14.04,14.2,14.26,13.94,14
3/29/25 6:00,1802,12.08,12.17,13.33,13.35,13.97,13.96,14.06,13.73,13.28,13.39,13.5,14.09,14.13,13.6,14.2,14.22,13.88,13.9,14.06,14.12,13.83,13.88
3/29/25 6:30,1803,12.08,12.06,12.99,13.02,13.92,13.94,13.79,13.32,12.88,13.08,13.1,13.55,13.59,13.44,13.7,13.71,13.55,13.55,13.73,13.8,13.36,13.41
3/29/25 7:00,1804,12.06,11.88,12.88,12.93,13.89,13.89,13.84,13.09,12.8,12.97,13.3,13.49,13.52,13.38,13.43,13.41,13.22,13.2,13.44,13.49,13.39,13.34
3/29/25 7:30,1805,12.15,11.85,14.43,14.45,15.24,15.16,16.56,15.33,14.95,14.83,20.02,15.67,15.72,14.8,17.64,17.35,15.38,15.46,15.8,15.76,19.35,17.38
3/29/25 8:00,1806,12.81,12.79,18.95,18.51,17.98,17.97,18.48,19.42,18.76,18.69,25.92,19.88,19.65,17.85,23.07,22.22,20.96,19.62,19.79,19.41,22.95,20.9
3/29/25 8:30,1807,13.06,14.6,20.41,20.6,20.2,19.97,22.01,20.31,19.96,20.09,23.32,21.38,21.04,20.61,22.86,22.8,22.69,21.85,21.15,20.66,20.83,20.64
3/29/25 9:00,1808,13.16,16.69,21.9,22.29,21.47,21.11,23.35,21.11,21.45,21.34,23.12,21.74,21.75,21.6,23.8,23.83,23.43,22.99,22.07,21.63,22.01,21.79
3/29/25 9:30,1809,13.17,18.82,23.06,23.3,22.28,22.06,23.45,21.65,21.94,22.03,23.04,22.67,22.33,22.22,24.19,24.28,23.61,23.21,22.87,22.34,22.83,22.44
3/29/25 10:00,1810,13.17,21.49,24.06,24.33,23.43,23.15,23.53,23.03,22.93,23.02,24.39,23.88,23.62,22.89,25.37,25.52,24.95,24.4,23.95,23.48,24.08,23.69
3/29/25 10:30,1811,13.16,24.49,25.1,25.33,24.07,23.89,24.27,23.9,24.04,23.95,25.04,25.44,24.98,23.71,26.05,26.41,26.37,25.92,25.15,24.56,24.83,24.99
3/29/25 11:00,1812,13.15,27.17,26.66,26.79,25.68,25.19,25.58,25.94,25.81,25.58,26.13,26.63,26.12,25.25,25.68,25.79,27.42,27.15,26.79,26.26,26.41,26.54
3/29/25 11:30,1813,13.14,29.54,28.15,27.77,26.7,26.21,26.47,27.09,26.74,26.89,27.3,28.11,27.33,25.96,27.86,28.13,28.74,28.18,27.04,27.03,27.47,27.85
3/29/25 12:00,1814,13.15,31.61,29.39,29.45,27.57,27.27,26.5,27.97,27.66,27.53,28.12,28.47,27.69,27.12,28.37,28.58,29.77,29.45,28.24,28.45,28.26,28.61
3/29/25 12:30,1815,13.16,33.08,30.81,31.31,28.6,28.27,27.26,28.43,28.28,28.64,28.76,29.29,28.72,28.53,28.14,28.34,30.11,29.72,28.65,29,28.54,29.09
3/29/25 13:00,1816,13.18,34.25,31.81,31.99,29.92,29.57,29.08,28.86,29.07,29.21,29.47,30.4,29.78,29.35,28.94,29.29,31.21,30.9,29.7,30.12,29.26,29.88
3/29/25 13:30,1817,13.19,35.27,32.7,32.49,30.36,30.31,28.84,28.81,29.27,29.87,29.21,31.24,30.43,29.32,29.62,29.96,31.76,31.37,30.13,30.54,30.22,30.52
3/29/25 14:00,1818,13.18,36.17,33,32.41,30.79,30.75,28.7,30.19,29.67,30.11,29.83,31.8,31.49,29.53,30.62,31.33,32.51,31.71,30.87,30.94,31.05,31.45
3/29/25 14:30,1819,13.16,36.25,34.33,34.33,31.65,31.4,29.09,33.62,29.53,29.54,29.88,32.3,31.85,31.33,29.98,30.25,32.98,33,31.2,31.95,30.45,30.8
3/29/25 15:00,1820,13.11,36.07,32.67,32.45,29.44,29.47,28.5,31.92,29.1,28.79,29.36,30.56,30.17,29.91,29.84,29.97,31.64,31.58,31.84,32.73,30.09,30.73
3/29/25 15:30,1821,13.08,34.4,30.94,30.82,28.3,28.26,27.6,29.76,27.52,27.36,27.7,28.53,28.17,28.08,27.95,27.9,29.31,29.24,29.58,30,28.18,28.42
3/29/25 16:00,1822,13.12,32.65,31.46,31.28,28.32,28.5,28.39,30.15,27.96,27.76,27.66,28.73,28.45,29.21,28.3,28.3,29.98,29.78,29.96,30.77,28.25,28.56
3/29/25 16:30,1823,13.07,31.58,30.86,30.22,26.85,26.91,27.11,28.44,27.45,26.8,26.66,27.33,27.37,28.71,27.73,27.67,28.65,28.58,30.99,31.39,27.69,28.04
3/29/25 17:00,1824,12.74,30.18,29.14,28.52,26.57,26.59,26.24,31.12,27.34,26.36,25.9,26.66,26.78,28.02,26.38,26.38,27.44,27.43,31.3,31.02,26.74,26.97
3/29/25 17:30,1825,12.5,28.1,26.97,27.1,25.44,25.27,24.92,29.77,26.67,25.14,24.6,25.34,25.29,26.69,24.66,24.6,25.87,25.78,29.8,29.32,25.27,25.47
3/29/25 18:00,1826,12.36,25.48,23.81,24.19,22.88,22.57,22.41,26.01,23.6,22.64,22.36,23.16,23.21,23.89,22.37,22.35,23.16,23.19,26.25,26.11,22.89,23
3/29/25 18:30,1827,12.27,22.61,20.62,20.68,20.27,20.22,19.99,20.72,20.33,20.17,20.15,20.48,20.52,20.44,20.2,20.17,20.33,20.36,21.08,21.2,20.59,20.67
3/29/25 19:00,1828,12.3,20.06,18.68,18.74,18.58,18.61,18.32,18.35,18.44,18.5,18.57,18.69,18.74,18.55,18.67,18.66,18.71,18.74,19.09,19.12,19,19.04
3/29/25 19:30,1829,12.29,18.28,17.72,17.76,17.65,17.68,17.44,17.46,17.5,17.54,17.63,17.73,17.78,17.58,17.72,17.71,17.74,17.77,18.06,18.09,18.01,18.03
3/29/25 20:00,1830,12.27,17.09,17,17.04,16.95,16.97,16.79,16.77,16.78,16.82,16.94,17.04,17.08,16.9,17.02,17.01,17.03,17.06,17.28,17.31,17.23,17.25
3/29/25 20:30,1831,12.27,16.19,16.2,16.24,16.18,16.2,16.02,16.03,16.03,16.07,16.18,16.33,16.38,16.18,16.37,16.36,16.38,16.41,16.63,16.66,16.58,16.6
3/29/25 21:00,1832,12.26,15.33,15.53,15.58,15.46,15.53,15.21,15.33,15.37,15.4,15.54,15.58,15.66,15.34,15.65,15.64,15.68,15.72,15.83,15.88,15.86,15.86
3/29/25 21:30,1833,12.26,14.38,14.76,14.82,14.65,14.72,14.37,14.61,14.57,14.57,14.79,14.82,14.93,14.58,14.84,14.84,14.88,14.92,15.03,15.07,15.08,15.1
3/29/25 22:00,1834,12.24,13.75,14.26,14.3,14.24,14.27,14.15,14.13,14.06,14.13,14.31,14.44,14.5,14.23,14.48,14.47,14.51,14.55,14.61,14.65,14.64,14.65
3/29/25 22:30,1835,12.23,13.3,13.86,13.92,13.83,13.87,13.79,13.81,13.73,13.79,13.96,14.12,14.17,13.92,14.08,14.07,14.09,14.12,14.27,14.31,14.28,14.31
3/29/25 23:00,1836,12.21,13.01,13.54,13.58,13.43,13.46,13.3,13.41,13.34,13.38,13.52,13.67,13.73,13.49,13.67,13.65,13.68,13.71,13.85,13.87,13.87,13.87
3/29/25 23:30,1837,12.21,12.73,13.16,13.19,13.03,13.07,12.96,13.05,12.98,13.01,13.16,13.29,13.34,13.14,13.3,13.29,13.31,13.33,13.47,13.5,13.5,13.49
3/30/25 0:00,1838,12.19,12.5,12.78,12.8,12.65,12.67,12.56,12.63,12.58,12.61,12.73,12.88,12.92,12.72,12.87,12.85,12.89,12.91,13.07,13.09,13.06,13.06
3/30/25 0:30,1839,12.18,12.22,12.54,12.57,12.43,12.46,12.33,12.41,12.35,12.38,12.51,12.65,12.7,12.48,12.65,12.63,12.67,12.7,12.83,12.86,12.82,12.83
3/30/25 1:00,1840,12.17,11.93,12.29,12.34,12.19,12.21,12.1,12.13,12.07,12.11,12.25,12.42,12.47,12.26,12.42,12.4,12.43,12.45,12.56,12.59,12.59,12.59
3/30/25 1:30,1841,12.15,11.75,12.11,12.18,11.98,12.01,11.89,11.96,11.91,11.95,12.06,12.24,12.28,12.07,12.21,12.2,12.23,12.25,12.37,12.39,12.4,12.39
3/30/25 2:00,1842,12.16,11.52,12.11,12.15,12.04,12.06,11.96,11.99,11.91,11.95,12.1,12.23,12.27,12.04,12.23,12.21,12.24,12.27,12.36,12.39,12.38,12.37
3/30/25 2:30,1843,12.15,11.39,11.99,12.02,11.94,11.97,11.87,11.9,11.81,11.86,12,12.15,12.19,11.96,12.11,12.1,12.11,12.13,12.25,12.28,12.28,12.28
3/30/25 3:00,1844,12.13,11.33,12.02,12.06,12,12.02,11.92,11.93,11.84,11.88,12.03,12.18,12.21,11.97,12.13,12.12,12.14,12.16,12.26,12.29,12.3,12.3
3/30/25 3:30,1845,12.13,11.28,11.98,12.01,11.96,11.97,11.92,11.92,11.84,11.89,12.01,12.19,12.23,11.97,12.14,12.12,12.14,12.16,12.25,12.27,12.3,12.3
3/30/25 4:00,1846,12.12,11.17,11.97,12.01,11.95,11.96,11.91,11.94,11.81,11.85,12.01,12.17,12.2,11.97,12.14,12.12,12.14,12.16,12.27,12.31,12.3,12.29
3/30/25 4:30,1847,12.1,11.38,12.27,12.27,12.12,12.13,12.04,12.14,11.99,12.03,12.15,12.34,12.38,12.17,12.34,12.31,12.36,12.38,12.47,12.51,12.45,12.44
3/30/25 5:00,1848,12.1,11.9,12.82,12.82,12.6,12.61,12.5,12.62,12.49,12.49,12.62,12.78,12.81,12.68,12.78,12.76,12.8,12.81,13.01,13.03,12.89,12.89
3/30/25 5:30,1849,12.08,12.58,13.05,13.03,12.81,12.82,12.69,12.83,12.72,12.73,12.83,12.97,13,12.91,13,12.98,13.04,13.05,13.24,13.26,13.11,13.11
3/30/25 6:00,1850,12.07,12.85,12.73,12.76,12.6,12.63,12.42,12.56,12.48,12.51,12.61,12.73,12.78,12.63,12.76,12.74,12.79,12.8,12.93,12.96,12.9,12.91
3/30/25 6:30,1851,12.09,12.11,11.9,11.94,11.85,11.88,11.71,11.77,11.74,11.79,11.88,12.01,12.06,11.81,12,11.99,12.03,12.05,12.09,12.12,12.19,12.19
3/30/25 7:00,1852,12.06,11.46,11.66,11.69,11.65,11.68,11.56,11.61,11.55,11.61,11.72,11.84,11.89,11.62,11.84,11.83,11.84,11.86,11.91,11.95,12.04,12.04
3/30/25 7:30,1853,12.06,11.02,11.74,11.78,11.59,11.61,11.52,11.64,11.5,11.52,11.71,11.81,11.85,11.65,11.83,11.81,11.81,11.82,12.01,12.05,11.99,11.97
3/30/25 8:00,1854,12.31,11.29,13.12,13.1,12.48,12.49,12.49,12.82,12.57,12.46,12.82,12.78,12.77,12.74,12.98,12.93,12.9,12.89,13.43,13.52,13.01,12.88
3/30/25 8:30,1855,13.01,12.74,16.16,16.21,14.54,14.54,14.82,15.63,14.71,14.38,16.19,14.89,14.78,15.11,15.98,15.77,15.37,15.35,16.83,16.94,15.09,14.9
3/30/25 9:00,1856,12.95,14.15,16.64,16.83,15.4,15.3,15.5,16.2,15.11,14.98,16.03,15.47,15.42,15.55,15.96,15.83,15.97,15.93,16.79,17.08,15.52,15.36
3/30/25 9:30,1857,12.72,15.09,15.85,15.98,15.12,14.98,14.92,15.56,14.57,14.48,14.97,15.17,15.09,15.18,15.13,15.09,15.43,15.44,15.75,16.08,15.16,15.2
3/30/25 10:00,1858,12.88,15.66,17.06,17.22,16.19,16.03,16.15,17.16,15.65,15.51,16.24,16.23,16.07,16.38,16.38,16.31,16.37,16.31,17.02,17.41,16.15,16.07
3/30/25 10:30,1859,13.16,17.73,19.68,19.9,18.22,18.06,18.39,20.32,17.7,17.49,18.73,18.88,18.61,18.98,18.87,18.7,18.8,18.72,19.64,20.26,18.48,18.36
3/30/25 11:00,1860,13.13,19.73,20.04,20.26,18.45,18.16,18.69,20.21,18,17.88,18.76,18.72,18.51,18.9,18.77,18.71,19.16,19.15,19.91,20.43,18.6,18.73
3/30/25 11:30,1861,13.17,21.57,23.09,22.7,19.99,19.73,19.86,23.9,20.41,19.82,21.5,20.88,20.53,21.05,21.4,21.38,21.25,21.22,22.41,23.11,20.72,20.98
3/30/25 12:00,1862,13.13,24.66,22.8,22.8,20.92,20.78,20.1,23.58,20.27,19.93,21.12,21.16,20.86,21.03,21.29,21.2,21.67,21.65,22.74,23.48,21.03,21.18
3/30/25 12:30,1863,13.17,25.51,25.24,25.47,22.53,22.35,21.66,25.62,22.78,21.99,22.91,22.97,22.47,23.25,22.49,22.52,23.23,23.3,24.21,25.13,22.49,23.13
3/30/25 13:00,1864,13.15,26.82,24.37,24.41,21.45,21.39,20.51,23.53,21.94,21.32,21.81,21.96,21.8,22.26,22.28,22.31,23,23.13,23.94,24.76,22.2,22.63
3/30/25 13:30,1865,13.17,27.79,27.35,27.45,23.71,23.77,22.22,24.99,23.11,22.52,22.87,23.78,23.37,23.9,23.2,23.2,24.47,24.54,25.53,26.77,23.21,23.64
3/30/25 14:00,1866,13.18,28.23,25.81,25.54,22.47,22.45,21.27,24.45,22.29,21.92,22.38,22.88,22.82,22.91,22.48,22.56,23.38,23.36,24.94,25.61,22.77,23.02
3/30/25 14:30,1867,13.19,28.28,27.05,27.01,23.94,23.87,22.64,26.61,23,22.74,23.13,24.4,23.86,24.4,23.38,23.42,24.6,24.66,25.37,26.41,23.45,23.8
3/30/25 15:00,1868,13.05,27.19,23.45,23.5,21.07,21.15,20.47,21.42,20.95,20.76,20.94,21.01,20.92,21.24,21.12,21.08,21.59,21.53,22.97,23.31,21.43,21.6
3/30/25 15:30,1869,13.2,25.38,25.96,25.8,21.99,21.96,21.64,24.18,21.87,21.19,21.48,22.29,21.99,22.79,21.93,21.95,23.49,23.46,24.36,24.92,22,21.99
3/30/25 16:00,1870,13.2,25.92,25.79,25.44,21.39,21.41,21.35,23.11,21.24,20.7,20.78,21.43,21.28,22.52,21.88,21.85,23.45,23.29,24.34,24.89,21.62,21.83
3/30/25 16:30,1871,13.04,25.44,24.72,24.61,20.3,20.39,20.69,21.61,20.71,20.09,19.9,20.44,20.44,21.92,20.86,20.84,22.04,21.98,25.04,25.18,20.64,20.86
3/30/25 17:00,1872,12.81,23.91,23.34,22.94,20.08,20.03,19.47,23.93,20.83,19.68,19.17,19.9,19.9,21.16,19.83,19.8,20.98,20.95,24.88,24.62,19.94,20.08
3/30/25 17:30,1873,12.52,21.96,21.37,20.98,19.1,18.89,18.67,22.4,20.11,18.68,18.24,19.03,18.93,20.29,18.37,18.33,19.27,19.17,22.98,22.87,19.04,19.06
3/30/25 18:00,1874,12.37,19.72,19.44,19.77,18.19,17.83,17.69,20.79,18.54,17.56,17.26,18,18.01,18.79,17.33,17.29,18.2,18.15,21.01,20.86,17.75,17.75
3/30/25 18:30,1875,12.29,17.5,16.71,16.84,16.08,15.97,15.69,16.32,16,15.76,15.8,16.1,16.13,16.12,15.87,15.82,16.01,16.01,16.82,16.89,16.18,16.18
3/30/25 19:00,1876,12.3,15.8,14.99,15.03,14.69,14.72,14.43,14.55,14.56,14.55,14.68,14.8,14.84,14.7,14.79,14.75,14.82,14.84,15.26,15.3,15.11,15.12
3/30/25 19:30,1877,12.29,14.7,14.31,14.34,14.08,14.11,13.86,13.98,13.94,13.94,14.08,14.18,14.22,14.07,14.17,14.14,14.2,14.22,14.59,14.6,14.46,14.46
3/30/25 20:00,1878,12.26,14.14,14.27,14.28,13.99,14.01,13.83,13.93,13.89,13.88,14,14.13,14.17,14.04,14.1,14.07,14.12,14.15,14.46,14.46,14.34,14.33
3/30/25 20:30,1879,12.25,14.4,14.47,14.47,14.08,14.1,13.89,14.05,14,13.98,14.08,14.21,14.24,14.19,14.24,14.2,14.26,14.27,14.56,14.57,14.41,14.4
3/30/25 21:00,1880,12.24,14.51,14.38,14.37,13.89,13.91,13.7,13.86,13.83,13.8,13.89,14,14.03,14.01,14.07,14.03,14.1,14.11,14.41,14.43,14.21,14.2
3/30/25 21:30,1881,12.22,14.68,14.44,14.41,13.89,13.91,13.72,13.89,13.85,13.83,13.9,13.99,14.01,14,14.06,14.02,14.11,14.11,14.44,14.46,14.21,14.2
3/30/25 22:00,1882,12.21,14.94,14.81,14.81,14.22,14.24,14.05,14.15,14.14,14.12,14.2,14.28,14.31,14.29,14.34,14.31,14.41,14.41,14.67,14.68,14.49,14.48
3/30/25 22:30,1883,12.19,15.05,14.78,14.76,14.42,14.44,14.29,14.38,14.31,14.29,14.46,14.49,14.52,14.42,14.52,14.49,14.58,14.58,14.73,14.75,14.7,14.7
3/30/25 23:00,1884,12.18,15.16,14.77,14.77,14.5,14.51,14.33,14.42,14.37,14.36,14.5,14.56,14.59,14.47,14.59,14.55,14.62,14.63,14.79,14.81,14.75,14.74
3/30/25 23:30,1885,12.15,15.26,14.77,14.77,14.53,14.53,14.34,14.48,14.4,14.39,14.51,14.61,14.63,14.48,14.6,14.56,14.63,14.63,14.77,14.79,14.74,14.73
3/31/25 0:00,1886,12.15,15.29,14.57,14.58,14.36,14.36,14.17,14.32,14.27,14.26,14.35,14.45,14.47,14.32,14.44,14.4,14.47,14.48,14.58,14.6,14.56,14.55
3/31/25 0:30,1887,12.16,15.11,14.43,14.43,14.22,14.23,14.04,14.12,14.12,14.11,14.2,14.3,14.33,14.16,14.29,14.26,14.32,14.32,14.42,14.43,14.4,14.39
3/31/25 1:00,1888,12.13,14.96,14.23,14.24,14.01,14.01,13.81,13.92,13.94,13.92,14,14.1,14.12,13.96,14.08,14.05,14.11,14.12,14.2,14.21,14.19,14.18
3/31/25 1:30,1889,12.12,14.79,14.04,14.04,13.85,13.85,13.66,13.78,13.77,13.76,13.84,13.94,13.96,13.8,13.91,13.88,13.95,13.96,14.04,14.05,14.03,14.03
3/31/25 2:00,1890,12.1,14.73,13.96,13.97,13.75,13.74,13.55,13.72,13.64,13.63,13.73,13.83,13.85,13.7,13.8,13.77,13.84,13.85,13.93,13.94,13.91,13.9
3/31/25 2:30,1891,12.09,14.75,14.1,14.11,13.88,13.87,13.67,13.83,13.78,13.77,13.84,13.98,14,13.83,13.92,13.89,13.97,13.98,14.05,14.06,14.03,14.02
3/31/25 3:00,1892,12.07,14.76,14.11,14.11,13.9,13.91,13.71,13.81,13.82,13.81,13.88,14,14.02,13.85,13.97,13.94,14,14.01,14.07,14.08,14.07,14.05
3/31/25 3:30,1893,12.08,14.73,14.06,14.06,13.83,13.82,13.65,13.81,13.74,13.73,13.83,13.94,13.97,13.79,13.92,13.88,13.95,13.95,14.03,14.05,14.01,14
3/31/25 4:00,1894,12.05,14.72,14.04,14.05,13.81,13.81,13.63,13.78,13.72,13.7,13.8,13.93,13.95,13.76,13.91,13.88,13.94,13.95,14.01,14.02,13.99,13.98
3/31/25 4:30,1895,12.04,14.71,13.95,13.97,13.74,13.73,13.54,13.7,13.65,13.63,13.69,13.85,13.87,13.68,13.79,13.76,13.84,13.85,13.9,13.91,13.91,13.88
3/31/25 5:00,1896,12.07,14.54,13.77,13.77,13.53,13.53,13.34,13.47,13.46,13.45,13.52,13.64,13.65,13.51,13.59,13.56,13.65,13.65,13.71,13.73,13.72,13.71
3/31/25 5:30,1897,12.05,14.3,13.6,13.61,13.36,13.34,13.14,13.35,13.3,13.28,13.34,13.46,13.47,13.35,13.4,13.37,13.48,13.49,13.53,13.54,13.52,13.5
3/31/25 6:00,1898,12.07,14.2,13.55,13.55,13.3,13.29,13.12,13.29,13.23,13.21,13.28,13.42,13.44,13.27,13.39,13.36,13.43,13.43,13.49,13.5,13.47,13.46
3/31/25 6:30,1899,12.04,14.13,13.46,13.47,13.19,13.2,13.03,13.23,13.11,13.1,13.21,13.31,13.34,13.16,13.27,13.24,13.33,13.33,13.41,13.43,13.39,13.38
3/31/25 7:00,1900,12.04,14.26,13.59,13.6,13.31,13.3,13.13,13.32,13.26,13.25,13.29,13.45,13.47,13.3,13.39,13.36,13.47,13.47,13.5,13.52,13.48,13.46
3/31/25 7:30,1901,12.03,14.32,13.75,13.76,13.36,13.33,13.21,13.35,13.28,13.28,13.35,13.5,13.5,13.37,13.39,13.36,13.57,13.57,13.58,13.58,13.51,13.49
3/31/25 8:00,1902,12.03,14.33,13.88,13.91,13.41,13.34,13.28,13.44,13.3,13.3,13.31,13.56,13.55,13.44,13.4,13.38,13.63,13.64,13.59,13.58,13.57,13.54
3/31/25 8:30,1903,12.05,14.7,14.56,14.58,13.99,13.9,13.88,14.13,13.86,13.86,13.87,14.26,14.21,14.19,13.97,13.95,14.22,14.25,14.19,14.21,14.14,14.09
3/31/25 9:00,1904,12.11,15.19,15.08,15.11,14.57,14.49,14.49,14.76,14.38,14.4,14.42,14.88,14.86,14.76,14.56,14.53,14.84,14.88,14.71,14.74,14.59,14.56
3/31/25 9:30,1905,12.15,15.54,15.13,15.22,14.61,14.5,14.48,14.96,14.4,14.41,14.39,14.95,14.89,14.75,14.52,14.51,14.83,14.85,14.77,14.85,14.57,14.57
3/31/25 10:00,1906,12.25,15.91,15.83,15.94,15.21,15.06,15.08,15.53,14.91,14.93,14.97,15.61,15.52,15.43,15.02,14.99,15.41,15.46,15.32,15.33,15.17,15.15
3/31/25 10:30,1907,12.69,16.64,18.08,18.2,17.12,16.74,17.65,17.17,16.96,16.58,16.66,17.45,17.18,17.6,16.83,16.81,17.93,17.76,17.21,16.97,16.78,16.62
3/31/25 11:00,1908,13.05,18.34,20.28,20.29,19.27,19,19.64,20.76,18.72,18.64,19.45,19.79,19.45,19.43,19.04,19.04,19.72,19.62,19.06,19.13,19.06,19.05
3/31/25 11:30,1909,13.16,21.93,23.96,23.61,22.32,21.83,22.06,24.38,21.94,22.06,22.67,23.92,23.32,22.03,22.77,22.71,23.39,23,21.93,22.18,22.45,22.82
3/31/25 12:00,1910,13.15,26.2,25.48,25.16,23.81,23.54,23.19,24.38,23.84,23.69,24.77,25.33,24.58,23.91,24.03,23.99,25.22,24.87,24.01,24.25,24.41,24.79
3/31/25 12:30,1911,13.14,29.17,27.81,28.14,25.7,25.28,24.64,26.23,25.25,25.76,26.15,26.75,25.79,25.78,25.64,25.92,27.06,26.4,25.62,25.87,25.68,26.55
3/31/25 13:00,1912,13.14,31.48,29.59,29.82,27.19,27.21,26.58,27.19,26.69,26.8,26.74,27.93,27.29,27.29,26.13,26.15,27.87,28,27.07,27.86,26.85,27.45
3/31/25 13:30,1913,13.13,32.62,31.42,31.39,28.15,28.2,26.17,29.81,27.16,26.89,26.61,28.67,28.12,28.04,27.12,27.2,28.97,29.05,28.28,29.76,27.81,28.56
3/31/25 14:00,1914,13.15,33.49,32.41,32.02,28.59,28.62,27.03,30.09,27.31,27.34,27.33,29.02,28.6,28.26,28.3,28.77,29.89,29.69,29.71,30.52,28.59,28.99
3/31/25 14:30,1915,13.05,33.33,29.19,28.97,25.95,26,24.66,28.14,25.97,25.68,25.98,26.63,26.62,26.43,26.43,26.48,27.38,27.43,28.65,29.22,26.9,27.22
3/31/25 15:00,1916,12.99,30.85,27.37,27.38,25.02,25.04,24.3,26.31,25.09,24.83,24.89,25.19,25.15,25.27,25.34,25.34,26.05,26.02,27.17,27.76,25.57,25.99
3/31/25 15:30,1917,12.96,28.25,25.92,25.92,23.75,23.78,23.28,24.36,23.6,23.4,23.63,23.81,23.75,23.85,23.73,23.68,24.36,24.36,25.28,25.71,23.99,24.16
3/31/25 16:00,1918,13.06,26.32,26.24,26.25,23.75,23.83,23.65,25.07,23.55,23.38,23.62,23.95,23.82,24.18,23.97,23.99,24.81,24.75,25.64,26.33,24.05,24.26
3/31/25 16:30,1919,12.97,25.79,27.48,27.36,24.38,24.58,24.71,26.52,24.4,23.83,23.85,24.47,24.5,25.67,24.31,24.31,25.47,25.37,28.03,28.29,24.27,24.5
3/31/25 17:00,1920,12.68,25.65,25.97,25.47,23.62,23.61,23.34,27.24,24.19,23.17,22.84,23.48,23.5,24.55,23.23,23.21,24.13,24.09,27.25,27.28,23.43,23.58
3/31/25 17:30,1921,12.48,24.56,24.76,24.47,23.14,22.93,22.62,27.3,24.08,22.69,22.36,23.09,23.02,24.13,22.57,22.55,23.48,23.33,26.71,26.75,23.05,23.19
3/31/25 18:00,1922,12.31,22.87,21.28,21.38,20.94,20.89,20.55,21.84,21.04,20.77,20.82,21.1,21.14,21.12,20.92,20.94,21.09,21.06,22.03,22.02,21.26,21.44
3/31/25 18:30,1923,12.28,20.35,19.01,19.08,18.93,18.87,18.61,18.92,18.8,18.78,18.86,19,19.05,18.89,18.92,18.91,18.99,19.01,19.44,19.55,19.28,19.34
3/31/25 19:00,1924,12.27,18.35,17.25,17.3,17.16,17.19,16.73,16.98,17.09,17.1,17.16,17.25,17.36,17.04,17.31,17.3,17.38,17.42,17.64,17.72,17.59,17.63
3/31/25 19:30,1925,12.27,16.69,16.38,16.44,16.35,16.38,16.12,16.21,16.22,16.25,16.38,16.48,16.55,16.32,16.49,16.48,16.53,16.56,16.73,16.78,16.72,16.74
3/31/25 20:00,1926,12.25,15.74,15.74,15.79,15.75,15.77,15.61,15.61,15.61,15.65,15.75,15.84,15.88,15.71,15.84,15.82,15.85,15.88,16.16,16.18,16.09,16.1
3/31/25 20:30,1927,12.25,14.94,15.04,15.09,15.04,15.07,14.89,14.96,14.95,14.98,15.08,15.19,15.23,15.03,15.17,15.16,15.19,15.22,15.45,15.48,15.39,15.4
3/31/25 21:00,1928,12.24,14.18,14.23,14.28,14.15,14.18,13.96,14.14,14.09,14.11,14.22,14.33,14.39,14.16,14.34,14.33,14.37,14.4,14.62,14.68,14.57,14.56
3/31/25 21:30,1929,12.21,13.74,13.82,13.85,13.71,13.74,13.56,13.71,13.65,13.66,13.79,13.9,13.95,13.74,13.91,13.89,13.94,13.96,14.15,14.18,14.08,14.08
3/31/25 22:00,1930,12.21,13.41,13.67,13.71,13.52,13.54,13.45,13.5,13.46,13.47,13.55,13.68,13.71,13.55,13.68,13.66,13.69,13.71,13.84,13.85,13.83,13.82
3/31/25 22:30,1931,12.2,13.18,13.59,13.63,13.49,13.51,13.42,13.44,13.39,13.42,13.53,13.65,13.69,13.51,13.63,13.62,13.64,13.66,13.73,13.75,13.78,13.78
3/31/25 23:00,1932,12.19,12.95,13.42,13.47,13.33,13.35,13.26,13.29,13.24,13.27,13.38,13.49,13.53,13.34,13.49,13.47,13.49,13.51,13.58,13.59,13.65,13.65
3/31/25 23:30,1933,12.18,12.78,13.25,13.28,13.17,13.19,13.12,13.17,13.09,13.11,13.22,13.36,13.39,13.21,13.34,13.33,13.35,13.37,13.48,13.49,13.5,13.49
4/1/25 0:00,1934,12.16,12.71,13.26,13.29,13.21,13.23,13.15,13.16,13.12,13.14,13.24,13.4,13.43,13.24,13.36,13.35,13.38,13.39,13.46,13.48,13.51,13.51
4/1/25 0:30,1935,12.15,12.74,13.27,13.3,13.21,13.23,13.19,13.17,13.12,13.15,13.25,13.41,13.44,13.25,13.4,13.39,13.42,13.43,13.46,13.48,13.53,13.53
4/1/25 1:00,1936,12.12,12.62,13.05,13.09,13.07,13.09,13.01,12.99,12.96,12.99,13.09,13.27,13.3,13.08,13.23,13.22,13.23,13.25,13.28,13.3,13.37,13.38
4/1/25 1:30,1937,12.11,12.46,12.99,13.03,13.02,13.04,12.98,12.95,12.9,12.94,13.04,13.17,13.2,12.99,13.14,13.13,13.14,13.15,13.26,13.29,13.31,13.31
4/1/25 2:00,1938,12.12,12.15,12.66,12.7,12.71,12.74,12.63,12.63,12.58,12.62,12.71,12.87,12.9,12.69,12.83,12.82,12.82,12.84,12.95,12.97,13,13
4/1/25 2:30,1939,12.11,11.89,12.4,12.44,12.42,12.44,12.36,12.36,12.3,12.33,12.43,12.57,12.61,12.39,12.56,12.55,12.54,12.57,12.68,12.7,12.7,12.71
4/1/25 3:00,1940,12.1,11.67,12.27,12.31,12.34,12.36,12.29,12.28,12.22,12.26,12.34,12.52,12.55,12.33,12.48,12.47,12.47,12.49,12.59,12.62,12.64,12.64
4/1/25 3:30,1941,12.09,11.58,12.31,12.35,12.37,12.39,12.35,12.33,12.28,12.32,12.4,12.57,12.6,12.4,12.53,12.53,12.52,12.54,12.65,12.67,12.67,12.66
4/1/25 4:00,1942,12.09,11.53,12.4,12.44,12.51,12.53,12.51,12.44,12.4,12.44,12.54,12.71,12.73,12.51,12.65,12.64,12.63,12.64,12.75,12.79,12.78,12.78
4/1/25 4:30,1943,12.08,11.6,12.4,12.43,12.48,12.49,12.43,12.37,12.34,12.37,12.46,12.69,12.71,12.48,12.62,12.61,12.6,12.62,12.69,12.72,12.76,12.76
4/1/25 5:00,1944,12.07,11.49,11.96,12,12.08,12.08,12.05,12,11.98,12.01,12.09,12.24,12.28,12.1,12.18,12.18,12.19,12.2,12.35,12.38,12.31,12.32
4/1/25 5:30,1945,12.06,11.26,11.91,11.95,12.03,12.04,12.04,11.96,11.94,11.97,12.07,12.22,12.25,12.04,12.19,12.19,12.18,12.2,12.29,12.32,12.31,12.31
4/1/25 6:00,1946,12.07,11.26,12.08,12.09,12.14,12.15,12.02,12.14,12.04,12.05,12.21,12.31,12.38,12.14,12.31,12.29,12.36,12.36,12.44,12.48,12.43,12.42
4/1/25 6:30,1947,12.06,11.7,12.2,12.24,12.2,12.19,12.03,12.16,12.07,12.04,12.2,12.18,12.27,12.19,12.28,12.27,12.33,12.33,12.36,12.4,12.26,12.32
4/1/25 7:00,1948,12.06,11.95,12.27,12.28,12.23,12.23,12,12.15,12.09,12.07,12.24,12.15,12.24,12.21,12.32,12.3,12.36,12.37,12.41,12.45,12.36,12.37
4/1/25 7:30,1949,12.11,12.45,12.94,12.94,12.75,12.7,12.51,12.78,12.65,12.54,13.22,12.56,12.56,12.72,13.16,13.1,12.97,12.95,13.18,13.22,13.02,12.94
4/1/25 8:00,1950,12.71,13.1,13.82,13.84,13.25,13.23,13.21,14.07,13.69,13.22,15.33,13.27,13.4,13.47,14.45,14.28,13.92,13.81,14.62,14.58,14.63,14.08
4/1/25 8:30,1951,12.77,13.66,14.6,14.55,13.54,13.5,13.52,14.7,13.93,13.47,15.41,13.89,13.79,14.15,15.16,14.97,14.52,14.38,15.43,15.42,14.44,14.24
4/1/25 9:00,1952,13.08,14.53,16.54,16.59,15.02,14.98,15.37,17.32,15.63,15.08,18.87,15.61,15.56,15.71,17.89,17.79,15.91,15.86,17.52,17.75,16.6,16.15
4/1/25 9:30,1953,13.12,15.94,17.63,17.68,15.88,15.86,16.55,18.09,16.59,16.21,17.91,16.66,16.52,16.86,18.63,18.34,17.38,17.13,19.36,19.81,17.54,17.07
4/1/25 10:00,1954,13.15,17.78,19.61,19.75,17.24,17.09,17.56,19.89,17.57,17.14,19.31,17.89,17.54,17.92,19.98,19.7,18.92,18.76,20.8,21.18,18.56,18.5
4/1/25 10:30,1955,13.16,20.06,20.08,20.19,17.72,17.73,17.98,21.03,18.81,18.15,20.1,19.64,19.26,19.4,21.24,21.31,20.01,19.84,22.38,22.93,19.94,19.83
4/1/25 11:00,1956,13.15,22.42,21.86,21.53,18.75,18.8,18.77,23.6,20.95,19.63,21.01,20.51,20.39,20.57,21.01,21,20.95,20.91,23.18,23.45,21.17,21.3
4/1/25 11:30,1957,13.15,24.52,23.06,22.35,19.46,19.41,19,24.19,20.7,19.88,21.16,20.38,20.15,20.6,21.58,21.5,21.46,21.46,22.91,23.46,20.92,21.32
4/1/25 12:00,1958,13.13,26.03,24.64,24.4,20.19,20.13,19.55,24.38,21.63,20.56,21.75,21.03,20.8,21.46,21.84,21.83,22.19,22.27,23.54,24.32,21.59,22.23
4/1/25 12:30,1959,13.14,27.11,24.99,25.22,21.14,20.97,20.08,24.7,22.46,21.36,22.34,21.81,21.29,22.58,21.8,21.72,22.57,22.67,23.44,24.26,21.71,22.41
4/1/25 13:00,1960,13.14,27.94,25.4,25.53,21.53,21.56,19.8,23.18,22.31,21.42,21.54,21.81,21.34,22.06,21.48,21.47,22.48,22.69,23.58,24.95,21.69,22.29
4/1/25 13:30,1961,13.15,28.35,26.08,25.92,21.85,22.21,20.2,22.76,22.24,21.64,21.34,22.42,21.94,22.67,21.85,21.96,23.13,23.22,24.01,25.13,21.92,22.4
4/1/25 14:00,1962,13.14,28.52,26.93,26.47,21.83,21.93,20.27,23.24,21.94,21.53,21.3,22.14,21.98,22.33,22.03,22.21,23.5,23.64,23.88,24.66,21.89,22.45
4/1/25 14:30,1963,13.13,28.55,26.81,26.24,22.11,22.17,20.5,24.6,21.61,21.33,21.47,22.62,22.26,22.4,22.26,22.42,23.97,24.08,23.9,24.68,21.95,22.56
4/1/25 15:00,1964,13.15,28.3,26.15,25.69,21.87,21.87,20.71,24.62,21.56,21.2,21.09,22.71,22.46,22.38,22.04,22.03,23.57,23.6,23.93,24.79,21.71,22.21
4/1/25 15:30,1965,13.16,27.7,25.44,25.13,21.89,21.93,21.57,24.65,21.46,21.03,21.18,22.54,22.11,22.96,22.02,22.04,23.95,23.99,23.69,24.17,21.87,22.26
4/1/25 16:00,1966,13.17,26.93,25.17,24.84,21.4,21.54,21.32,22.8,21.33,20.79,20.65,21.45,21.32,22.55,21.76,21.73,23.27,23.1,23.97,24.53,21.47,21.75
4/1/25 16:30,1967,13.02,25.78,24.75,24.74,20.59,20.79,21.12,23.34,20.98,20.44,20.21,20.89,20.92,22.31,20.98,20.98,22.14,22.12,25.49,25.76,20.65,20.96
4/1/25 17:00,1968,12.75,24.16,23.98,23.66,20.92,20.79,20.11,25.31,20.77,19.83,19.5,20.28,20.32,21.75,19.89,19.86,20.9,20.94,24.62,24.66,20,20.15
4/1/25 17:30,1969,12.46,21.98,21.61,21.18,19.4,19.13,18.57,22.43,19.81,18.75,18.35,18.98,18.87,20.39,18.44,18.41,19.51,19.41,22.47,22.63,18.87,18.91
4/1/25 18:00,1970,12.36,19.28,19.04,19.15,17.8,17.41,17.08,19.86,18.18,17.17,16.92,17.59,17.64,18.29,17.08,17.06,17.9,17.85,20.07,19.8,17.27,17.31
4/1/25 18:30,1971,12.29,16.77,15.81,15.89,15.25,15.21,14.91,15.41,15.22,15.07,15.11,15.43,15.47,15.34,15.21,15.18,15.33,15.35,15.89,16.02,15.45,15.49
4/1/25 19:00,1972,12.29,14.87,14.23,14.3,13.99,14.02,13.7,13.78,13.8,13.85,13.98,14.13,14.19,13.94,14.09,14.06,14.11,14.14,14.31,14.35,14.35,14.37
4/1/25 19:30,1973,12.26,13.62,13.44,13.47,13.29,13.32,13.06,13.11,13.07,13.12,13.28,13.43,13.48,13.26,13.42,13.39,13.43,13.47,13.68,13.71,13.64,13.65
4/1/25 20:00,1974,12.25,12.81,12.81,12.83,12.71,12.75,12.5,12.57,12.56,12.56,12.71,12.84,12.89,12.69,12.82,12.79,12.83,12.86,13.11,13.14,13.04,13.05
4/1/25 20:30,1975,12.25,12.11,12.36,12.38,12.24,12.28,12.1,12.14,12.1,12.12,12.27,12.41,12.46,12.26,12.39,12.36,12.4,12.43,12.6,12.62,12.6,12.61
4/1/25 21:00,1976,12.23,11.71,12.12,12.14,12.01,12.04,11.87,11.92,12.11,11.88,12.04,12.21,12.26,12.05,12.18,12.15,12.18,12.2,12.36,12.37,12.35,12.36
4/1/25 21:30,1977,12.22,11.45,11.72,11.76,11.61,11.64,11.47,11.53,11.66,11.5,11.63,11.8,11.85,11.65,11.78,11.75,11.78,11.8,11.96,11.98,11.95,11.96
4/1/25 22:00,1978,12.22,11.05,11.31,11.35,11.21,11.24,11.09,11.13,11.16,11.1,11.25,11.41,11.45,11.22,11.35,11.33,11.36,11.39,11.54,11.57,11.54,11.55
4/1/25 22:30,1979,12.2,10.68,11.04,11.06,10.9,10.93,10.79,10.84,10.84,10.81,10.94,11.12,11.16,10.94,11.07,11.05,11.08,11.11,11.22,11.23,11.25,11.25
4/1/25 23:00,1980,12.18,10.43,10.9,10.92,10.72,10.78,10.58,10.69,10.7,10.66,10.8,10.95,11.01,10.78,10.94,10.92,10.96,11,11.07,11.1,11.11,11.11
4/1/25 23:30,1981,12.17,10.48,10.97,10.98,10.73,10.77,10.57,10.76,10.68,10.69,10.81,10.94,11,10.8,10.97,10.94,11.01,11.03,11.15,11.17,11.1,11.1
4/2/25 0:00,1982,12.17,10.45,10.83,10.85,10.66,10.68,10.52,10.59,10.57,10.57,10.69,10.84,10.88,10.64,10.79,10.77,10.83,10.86,10.94,10.95,10.96,10.97
4/2/25 0:30,1983,12.14,10.69,11.11,11.1,10.77,10.8,10.63,10.76,10.7,10.7,10.82,10.96,11,10.77,10.89,10.86,10.96,10.97,11.1,11.13,11.05,11.06
4/2/25 1:00,1984,12.14,11,10.97,10.99,10.65,10.68,10.47,10.58,10.6,10.6,10.71,10.81,10.86,10.57,10.78,10.75,10.85,10.86,10.91,10.92,10.91,10.9
4/2/25 1:30,1985,12.12,11.1,10.95,10.96,10.68,10.69,10.5,10.65,10.59,10.59,10.71,10.81,10.85,10.6,10.76,10.73,10.83,10.83,10.91,10.93,10.9,10.9
4/2/25 2:00,1986,12.1,11.2,11.15,11.15,10.94,10.96,10.77,10.87,10.84,10.83,10.97,11.06,11.1,10.88,11.05,11.02,11.08,11.08,11.14,11.15,11.14,11.13
4/2/25 2:30,1987,12.09,11.33,11.4,11.41,11.1,11.12,10.91,11,10.98,10.99,11.09,11.21,11.25,11.08,11.21,11.18,11.26,11.27,11.31,11.34,11.29,11.29
4/2/25 3:00,1988,12.09,10.96,10.62,10.66,10.49,10.51,10.32,10.38,10.34,10.4,10.54,10.66,10.7,10.48,10.65,10.64,10.66,10.69,10.71,10.74,10.79,10.79
4/2/25 3:30,1989,12.06,10.08,10.17,10.22,10.18,10.22,10.08,10.16,10.14,10.23,10.32,10.53,10.58,10.27,10.52,10.52,10.51,10.54,10.5,10.53,10.69,10.7
4/2/25 4:00,1990,12.08,9.39,9.12,9.16,9.08,9.18,8.81,9.04,9.01,9.04,9.14,9.19,9.32,8.96,9.25,9.24,9.32,9.35,9.2,9.24,9.37,9.38
4/2/25 4:30,1991,12.07,8.32,8.07,8.12,8.07,8.16,7.583,7.856,7.596,7.664,7.856,7.92,8.05,7.715,7.927,7.919,8.03,8.07,8.22,8.32,8.14,8.18
4/2/25 5:00,1992,12.06,7.566,7.751,7.803,7.746,7.832,7.301,7.539,7.12,7.233,7.408,7.526,7.695,7.524,7.348,7.332,7.513,7.538,7.932,8.04,7.762,7.756
4/2/25 5:30,1993,12.05,6.931,7.57,7.625,7.436,7.478,7.097,7.163,6.79,6.985,7.23,7.318,7.431,7.04,7.232,7.213,7.189,7.209,7.14,7.303,7.472,7.491
4/2/25 6:00,1994,12.05,6.6,7.374,7.404,7.46,7.498,7.17,7.276,6.91,7.017,7.218,7.475,7.536,7.196,7.331,7.306,7.349,7.365,7.755,7.822,7.506,7.541
4/2/25 6:30,1995,12.04,7.229,8.38,8.42,8.23,8.28,8.08,8.28,8.04,8.09,8.29,8.41,8.48,8.2,8.43,8.42,8.48,8.51,8.57,8.62,8.56,8.56
4/2/25 7:00,1996,12.04,7.638,8.69,8.74,8.7,8.73,8.63,8.62,8.48,8.55,8.73,8.9,8.95,8.64,8.81,8.79,8.81,8.83,8.83,8.85,8.96,8.97
4/2/25 7:30,1997,12.02,8.23,9.62,9.63,9.39,9.4,9.32,9.47,9.28,9.28,9.45,9.62,9.64,9.45,9.6,9.57,9.61,9.61,9.78,9.81,9.65,9.64
4/2/25 8:00,1998,12.05,9.21,10.98,10.99,10.52,10.52,10.47,10.66,10.46,10.4,10.58,10.74,10.75,10.67,10.78,10.76,10.82,10.82,11.01,11.07,10.74,10.72
4/2/25 8:30,1999,12.12,10.43,12.16,12.15,11.46,11.45,11.42,11.64,11.41,11.34,11.5,11.69,11.68,11.66,11.74,11.72,11.84,11.84,12.1,12.17,11.63,11.61
4/2/25 9:00,2000,12.51,11.6,13.54,13.55,12.38,12.38,12.3,12.66,12.32,12.17,12.39,12.53,12.48,12.58,12.58,12.56,12.7,12.7,13.22,13.38,12.45,12.43
4/2/25 9:30,2001,13,12.94,15.94,16,14.55,14.45,14.75,15.82,14.39,14.18,14.99,14.89,14.76,15.22,15.46,15.36,15.4,15.34,16.12,16.51,14.98,14.82
4/2/25 10:00,2002,13.18,15.84,18.61,19.01,17.5,17.3,17.66,19.44,17.07,16.96,18.44,18.26,17.92,17.74,18.92,18.68,18.4,18.32,18.63,19,17.71,17.65
4/2/25 10:30,2003,13.19,19.48,19.99,20.48,18.85,18.65,18.8,20.2,18.3,18.13,19.37,20.04,19.71,19.19,20.11,19.97,20.21,20.11,19.77,20.21,19.09,19.18
4/2/25 11:00,2004,13.18,22.01,20.95,21.16,19.6,19.31,19.44,21.28,19.57,19.6,19.87,21.02,20.73,19.98,20.09,20.12,21.1,21.18,20.49,20.45,20.15,20.21
4/2/25 11:30,2005,13.16,23.9,22.5,22.48,20.47,20.3,20.12,22.38,20.17,20.26,20.65,21.84,21.61,20.62,20.85,20.71,21.84,21.88,20.68,20.75,20.78,21.14
4/2/25 12:00,2006,13.15,25.24,22.77,22.91,20.84,20.64,20.25,22.82,20.67,20.57,21.2,21.88,21.69,21.29,20.69,20.63,21.67,21.81,21.22,21.75,20.86,21.07
4/2/25 12:30,2007,13.16,26.24,24.86,25.39,22.55,22.36,21.3,26.21,22.77,22.13,22.78,23.07,22.56,23.27,22.49,22.49,23,23.05,22.67,23.5,22.01,22.7
4/2/25 13:00,2008,13.14,27.91,25.3,25.78,23.29,23.1,21.67,24.69,22.53,22.25,22.78,23.78,23.4,23.76,22.65,22.67,23.91,24.13,23.25,24.44,22.48,23.17
4/2/25 13:30,2009,13.13,28.96,27.01,27.17,24.42,24.64,22.53,25.36,23.31,23.17,22.86,24.91,24.25,24.38,23.23,23.36,25,25.15,24.6,26.02,23.75,24.33
4/2/25 14:00,2010,13.14,29.61,28.48,28.31,25.16,25.15,23.41,26.63,23.4,23.65,23.32,25.45,25.32,24.97,24,24.27,25.86,25.82,24.57,25.36,23.68,24.19
4/2/25 14:30,2011,13.13,30.07,28.72,28.45,24.95,25.07,22.44,27.89,23.43,23.15,23.68,25.72,25.43,24.92,24.48,24.67,26.33,26.26,25.59,26.6,24.46,25.08
4/2/25 15:00,2012,13.13,30.14,27.76,27.63,25.01,24.74,24.02,27.49,23.48,23.48,23.81,26.26,25.93,25.69,24.43,24.45,26.36,26.45,25.09,25.84,24.54,25.03
4/2/25 15:30,2013,13.13,29.93,28.19,27.89,24.76,24.77,24.52,27.55,23.56,23.15,23.41,25.21,24.76,25.37,24.37,24.4,26.84,26.84,25.66,26.52,24.02,24.3
4/2/25 16:00,2014,13.06,29.15,27.56,27.53,24.14,24,24.3,24.79,23.07,22.69,22.87,23.55,23.4,25.41,24.12,24.08,25.74,25.51,26.26,27.25,23.44,23.75
4/2/25 16:30,2015,13.04,27.57,26.95,26.97,22.59,22.84,23.44,26.03,22.68,22.1,21.99,22.7,22.76,24.33,22.96,22.97,24.31,24.37,27.78,28.28,22.69,22.96
4/2/25 17:00,2016,12.69,25.59,25.38,25.07,22.76,22.48,21.96,27.1,21.97,21.42,20.83,21.74,21.76,23.32,21.15,21.11,22.26,22.18,26.07,26.55,21.39,21.62
4/2/25 17:30,2017,12.47,23.3,23.07,22.63,20.6,20.17,19.85,24.37,20.99,19.93,19.47,20.14,19.89,21.79,19.55,19.51,20.92,20.82,24.57,24.85,20.11,20.18
4/2/25 18:00,2018,12.35,20.49,19.66,20.01,18.31,17.94,17.59,20.32,18.85,17.8,17.47,18.12,18.18,18.72,17.64,17.59,18.46,18.42,20.78,20.57,17.95,18
4/2/25 18:30,2019,12.27,17.71,16.22,16.35,15.63,15.58,15.24,15.55,15.55,15.42,15.45,15.69,15.73,15.59,15.52,15.48,15.63,15.66,16.21,16.28,15.81,15.85
4/2/25 19:00,2020,12.29,15.49,14.4,14.47,13.99,14.03,13.72,13.78,13.85,13.89,13.99,14.08,14.14,13.92,14.07,14.04,14.09,14.12,14.37,14.41,14.34,14.36
4/2/25 19:30,2021,12.27,13.87,13.42,13.46,13.08,13.12,12.85,12.91,12.93,12.97,13.09,13.19,13.25,13.03,13.18,13.15,13.19,13.22,13.43,13.45,13.43,13.43
4/2/25 20:00,2022,12.25,12.84,12.88,12.92,12.61,12.65,12.41,12.46,12.45,12.5,12.64,12.77,12.83,12.6,12.74,12.72,12.76,12.79,12.95,12.97,12.99,12.99
4/2/25 20:30,2023,12.25,12.16,12.68,12.7,12.57,12.67,12.32,12.37,12.48,12.49,12.6,12.69,12.78,12.52,12.78,12.76,12.78,12.82,12.9,12.89,12.99,12.99
4/2/25 21:00,2024,12.24,11.58,11.71,11.75,11.58,11.7,11.43,11.4,11.46,11.48,11.69,11.61,11.73,11.39,11.72,11.7,11.74,11.76,11.8,11.78,11.93,11.94
4/2/25 21:30,2025,12.22,10.79,10.96,11.01,10.81,10.96,10.57,10.61,10.69,10.73,10.85,10.83,10.99,10.59,10.96,10.96,11.05,11.09,10.94,10.95,11.18,11.18
4/2/25 22:00,2026,12.21,10.14,10.36,10.42,10.06,10.17,9.76,9.88,NAN,9.87,10.1,9.98,10.14,9.86,9.99,9.97,10.11,10.14,10.25,10.35,10.3,10.31
4/2/25 22:30,2027,12.2,9.37,9.64,9.71,9.49,9.6,8.95,9.21,NAN,9.03,9.19,9.26,9.4,9.19,9.3,9.29,9.35,9.39,9.64,9.84,9.42,9.46
4/2/25 23:00,2028,12.15,8.86,9.4,9.47,9.17,9.24,8.83,9.01,15.35,8.64,8.98,9.1,9.21,8.87,9.09,9.07,9.1,9.13,9.49,9.65,9.22,9.32
4/2/25 23:30,2029,12.17,8.56,9.12,9.2,9.02,9.12,8.59,8.8,8.24,8.41,8.65,8.57,8.7,8.7,8.58,8.56,8.58,8.6,8.93,9.1,8.73,8.75
4/3/25 0:00,2030,12.16,8.2,8.75,8.81,8.63,8.76,8.3,8.45,8.01,8.13,8.42,8.45,8.63,8.29,8.42,8.4,8.49,8.53,8.86,9,8.67,8.68
4/3/25 0:30,2031,12.15,7.986,8.48,8.5,8.58,8.62,8.27,8.35,7.929,8.04,8.18,8.37,8.45,8.37,8.24,8.21,8.45,8.48,9.06,9.15,8.62,8.69
4/3/25 1:00,2032,12.14,7.745,8.27,8.29,8.39,8.43,8.07,8.11,7.712,7.866,8.14,8.23,8.31,8.13,7.982,7.957,8.14,8.15,8.59,8.72,8.32,8.38
4/3/25 1:30,2033,12.13,7.568,7.987,7.998,8.14,8.15,7.704,7.828,7.47,7.559,7.71,7.783,7.836,7.912,7.561,7.53,7.794,7.824,8.42,8.56,7.951,8.01
4/3/25 2:00,2034,12.12,7.362,7.85,7.89,8.21,8.21,7.813,7.788,7.386,7.485,7.66,7.762,7.803,7.866,7.63,7.602,7.741,7.767,8.34,8.42,7.912,7.965
4/3/25 2:30,2035,12.11,7.341,8.32,8.38,8.4,8.43,7.968,8.05,7.694,7.843,8.03,8.18,8.28,8.01,8.12,8.11,8.17,8.17,8.36,8.45,8.28,8.3
4/3/25 3:00,2036,12.1,7.304,8.29,8.35,8.17,8.23,7.732,7.947,7.599,7.729,7.898,8.06,8.17,7.853,8.1,8.08,7.976,7.991,8.1,8.23,8.13,8.15
4/3/25 3:30,2037,12.09,7.378,8.38,8.42,8.41,8.54,8.08,8.32,7.948,8.07,8.3,8.42,8.57,8.13,8.52,8.53,8.44,8.48,8.51,8.58,8.55,8.57
4/3/25 4:00,2038,12.08,7.406,8.29,8.35,8.3,8.35,8,8.05,7.675,7.762,8.04,8.22,8.35,7.913,8.17,8.16,8.08,8.1,8.29,8.42,8.24,8.24
4/3/25 4:30,2039,12.08,7.298,8.18,8.22,8.48,8.53,7.936,8.05,7.8,7.878,8.13,8.12,8.23,8.01,8.05,8.03,7.973,7.994,8.13,8.24,8.22,8.21
4/3/25 5:00,2040,12.07,7.429,8.86,8.88,8.81,8.9,8.66,8.7,8.6,8.65,8.77,8.94,9.06,8.7,8.92,8.92,8.9,8.92,8.85,8.88,9.05,9.05
4/3/25 5:30,2041,12.06,8.01,9.43,9.43,9.4,9.52,9.36,9.3,9.31,9.32,9.44,9.54,9.62,9.32,9.59,9.58,9.56,9.58,9.54,9.51,9.63,9.63
4/3/25 6:00,2042,12.06,8.54,9.62,9.63,9.57,9.64,9.52,9.46,9.5,9.5,9.61,9.68,9.75,9.49,9.71,9.7,9.71,9.72,9.72,9.71,9.79,9.79
4/3/25 6:30,2043,12.05,8.69,9.4,9.42,9.37,9.47,9.32,9.23,9.33,9.34,9.42,9.45,9.54,9.29,9.56,9.55,9.55,9.56,9.56,9.53,9.62,9.61
4/3/25 7:00,2044,12.03,8.8,9.73,9.74,9.73,9.82,9.67,9.58,9.69,9.7,9.72,9.78,9.86,9.68,9.9,9.89,9.86,9.87,9.89,9.86,9.95,9.92
4/3/25 7:30,2045,12.08,8.96,10.41,10.43,10.91,10.72,11.24,10.56,10.91,10.52,11.38,10.92,10.87,10.4,11.07,10.92,10.85,10.83,11.26,11.32,11.29,10.9
4/3/25 8:00,2046,12.86,9.61,12.43,12.69,11.88,11.88,12.3,13.32,12.51,12.26,13.22,12.99,12.92,12.3,13.06,12.86,12.9,12.66,12.96,13.11,13.3,12.76
4/3/25 8:30,2047,13.13,10.92,14.26,14.65,13.46,13.45,14.09,15.39,13.49,13.51,15.09,14.74,14.64,14.82,14.51,14.31,14.38,14.32,14.55,14.65,13.87,13.82
4/3/25 9:00,2048,13.16,12.5,15.65,16.02,15.01,14.97,15.4,16.59,14.82,14.81,15.87,15.59,15.63,15.67,15.99,15.75,15.56,15.51,15.82,16.02,15.33,15.16
4/3/25 9:30,2049,13.17,14.42,17.22,17.55,16.4,16.42,16.74,17.01,16.11,16.19,16.6,17.07,17.02,16.9,17.68,17.59,17.1,17.13,17.15,17.23,16.87,16.5
4/3/25 10:00,2050,13.22,16.7,18.65,18.92,17.79,17.7,17.83,18.9,17.69,17.61,18.41,18.55,18.33,17.69,19.32,19.27,19.07,19.03,18.55,18.5,18.19,18.11
4/3/25 10:30,2051,13.2,19.53,20.9,21.3,19.67,19.36,19.72,21.59,19.88,19.51,20.17,20.89,20.61,20.39,21.42,21.17,21.78,21.59,20.83,20.78,20.18,20.18
4/3/25 11:00,2052,13.2,22.55,22.84,22.7,21.24,20.84,21.08,23.97,21.45,21.33,21.49,22.67,22.4,21.48,21.5,21.56,22.43,22.5,22.25,22.09,21.71,21.78
4/3/25 11:30,2053,13.19,25.15,24.93,24.6,22.6,22.13,22.31,26.35,22.85,22.9,22.73,24.74,24.06,22.92,23.36,23.4,23.93,23.85,22.44,22.7,22.93,23.48
4/3/25 12:00,2054,13.17,27.35,26.31,26.34,24.13,23.76,23.25,27.72,24.35,24.06,24.79,25.87,25.15,24.62,24.01,23.93,25.28,25.38,24.3,24.84,24.38,24.82
4/3/25 12:30,2055,13.13,29.4,27.84,28.31,25.37,25.1,24.54,28.46,25.46,25.5,25.54,26.97,26.37,26.11,25.42,25.47,26.71,26.92,25.12,25.6,25.34,25.97
4/3/25 13:00,2056,13.14,30.87,29.45,29.97,27.32,27.13,25.7,28.15,26.31,26.35,26.34,27.91,27.58,27.4,26.29,26.33,27.82,28.24,26.52,27.5,26.4,26.94
4/3/25 13:30,2057,13.1,32.22,31.12,31.07,28.22,28.25,26.81,28.08,27.37,27.75,26.88,29.34,28.64,28.18,27.4,27.61,29.57,29.38,27.66,28.14,27.68,27.96
4/3/25 14:00,2058,13.13,33.39,32.63,32.47,29.32,29.36,27.67,29.88,28.2,28.61,27.95,30.01,29.92,29.07,28.4,28.66,30.44,30.38,28.59,29.03,28.44,28.76
4/3/25 14:30,2059,13.12,33.94,32.76,32.47,30.09,29.77,27.61,31.32,28.46,28.64,28.79,31.01,30.5,29.8,29.16,29.42,31.76,31.78,29.31,29.7,29.21,29.55
4/3/25 15:00,2060,13.12,34.52,32.54,32.53,30.35,29.78,29.85,29.9,28.87,29.26,28.88,31.42,30.74,30.17,29.53,29.63,32.91,32.1,29.75,29.81,29.68,30.17
4/3/25 15:30,2061,13.12,34.63,32.88,33.09,29.83,29.54,30.48,30.95,29.08,29.19,28.56,30.82,30.05,30.77,29.53,29.66,32.56,32.26,29.64,29.84,29.45,29.67
4/3/25 16:00,2062,13.12,33.76,32.17,32.04,29.91,29.27,31.81,29,28.63,28.83,28.56,29.71,29.57,31.04,29.21,29.32,31.89,31.36,30.56,30.71,29.13,29.5
4/3/25 16:30,2063,13.03,32.5,31.89,32.06,28.8,28.91,30.12,31.81,28.26,28.27,27.85,29.17,29.24,31.18,28.49,28.55,30.23,30.29,31.51,31.64,28.67,28.92
4/3/25 17:00,2064,12.67,30.83,31.3,31.41,29.6,28.94,28.84,33.94,28.31,28.04,27.08,28.4,28.47,30.76,27.56,27.58,29.15,29.14,30.92,31.04,27.68,27.88
4/3/25 17:30,2065,12.46,28.76,28.92,28.77,27.6,26.98,26.41,30.75,26.89,26.07,25.71,26.48,26.24,27.82,25.8,25.8,26.95,26.79,30.09,30.59,26.14,26.24
4/3/25 18:00,2066,12.34,26.05,26.54,26.15,25.16,24.7,24.12,27.22,25.43,24.39,24.03,24.6,24.69,25.32,24.14,24.12,25.22,24.96,27.04,27.27,24.35,24.44
4/3/25 18:30,2067,12.29,23.34,22.46,22.49,22.23,22.24,21.82,22.11,22.08,22.04,22.11,22.31,22.39,21.94,22.11,22.1,22.23,22.28,22.33,22.61,22.37,22.42
4/3/25 19:00,2068,12.29,21.27,20.61,20.66,20.67,20.78,20.29,20.31,20.49,20.55,20.62,20.62,20.78,20.28,20.71,20.7,20.71,20.74,20.55,20.71,20.92,20.96
4/3/25 19:30,2069,12.28,19.66,19.61,19.66,19.71,19.76,19.54,19.46,19.36,19.48,19.71,19.69,19.74,19.49,19.75,19.74,19.75,19.79,19.73,19.83,19.91,19.94
4/3/25 20:00,2070,12.27,18.58,18.68,18.71,18.84,18.94,18.39,18.52,18.47,18.56,18.67,18.77,18.95,18.6,18.87,18.86,18.78,18.8,18.74,18.88,19.01,19.05
4/3/25 20:30,2071,12.26,17.44,18.09,18.13,18.73,18.86,18.47,18.3,18.07,18.23,18.48,18.66,18.84,18.07,18.78,18.77,18.58,18.63,18.36,18.44,18.79,18.83
4/3/25 21:00,2072,12.24,16.67,17.5,17.53,17.95,18.03,17.47,17.58,17.27,17.41,17.66,17.52,17.63,17.46,17.4,17.4,17.25,17.24,17.31,17.41,17.49,17.5
4/3/25 21:30,2073,12.2,16.01,16.75,16.77,17.21,17.19,16.92,16.6,16.2,16.41,16.72,16.94,17.04,16.54,16.85,16.82,16.66,16.67,16.74,16.83,16.85,16.88
4/3/25 22:00,2074,12.22,15.29,16.09,16.11,16.71,16.69,16.34,15.97,15.57,15.76,16.1,16.13,16.16,16.02,16.04,16.01,15.92,15.9,16.08,16.16,16.07,16.1
4/3/25 22:30,2075,12.2,14.56,15.59,15.61,16.1,16.08,15.74,15.52,15.04,15.27,15.6,15.74,15.81,15.44,15.72,15.71,15.53,15.54,15.49,15.61,15.65,15.65
4/3/25 23:00,2076,12.19,14.35,15.88,15.89,16.29,16.41,15.86,16.01,15.89,15.95,16.21,16.2,16.34,16.09,16.27,16.29,16.19,16.19,16.14,16.16,16.36,16.39
4/3/25 23:30,2077,12.18,14.52,15.77,15.77,16.18,16.33,15.94,16.08,15.84,15.95,16.16,16.4,16.56,15.94,16.65,16.67,16.53,16.58,16.48,16.53,16.53,16.58
4/4/25 0:00,2078,12.17,14.21,15.05,15.05,15.77,15.77,15.49,15.15,14.69,14.89,15.31,15.48,15.52,15.19,15.23,15.21,15.08,15.07,15.35,15.41,15.2,15.23
4/4/25 0:30,2079,12.15,13.73,14.66,14.68,15.62,15.7,15.13,15.1,14.57,14.64,14.8,15.4,15.53,14.93,15.66,15.66,15,14.98,15.31,15.39,14.97,15.07
4/4/25 1:00,2080,12.12,13.67,14.96,14.97,15.73,15.76,15.41,15.17,14.8,15,15.14,15.36,15.45,15.1,15.34,15.34,15.19,15.19,15.06,15.14,15.32,15.32
4/4/25 1:30,2081,12.12,13.68,14.97,14.98,15.5,15.59,15.25,15.3,14.9,15.02,15.24,15.49,15.56,15.08,15.48,15.49,15.27,15.28,15.13,15.23,15.41,15.42
4/4/25 2:00,2082,12.12,13.46,14.44,14.43,15.06,15.08,14.69,14.84,14.6,14.67,14.72,14.91,15,14.78,14.89,14.89,14.74,14.74,14.79,14.86,14.88,14.91
4/4/25 2:30,2083,12.11,13.31,14.35,14.35,15.28,15.31,14.83,14.37,14.24,14.33,14.5,14.59,14.62,14.64,14.62,14.59,14.43,14.39,14.65,14.69,14.47,14.48
4/4/25 3:00,2084,12.1,13.17,14.3,14.3,15.05,15.02,14.75,14.43,13.97,14.09,14.2,14.48,14.5,14.49,14.49,14.47,14.36,14.35,14.53,14.57,14.36,14.37
4/4/25 3:30,2085,12.1,12.96,14.21,14.22,15.53,15.58,14.9,14.47,14.03,14.19,14.37,14.48,14.55,14.69,14.6,14.59,14.54,14.51,14.66,14.7,14.37,14.41
4/4/25 4:00,2086,12.09,12.81,14.31,14.33,15.32,15.39,15.12,14.38,14.04,14.25,14.54,14.64,14.68,14.57,14.57,14.55,14.43,14.42,14.51,14.56,14.4,14.49
4/4/25 4:30,2087,12.1,12.61,14.27,14.29,15.11,15.08,15.09,14.49,14,14.17,14.63,14.65,14.68,14.4,14.69,14.7,14.4,14.38,14.47,14.54,14.53,14.53
4/4/25 5:00,2088,12.07,12.55,14.09,14.1,15.17,15.17,14.93,14.22,13.95,14.13,14.42,14.47,14.49,14.48,14.44,14.43,14.25,14.22,14.24,14.29,14.25,14.26
4/4/25 5:30,2089,12.07,12.59,14.14,14.16,15.08,15.07,14.95,14.29,13.97,14.16,14.48,14.58,14.62,14.44,14.58,14.57,14.37,14.37,14.4,14.44,14.41,14.44
4/4/25 6:00,2090,12.07,12.48,14.27,14.29,15.01,15.02,15,14.47,13.95,14.13,14.43,14.62,14.67,14.32,14.81,14.82,14.4,14.4,14.56,14.62,14.54,14.57
4/4/25 6:30,2091,12.05,12.7,14.58,14.6,15.15,15.19,15.11,14.81,14.34,14.45,14.68,14.9,15,14.69,14.99,15,14.7,14.71,14.81,14.86,14.83,14.88
4/4/25 7:00,2092,12.05,12.97,14.14,14.14,14.56,14.6,14.46,14.4,14.1,14.16,14.27,14.45,14.53,14.26,14.63,14.62,14.4,14.4,14.5,14.54,14.5,14.49
4/4/25 7:30,2093,12.06,12.92,14.7,14.69,15.12,15.06,15.36,15.28,15.14,14.82,16.83,15.32,15.37,14.86,16.18,16.26,15.26,15.2,15.44,15.42,16.63,15.96
4/4/25 8:00,2094,12.63,13.39,18.12,18.12,18.13,18.01,18.48,19.31,18.86,18.42,21.77,19.1,18.83,18.06,20.82,20.51,19.47,18.99,19.24,19.19,21.04,19.37
4/4/25 8:30,2095,13.04,15.22,20.89,21.11,20.79,20.5,21.94,21.83,20.39,20.21,23.15,21.73,21.39,22.22,22.02,21.79,21.75,21.61,21.33,21.45,20.86,20.83
4/4/25 9:00,2096,13.03,17.63,21.21,21.48,20.78,20.6,21.22,21.91,20.38,20.38,21.5,21.04,20.98,21.01,21.36,21.3,21.76,21.6,21.48,21.69,20.97,20.82
4/4/25 9:30,2097,13,19.25,21.36,21.63,20.83,20.78,20.86,21.19,20.84,20.88,21.03,21.17,21.09,20.76,21.51,21.42,21.82,21.76,21.22,21.25,21.27,21.12
4/4/25 10:00,2098,13.14,20.8,23.58,23.89,23.15,22.93,23.68,24.54,22.79,22.64,23.98,23.78,23.42,22.74,24.97,24.71,24.35,24.18,24.3,24.82,23.58,23.43
4/4/25 10:30,2099,13.15,24.01,26.09,26.37,25.27,25.09,25.22,27.19,25.12,24.76,25.74,26.68,26.24,25.68,26.93,26.87,27.17,26.89,26.24,26.55,25.8,25.74
4/4/25 11:00,2100,13.15,27.24,28.42,28.33,26.33,25.96,26.11,28.61,26.59,26.54,26.77,27.88,27.44,26.65,26.43,26.53,28,28.03,27.67,27.74,26.9,26.96
4/4/25 11:30,2101,13.15,29.66,29.81,29.78,27.52,27.12,26.83,31.56,27.65,27.47,27.75,29.63,29.01,27.96,28.28,28.28,28.95,28.83,27.46,27.94,27.71,28.2
4/4/25 12:00,2102,13.14,31.84,31.09,30.81,29,28.36,28.41,30.89,29.35,29.18,29.54,30.2,29.36,29.04,29.38,29.33,30.84,30.83,29.62,29.68,29.48,29.94
4/4/25 12:30,2103,13.14,34.05,32.15,32.24,30.24,29.95,29.83,31.19,29.8,30.29,30.94,31.45,30.56,30.66,30.01,30.04,31.77,31.39,29.9,30.27,30.39,31.15
4/4/25 13:00,2104,13.13,35.46,33.75,34.01,31.34,31.22,29.94,31.88,30.43,30.46,30.13,32.3,31.79,31.46,30.11,30.21,32.38,32.45,30.45,31.33,30.43,31.14
4/4/25 13:30,2105,13.13,36.53,35.39,35.3,32.04,32.09,30.38,33.21,31.32,31.52,31.07,32.77,31.99,32.39,31.27,31.45,33.07,32.66,32.81,34.01,31.84,32.06
4/4/25 14:00,2106,12.91,36.8,30.98,30.88,28.58,28.62,27.2,29.67,28.53,28.24,28.65,28.93,28.92,28.83,29,29.15,29.62,29.64,30.66,31.13,29.27,29.57
4/4/25 14:30,2107,13.04,32.42,27.46,27.42,26.4,26.46,25.62,26.5,26.38,26.3,26.46,26.24,26.26,26.29,26.5,26.48,26.64,26.61,27.64,27.82,26.92,27.17
4/4/25 15:00,2108,13.12,29.74,31.84,31.52,28.66,28.72,28.39,32.56,28.81,28.18,28.55,29.46,29.26,29.51,28.93,28.99,30.07,30.05,30.85,31.64,28.89,29.21
4/4/25 15:30,2109,13.1,31.48,32.58,32.25,28.72,28.74,28.44,32.29,29.03,28.42,28.31,29.48,29.14,30.08,29.61,29.68,31.21,31.07,31.52,32.28,29.27,29.55
4/4/25 16:00,2110,13.02,31.67,30.39,30.33,27.53,27.65,27.18,28.69,27.59,27.32,27.3,27.58,27.52,28.86,28.26,28.27,29.25,29.19,30.89,31.37,28.18,28.5
4/4/25 16:30,2111,13.07,30.99,30.76,30.47,27.3,27.54,27.13,31.45,27.93,27.44,27.01,27.82,27.82,28.97,28.15,28.17,29.06,28.99,32.07,32.03,27.92,28.14
4/4/25 17:00,2112,12.85,29.94,29.92,29.67,26.99,26.88,26.41,31.12,27.51,26.53,26.02,26.81,26.83,28.36,26.54,26.52,27.52,27.48,31.77,31.87,26.68,26.93
4/4/25 17:30,2113,12.85,28.19,28.65,28.15,26.45,26.05,25.43,29.35,26.73,25.63,25.18,25.88,25.68,27.15,25.5,25.47,26.59,26.57,30.06,30.34,25.87,25.95
4/4/25 18:00,2114,12.45,26.4,26.51,26.87,25.02,24.63,24.26,27.03,25.19,24.34,24.12,24.69,24.75,25.07,24.24,24.22,25.37,25.14,26.77,26.84,24.45,24.51
4/4/25 18:30,2115,12.31,24.52,23.11,23.19,22.51,22.5,22.14,22.41,22.38,22.36,22.41,22.58,22.62,22.44,22.47,22.44,22.55,22.56,22.92,23.01,22.74,22.78
4/4/25 19:00,2116,12.3,22.72,21.56,21.6,21.35,21.39,21.08,21.17,21.25,21.29,21.34,21.4,21.46,21.29,21.42,21.4,21.45,21.49,21.61,21.68,21.7,21.72
4/4/25 19:30,2117,12.28,21.17,20.43,20.48,20.39,20.44,20.14,20.22,20.28,20.33,20.41,20.49,20.56,20.33,20.52,20.51,20.55,20.58,20.56,20.61,20.75,20.76
4/4/25 20:00,2118,12.26,19.64,19.2,19.28,19.25,19.26,19.11,19.12,19.11,19.18,19.28,19.44,19.49,19.28,19.38,19.35,19.37,19.39,19.64,19.7,19.65,19.67
4/4/25 20:30,2119,12.25,18.51,18.74,18.78,18.76,18.78,18.62,18.56,18.54,18.6,18.74,18.86,18.9,18.72,18.9,18.88,18.86,18.89,19.1,19.14,19.1,19.13
4/4/25 21:00,2120,12.24,17.9,18.39,18.44,18.43,18.44,18.27,18.23,18.19,18.25,18.36,18.47,18.51,18.3,18.48,18.47,18.44,18.47,18.7,18.75,18.66,18.68
4/4/25 21:30,2121,12.23,17.39,18.04,18.07,18.06,18.12,18.01,18.04,18.03,18.08,18.24,18.3,18.39,18.1,18.6,18.61,18.59,18.61,18.51,18.56,18.62,18.65
4/4/25 22:00,2122,12.21,17,17.97,18.02,18.06,18.08,18.02,17.94,17.78,17.87,18.1,18.21,18.27,17.99,18.51,18.51,18.53,18.55,18.37,18.42,18.57,18.58
4/4/25 22:30,2123,12.21,16.65,17.78,17.83,17.97,18.04,17.92,18.02,17.91,17.99,18.16,18.28,18.4,18.01,18.44,18.44,18.38,18.42,18.32,18.36,18.55,18.54
4/4/25 23:00,2124,12.19,16.21,16.48,16.52,16.7,16.76,16.24,16.45,16.17,16.27,16.46,16.56,16.74,16.33,16.58,16.57,16.46,16.48,16.39,16.52,16.68,16.65
4/4/25 23:30,2125,12.18,15.4,15.6,15.64,16,16.02,15.72,15.53,15.15,15.31,15.65,15.69,15.74,15.44,15.84,15.82,15.56,15.54,15.76,15.88,15.8,15.81
4/5/25 0:00,2126,12.16,14.68,14.98,15.01,15.34,15.37,15.14,15,14.7,14.74,14.89,15.25,15.3,15.03,15.22,15.19,15.23,15.25,15.66,15.71,15.24,15.26
4/5/25 0:30,2127,12.13,14.39,15.3,15.36,15.99,16.07,15.65,15.67,15.08,15.22,15.53,15.82,15.95,15.38,15.83,15.83,15.56,15.57,15.7,15.79,15.67,15.74
4/5/25 1:00,2128,12.12,14.11,14.88,14.92,15.47,15.46,15.29,15.08,14.55,14.67,14.99,15.23,15.27,14.86,15.15,15.12,14.95,14.96,15.15,15.23,15.21,15.24
4/5/25 1:30,2129,12.14,13.66,14.4,14.44,14.99,15.02,14.94,14.68,14.14,14.3,14.45,14.83,14.89,14.61,14.82,14.81,14.63,14.63,14.99,15.08,14.85,14.9
4/5/25 2:00,2130,12.13,13.25,14.2,14.25,14.57,14.63,14.36,14.27,13.97,14.1,14.25,14.45,14.55,14.2,14.5,14.49,14.31,14.34,14.4,14.48,14.58,14.62
4/5/25 2:30,2131,12.11,13.17,14.25,14.31,14.44,14.48,14.27,14.24,13.85,13.96,14.19,14.36,14.42,14.14,14.32,14.3,14.28,14.3,14.34,14.42,14.4,14.41
4/5/25 3:00,2132,12.1,13.03,13.99,14.03,14.46,14.48,14.26,14,13.76,13.88,14.1,14.27,14.36,14.07,14.11,14.1,14.02,14.03,14.17,14.25,14.25,14.27
4/5/25 3:30,2133,12.09,12.91,13.9,13.92,14.37,14.37,14.21,14.08,13.67,13.82,14.01,14.2,14.26,14.05,14.08,14.06,14.08,14.07,14.15,14.23,14.18,14.22
4/5/25 4:00,2134,12.06,12.79,13.84,13.89,14.23,14.24,14.11,13.93,13.44,13.6,13.86,14.09,14.17,13.77,14.02,14.02,13.88,13.88,13.91,14,14,14
4/5/25 4:30,2135,12.06,12.77,13.81,13.85,14.45,14.48,14.15,13.91,13.68,13.76,13.74,13.89,13.94,14.13,14.07,14.06,14.05,14.05,14.13,14.18,13.96,13.97
4/5/25 5:00,2136,12.06,12.5,13.49,13.52,14.41,14.44,14.01,13.92,13.45,13.53,13.66,14.09,14.21,13.85,14.21,14.2,13.99,13.98,14.03,14.08,14.13,14.16
4/5/25 5:30,2137,12.02,12.54,13.38,13.43,14.38,14.45,13.88,13.63,13.33,13.43,13.43,13.77,13.85,13.8,13.89,13.87,13.89,13.92,13.98,14,13.76,13.78
4/5/25 6:00,2138,12.08,12.29,13.26,13.3,14.18,14.22,13.98,13.76,13.25,13.35,13.45,14.1,14.2,13.53,14.13,14.12,13.77,13.78,13.81,13.88,13.85,13.89
4/5/25 6:30,2139,12.07,11.93,13.18,13.23,13.97,13.99,13.87,13.59,13.09,13.2,13.41,13.8,13.9,13.33,13.87,13.86,13.51,13.53,13.58,13.65,13.72,13.76
4/5/25 7:00,2140,12.06,11.8,12.87,12.93,13.74,13.77,13.53,13.26,12.69,12.87,13.11,13.68,13.79,13.17,13.92,13.92,13.78,13.81,13.61,13.67,13.8,13.83
4/5/25 7:30,2141,12.1,11.67,14.16,14.16,15.72,15.32,15.84,15.21,15.08,14.81,16.83,15.55,15.44,14.57,16.37,16.18,15.64,15.57,16.34,16.31,16.34,15.57
4/5/25 8:00,2142,12.78,12.77,18.41,18.69,17.79,17.73,18.5,19.58,18.53,18.45,19.2,19.04,18.95,18.36,18.88,18.71,19.28,18.94,18.92,19.14,19.53,18.7
4/5/25 8:30,2143,12.99,14.82,19.23,19.52,18.78,18.66,19.33,19.89,18.74,18.73,19.55,19.67,19.63,19.64,19.48,19.37,19.71,19.73,19.31,19.45,19.16,19.17
4/5/25 9:00,2144,13.02,16.21,19.52,19.76,19.16,19.1,19.41,20.11,19.06,19.06,19.5,19.64,19.65,19.58,19.77,19.7,19.95,19.89,19.68,19.94,19.43,19.37
4/5/25 9:30,2145,13.14,17.88,21.27,21.62,20.74,20.68,20.96,21.64,20.48,20.49,20.78,21.35,21.23,21.12,21.42,21.36,21.41,21.48,21.27,21.57,20.96,20.88
4/5/25 10:00,2146,13.16,19.82,21.51,21.84,21.04,20.97,20.94,22.22,20.79,20.83,21.13,21.84,21.75,21.2,21.41,21.37,21.61,21.67,21.35,21.69,21.22,21.21
4/5/25 10:30,2147,13.14,21.78,23.37,23.71,22.61,22.47,22.4,23.87,22.4,22.38,22.61,23.57,23.39,22.95,23.09,23.08,23.41,23.48,22.91,23.25,22.84,22.98
4/5/25 11:00,2148,13.16,24.03,24.37,24.71,23.63,23.56,23.26,25.55,23.12,23.1,23.33,24.49,24.36,23.76,23.82,23.79,24.18,24.26,23.96,24.22,23.67,23.84
4/5/25 11:30,2149,13.16,25.74,25.59,25.88,24.42,24.32,23.88,26.2,24.3,24.33,24.42,25.38,25.06,24.89,24.65,24.61,25.12,25.24,24.54,24.82,24.49,24.74
4/5/25 12:00,2150,13.15,27.09,26.08,26.5,25.04,24.93,24.38,26.87,24.73,24.75,24.89,26.01,25.69,25.27,25.23,25.22,25.72,25.87,25.29,25.72,25.04,25.19
4/5/25 12:30,2151,13.16,28.34,28.52,29.03,27.1,26.82,26.29,29.65,26.28,26.44,27.02,28.5,28.07,27.68,26.7,26.66,27.87,28.12,26.86,27.52,26.88,27.49
4/5/25 13:00,2152,13.16,31.06,30.62,31.02,28.74,28.67,27.22,30.51,27.62,27.63,27.72,29.5,29.13,29.11,27.74,27.63,29.06,29.41,28.34,29.34,27.9,28.5
4/5/25 13:30,2153,13.14,32.34,30.61,30.91,28.63,28.25,27.27,29.33,27.57,27.7,27.45,29.25,28.91,28.44,28.09,28.18,29.05,29.18,28.42,29.08,28.12,28.57
4/5/25 14:00,2154,13.15,32.84,32.86,32.9,30.41,30.44,28.84,32.05,29.18,29.42,29.19,31.14,31.07,30.36,29.49,29.72,30.92,30.93,29.87,30.64,29.53,29.82
4/5/25 14:30,2155,13.14,33.81,32.62,32.72,30.35,30.18,28.2,32.47,28.5,28.65,28.71,31.22,31,30.19,29.6,29.66,31.1,31.21,29.82,30.38,29.58,29.99
4/5/25 15:00,2156,13.13,33.82,32.23,32.28,30.24,30.06,29,32.52,28.77,28.91,28.77,30.95,30.73,30.37,29.46,29.42,31.03,31.18,29.5,29.98,29.19,29.61
4/5/25 15:30,2157,13.12,33.3,31.37,31.43,29.33,29.18,28.63,30.89,28.46,28.51,28.37,29.92,29.62,29.87,29.08,29.07,30.57,30.56,29.55,29.97,28.96,29.21
4/5/25 16:00,2158,13.13,31.81,29.38,29.68,28.07,28.02,27.44,28.18,27.27,27.35,27.34,27.97,27.97,28.24,27.84,27.88,28.68,28.77,28.42,28.63,27.75,27.98
4/5/25 16:30,2159,13.08,29.45,27.21,27.46,26.56,26.55,25.93,27.07,26.07,26.13,26.16,26.66,26.68,26.29,26.37,26.35,26.77,26.86,26.86,27.04,26.4,26.5
4/5/25 17:00,2160,13,27.26,25.78,26,25.48,25.48,24.93,25.76,25.06,25.09,25.22,25.52,25.56,25.06,25.27,25.24,25.47,25.55,25.62,25.81,25.36,25.44
4/5/25 17:30,2161,12.63,25.6,24.51,24.7,24.35,24.35,23.91,24.47,24.03,24.05,24.17,24.34,24.37,24.02,24.17,24.15,24.32,24.37,24.47,24.61,24.32,24.37
4/5/25 18:00,2162,12.42,24.16,23.69,23.95,23.64,23.59,23.21,24.12,23.37,23.31,23.37,23.62,23.67,23.45,23.38,23.36,23.62,23.63,23.78,23.89,23.52,23.55
4/5/25 18:30,2163,12.31,22.76,22.23,22.3,22.19,22.24,21.94,21.97,22.09,22.1,22.23,22.21,22.27,22.04,22.24,22.22,22.29,22.32,22.37,22.43,22.4,22.41
4/5/25 19:00,2164,12.31,21.44,21.29,21.32,21.26,21.34,21.06,21.1,21.24,21.25,21.31,21.32,21.39,21.18,21.4,21.39,21.39,21.42,21.47,21.48,21.54,21.54
4/5/25 19:30,2165,12.28,20.33,20.5,20.53,20.51,20.57,20.34,20.35,20.38,20.4,20.51,20.54,20.61,20.37,20.6,20.58,20.6,20.63,20.6,20.61,20.7,20.7
4/5/25 20:00,2166,12.28,19.58,20.24,20.26,20.2,20.28,20.12,20.16,20.22,20.22,20.32,20.35,20.41,20.23,20.45,20.44,20.43,20.46,20.5,20.5,20.54,20.53
4/5/25 20:30,2167,12.24,19.15,19.29,19.31,19.24,19.32,19.15,19.15,19.19,19.2,19.33,19.3,19.37,19.12,19.4,19.39,19.36,19.38,19.44,19.44,19.47,19.47
4/5/25 21:00,2168,12.23,18.21,18.07,18.07,17.99,18.07,17.91,17.88,18.01,18.01,18.14,18,18.08,17.83,18.2,18.17,18.17,18.19,18.27,18.26,18.3,18.29
4/5/25 21:30,2169,12.21,17.31,17.24,17.26,17.16,17.27,16.97,17.09,17.19,17.23,17.3,17.16,17.28,17.11,17.44,17.43,17.43,17.46,17.44,17.44,17.56,17.55
4/5/25 22:00,2170,12.22,16.47,16.72,16.75,16.73,16.88,16.57,16.68,16.61,16.65,16.73,16.72,16.86,16.53,16.96,16.96,16.96,17.01,16.86,16.89,17.01,17.01
4/5/25 22:30,2171,12.21,15.83,15.95,15.96,16.1,16.16,15.73,15.91,15.49,15.59,15.73,15.85,15.96,15.86,16.09,16.08,16.16,16.2,16.46,16.53,16.04,16.1
4/5/25 23:00,2172,12.2,15.34,15.8,15.83,15.69,15.83,15.43,15.61,15.41,15.46,15.68,15.54,15.68,15.53,15.73,15.72,15.82,15.84,15.93,16,15.85,15.85
4/5/25 23:30,2173,12.18,15.21,15.61,15.64,15.41,15.54,15.19,15.4,15.21,15.26,15.43,15.28,15.44,15.24,15.5,15.49,15.62,15.66,15.58,15.66,15.59,15.6
4/6/25 0:00,2174,12.18,14.95,15.28,15.32,15.18,15.23,14.84,15.11,14.84,14.94,15.16,15.1,15.21,15.12,15.04,15.02,15.22,15.24,15.4,15.48,15.25,15.27
4/6/25 0:30,2175,12.17,14.7,15.62,15.65,15.53,15.62,15.37,15.3,15.17,15.23,15.43,15.45,15.57,15.23,15.44,15.43,15.43,15.44,15.45,15.48,15.56,15.56
4/6/25 1:00,2176,12.16,14.83,16,16.01,15.93,16.02,15.89,15.84,15.87,15.89,16.03,16.03,16.11,15.86,16.15,16.14,16.13,16.14,16.11,16.09,16.23,16.22
4/6/25 1:30,2177,12.15,14.9,15.64,15.66,15.64,15.74,15.54,15.51,15.51,15.54,15.66,15.62,15.74,15.44,15.82,15.82,15.81,15.83,15.77,15.77,15.85,15.86
4/6/25 2:00,2178,12.14,14.54,14.87,14.92,14.91,15.02,14.65,14.79,14.64,14.72,14.87,14.99,15.12,14.66,15.02,15.02,14.92,14.94,14.93,14.97,15.04,15.03
4/6/25 2:30,2179,12.12,14.14,14.87,14.89,14.86,15.02,14.74,14.81,14.79,14.82,14.87,14.92,15.04,14.67,15.16,15.15,15.04,15.06,14.98,14.96,15.07,15.07
4/6/25 3:00,2180,12.12,13.88,14.84,14.84,14.83,14.93,14.78,14.76,14.76,14.77,14.94,14.94,15.02,14.71,15.01,15,14.96,14.97,15.02,14.98,15.06,15.05
4/6/25 3:30,2181,12.11,13.78,14.83,14.83,14.77,14.86,14.76,14.71,14.74,14.75,14.88,14.91,14.99,14.73,14.98,14.97,14.96,14.99,14.99,14.96,15.08,15.07
4/6/25 4:00,2182,12.1,13.69,14.64,14.64,14.61,14.71,14.57,14.56,14.62,14.63,14.7,14.7,14.77,14.55,14.81,14.81,14.76,14.77,14.8,14.78,14.84,14.83
4/6/25 4:30,2183,12.09,13.54,14.29,14.3,14.27,14.37,14.24,14.25,14.32,14.34,14.4,14.44,14.52,14.25,14.52,14.52,14.52,14.53,14.51,14.48,14.58,14.57
4/6/25 5:00,2184,12.09,13.32,13.92,13.92,13.87,13.98,13.82,13.85,13.89,13.9,13.96,14.02,14.11,13.83,14.15,14.15,14.11,14.12,14.1,14.08,14.18,14.19
4/6/25 5:30,2185,12.07,13.04,13.69,13.7,13.67,13.77,13.57,13.6,13.62,13.64,13.69,13.72,13.8,13.56,13.84,13.84,13.85,13.86,13.84,13.81,13.94,13.92
4/6/25 6:00,2186,12.07,12.88,13.27,13.3,13.32,13.47,13.15,13.32,13.22,13.26,13.36,13.44,13.59,13.2,13.62,13.63,13.67,13.71,13.58,13.59,13.64,13.66
4/6/25 6:30,2187,12.07,12.33,12.74,12.77,12.86,12.98,12.6,12.78,12.61,12.67,12.78,12.88,13.02,12.63,12.97,12.98,12.93,12.95,12.9,12.93,12.96,12.94
4/6/25 7:00,2188,12.06,12.11,12.8,12.82,12.84,12.97,12.75,12.83,12.77,12.8,12.85,12.9,13.02,12.68,13.07,13.07,13.05,13.07,12.97,12.96,13.11,13.11
4/6/25 7:30,2189,12.08,12.12,13.51,13.5,14.01,13.83,14.23,13.8,13.96,13.6,14.34,13.94,13.93,13.42,14.11,13.99,14.05,13.95,14.25,14.31,14.39,13.98
4/6/25 8:00,2190,12.69,12.75,16.06,16.39,15.53,15.48,16.12,16.88,16.36,16.29,17.15,16.56,16.41,15.84,16.63,16.38,16.58,16.26,16.7,16.85,17.09,16.32
4/6/25 8:30,2191,13,14.26,18.11,18.46,17.35,17.24,18.2,19.13,17.31,17.34,18.91,18.74,18.64,19.25,18.43,18.25,18.24,18.29,18.37,18.48,17.85,17.68
4/6/25 9:00,2192,13.07,16.06,19.84,20.12,18.92,18.79,19.61,20.26,18.74,18.74,19.99,19.32,19.34,19.72,19.87,19.68,20.34,19.81,19.62,19.69,19.24,19
4/6/25 9:30,2193,13.14,18.08,21.66,21.99,20.81,20.83,21.13,21.82,20.44,20.4,21.11,21.53,21.35,21.6,21.99,21.86,21.44,21.55,21.68,22.04,21.14,20.84
4/6/25 10:00,2194,13.15,20.63,22.94,23.31,21.82,21.7,22.34,22.82,21.95,21.9,22.8,23.04,22.71,22.19,23.58,23.44,23.6,23.58,22.89,23.12,22.82,22.56
4/6/25 10:30,2195,13.17,23.68,24.73,25.08,23.84,23.57,23.72,24.75,23.75,23.53,24.11,25.15,24.79,24.27,25.34,25.25,25.54,25.29,25,25.27,24.36,24.16
4/6/25 11:00,2196,13.14,26.57,26.51,26.63,24.84,24.51,24.62,26.98,24.99,24.91,25.26,26.46,26.19,25.35,24.99,25.07,26.29,26.25,26.05,26.2,25.58,25.7
4/6/25 11:30,2197,13.13,28.9,28.08,28.22,26.19,25.74,25.52,28.71,26.37,26.25,26.48,27.95,27.3,26.84,26.76,26.77,27.78,27.8,26.43,26.58,26.9,27.28
4/6/25 12:00,2198,13.13,31.03,29.27,29.59,27.2,26.89,27.16,28.97,27.44,27.5,28.01,28.87,28.16,27.76,27.87,27.84,29.16,29.27,28.01,28.21,28.14,28.59
4/6/25 12:30,2199,13.13,32.95,30.11,30.26,28.55,28.16,28.48,28.2,28.25,28.64,29.03,29.58,28.81,29.16,28.85,28.73,30.56,29.96,29,29.14,29.17,29.57
4/6/25 13:00,2200,13.12,34.43,31.99,32.38,29.85,29.56,28.83,29.87,29.11,29.23,28.84,30.81,30.19,29.95,29.11,29.08,30.72,30.81,29.28,29.85,29.53,30.11
4/6/25 13:30,2201,13.13,35.36,33.61,33.54,31.12,30.93,30.04,29.95,29.83,30.1,29.62,31.85,31.21,30.73,30.1,30.28,32.51,31.95,30.54,30.99,30.75,30.95
4/6/25 14:00,2202,13.14,36.25,34.99,34.76,31.54,31.37,30.17,31.37,30.28,30.71,30.15,31.74,31.47,31.18,30.98,31.28,33.37,32.93,30.79,30.77,30.93,31.03
4/6/25 14:30,2203,13.12,36.7,35.14,34.93,32.33,31.83,30.14,32.95,30.72,31.05,30.79,33.08,32.59,32.18,31.51,31.72,33.93,33.8,31.45,31.75,31.48,31.71
4/6/25 15:00,2204,13.15,36.66,35.21,34.83,32.29,31.96,31.89,33.77,30.98,31.29,30.98,33.61,32.91,33.11,31.62,31.69,34.33,33.98,31.91,32.01,31.44,31.71
4/6/25 15:30,2205,13.1,36.67,34.93,34.8,31.77,31.46,31.58,32.97,30.81,30.83,30.48,32.17,31.6,32.56,31.4,31.47,33.35,33.14,31.68,32.04,31.06,31.29
4/6/25 16:00,2206,12.96,34.56,32.48,32.66,30.17,29.89,29.73,29.94,29.03,29.07,28.93,29.72,29.74,30.72,29.7,29.76,30.79,30.82,31.26,31.51,29.69,29.92
4/6/25 16:30,2207,13.03,32.85,32.23,32.34,29.48,29.53,29.83,33.28,28.83,28.88,28.66,29.99,30.06,31.08,29.55,29.56,30.71,30.86,31.62,31.41,29.19,29.36
4/6/25 17:00,2208,12.61,30.94,29.7,29.57,28.77,28.63,27.94,31.13,27.68,27.69,27.28,28.26,28.25,29.31,27.71,27.68,28.47,28.66,29.45,29.28,27.8,27.93
4/6/25 17:30,2209,12.46,29.05,28.72,28.89,28.28,27.91,27.12,31.28,27.25,27.19,26.71,27.53,27.35,28.89,26.79,26.78,27.65,27.76,28.95,28.8,27.09,27.17
4/6/25 18:00,2210,12.34,27.01,25.84,26.25,25.84,25.57,25.02,27.13,25.53,25.31,25.07,25.59,25.66,25.85,25.12,25.09,25.83,25.74,25.93,25.89,25.33,25.36
4/6/25 18:30,2211,12.28,24.7,23.29,23.35,23.19,23.25,22.91,22.91,23.17,23.18,23.27,23.21,23.28,22.98,23.28,23.25,23.31,23.34,23.43,23.49,23.49,23.5
4/6/25 19:00,2212,12.28,22.76,21.86,21.9,21.81,21.91,21.55,21.61,21.77,21.8,21.9,21.79,21.89,21.66,21.95,21.94,21.93,21.96,22.02,22.05,22.11,22.13
4/6/25 19:30,2213,12.26,21.37,21.4,21.42,21.32,21.4,21.22,21.1,21.26,21.27,21.43,21.32,21.41,21.12,21.43,21.43,21.37,21.4,21.49,21.49,21.55,21.55
4/6/25 20:00,2214,12.25,20.69,20.9,20.92,20.91,20.97,20.81,20.69,20.78,20.79,20.93,20.91,20.98,20.66,20.99,20.97,20.94,20.96,21.03,21.04,21.09,21.1
4/6/25 20:30,2215,12.24,19.93,20.09,20.11,20.06,20.14,19.91,19.99,19.93,19.94,20.11,20.1,20.21,19.82,20.21,20.19,20.19,20.21,20.25,20.3,20.3,20.33
4/6/25 21:00,2216,12.22,19.6,19.92,19.94,19.79,19.9,19.59,19.74,19.62,19.66,19.82,19.75,19.89,19.68,19.92,19.92,19.99,20,20.03,20.1,20.05,20.11
4/6/25 21:30,2217,12.22,19.48,19.88,19.89,19.8,19.91,19.67,19.7,19.6,19.67,19.81,19.84,19.96,19.7,20,19.99,20.05,20.08,20.09,20.12,20.06,20.1
4/6/25 22:00,2218,12.21,19.54,19.84,19.85,19.76,19.83,19.63,19.7,19.61,19.64,19.77,19.85,19.92,19.64,19.91,19.9,19.95,19.97,20.04,20.07,19.99,20.02
4/6/25 22:30,2219,12.2,19.32,19.27,19.28,19.21,19.3,18.99,19.03,19.01,19.05,19.17,19.16,19.25,19.03,19.33,19.33,19.37,19.38,19.33,19.37,19.42,19.43
4/6/25 23:00,2220,12.19,18.74,18.64,18.68,18.55,18.64,18.24,18.46,18.43,18.47,18.56,18.41,18.55,18.36,18.62,18.61,18.64,18.66,18.63,18.69,18.67,18.69
4/6/25 23:30,2221,12.17,18.07,18.28,18.29,18.22,18.33,18.09,18.09,18.07,18.09,18.24,18.08,18.21,17.99,18.36,18.35,18.32,18.35,18.33,18.32,18.4,18.4
4/7/25 0:00,2222,12.16,17.57,17.87,17.87,17.83,17.94,17.78,17.74,17.72,17.74,17.94,17.76,17.86,17.63,18.06,18.05,17.97,17.99,18.03,18.02,18.09,18.08
4/7/25 0:30,2223,12.15,17.07,17.22,17.26,17.3,17.45,17.24,17.28,16.93,16.99,17.29,17.35,17.5,17.02,17.82,17.82,17.66,17.68,17.65,17.68,17.57,17.61
4/7/25 1:00,2224,12.14,16.44,16.38,16.42,16.78,16.81,16.32,16.44,16.15,16.25,16.48,16.44,16.5,16.4,16.42,16.41,16.43,16.42,16.58,16.65,16.62,16.66
4/7/25 1:30,2225,12.13,15.83,16.23,16.26,16.56,16.66,16.27,16.47,16.05,16.13,16.32,16.47,16.64,16.3,16.73,16.73,16.73,16.75,16.88,16.94,16.62,16.65
4/7/25 2:00,2226,12.12,15.45,16.19,16.22,16.44,16.49,16.24,16.31,15.98,16.04,16.08,16.16,16.29,16.25,16.37,16.36,16.4,16.41,16.56,16.6,16.49,16.51
4/7/25 2:30,2227,12.11,15.63,16.63,16.65,16.76,16.8,16.53,16.61,16.25,16.37,16.44,16.64,16.73,16.65,16.62,16.61,16.8,16.82,16.97,17.06,16.75,16.79
4/7/25 3:00,2228,12.1,16.01,16.61,16.63,17.01,17.06,16.62,16.73,16.46,16.5,16.68,16.83,16.92,16.69,16.83,16.82,16.82,16.82,16.77,16.84,16.78,16.82
4/7/25 3:30,2229,12.09,15.74,16.38,16.39,16.81,16.78,16.47,16.24,15.87,16.01,16.24,16.34,16.39,16.28,16.21,16.19,16.2,16.19,16.29,16.37,16.23,16.25
4/7/25 4:00,2230,12.09,15.76,16.96,16.98,17.31,17.33,17.18,16.93,16.56,16.7,17.04,17.1,17.11,16.88,17.05,17.04,16.97,16.97,16.86,16.92,17.03,17.05
4/7/25 4:30,2231,12.07,16.16,17.26,17.28,17.56,17.55,17.32,17.21,17.02,17.11,17.11,17.3,17.31,17.4,17.15,17.14,17.34,17.36,17.58,17.62,17.23,17.28
4/7/25 5:00,2232,12.07,16.33,17.09,17.13,17.63,17.64,17.45,17.12,16.95,17.03,17.15,17.18,17.24,17.15,17.09,17.08,17.13,17.12,17.21,17.25,17.04,17.08
4/7/25 5:30,2233,12.07,15.99,16.54,16.58,17.06,17.04,16.85,16.64,16.32,16.33,16.38,16.88,16.92,16.65,16.86,16.84,16.92,16.93,17.05,17.08,16.69,16.74
4/7/25 6:00,2234,12.07,15.32,16.11,16.16,16.6,16.59,16.35,16.14,15.73,15.8,15.82,16.12,16.17,16.05,16.2,16.18,16.24,16.24,16.46,16.49,16.1,16.15
4/7/25 6:30,2235,12.07,14.83,16.28,16.35,16.96,16.95,16.71,16.56,16.11,16.12,16.16,16.41,16.48,16.46,16.31,16.3,16.39,16.41,16.64,16.69,16.22,16.3
4/7/25 7:00,2236,12.07,14.58,15.69,15.73,16.24,16.23,16.06,15.86,15.56,15.63,15.77,15.9,15.94,15.94,15.86,15.84,15.89,15.89,16.05,16.08,15.84,15.88
4/7/25 7:30,2237,12.05,14.47,16.08,16.08,16.98,16.93,17.23,16.68,16.5,16.32,18.62,16.89,16.89,16.45,17.85,17.91,16.83,16.75,16.94,16.92,18.25,17.52
4/7/25 8:00,2238,12.61,14.93,19.26,19.34,19.33,19.23,19.64,20.61,20.44,20.2,25.62,20.62,20.44,19.46,24.46,24.05,20.38,20.01,20.4,20.52,24.07,21.79
4/7/25 8:30,2239,12.94,16.79,21.77,21.87,21.99,21.62,23.01,22.89,21.84,21.82,26.28,23.37,23.04,24.07,25.11,24.8,23.59,23.31,22.89,22.73,22.61,22.48
4/7/25 9:00,2240,12.98,19.34,23.16,23.36,22.71,22.29,24.03,22.77,22.47,22.57,24.76,23.31,23.19,22.93,24.7,24.25,25.09,23.78,23.61,23.21,23.17,22.89
4/7/25 9:30,2241,13.11,21.91,24.1,24.32,23.93,23.54,24.66,23.48,23.52,23.55,24.47,24.29,23.93,23.83,26.03,25.8,25.31,24.9,24.39,24.18,24.35,23.88
4/7/25 10:00,2242,13.13,24.61,25.83,26.08,25.4,25.08,26.69,25.52,25.52,25.46,26.47,26.56,26.02,25.22,28.24,27.98,27.97,27.34,26.55,26.45,26.58,26.17
4/7/25 10:30,2243,13.14,27.39,27.51,27.69,26.91,26.41,27.45,26.78,26.82,26.66,27.81,27.92,27.37,26.82,29.22,28.91,28.87,27.99,28.05,27.82,27.74,27.64
4/7/25 11:00,2244,13.15,29.8,28.68,28.71,27.35,26.84,27.6,27.87,27.51,27.64,27.84,28.68,28.08,27.8,28.09,28.06,29.48,29.02,29.02,28.72,28.64,28.51
4/7/25 11:30,2245,13.15,31.58,29.93,29.94,28.2,27.69,28.15,29.67,28.15,28.22,28.72,29.61,28.87,28.61,28.8,28.81,30.02,29.65,28.72,28.64,28.93,28.98
4/7/25 12:00,2246,13.12,33.37,30.73,30.77,29.07,28.63,29.16,30.1,29.26,29.37,29.61,30.52,29.8,29.36,29.39,29.27,30.93,30.98,29.72,29.81,29.74,29.88
4/7/25 12:30,2247,13.15,34.52,30.53,30.56,29.5,29.17,29.68,29.07,28.99,29.28,29.65,30.15,29.63,29.5,29.78,29.69,31.34,30.88,30.17,29.97,29.72,29.9
4/7/25 13:00,2248,13.13,34.13,30.61,30.83,29.2,28.74,29.44,28.42,28.68,28.9,29.04,29.71,29.19,28.9,29.22,29.2,30.6,30.27,29.78,29.63,29.45,29.41
4/7/25 13:30,2249,13.13,33.16,32.38,32.37,29.79,29.33,29.77,31.14,29.03,29.17,29.4,30.67,30.13,29.9,29.47,29.42,31.67,31.28,30.43,30.74,29.77,29.78
4/7/25 14:00,2250,13.14,34.56,33.65,33.16,31.79,31.35,31.29,31.96,30.23,30.97,31.1,33.14,32.39,31.48,31.82,32.09,33.81,32.99,31.53,31.69,32.28,32.43
4/7/25 14:30,2251,13.07,36.06,33.06,32.92,30.85,30.38,28.97,30.6,29.25,29.47,29.61,30.58,30.24,30,29.37,29.41,31.33,31.38,29.97,29.96,29.6,29.71
4/7/25 15:00,2252,12.95,33.94,29.85,29.93,28.82,28.59,28.01,28.74,28.29,28.56,28.88,29.21,28.99,28.45,28.58,28.62,29.63,29.66,28.97,29.03,28.83,28.88
4/7/25 15:30,2253,13.04,30.82,28.61,28.85,27.71,27.51,27.15,27.3,27.26,27.42,27.51,27.84,27.71,27.1,27.25,27.27,28.32,28.36,27.69,27.84,27.6,27.64
4/7/25 16:00,2254,12.85,29,27.38,27.51,26.9,26.67,26.6,26.4,26.54,26.73,26.96,27.1,27.04,26.31,26.86,26.84,27.71,27.57,27.07,27.15,27.03,27.09
4/7/25 16:30,2255,12.59,27.86,26.04,26.12,25.82,25.69,25.67,25.44,25.55,25.75,26.28,26.25,26.18,25.45,26,26.03,26.3,26.15,26.16,26.2,26.14,26.22
4/7/25 17:00,2256,12.35,26.29,21.97,22.07,21.89,21.89,21.46,21.89,22.03,22.03,22.5,22.35,22.34,21.92,22.37,22.31,22.16,22.18,22.65,22.65,22.5,22.52
4/7/25 17:30,2257,12.29,23.41,21.46,21.46,21.26,21.27,21.1,21.26,21.33,21.33,21.68,21.64,21.67,21.37,21.6,21.57,21.52,21.53,21.86,21.9,21.73,21.71
4/7/25 18:00,2258,12.33,22,20.34,20.34,20.06,20.08,19.86,20.23,20.12,20.1,20.36,20.31,20.36,20.23,20.37,20.31,20.4,20.42,20.72,20.78,20.47,20.46
4/7/25 18:30,2259,12.27,20.8,19.65,19.65,19.32,19.34,19.13,19.32,19.33,19.32,19.43,19.48,19.51,19.44,19.51,19.48,19.53,19.55,19.82,19.83,19.63,19.64
4/7/25 19:00,2260,12.27,20.09,18.26,18.26,18.21,18.22,17.76,17.81,18.1,18.07,18.22,17.92,18.11,18,18.24,18.2,18.2,18.2,18.14,18.19,18.05,18.29
4/7/25 19:30,2261,12.26,18.84,16.89,16.9,17.29,17.29,16.42,16.36,17.05,17.05,17.19,16.67,16.97,16.58,17.22,17.22,17.19,17.2,16.69,16.71,16.63,17.02
4/7/25 20:00,2262,12.23,17.74,16.57,16.47,17.22,17.22,16.68,16.07,16.95,16.93,17.12,16.94,17.06,16.65,17.15,17.11,17.07,17.09,16.45,16.42,16.48,17.08
4/7/25 20:30,2263,12.23,17.13,16.66,16.43,17.18,17.18,16.92,16.28,16.93,16.93,17.12,17.14,17.13,16.94,17.24,17.2,17.2,17.22,16.43,16.26,17.2,17.21
4/7/25 21:00,2264,12.2,16.82,16.77,16.72,17.33,17.33,17.09,16.91,17.12,17.12,17.32,17.37,17.38,17.19,17.51,17.48,17.47,17.48,16.62,16.26,17.5,17.51
4/7/25 21:30,2265,12.2,16.63,16.71,16.66,17.19,17.2,17.09,17.07,17.04,17.04,17.18,17.24,17.25,17.14,17.39,17.36,17.38,17.39,16.84,16.71,17.48,17.46
4/7/25 22:00,2266,12.18,16.51,16.69,16.6,16.94,16.9,16.72,16.86,16.79,16.8,16.87,16.96,16.96,16.85,17.01,16.98,17.08,17.09,16.89,16.75,17.09,17.08
4/7/25 22:30,2267,12.17,16.62,16.51,16.5,16.49,16.39,16.24,16.41,16.3,16.31,16.35,16.48,16.45,16.42,16.47,16.44,16.59,16.59,16.51,16.51,16.47,16.45
4/7/25 23:00,2268,12.16,16.77,16.51,16.47,16.38,16.34,16.17,16.34,16.3,16.3,16.33,16.49,16.49,16.32,16.46,16.41,16.57,16.58,16.43,16.43,16.45,16.44
4/7/25 23:30,2269,12.15,16.72,16.36,16.33,16.24,16.29,16.08,16.16,16.19,16.2,16.26,16.3,16.33,16.18,16.4,16.36,16.46,16.48,16.23,16.22,16.35,16.41
4/8/25 0:00,2270,12.14,16.66,16.2,16.18,16.13,16.16,15.96,16.02,16.07,16.07,16.12,16.16,16.17,16.07,16.25,16.21,16.28,16.28,16.18,16.13,16.26,16.25
4/8/25 0:30,2271,12.13,16.57,16.29,16.27,16.15,16.16,15.98,16.1,16.07,16.07,16.14,16.18,16.21,16.13,16.29,16.26,16.36,16.36,16.28,16.23,16.32,16.33
4/8/25 1:00,2272,12.13,16.45,16.2,16.18,16.07,16.08,15.85,16.05,16.02,16.02,16.15,16.19,16.25,16.05,16.28,16.26,16.34,16.34,16.34,16.32,16.32,16.31
4/8/25 1:30,2273,12.11,16.35,16.17,16.16,15.99,16.03,15.79,15.98,15.91,15.93,16.06,16.09,16.14,15.94,16.17,16.15,16.25,16.27,16.19,16.16,16.2,16.22
4/8/25 2:00,2274,12.1,16.45,16.11,16.09,16.04,16.02,15.86,15.97,15.94,15.94,15.99,16.09,16.1,15.98,16.11,16.08,16.15,16.15,16.13,16.1,16.15,16.14
4/8/25 2:30,2275,12.09,16.35,15.97,15.96,15.77,15.81,15.6,15.77,15.75,15.75,15.82,15.85,15.9,15.75,15.96,15.94,16.02,16.03,16.01,16.01,16.01,16.02
4/8/25 3:00,2276,12.08,16.24,15.98,15.97,15.85,15.87,15.67,15.86,15.75,15.76,15.89,15.94,15.99,15.88,16.01,15.99,16.08,16.08,16.17,16.19,16.07,16.07
4/8/25 3:30,2277,12.08,16.27,15.95,15.96,15.86,15.87,15.71,15.82,15.74,15.76,15.87,15.95,15.99,15.86,16.04,16.02,16.06,16.07,16.15,16.15,16.05,16.05
4/8/25 4:00,2278,12.06,16.41,16.02,16.01,15.98,15.99,15.79,15.94,15.83,15.85,15.99,16.06,16.1,15.93,16.17,16.15,16.17,16.17,16.19,16.17,16.06,16.09
4/8/25 4:30,2279,12.06,16.4,15.93,15.96,15.85,15.87,15.63,15.83,15.77,15.75,15.86,15.95,16.01,15.86,16.05,16.03,16.09,16.1,16.13,16.13,15.96,16.02
4/8/25 5:00,2280,12.06,16.32,15.99,15.99,15.92,15.93,15.68,15.87,15.79,15.8,15.91,15.94,15.98,15.91,16.07,16.05,16.14,16.14,16.23,16.24,16.05,16.09
4/8/25 5:30,2281,12.04,16.27,15.98,15.98,15.96,15.98,15.76,15.87,15.75,15.78,15.89,16.01,16.05,15.91,16.06,16.04,16.11,16.12,16.15,16.17,16.06,16.08
4/8/25 6:00,2282,12.04,16.47,16.24,16.23,16.27,16.31,16.08,16.05,15.99,16.02,16.11,16.23,16.27,16.14,16.27,16.25,16.36,16.37,16.29,16.32,16.26,16.31
4/8/25 6:30,2283,12.06,16.36,16.06,16.05,16.21,16.21,16.05,15.97,15.95,15.99,16.08,16.15,16.17,16.1,16.19,16.16,16.24,16.25,16.22,16.21,16.23,16.24
4/8/25 7:00,2284,12.06,16.11,15.81,15.82,16.22,16.22,16.02,15.76,15.8,15.85,15.98,16.05,16.08,15.99,16.06,16.04,16.05,16.07,15.84,15.82,16.14,16.15
4/8/25 7:30,2285,12.04,15.61,15.77,15.76,15.95,15.93,15.82,15.86,15.73,15.71,15.85,15.85,15.85,15.8,15.89,15.87,15.88,15.89,15.9,15.89,16,15.98
4/8/25 8:00,2286,12.09,15.59,16.62,16.62,16.72,16.7,16.66,16.91,16.56,16.51,16.66,16.83,16.8,16.73,16.75,16.73,16.81,16.83,16.79,16.79,16.85,16.8
4/8/25 8:30,2287,12.06,15.99,16.9,16.92,16.97,16.9,16.8,17.09,16.67,16.64,16.8,17.04,16.96,16.86,16.84,16.81,16.95,16.94,16.84,16.89,16.85,16.82
4/8/25 9:00,2288,12.03,16.29,16.9,16.91,16.9,16.83,16.77,16.95,16.73,16.74,16.81,17.04,16.98,16.88,16.91,16.89,17.14,17.16,16.91,16.94,16.96,16.93
4/8/25 9:30,2289,12.17,16.7,17.52,17.5,17.44,17.34,17.5,17.64,17.38,17.42,17.65,17.84,17.71,17.52,17.63,17.65,17.63,17.62,17.64,17.7,17.75,17.66
4/8/25 10:00,2290,12.38,16.97,17.69,17.66,17.25,17.2,17.31,18.14,17.44,17.16,17.74,17.56,17.45,17.51,17.6,17.59,17.61,17.58,17.98,18.05,17.66,17.53
4/8/25 10:30,2291,12.57,17.56,18.52,18.44,17.88,17.86,18.02,18.89,18.05,17.83,18.39,18.29,18.21,18.17,18.32,18.32,18.31,18.29,18.93,19.03,18.66,18.57
4/8/25 11:00,2292,12.27,17.7,17.71,17.68,17.51,17.51,17.37,17.83,17.47,17.41,17.64,17.73,17.71,17.54,17.74,17.74,17.72,17.73,18.02,18.05,17.93,17.89
4/8/25 11:30,2293,12.06,17.4,17.08,17.07,17.03,17.02,16.87,17.09,16.95,16.94,17.17,17.2,17.19,17.04,17.23,17.21,17.16,17.17,17.33,17.35,17.31,17.33
4/8/25 12:00,2294,12.08,16.99,16.62,16.61,16.58,16.57,16.18,16.71,16.51,16.46,17.05,16.82,16.8,16.53,16.94,16.91,16.73,16.74,16.77,16.8,16.88,16.86
4/8/25 12:30,2295,12.09,16.72,16.53,16.5,16.48,16.49,16.1,16.67,16.4,16.33,17.02,16.83,16.8,16.48,16.83,16.84,16.63,16.64,16.69,16.71,16.83,16.81
4/8/25 13:00,2296,12.44,16.78,17.04,17.01,16.91,16.89,16.76,17.35,16.86,16.79,17.63,17.27,17.23,16.93,17.29,17.31,17.02,17.04,17.22,17.26,17.45,17.38
4/8/25 13:30,2297,12.41,16.92,16.47,16.43,16.34,16.33,16.21,16.49,16.33,16.41,17.29,17.07,17.02,16.38,17.02,17.09,16.59,16.6,16.66,16.68,16.76,16.8
4/8/25 14:00,2298,12.53,16.73,16.43,16.45,16.37,16.4,16.19,16.5,16.36,16.37,17.28,17.06,17.03,16.39,16.9,16.94,16.61,16.6,16.65,16.69,16.82,16.82
4/8/25 14:30,2299,12.31,16.38,16.09,16.07,16.12,16.08,15.56,16.22,15.95,16.01,16.8,16.61,16.6,15.98,16.64,16.68,16.34,16.34,16.3,16.26,16.44,16.41
4/8/25 15:00,2300,12.48,16.3,16.41,16.34,16.22,16.2,15.79,16.75,16.31,16.34,17.66,17.33,17.22,16.09,17.37,17.53,16.66,16.63,16.44,16.55,16.71,16.85
4/8/25 15:30,2301,12.8,16.72,17.2,17.09,16.93,16.91,16.75,18.02,16.95,16.7,17.77,17.68,17.58,17.05,17.45,17.48,17.28,17.27,17.56,17.66,17.62,17.53
4/8/25 16:00,2302,12.81,17.08,17.47,17.41,17.1,17.07,16.96,18.05,17.18,17.07,17.98,18.04,17.95,17.29,17.9,17.99,17.59,17.58,17.93,17.99,17.81,17.82
4/8/25 16:30,2303,12.73,17.41,17.46,17.42,17.13,17.13,17.06,17.71,17.19,17.21,18.14,18.4,18.32,17.25,17.95,18.07,17.56,17.56,17.65,17.69,17.74,17.85
4/8/25 17:00,2304,12.33,17.07,15.42,15.4,15.29,15.31,14.87,15.25,15.24,15.27,15.55,15.59,15.57,15.3,15.58,15.57,15.46,15.45,15.61,15.63,15.59,15.6
4/8/25 17:30,2305,12.21,15.79,14.48,14.46,14.48,14.52,14.22,14.41,14.4,14.4,14.63,14.62,14.63,14.47,14.66,14.64,14.62,14.64,14.78,14.79,14.71,14.71
4/8/25 18:00,2306,12.17,14.78,14.33,14.31,14.32,14.34,14.02,14.28,14.21,14.21,14.46,14.48,14.5,14.32,14.5,14.48,14.45,14.48,14.6,14.62,14.56,14.57
4/8/25 18:30,2307,12.11,14.1,13.95,13.96,14.03,14.04,13.81,13.91,13.86,13.88,13.98,14.06,14.07,13.98,14.1,14.08,14.09,14.12,14.23,14.23,14.15,14.15
4/8/25 19:00,2308,12.08,13.53,13.98,13.99,14.06,14.05,13.9,13.97,13.9,13.91,13.98,14.08,14.12,14.04,14.14,14.12,14.17,14.19,14.26,14.26,14.17,14.17
4/8/25 19:30,2309,12.06,13.26,13.9,13.88,14.19,14.19,13.89,13.97,13.86,13.85,14.04,14.01,14.08,14.06,14.14,14.12,14.23,14.25,14.24,14.24,14.11,14.11
4/8/25 20:00,2310,12.05,13.11,13.77,13.77,14.14,14.12,13.74,13.79,13.77,13.77,13.9,13.95,13.96,13.89,13.94,13.91,14.02,14.04,13.98,13.98,13.94,13.95
4/8/25 20:30,2311,12.04,13.03,13.92,13.91,14.03,14.04,13.91,13.88,13.86,13.86,13.91,14.07,14.09,14.01,14.12,14.1,14.14,14.16,14.16,14.17,14.1,14.1
4/8/25 21:00,2312,12.04,12.96,13.48,13.49,13.51,13.52,13.38,13.42,13.37,13.38,13.44,13.6,13.62,13.52,13.62,13.6,13.64,13.66,13.72,13.73,13.68,13.68
4/8/25 21:30,2313,12.04,12.73,12.91,12.93,12.91,12.92,12.73,12.81,12.77,12.78,12.82,12.94,12.98,12.91,13.04,13.01,13.07,13.08,13.19,13.21,13.1,13.1
4/8/25 22:00,2314,12.04,12.43,12.92,12.93,12.92,12.93,12.79,12.87,12.76,12.75,12.78,12.92,12.96,12.9,13.01,12.99,13.06,13.07,13.17,13.19,13.08,13.08
4/8/25 22:30,2315,12.03,12.28,12.79,12.82,12.83,12.84,12.69,12.7,12.65,12.65,12.68,12.8,12.84,12.79,12.88,12.86,12.95,12.97,13.07,13.08,12.97,12.97
4/8/25 23:00,2316,12.03,11.99,12.64,12.67,12.72,12.73,12.6,12.61,12.52,12.52,12.53,12.68,12.72,12.68,12.73,12.72,12.82,12.85,12.93,12.94,12.85,12.85
4/8/25 23:30,2317,12.03,11.75,12.77,12.79,12.89,12.9,12.82,12.76,12.68,12.69,12.68,12.89,12.92,12.86,12.89,12.89,12.99,13,13.06,13.07,12.97,12.98
4/9/25 0:00,2318,12.03,11.83,13.1,13.12,13.15,13.16,13.1,13.11,12.99,12.99,13.05,13.21,13.23,13.13,13.25,13.25,13.29,13.31,13.35,13.36,13.28,13.28
4/9/25 0:30,2319,12.03,12.15,12.95,12.96,12.93,12.94,12.87,12.92,12.82,12.83,12.89,13.05,13.06,12.94,13.07,13.06,13.08,13.09,13.16,13.17,13.11,13.11
4/9/25 1:00,2320,12.02,12.42,13.44,13.45,13.51,13.51,13.44,13.44,13.35,13.35,13.35,13.56,13.57,13.49,13.58,13.58,13.63,13.64,13.67,13.68,13.62,13.62
4/9/25 1:30,2321,12.02,12.73,13.47,13.47,13.44,13.44,13.38,13.44,13.36,13.36,13.43,13.57,13.57,13.46,13.58,13.58,13.59,13.59,13.64,13.65,13.61,13.61
4/9/25 2:00,2322,12.02,12.96,13.28,13.28,13.24,13.24,13.17,13.23,13.17,13.17,13.23,13.36,13.38,13.25,13.39,13.38,13.39,13.39,13.44,13.45,13.41,13.41
4/9/25 2:30,2323,12.02,12.98,13.11,13.12,13.06,13.07,12.98,13.05,13,13,13.06,13.17,13.19,13.07,13.22,13.2,13.21,13.22,13.27,13.28,13.23,13.22
4/9/25 3:00,2324,12.02,12.98,13.15,13.15,13.1,13.1,13.03,13.09,13.04,13.04,13.08,13.21,13.22,13.11,13.26,13.24,13.25,13.26,13.3,13.31,13.27,13.26
4/9/25 3:30,2325,12.01,13.07,13.1,13.11,13.06,13.07,12.98,13.04,13.01,13.01,13.06,13.16,13.17,13.07,13.21,13.2,13.21,13.21,13.25,13.26,13.22,13.22
4/9/25 4:00,2326,12.02,12.83,12.94,12.95,12.91,12.91,12.82,12.87,12.84,12.83,12.87,12.98,12.99,12.91,13.03,13.02,13.04,13.05,13.1,13.11,13.06,13.06
4/9/25 4:30,2327,12.02,12.75,12.9,12.91,12.86,12.87,12.78,12.84,12.8,12.8,12.84,12.96,12.97,12.88,13.01,13,13.01,13.02,13.07,13.07,13.03,13.03
4/9/25 5:00,2328,12.02,12.64,12.89,12.89,12.86,12.86,12.79,12.83,12.78,12.78,12.81,12.94,12.95,12.86,13,12.98,13,13.01,13.06,13.07,13.02,13.02
4/9/25 5:30,2329,12.01,12.71,13.12,13.11,13.1,13.11,13.03,13.06,12.98,12.97,12.98,13.16,13.17,13.08,13.2,13.19,13.22,13.23,13.27,13.28,13.22,13.22
4/9/25 6:00,2330,12.02,12.72,12.97,12.98,12.96,12.97,12.86,12.93,12.89,12.87,12.88,13.01,13.04,12.97,13.08,13.07,13.11,13.12,13.16,13.17,13.11,13.11
4/9/25 6:30,2331,12.01,12.6,12.88,12.88,12.83,12.84,12.71,12.83,12.77,12.76,12.79,12.95,12.96,12.85,13.01,13,13.01,13.02,13.03,13.04,13.02,13.01
4/9/25 7:00,2332,12.01,12.5,12.85,12.87,12.88,12.89,12.78,12.84,12.78,12.77,12.77,12.91,12.93,12.86,12.97,12.96,13,13.01,13.04,13.05,13,13.01
4/9/25 7:30,2333,12,12.17,12.85,12.87,12.88,12.89,12.85,12.88,12.79,12.77,13.1,12.97,13,12.87,13.1,13.11,13.01,13.02,13.07,13.08,13.11,13.09
4/9/25 8:00,2334,12.04,12.15,13.44,13.45,13.4,13.4,13.43,13.54,13.33,13.35,13.98,13.68,13.69,13.46,13.88,13.93,13.62,13.62,13.61,13.62,13.69,13.68
4/9/25 8:30,2335,12.29,12.6,14.76,14.78,14.64,14.62,14.96,14.97,14.57,14.65,15.96,15.24,15.18,14.72,15.78,15.86,15,14.93,14.8,14.84,15.01,14.99
4/9/25 9:00,2336,12.62,13.39,15.03,15.04,14.84,14.85,15.05,15.3,14.88,14.99,16.53,15.69,15.64,15.01,16.16,16.38,15.29,15.27,15.1,15.14,15.31,15.37
4/9/25 9:30,2337,12.66,14.09,15.63,15.62,15.35,15.35,15.6,15.83,15.46,15.55,16.62,16.28,16.21,15.53,16.4,16.59,15.76,15.75,15.64,15.69,15.85,15.93
4/9/25 10:00,2338,12.75,15.2,16.55,16.52,16.16,16.15,16.36,17,16.34,16.35,17.23,17.17,17.12,16.46,17.15,17.3,16.64,16.62,16.71,16.82,16.87,16.96
4/9/25 10:30,2339,12.76,16.35,17.37,17.35,16.81,16.86,17.03,17.81,17.02,17,18.05,17.83,17.74,17.06,18.06,18.18,17.54,17.45,17.39,17.48,17.54,17.58
4/9/25 11:00,2340,12.85,17.47,18.16,18.1,17.48,17.51,17.82,18.66,17.77,17.76,18.92,18.75,18.62,17.75,19.01,19.26,18.23,18.2,18.11,18.25,18.32,18.32
4/9/25 11:30,2341,12.46,18.18,17.24,17.23,16.77,16.78,16.74,17.31,16.86,16.83,17.16,17.37,17.34,16.87,17.33,17.41,17.28,17.22,17.34,17.44,17.13,17.17
4/9/25 12:00,2342,12.77,17.74,18.16,18.11,17.13,17.09,17.17,18.38,17.4,17.22,18.17,17.54,17.52,17.42,17.96,18,17.67,17.62,18.29,18.49,17.71,17.6
4/9/25 12:30,2343,12.92,18.09,18.73,18.62,17.48,17.57,17.55,19.56,18.3,18.07,19.63,19.42,19.28,18.14,19.44,19.67,18.46,18.38,19.09,19.31,19.16,19.2
4/9/25 13:00,2344,12.98,19.16,19.24,19.2,17.81,17.78,17.51,19.76,18.41,18.09,19.19,19.03,18.96,18.46,19.13,19.25,18.75,18.72,19.5,19.77,19.01,19.09
4/9/25 13:30,2345,12.95,19.15,18.98,18.86,17.74,17.69,17.65,19.2,18.08,17.81,18.75,18.68,18.68,18.26,18.54,18.66,18.49,18.49,19.36,19.56,18.54,18.55
4/9/25 14:00,2346,13.03,19.62,20.39,20.15,18.66,18.69,18.32,20.79,18.95,18.6,19.3,19.46,19.33,19.1,19.15,19.28,19.4,19.31,20.22,20.58,19.25,19.4
4/9/25 14:30,2347,12.96,20.4,19.74,19.61,18.29,18.33,18.06,19.41,18.43,18.17,18.43,18.77,18.67,18.47,18.56,18.62,18.91,18.87,19.46,19.65,18.77,18.82
4/9/25 15:00,2348,12.77,20.39,18.93,18.9,17.64,17.57,17.47,18.24,17.77,17.63,17.89,18.06,17.94,17.9,17.83,17.86,18.06,18.01,18.9,19.06,18.21,18.2
4/9/25 15:30,2349,12.79,19.95,18.86,18.87,17.96,17.91,18.15,18.56,17.97,17.98,17.9,18.6,18.45,18.46,18.09,18.15,18.82,18.73,18.79,18.85,18.43,18.36
4/9/25 16:00,2350,12.5,19.46,18,18.08,17.36,17.31,17.3,17.7,17.12,17.11,17.27,17.56,17.5,17.32,17.39,17.42,17.81,17.71,17.76,17.91,17.52,17.54
4/9/25 16:30,2351,12.4,18.43,17.2,17.27,16.83,16.77,16.63,17.08,16.43,16.43,16.65,16.77,16.63,16.71,16.6,16.58,16.8,16.8,16.9,17.1,16.68,16.67
4/9/25 17:00,2352,12.33,17.48,16.93,16.95,16.46,16.44,16.36,16.81,16.32,16.24,16.46,16.42,16.43,16.4,16.54,16.52,16.82,16.85,16.92,17.08,16.62,16.6
4/9/25 17:30,2353,12.33,17.04,16.84,16.9,16.4,16.36,16.3,16.7,16.19,16.19,16.34,16.52,16.51,16.36,16.42,16.42,16.72,16.75,16.66,16.84,16.53,16.53
4/9/25 18:00,2354,12.26,16.68,16.46,16.47,16.12,16.06,16.05,16.42,16.01,15.98,16.11,16.21,16.19,16.16,16.15,16.15,16.59,16.57,16.48,16.6,16.23,16.24
4/9/25 18:30,2355,12.22,16.04,15.32,15.35,15.11,15.13,14.89,15.08,15.01,15.01,15.09,15.17,15.2,15.08,15.25,15.24,15.31,15.31,15.42,15.48,15.33,15.35
4/9/25 19:00,2356,12.22,14.93,14.38,14.41,14.36,14.38,14.16,14.18,14.18,14.24,14.3,14.39,14.43,14.28,14.47,14.46,14.49,14.52,14.53,14.57,14.58,14.59
4/9/25 19:30,2357,12.21,13.88,13.81,13.85,13.87,13.89,13.69,13.69,13.69,13.75,13.83,13.94,13.98,13.79,13.99,13.98,14,14.02,13.96,13.98,14.11,14.13
4/9/25 20:00,2358,12.19,13.15,13.41,13.46,13.54,13.57,13.4,13.33,13.34,13.39,13.45,13.63,13.67,13.45,13.7,13.69,13.7,13.73,13.63,13.66,13.8,13.83
4/9/25 20:30,2359,12.17,12.62,13.24,13.28,13.31,13.36,13.13,13.17,13.17,13.21,13.29,13.37,13.44,13.2,13.45,13.44,13.45,13.48,13.42,13.46,13.58,13.6
4/9/25 21:00,2360,12.16,12.35,13.21,13.26,13.32,13.34,13.19,13.16,13.07,13.14,13.27,13.4,13.44,13.17,13.4,13.4,13.41,13.43,13.31,13.32,13.51,13.5
4/9/25 21:30,2361,12.15,12.23,12.97,13.04,13.06,13.08,12.9,12.94,12.83,12.89,13.02,13.15,13.19,12.95,13.17,13.16,13.19,13.22,13.12,13.15,13.31,13.31
4/9/25 22:00,2362,12.14,12,12.52,12.56,12.66,12.7,12.47,12.53,12.43,12.49,12.62,12.71,12.79,12.45,12.67,12.67,12.67,12.7,12.56,12.61,12.77,12.78
4/9/25 22:30,2363,12.14,11.62,12.16,12.22,12.27,12.31,12.06,12.11,12.69,12.05,12.2,12.26,12.34,12,12.35,12.34,12.33,12.36,12.19,12.26,12.44,12.44
4/9/25 23:00,2364,12.13,11.07,11.43,11.48,11.52,11.6,11.08,11.34,11,11.08,11.26,11.27,11.35,11.23,11.34,11.32,11.28,11.28,11.51,11.63,11.41,11.42
4/9/25 23:30,2365,12.11,10.52,11.13,11.19,11.3,11.36,10.87,10.91,10.67,10.76,10.99,10.97,11.08,10.82,11.12,11.11,10.99,11.01,11.16,11.27,11.16,11.2
4/10/25 0:00,2366,12.1,10.21,11.2,11.24,11.14,11.23,10.85,10.97,10.63,10.72,10.92,10.99,11.09,10.83,11.07,11.04,11.01,11.03,11.14,11.19,11.12,11.14
4/10/25 0:30,2367,12.09,10.71,12.02,12.03,11.83,11.84,11.66,11.84,11.57,11.59,11.73,11.88,11.91,11.71,11.92,11.89,12,12,12.11,12.16,12.01,12.02
4/10/25 1:00,2368,12.08,11.57,12.17,12.14,11.98,11.99,11.78,12.09,11.84,11.85,12.02,12.15,12.21,11.95,12.25,12.23,12.29,12.3,12.34,12.37,12.31,12.32
4/10/25 1:30,2369,12.06,12.16,12.42,12.42,12.22,12.21,12.07,12.25,12.08,12.1,12.16,12.29,12.31,12.18,12.29,12.28,12.42,12.4,12.45,12.47,12.38,12.36
4/10/25 2:00,2370,12.06,12.49,12.32,12.33,12.16,12.11,11.99,12.09,12.02,12.03,12.04,12.24,12.23,12.09,12.17,12.15,12.33,12.31,12.28,12.27,12.27,12.24
4/10/25 2:30,2371,12.05,12.61,12.48,12.49,12.11,12.07,11.99,12.08,12,12,12.04,12.2,12.21,12.03,12.17,12.13,12.34,12.34,12.29,12.3,12.28,12.27
4/10/25 3:00,2372,12.04,12.64,12.26,12.28,11.96,11.99,11.87,11.96,11.89,11.9,11.91,12.11,12.14,11.92,12.09,12.07,12.2,12.21,12.2,12.22,12.2,12.19
4/10/25 3:30,2373,12.03,12.58,12.08,12.08,11.71,11.75,11.61,11.75,11.69,11.7,11.73,11.88,11.91,11.72,11.9,11.87,11.98,11.99,12.02,12.04,11.98,11.98
4/10/25 4:00,2374,12.03,12.34,11.64,11.65,11.43,11.43,11.19,11.41,11.39,11.4,11.46,11.6,11.64,11.34,11.58,11.57,11.67,11.65,11.71,11.73,11.7,11.7
4/10/25 4:30,2375,12.03,11.93,11.14,11.14,11,10.98,10.73,10.96,10.93,10.96,11.09,11.2,11.26,10.87,11.18,11.16,11.23,11.19,11.26,11.28,11.27,11.25
4/10/25 5:00,2376,12.02,11.57,11.22,11.2,10.95,10.94,10.75,11.01,10.88,10.88,11.05,11.11,11.14,10.93,11.2,11.18,11.16,11.15,11.31,11.32,11.22,11.2
4/10/25 5:30,2377,12.01,11.76,11.54,11.54,11.18,11.19,11.11,11.21,11.11,11.12,11.19,11.31,11.33,11.2,11.33,11.3,11.42,11.43,11.47,11.49,11.4,11.39
4/10/25 6:00,2378,12.02,11.93,11.52,11.54,11.29,11.29,11.12,11.25,11.17,11.17,11.24,11.32,11.34,11.24,11.36,11.34,11.43,11.43,11.46,11.48,11.44,11.43
4/10/25 6:30,2379,12,11.78,11.45,11.46,11.08,11.1,10.93,11.07,11,11.01,11.05,11.18,11.2,11.03,11.2,11.17,11.31,11.32,11.32,11.33,11.29,11.29
4/10/25 7:00,2380,11.99,11.67,10.79,10.82,10.66,10.72,10.36,10.6,10.5,10.55,10.64,10.63,10.72,10.56,10.78,10.76,10.89,10.94,10.98,11.04,10.96,11.02
4/10/25 7:30,2381,12.01,10.62,10.75,10.78,11.41,11.22,11.43,11.01,10.91,10.7,12.24,11.07,11.06,10.47,11.35,11.2,11.26,11.2,11.58,11.62,12.39,11.34
4/10/25 8:00,2382,12.63,10.54,13.11,12.99,13.52,13.54,13.67,13.06,14.39,14.48,16.03,13.84,13.41,13.23,15.27,14.9,15.17,14.6,14.03,13.91,16.77,14.03
4/10/25 8:30,2383,12.94,11.46,14.46,14.4,14.68,14.42,15.4,14.58,14.47,14.66,17.8,15.85,15.45,18.18,17.03,16.56,16.74,16.43,15.53,15.42,15.65,15.21
4/10/25 9:00,2384,12.89,12.95,16.42,16.5,15.44,15.18,16.4,16.18,15.35,15.43,16.36,16.38,16.08,16.06,16.14,16.02,16.72,16.67,15.9,15.79,15.83,15.58
4/10/25 9:30,2385,12.74,14.04,15.37,15.52,14.85,14.77,14.95,15.67,14.54,14.58,14.6,15.41,15.27,15.11,14.82,14.8,15.33,15.36,15.03,15.26,14.81,14.76
4/10/25 10:00,2386,13.06,15.06,17.68,17.89,16.55,16.34,17.14,17.55,16.37,16.42,16.64,17.48,17.17,17.21,17.16,17.14,17.89,17.91,17.22,17.23,16.88,16.75
4/10/25 10:30,2387,13.16,17.73,20.23,20.47,19.3,18.89,19.9,20.9,19.19,18.97,19.42,20.79,20.42,20.18,20.01,19.88,20.92,20.54,20.08,19.88,19.64,19.49
4/10/25 11:00,2388,13.14,21.32,21.42,21.43,20.09,19.64,20.39,22.08,20.32,20.23,20.2,21.41,20.9,20.87,20.56,20.73,21.84,21.59,21.12,21.05,20.35,20.2
4/10/25 11:30,2389,13.14,23.43,22.68,22.8,21.53,21.29,21.63,24.04,21.58,21.55,21.53,23.32,22.49,22.28,21.92,21.95,23.25,22.99,21.95,22.24,21.62,21.79
4/10/25 12:00,2390,13.14,25.5,24.11,24.39,21.77,21.82,21.94,25.55,22.49,22.3,22.33,23.82,23.04,22.66,22.5,22.6,23.8,24.08,22.45,22.88,22.36,22.61
4/10/25 12:30,2391,13.14,26.84,24.85,25.47,23.04,23.06,22.87,25.94,23,23.36,22.73,24.69,24.11,23.94,23.19,23.24,24.83,24.79,23.07,23.59,23.18,23.68
4/10/25 13:00,2392,13.13,28.01,26.67,27.09,24.65,24.63,24.11,25.26,24.2,24.3,23.52,25.96,25.44,24.98,23.92,24.05,25.81,25.97,24.13,24.93,24.13,24.48
4/10/25 13:30,2393,13.13,29.33,27.99,27.93,25.77,25.84,25.08,24.87,24.93,25.54,24.27,27.09,26.56,25.63,24.82,25.21,27.2,26.98,25.01,25.58,25.26,25.35
4/10/25 14:00,2394,13.12,30.28,28.06,27.71,25.79,25.68,25.63,25.33,25.18,25.87,24.86,26.75,26.43,25.66,25.81,26.21,28.38,27.53,25.63,25.55,25.97,26.07
4/10/25 14:30,2395,13.11,30.66,28.97,28.35,26.62,26.26,25.42,26.85,25.82,26.12,25.28,27.77,27.42,26.79,26.01,26.26,29.15,28.83,25.97,25.93,26.17,26.3
4/10/25 15:00,2396,12.96,29.91,26.15,25.88,24.62,24.6,25.21,24.69,24.2,24.47,24.16,25.28,25.04,24.52,24.71,24.76,26.88,26.31,24.76,24.83,24.63,24.91
4/10/25 15:30,2397,13.07,28.75,28.21,28.28,25.5,25.39,26.78,26.47,25.18,25.41,24.72,25.82,25.71,26.5,25.44,25.53,27.53,27.32,26.17,26.55,25.24,25.57
4/10/25 16:00,2398,12.76,27.63,24.67,24.88,23.56,23.61,23.36,24.23,23.24,23.35,23.1,23.65,23.72,23.72,23.61,23.64,24.49,24.49,24,24.17,23.49,23.7
4/10/25 16:30,2399,12.76,25.73,25.89,26,23.67,23.83,24.91,27.9,23.52,23.65,23.12,24.5,24.49,25.25,23.75,23.86,25.51,25.57,25.66,25.43,23.58,23.78
4/10/25 17:00,2400,12.58,24.91,24.25,24.22,23.52,23.5,22.96,26.82,22.64,22.66,22.41,23.32,23.35,24.11,22.8,22.8,23.58,23.67,24.36,24.36,22.66,22.8
4/10/25 17:30,2401,12.36,23.16,23.46,23.59,23.32,22.9,22.27,27.4,22.48,22.22,21.66,22.46,22.31,23.99,21.78,21.77,22.69,22.62,23.82,23.81,21.89,21.99
4/10/25 18:00,2402,12.27,21.31,21.17,21.81,21.59,21.19,20.65,24.17,20.84,20.64,20.34,20.8,20.91,21.51,20.36,20.34,21.5,21.14,20.89,20.84,20.42,20.48
4/10/25 18:30,2403,12.29,19.07,18.03,18.08,17.93,18.07,17.76,17.76,17.94,17.96,18.08,17.93,18.06,17.66,18.09,18.06,18.17,18.19,18.07,18.13,18.19,18.21
4/10/25 19:00,2404,12.29,17.16,16.68,16.71,16.61,16.74,16.39,16.45,16.58,16.61,16.78,16.56,16.71,16.36,16.8,16.77,16.85,16.87,16.73,16.75,16.87,16.89
4/10/25 19:30,2405,12.27,15.9,15.9,15.91,15.86,15.99,15.63,15.64,15.82,15.84,16,15.69,15.84,15.62,16.05,16.04,16.08,16.1,15.93,15.95,16.1,16.1
4/10/25 20:00,2406,12.25,14.98,15.46,15.48,15.42,15.56,15.17,15.27,15.35,15.39,15.47,15.42,15.56,15.27,15.68,15.67,15.68,15.72,15.47,15.48,15.7,15.7
4/10/25 20:30,2407,12.25,14.45,14.97,15,14.96,15.1,14.64,14.79,14.76,14.8,14.93,14.83,14.97,14.73,15.09,15.09,15.18,15.2,14.89,14.92,15.1,15.11
4/10/25 21:00,2408,12.23,13.85,14.29,14.36,14.51,14.55,14.14,14.17,13.88,13.95,14.22,14.26,14.38,14.15,14.39,14.37,14.42,14.44,14.58,14.68,14.4,14.47
4/10/25 21:30,2409,12.23,13.3,13.81,13.87,14.16,14.18,13.71,13.67,13.37,13.48,13.79,13.7,13.78,13.72,13.72,13.7,13.76,13.76,13.85,13.94,13.87,13.89
4/10/25 22:00,2410,12.21,12.87,13.53,13.6,13.77,13.81,13.27,13.32,13.02,13.16,13.39,13.46,13.56,13.31,13.47,13.46,13.42,13.43,13.43,13.51,13.49,13.53
4/10/25 22:30,2411,12.2,12.61,13.45,13.49,13.65,13.76,13.26,13.24,13.08,13.18,13.4,13.39,13.53,13.2,13.56,13.56,13.45,13.47,13.28,13.34,13.54,13.57
4/10/25 23:00,2412,12.19,12.41,13.16,13.21,13.33,13.37,12.89,12.89,12.61,12.7,13,13,13.11,12.84,12.99,12.97,12.91,12.92,12.94,13.01,13.07,13.11
4/10/25 23:30,2413,12.19,12.13,13.02,13.08,13.13,13.22,12.76,12.83,12.65,12.75,12.93,12.99,13.18,12.76,13.08,13.07,12.98,13,12.8,12.87,13.11,13.14
4/11/25 0:00,2414,12.18,11.89,12.74,12.82,12.88,12.89,12.58,12.57,12.17,12.3,12.58,12.71,12.83,12.46,12.82,12.81,12.64,12.64,12.57,12.67,12.79,12.81
4/11/25 0:30,2415,12.17,11.61,12.47,12.54,12.83,12.85,12.66,12.5,12.05,12.16,12.39,12.71,12.78,12.39,12.71,12.69,12.6,12.61,12.7,12.76,12.71,12.78
4/11/25 1:00,2416,12.15,11.46,12.21,12.27,12.84,12.88,12.3,12.14,11.88,11.98,12.11,12.29,12.34,12.38,12.17,12.14,12.3,12.29,12.62,12.67,12.35,12.39
4/11/25 1:30,2417,12.14,11.35,12.11,12.14,12.67,12.67,12.29,12.19,11.94,11.98,12.12,12.31,12.38,12.22,12.25,12.22,12.32,12.34,12.57,12.6,12.26,12.28
4/11/25 2:00,2418,12.14,11.26,11.67,11.71,12.22,12.24,11.99,11.76,NAN,11.41,11.66,11.99,12.03,11.81,12.08,12.04,12.17,12.18,12.33,12.35,12.01,12.03
4/11/25 2:30,2419,12.12,11.21,11.87,11.93,12.29,12.27,11.96,11.78,NAN,11.55,11.74,11.83,11.89,11.86,11.82,11.79,11.87,11.88,12.01,12.08,11.8,11.8
4/11/25 3:00,2420,12.12,11.01,11.64,11.7,12.48,12.48,12.1,11.59,NAN,11.47,11.71,11.72,11.79,11.91,11.67,11.65,11.74,11.71,11.78,11.83,11.69,11.73
4/11/25 3:30,2421,12.11,10.83,11.81,11.87,12.6,12.58,12.28,11.71,NAN,11.65,11.88,11.87,11.95,11.94,11.71,11.69,11.69,11.66,11.71,11.75,11.84,11.86
4/11/25 4:00,2422,12.1,10.71,11.63,11.68,12.16,12.16,11.83,11.56,NAN,11.47,11.66,11.79,11.86,11.62,11.8,11.8,11.67,11.65,11.53,11.61,11.77,11.77
4/11/25 4:30,2423,12.09,10.68,11.77,11.82,12.28,12.32,12.07,11.83,NAN,11.69,11.92,12.13,12.21,11.76,12.19,12.18,11.94,11.94,11.75,11.84,12.12,12.14
4/11/25 5:00,2424,12.08,10.69,11.82,11.89,12.26,12.27,12.07,11.87,NAN,11.67,11.88,12.14,12.26,11.72,12.07,12.07,11.92,11.93,11.68,11.76,12.04,12.04
4/11/25 5:30,2425,12.07,10.71,11.69,11.75,12.43,12.49,12.06,12.1,NAN,11.89,11.98,12.4,12.5,12.01,12.29,12.3,12.2,12.22,12.04,12.1,12.35,12.39
4/11/25 6:00,2426,12.06,10.62,11.55,11.63,12.18,12.2,11.89,11.69,NAN,11.52,11.58,11.95,12.04,11.71,12.05,12.04,11.8,11.79,11.85,11.92,11.83,11.84
4/11/25 6:30,2427,12.06,10.45,11.26,11.32,12.18,12.26,11.81,11.63,NAN,11.4,11.56,11.93,12.05,11.51,11.9,11.9,11.74,11.74,11.56,11.63,11.72,11.76
4/11/25 7:00,2428,12.06,10.26,11.27,11.31,11.84,11.94,11.61,11.75,NAN,11.55,11.53,12.05,12.18,11.6,12.07,12.07,11.93,11.97,11.75,11.81,11.89,11.92
4/11/25 7:30,2429,12.07,10.35,11.97,12.01,13.46,13,13.47,12.86,NAN,12.54,14.76,13.06,12.95,12.12,14.08,13.94,13.3,13.23,13.09,13.02,14.9,13.56
4/11/25 8:00,2430,12.61,10.96,14.08,14.1,14.86,14.71,15.5,15.08,NAN,16.69,22.34,16.55,15.95,14.79,21.2,20.26,16.28,15.27,14.97,14.84,20.66,17.6
4/11/25 8:30,2431,12.95,12.33,17.06,17,16.67,16.54,17.53,18.69,16.81,16.8,21.04,18.68,18.15,20.23,19.17,18.65,17.95,17.58,18.09,18.62,17.89,17.08
4/11/25 9:00,2432,12.99,14.06,18.38,18.46,17.77,17.57,19.29,18.18,17.79,17.9,21.03,18.75,18.58,18.34,20.4,19.88,21.49,20.1,19.12,18.61,18.55,18.08
4/11/25 9:30,2433,13.15,15.81,19.66,19.87,18.84,18.94,20.13,18.92,18.83,18.9,19.48,19.7,19.53,19.21,21.34,20.94,21.39,21.07,20.13,19.88,20.15,19.54
4/11/25 10:00,2434,13.14,18.01,20.61,20.82,20.17,20.29,21.48,20.1,20.06,20.12,21.1,21.2,20.87,20,23.28,22.9,22.53,21.72,21.27,21.14,20.99,20.85
4/11/25 10:30,2435,13.16,20.83,22.31,22.5,21.72,21.51,22.22,21.83,21.7,21.64,22.15,22.57,22.13,21.61,24.18,23.94,23.8,23.04,22.67,22.24,22.07,22.01
4/11/25 11:00,2436,13.15,23.52,23.58,23.63,22.45,22.35,22.96,23.29,22.91,23.13,23.21,23.68,23.27,22.89,23.57,23.59,24.54,24.15,23.8,23.61,23.42,23.57
4/11/25 11:30,2437,13.15,25.84,24.74,24.46,23.44,23.31,23.65,24.16,23.9,23.83,24.13,25.1,24.56,23.61,24.42,24.41,25.81,25.44,24.19,24.26,24.41,24.68
4/11/25 12:00,2438,13.15,27.71,25.66,25.82,24.13,24.19,24.89,25.15,24.93,25.09,25.34,25.63,25.06,24.48,25.48,25.52,26.73,26.57,25.32,25.62,25.48,25.98
4/11/25 12:30,2439,13.15,29.15,27.07,27.44,25.75,25.72,25.99,25.91,25.81,25.87,25.89,26.79,26.31,26,26.39,26.47,27.79,27.52,26.03,26.21,26.04,26.54
4/11/25 13:00,2440,13.14,30.51,28.23,28.41,27.31,27.4,27.22,26.11,27.17,27.44,26.55,28.29,27.78,27.14,27.4,27.53,28.86,28.57,27.47,27.8,27.43,27.78
4/11/25 13:30,2441,13.12,31.64,29.34,29.12,27.94,27.97,27.51,26.68,27.44,27.89,27.26,28.76,28.24,27.3,28.09,28.32,29.75,29.19,28.07,28.31,28.13,28.18
4/11/25 14:00,2442,13.13,32.29,30.26,29.8,28.67,28.77,28.08,27.88,27.99,28.53,27.77,29.21,28.96,27.74,28.61,28.96,30.57,30.03,28.26,28.41,28.59,28.84
4/11/25 14:30,2443,13.12,32.9,30.51,30.26,28.92,28.64,27.32,27.97,27.84,28.12,27.88,29.51,29.1,28.37,28.82,28.96,31.08,30.55,28.59,28.57,28.63,28.87
4/11/25 15:00,2444,13.08,32.95,30.59,30.23,28.4,28.25,28.72,28.12,27.9,28.23,27.61,29.25,28.89,28.53,28.62,28.65,31.4,30.54,28.5,28.48,28.43,28.82
4/11/25 15:30,2445,13.12,32.23,30.29,30.06,27.98,27.95,29.78,27.74,27.69,27.84,27.61,28.26,28.1,28.57,28.32,28.41,30.29,30,28.96,28.88,27.96,28.25
4/11/25 16:00,2446,13.09,31.11,29.63,29.5,27.54,27.43,29.29,27.46,27.05,27.14,26.97,27.96,27.93,28.26,27.9,28.03,30.03,29.7,29.85,28.81,27.46,27.74
4/11/25 16:30,2447,12.82,29.97,29.18,29.01,26.84,26.89,29.54,28.28,26.94,27.03,26.57,27.62,27.66,28.21,27.39,27.48,29.56,29.17,29.2,28.09,27.06,27.22
4/11/25 17:00,2448,12.56,28.38,27.68,27.33,26.78,26.3,27.7,27.41,26.41,26.45,25.63,26.58,26.56,27.52,26.23,26.27,27.9,27.66,28.21,27.17,26.09,26.3
4/11/25 17:30,2449,12.39,26.19,26.35,26.07,25.94,25.17,25.82,26.13,25.61,25.44,24.61,25.19,25.1,26.27,24.88,24.93,26.72,26.26,26.8,25.89,24.98,25.11
4/11/25 18:00,2450,12.3,23.99,24.36,24.87,24.53,23.95,23.99,25.04,24.07,23.96,23.4,23.71,23.9,24.15,23.53,23.56,25.52,24.66,23.67,23.61,23.48,23.63
4/11/25 18:30,2451,12.29,21.86,21.25,21.42,21.34,21.6,20.91,21.09,21.53,21.55,21.71,21.48,21.75,20.6,21.6,21.63,21.67,21.73,21.4,21.67,21.76,21.88
4/11/25 19:00,2452,12.27,19.82,19.41,19.53,20.13,20.28,19.56,19.4,19.52,19.62,19.85,19.83,20.11,19.7,19.84,19.86,20.01,20.05,20.1,20.24,20.11,20.21
4/11/25 19:30,2453,12.27,18.16,19.81,19.89,20.4,20.39,20,19.5,19.32,19.33,19.47,19.44,19.64,19.55,19.27,19.27,19.7,19.77,19.64,19.67,19.48,19.54
4/11/25 20:00,2454,12.26,17.07,18.75,18.84,19.7,19.7,19.23,18.71,18.54,18.69,18.71,18.71,18.79,18.97,18.87,18.85,19.05,19.04,19.02,19.06,18.95,19.01
4/11/25 20:30,2455,12.24,16.11,17.7,17.79,18.87,19.03,18.43,17.77,17.52,17.7,17.86,17.68,17.8,18.14,17.54,17.55,17.87,17.89,17.72,17.7,17.7,17.87
4/11/25 21:00,2456,12.24,15.47,18.91,18.99,19.4,19.41,19.15,19.09,18.79,18.76,18.67,18.83,18.97,19.16,19.02,19,19.32,19.36,19.43,19.46,19.2,19.26
4/11/25 21:30,2457,12.22,15.54,18.41,18.52,18.98,18.99,18.7,18.83,18.45,18.44,18.46,18.65,18.76,18.98,18.84,18.84,19.19,19.2,19.2,19.22,18.97,18.99
4/11/25 22:00,2458,12.21,15.46,17.64,17.75,18.65,18.61,18.4,17.69,17.34,17.49,17.44,17.92,18.01,18.03,17.84,17.84,18.15,18.15,18.13,18.14,17.69,17.77
4/11/25 22:30,2459,12.21,14.84,15.97,16.02,17.44,17.47,17.02,16.42,16.21,16.45,16.81,16.85,16.94,16.53,16.62,16.63,16.52,16.5,16.1,16.19,16.62,16.64
4/11/25 23:00,2460,12.19,14.11,16.04,16.07,17.59,17.73,17.16,16.75,16.59,16.76,17.26,16.66,16.83,16.59,16.52,16.53,16.28,16.3,16.31,16.43,16.96,17.03
4/11/25 23:30,2461,12.18,14.1,17.42,17.47,18.19,18.3,17.75,17.91,17.27,17.2,17.66,17.3,17.51,17.36,17.62,17.64,17.56,17.67,17.57,17.68,17.52,17.57
4/12/25 0:00,2462,12.13,14.38,16.91,16.99,17.86,17.95,17.35,17.63,17.33,17.33,17.56,17.45,17.66,17.59,17.42,17.44,17.38,17.41,17.34,17.46,17.46,17.5
4/12/25 0:30,2463,12.16,14.27,15.55,15.59,17.21,17.32,16.84,16.37,16.43,16.62,16.71,16.8,16.97,16.46,16.82,16.85,16.52,16.5,16.05,16.11,16.82,16.79
4/12/25 1:00,2464,12.15,13.68,15.12,15.19,16.41,16.39,16,15.55,15.24,15.38,15.67,15.88,15.95,15.49,15.96,15.96,15.65,15.64,15.26,15.35,15.78,15.8
4/12/25 1:30,2465,12.14,13.04,15.1,15.18,16.05,16.16,15.61,15.57,14.94,15.07,15.41,15.21,15.34,15.29,15.5,15.51,15.26,15.22,15.16,15.22,15.3,15.32
4/12/25 2:00,2466,12.13,12.67,15.24,15.29,16.44,16.57,16.03,15.9,15.67,15.83,16.11,16.08,16.22,15.85,16.09,16.12,16.04,16.04,15.69,15.82,16.15,16.16
4/12/25 2:30,2467,12.1,13.14,17.48,17.54,17.92,18.05,17.84,17.97,17.67,17.68,17.89,17.99,18.12,18.06,18.23,18.26,18.2,18.24,18.15,18.24,18.31,18.35
4/12/25 3:00,2468,12.11,14.04,18.16,18.22,18.48,18.58,18.5,18.6,18.3,18.25,18.4,18.5,18.61,18.51,18.68,18.74,18.66,18.71,18.47,18.52,18.62,18.65
4/12/25 3:30,2469,12.11,14.64,17.86,17.93,17.99,18.08,17.81,18.29,17.95,17.91,18.1,18.1,18.22,18.07,18.1,18.16,18.09,18.15,17.96,18.01,18.07,18.09
4/12/25 4:00,2470,12.07,14.6,17.07,17.14,17.22,17.34,17.01,17.53,17.25,17.18,17.29,17.34,17.48,17.33,17.36,17.43,17.34,17.42,17.23,17.29,17.36,17.44
4/12/25 4:30,2471,12.09,13.96,16.42,16.49,16.72,16.78,16.44,16.92,16.73,16.68,16.72,16.8,16.93,16.86,16.94,17,16.99,17.09,16.92,16.94,16.95,17.05
4/12/25 5:00,2472,12.06,13.18,14.71,14.79,15.42,15.46,15.11,15.02,14.74,14.77,14.61,14.77,14.9,15.23,14.98,14.97,15.28,15.3,15.28,15.3,15.12,15.16
4/12/25 5:30,2473,12.04,11.94,14.12,14.26,14.94,15.05,14.56,14.49,NAN,14.07,14.29,13.94,14.12,14.37,13.94,13.95,14.24,14.32,14.35,14.37,14.22,14.26
4/12/25 6:00,2474,12.06,11.33,13.57,13.64,14.21,14.24,13.8,13.86,NAN,13.35,13.53,13.76,13.96,13.76,13.43,13.47,13.53,13.53,13.83,13.86,13.68,13.78
4/12/25 6:30,2475,12.07,10.42,13.39,13.48,14.5,14.56,14.07,13.48,13.29,13.31,13.1,13.47,13.64,13.59,13.42,13.42,13.7,13.72,13.72,13.75,13.48,13.57
4/12/25 7:00,2476,12.06,10.03,11.66,11.71,12.11,12.07,11.94,11.85,NAN,11.54,11.42,11.86,11.96,11.99,12.15,12.14,12.28,12.3,12.41,12.44,12.1,12.16
4/12/25 7:30,2477,12.07,9.63,11.54,11.59,12.15,12.1,12.5,12.2,NAN,11.96,15.52,12.5,12.56,11.87,13.6,13.85,12.59,12.58,12.53,12.59,14.02,13.47
4/12/25 8:00,2478,12.53,9.98,14.6,14.65,14.82,14.85,15.46,15.31,NAN,15.65,21.11,16.05,16.14,14.74,18.92,19.12,15.6,15.4,15.14,15.23,16.66,16.66
4/12/25 8:30,2479,13,11.52,16.96,16.99,16.85,16.8,18.02,17.61,NAN,17,22.91,18.61,18.51,17.68,20.41,20.57,18.08,17.87,17.33,17.41,17.6,17.76
4/12/25 9:00,2480,13.02,14.04,17.66,17.94,17.38,17.2,18.22,17.51,17.35,17.38,18.56,17.86,17.84,17.3,18.82,18.53,19.12,18.61,17.95,17.89,17.76,17.63
4/12/25 9:30,2481,13.14,16.25,18.99,19.28,18.8,18.72,20.05,18.69,18.93,19.02,19.48,19.69,19.43,18.69,21.46,21.1,20.94,20.43,19.74,19.71,19.39,19.33
4/12/25 10:00,2482,13.15,18.92,20.05,20.2,19.83,19.84,21.21,20,19.99,20.24,22.3,21.53,21.06,19.65,22.96,22.92,21.72,21.14,20.39,20.51,20.77,20.87
4/12/25 10:30,2483,13.15,21.55,21.42,21.57,20.92,20.94,21.67,21.6,21.27,21.44,23.51,22.93,22.55,21.26,24.14,24.12,23.13,22.45,22.06,22.01,22.42,22.65
4/12/25 11:00,2484,13.15,23.28,21.6,21.68,20.83,20.91,21.3,22.05,21.56,21.89,23.22,22.82,22.7,21.29,22.87,23.16,22.48,22.28,21.79,21.97,22.09,22.41
4/12/25 11:30,2485,13.14,24.96,22.26,22.07,20.54,20.63,20.82,22.39,21.68,21.84,24.45,24.1,23.73,21.34,23.43,23.8,22.46,22.49,21.96,22.2,22.65,23.37
4/12/25 12:00,2486,13.13,26.45,23.47,23.55,21.69,21.49,22.79,23.59,22.94,23.35,24.46,24.64,24.13,22.56,24.26,24.48,24.24,24.07,23.11,23.18,23.55,24.05
4/12/25 12:30,2487,13.09,27.68,24.06,24.05,22.74,22.73,23.02,23.72,23.25,23.71,25.05,25.15,24.88,23.16,25.3,25.7,24.54,24.55,23.63,23.77,24.18,24.88
4/12/25 13:00,2488,13.1,28.3,24.5,24.5,23.25,23.32,23.13,24.07,23.75,24.38,25.88,25.87,25.57,23.28,25.93,26.55,24.54,24.48,24.06,24.31,24.54,25.17
4/12/25 13:30,2489,13.13,28.68,24.61,24.48,23.34,23.37,23.29,24.09,23.9,24.47,25.78,26.03,25.74,23.45,25.95,26.54,24.64,24.52,24.06,24.2,24.49,24.99
4/12/25 14:00,2490,13.13,28.13,23.56,23.39,22,22.01,21.81,23.19,22.62,22.92,24.1,24.09,24.1,22.35,23.99,24.34,23.3,23.34,23.17,23.3,23.23,23.6
4/12/25 14:30,2491,13.14,26.96,24.41,24.15,22.06,22.13,21.2,24.86,22.71,22.51,23,23.48,23.49,22.65,23.35,23.64,23.49,23.52,23.59,23.82,23.3,23.66
4/12/25 15:00,2492,13.14,27.35,24.34,23.96,22.41,22.46,22,24.15,22.67,23.01,24.07,24.89,24.68,23.03,24.63,24.93,24.4,24.1,23.48,23.55,23.67,24.15
4/12/25 15:30,2493,13.13,27.53,23.92,23.67,22.06,22.17,22.66,22.78,22.28,22.67,24,23.74,23.64,22.73,24.21,24.5,23.95,23.96,23.52,23.49,23.13,23.51
4/12/25 16:00,2494,13.13,27.06,23.48,23.29,21.73,21.85,22.24,22.78,21.91,22.18,22.79,23.65,23.59,22.48,23.52,23.69,23.66,23.56,23.57,23.21,22.61,23.01
4/12/25 16:30,2495,13.11,26.18,22.41,22.23,20.86,21,21.45,23.95,21.59,21.71,21.88,22.8,22.85,21.93,22.74,22.91,22.87,22.81,23,22.57,21.93,22.21
4/12/25 17:00,2496,12.79,24.49,21.65,21.3,20.35,20.36,20.34,24.64,20.94,20.57,20.68,21.45,21.53,21.3,21.12,21.12,21.25,21.26,22.9,22.52,21.18,21.43
4/12/25 17:30,2497,12.44,22.3,19.84,19.56,19.1,19.03,18.75,21.69,19.51,19,19.18,19.41,19.43,19.46,19.29,19.3,19.4,19.4,20.8,20.59,19.68,19.87
4/12/25 18:00,2498,12.33,19.84,18.05,18,17.7,17.66,17.31,18.88,17.68,17.39,17.61,17.71,17.78,17.63,17.68,17.66,17.86,17.76,18.44,18.43,17.95,18.07
4/12/25 18:30,2499,12.28,17.74,16.51,16.52,16.36,16.39,16.07,16.17,16.18,16.2,16.36,16.43,16.48,16.34,16.43,16.41,16.45,16.49,16.82,16.84,16.59,16.68
4/12/25 19:00,2500,12.27,16.53,15.32,15.34,14.89,14.92,14.62,14.82,NAN,14.8,14.89,14.96,15,14.94,15.02,14.98,15.06,15.07,15.33,15.35,15.19,15.2
4/12/25 19:30,2501,12.26,15.33,14.35,14.38,13.99,14.01,13.76,13.91,NAN,13.92,14.01,14.07,14.11,14.02,14.1,14.06,14.12,14.14,14.37,14.38,14.27,14.28
4/12/25 20:00,2502,12.24,14.14,13.45,13.46,13.12,13.14,12.93,13.03,NAN,13.03,13.11,13.2,13.24,13.12,13.21,13.18,13.24,13.26,13.45,13.46,13.37,13.37
4/12/25 20:30,2503,12.22,13.35,13.04,13.06,12.7,12.72,12.52,12.6,NAN,12.59,12.69,12.79,12.82,12.71,12.79,12.75,12.8,12.81,12.99,13,12.93,12.93
4/12/25 21:00,2504,12.21,12.85,12.63,12.68,12.35,12.37,12.17,12.28,NAN,12.26,12.37,12.47,12.51,12.36,12.48,12.45,12.52,12.54,12.68,12.7,12.64,12.64
4/12/25 21:30,2505,12.2,12.29,12.33,12.37,12.1,12.12,11.94,12.01,42.86,11.98,12.11,12.22,12.26,12.08,12.22,12.19,12.25,12.26,12.37,12.39,12.38,12.37
4/12/25 22:00,2506,12.19,11.92,12.18,12.21,12.04,12.06,11.88,11.94,39.75,11.9,12.05,12.18,12.23,12.04,12.19,12.17,12.21,12.23,12.32,12.35,12.36,12.37
4/12/25 22:30,2507,12.17,11.65,12,12.03,11.83,11.86,11.66,11.72,49.22,11.69,11.85,11.99,12.04,11.81,12.01,11.99,12.04,12.06,12.03,12.06,12.17,12.17
4/12/25 23:00,2508,12.16,11.69,12.5,12.52,12.19,12.21,12.07,12.14,43.7,12.06,12.22,12.36,12.4,12.21,12.37,12.34,12.41,12.42,12.45,12.48,12.46,12.46
4/12/25 23:30,2509,12.15,12.21,12.91,12.91,12.54,12.58,12.41,12.55,45.91,12.44,12.57,12.71,12.74,12.61,12.77,12.75,12.81,12.81,12.92,12.95,12.83,12.84
4/13/25 0:00,2510,12.14,12.71,12.96,12.96,12.73,12.74,12.58,12.73,45.61,12.56,12.74,12.82,12.85,12.7,12.84,12.81,12.89,12.89,12.94,12.97,12.92,12.92
4/13/25 0:30,2511,12.12,13.06,13.3,13.31,12.97,13.02,12.81,12.92,50.9,12.86,13,13.05,13.11,12.98,13.15,13.13,13.23,13.24,13.2,13.24,13.22,13.25
4/13/25 1:00,2512,12.11,13.2,13.45,13.46,13.11,13.14,12.94,13.12,54.56,13.03,13.15,13.24,13.28,13.16,13.3,13.28,13.38,13.38,13.46,13.5,13.37,13.37
4/13/25 1:30,2513,12.1,13.39,13.46,13.46,13.12,13.11,12.91,13.09,54.16,13.06,13.17,13.32,13.35,13.09,13.25,13.22,13.41,13.38,13.4,13.4,13.37,13.35
4/13/25 2:00,2514,12.1,13.55,13.26,13.26,12.92,12.91,12.7,12.99,53.85,12.91,13.12,13.23,13.27,12.99,13.24,13.22,13.27,13.23,13.38,13.41,13.29,13.27
4/13/25 2:30,2515,12.09,13.58,12.99,12.97,12.54,12.56,12.31,12.67,55.15,12.47,12.6,12.67,12.69,12.7,12.76,12.72,12.84,12.84,13.21,13.23,12.88,12.86
4/13/25 3:00,2516,12.09,13.44,12.94,12.9,12.44,12.46,12.23,12.56,58.39,12.41,12.51,12.54,12.57,12.6,12.62,12.59,12.7,12.69,13.03,13.04,12.73,12.71
4/13/25 3:30,2517,12.08,13.43,12.97,12.95,12.51,12.52,12.31,12.64,58.57,12.46,12.57,12.62,12.64,12.66,12.74,12.72,12.81,12.81,13.1,13.11,12.85,12.83
4/13/25 4:00,2518,12.08,13.44,12.88,12.85,12.57,12.57,12.4,12.7,54.15,12.58,12.71,12.73,12.77,12.66,12.82,12.79,12.94,12.94,13.11,13.1,12.97,12.96
4/13/25 4:30,2519,12.08,13.32,12.57,12.6,12.33,12.27,12.09,12.3,40.2,12.25,12.26,12.41,12.4,12.29,12.27,12.24,12.49,12.48,12.45,12.45,12.47,12.45
4/13/25 5:00,2520,12.05,13.22,12.4,12.41,12.21,12.13,11.94,12.13,36.62,12.09,12.09,12.29,12.27,12.12,12.12,12.09,12.34,12.33,12.3,12.29,12.3,12.25
4/13/25 5:30,2521,12.02,13.36,12.48,12.48,12.27,12.2,12.04,12.2,31.02,12.18,12.19,12.33,12.31,12.2,12.23,12.19,12.41,12.39,12.38,12.38,12.35,12.31
4/13/25 6:00,2522,12.02,13.39,12.72,12.73,12.39,12.31,12.23,12.43,32.48,12.35,12.34,12.54,12.52,12.34,12.32,12.29,12.55,12.52,12.45,12.45,12.53,12.46
4/13/25 6:30,2523,12.03,13.3,12.68,12.69,12.29,12.21,12.09,12.23,39.06,12.2,12.23,12.39,12.39,12.24,12.26,12.23,12.5,12.49,12.37,12.35,12.42,12.35
4/13/25 7:00,2524,12.03,13.19,12.5,12.5,12.17,12.1,12.01,12.12,48.09,12.11,12.13,12.29,12.28,12.12,12.15,12.11,12.39,12.36,12.29,12.28,12.3,12.26
4/13/25 7:30,2525,12.02,13.17,12.36,12.36,12.13,12.07,11.95,12.09,51.56,12.06,12.05,12.23,12.22,12.09,12.1,12.08,12.29,12.28,12.22,12.23,12.21,12.16
4/13/25 8:00,2526,12.02,13.09,12.38,12.37,12.07,11.99,11.85,12.01,53.78,11.98,12.01,12.15,12.12,12.05,12.06,12.03,12.25,12.23,12.16,12.16,12.14,12.09
4/13/25 8:30,2527,12,13.13,12.67,12.68,12.27,12.18,12.16,12.46,51.32,12.18,12.18,12.51,12.48,12.43,12.25,12.22,12.47,12.47,12.38,12.4,12.38,12.31
4/13/25 9:00,2528,11.99,13.34,12.91,12.9,12.57,12.44,12.62,12.63,48.26,12.52,12.5,12.87,12.79,12.7,12.5,12.45,12.91,12.9,12.64,12.65,12.72,12.63
4/13/25 9:30,2529,12,13.47,12.74,12.7,12.54,12.51,12.52,12.75,42.81,12.55,12.64,12.89,12.83,12.67,12.67,12.61,12.91,12.86,12.87,12.87,12.71,12.68
4/13/25 10:00,2530,12.19,13.56,13.47,13.44,12.88,12.83,12.59,13.52,39.05,12.78,13.19,13.1,12.99,13.08,13.13,13.09,13.29,13.21,13.42,13.46,13.18,13.07
4/13/25 10:30,2531,12.55,13.92,13.88,13.81,12.84,12.81,12.65,13.78,NAN,12.77,13.19,12.97,13.01,13.15,13.37,13.33,13.42,13.39,13.95,14,13.37,13.24
4/13/25 11:00,2532,12.72,14.32,14.2,14.11,13.25,13.24,13.31,14.58,NAN,13.36,13.94,13.74,13.66,13.73,13.89,13.86,14,13.96,14.65,14.67,14.01,13.85
4/13/25 11:30,2533,12.77,14.63,14.32,14.21,13.28,13.29,13.13,14.58,NAN,13.32,13.89,13.72,13.66,13.73,13.68,13.64,13.85,13.81,14.7,14.76,13.91,13.84
4/13/25 12:00,2534,13.02,15.11,15.89,15.68,14.06,14.07,13.87,16.27,NAN,14.07,14.92,14.66,14.57,14.74,14.8,14.77,14.9,14.83,16.08,16.34,14.93,14.82
4/13/25 12:30,2535,13.11,16.68,17.86,17.67,15.16,15.28,14.69,18.69,15.92,15.15,15.94,16.18,15.99,16.11,16.55,16.58,16.47,16.44,17.44,17.85,16.25,16.48
4/13/25 13:00,2536,13.16,19.79,19.98,19.75,17.41,17.53,16.45,20.79,18.48,17.37,18.1,18.8,18.55,18.09,18.65,18.81,18.6,18.55,19.76,20.74,18.47,18.94
4/13/25 13:30,2537,13.15,22.63,21.26,20.88,18.28,18.49,16.86,21.41,19.15,18.31,18.43,19.87,19.55,19.13,19.06,19.24,19.89,19.8,21.23,22.04,19.53,19.81
4/13/25 14:00,2538,13.14,24.07,21.36,20.84,18.75,18.9,16.98,21.72,18.68,18.24,18.49,19.85,19.82,19.18,20.37,20.61,20.9,20.96,21.2,21.72,20.33,20.62
4/13/25 14:30,2539,13.14,24.09,21.28,20.77,18.77,18.76,17.54,22.2,18.84,18.42,18.65,19.96,19.96,19.33,19.88,19.97,20.89,20.86,21.03,21.28,19.9,20.28
4/13/25 15:00,2540,13.14,23.83,20.58,19.98,18.57,18.7,17.57,21.51,18.52,18.23,18.55,19.29,19.34,19.25,19.77,19.73,20.79,20.57,20.92,21.23,19.78,19.93
4/13/25 15:30,2541,13.14,23.11,20.62,20.21,18.22,18.24,17.64,19.73,18.07,17.77,18.17,18.58,18.63,18.96,19.31,19.4,19.86,19.86,20.8,20.95,19.13,19.38
4/13/25 16:00,2542,13.01,22.26,20.1,19.53,17.9,18.13,17.5,20.91,17.82,17.62,17.85,18.87,18.9,18.88,18.72,18.76,19.52,19.48,21.13,20.7,18.95,19.09
4/13/25 16:30,2543,12.91,21.03,19.24,18.94,16.66,16.82,16.54,22.22,17.24,16.79,16.74,17.81,17.92,17.99,17.47,17.47,18.56,18.51,20.77,20.4,17.67,17.83
4/13/25 17:00,2544,12.74,19.02,16.72,16.47,14.74,14.81,14.26,17.18,15.15,14.65,14.32,14.95,14.93,15.54,14.68,14.63,15.27,15.27,17.06,16.99,14.86,14.95
4/13/25 17:30,2545,12.43,16.65,14.5,14.39,13.43,13.42,13.02,14.64,13.54,13.21,13.19,13.42,13.39,13.7,13.25,13.2,13.53,13.54,14.64,14.58,13.46,13.47
4/13/25 18:00,2546,12.31,14.35,12.41,12.48,11.94,11.96,11.6,12.07,11.9,11.82,11.82,11.96,12,11.93,11.94,11.9,12.05,12.05,12.44,12.45,12.13,12.15
4/13/25 18:30,2547,12.28,12.21,11.26,11.26,10.99,11.02,10.72,10.85,10.85,10.87,10.92,11.05,11.08,10.95,11.03,10.99,11.07,11.09,11.29,11.31,11.19,11.2
4/13/25 19:00,2548,12.27,10.91,10.42,10.45,10.28,10.31,10.06,10.12,10.13,10.15,10.22,10.37,10.41,10.26,10.37,10.34,10.37,10.39,10.55,10.57,10.52,10.53
4/13/25 19:30,2549,12.25,10.12,10.22,10.24,10.12,10.15,9.96,9.99,9.96,9.98,10.07,10.23,10.26,10.1,10.23,10.2,10.23,10.26,10.4,10.42,10.37,10.38
4/13/25 20:00,2550,12.23,9.64,9.96,9.99,9.87,9.89,9.72,9.78,9.71,9.73,9.82,10,10.04,9.86,10.01,9.99,10.03,10.06,10.17,10.19,10.13,10.14
4/13/25 20:30,2551,12.21,9.38,9.71,9.72,9.56,9.58,9.4,9.52,9.42,9.42,9.53,9.66,9.7,9.54,9.65,9.63,9.69,9.71,9.9,9.93,9.79,9.8
4/13/25 21:00,2552,12.19,9.34,9.6,9.62,9.38,9.41,9.18,9.36,9.29,9.3,9.41,9.55,9.59,9.4,9.55,9.51,9.61,9.62,9.73,9.75,9.66,9.66
4/13/25 21:30,2553,12.18,9.56,9.55,9.56,9.32,9.35,9.08,9.27,9.23,9.24,9.35,9.47,9.53,9.32,9.51,9.48,9.58,9.58,9.65,9.68,9.6,9.61
4/13/25 22:00,2554,12.17,9.29,8.88,8.93,8.75,8.83,8.38,8.6,8.62,8.63,8.81,8.8,8.89,8.68,8.94,8.92,8.95,8.98,9.11,9.15,9.04,9.05
4/13/25 22:30,2555,12.16,8.3,8.11,8.16,8.12,8.17,7.751,7.912,7.87,7.865,8.06,8.11,8.23,7.851,8.06,8.04,8.14,8.18,8.29,8.34,8.29,8.32
4/13/25 23:00,2556,12.14,7.336,7.258,7.298,7.194,7.24,6.831,7.129,7.065,7.034,7.142,7.368,7.461,7.204,7.353,7.327,7.517,7.56,7.681,7.714,7.571,7.57
4/13/25 23:30,2557,12.13,6.646,7.318,7.371,7.371,7.412,7.086,7.055,6.905,6.922,7.111,7.298,7.393,7.131,7.461,7.426,7.527,7.553,7.635,7.68,7.458,7.472
4/14/25 0:00,2558,12.13,6.505,7.262,7.314,7.351,7.384,6.952,6.963,6.808,6.838,7.186,7.154,7.23,7,7.118,7.092,7.158,7.183,7.438,7.509,7.259,7.27
4/14/25 0:30,2559,12.11,6.102,6.329,6.384,6.402,6.449,5.938,6.264,6.172,6.178,6.346,6.424,6.551,6.381,6.442,6.417,6.586,6.63,6.784,6.845,6.742,6.785
4/14/25 1:00,2560,12.1,5.577,6.088,6.161,6.274,6.323,5.912,5.867,5.639,5.713,5.814,6.086,6.212,5.913,5.964,5.93,6.126,6.169,6.469,6.547,6.223,6.284
4/14/25 1:30,2561,12.07,5.276,6.075,6.134,6.271,6.301,5.9,5.824,5.565,5.68,5.62,5.924,6.006,5.944,5.884,5.838,6.135,6.164,6.5,6.576,6.164,6.225
4/14/25 2:00,2562,12.07,5.162,6.147,6.217,6.307,6.337,5.849,5.903,5.657,5.701,5.573,5.856,5.979,6.053,5.841,5.797,6.165,6.201,6.52,6.55,6.181,6.188
4/14/25 2:30,2563,12.07,4.761,5.568,5.655,5.772,5.809,5.315,5.198,4.909,5.011,5.05,5.158,5.267,5.317,5.085,5.059,5.301,5.32,5.576,5.705,5.411,5.47
4/14/25 3:00,2564,12.03,4.449,5.298,5.388,5.426,5.462,5.003,4.873,4.563,4.683,5.038,5.11,5.232,4.912,5.012,4.985,4.945,4.967,5.161,5.307,5.234,5.256
4/14/25 3:30,2565,12.05,4.266,5.236,5.315,5.531,5.565,5.273,4.909,4.608,4.823,4.935,5.176,5.236,5.092,5.08,5.069,5.121,5.138,5.417,5.519,5.278,5.353
4/14/25 4:00,2566,12.04,4.149,5.019,5.07,5.312,5.344,4.994,4.926,4.644,4.742,4.841,5.089,5.165,5.033,4.966,4.948,5.025,5.032,5.426,5.527,5.181,5.211
4/14/25 4:30,2567,12.02,3.989,4.827,4.885,5.099,5.118,4.907,4.651,4.328,4.482,4.688,4.891,4.928,4.653,4.803,4.78,4.694,4.715,4.975,5.08,4.939,4.994
4/14/25 5:00,2568,12.01,4.081,5.154,5.188,5.365,5.39,5.142,4.971,4.818,4.917,4.884,5.283,5.337,5.107,5.203,5.169,5.329,5.35,5.616,5.65,5.288,5.324
4/14/25 5:30,2569,11.99,4.456,5.456,5.484,5.696,5.703,5.522,5.33,5.278,5.343,5.345,5.691,5.725,5.573,5.641,5.618,5.801,5.823,6.026,6.06,5.689,5.735
4/14/25 6:00,2570,12.01,4.42,5.344,5.379,5.581,5.609,5.416,5.262,5,5.107,5.267,5.481,5.526,5.288,5.314,5.293,5.334,5.345,5.706,5.79,5.405,5.471
4/14/25 6:30,2571,12.01,4.43,5.431,5.469,5.556,5.574,5.475,5.309,5.111,5.196,5.378,5.597,5.634,5.302,5.538,5.519,5.431,5.453,5.577,5.644,5.592,5.628
4/14/25 7:00,2572,12.01,4.855,6.185,6.17,6.181,6.193,6.079,6.067,5.851,5.891,5.999,6.294,6.335,6.055,6.215,6.191,6.229,6.237,6.434,6.47,6.266,6.271
4/14/25 7:30,2573,12,5.669,6.613,6.626,6.527,6.528,6.276,6.642,6.27,6.264,6.612,6.579,6.631,6.468,6.737,6.735,6.712,6.714,6.896,6.948,6.741,6.758
4/14/25 8:00,2574,12.66,5.849,8.6,8.6,8.31,8.32,8.74,9.26,10.83,9.69,14.27,9.85,9.6,9.61,11.98,11.36,9.87,9.48,9.53,9.76,12.94,10.45
4/14/25 8:30,2575,13.03,6.86,11.08,11.14,10.08,9.96,10.68,12.19,10.16,10.17,12.34,11.32,11.05,13.03,11.9,11.46,11.46,11.5,11.13,11.34,11.07,10.61
4/14/25 9:00,2576,12.97,8.01,10.99,11.08,10.28,10.1,10.88,11.64,10.2,10.14,10.99,10.93,10.83,10.65,10.64,10.51,11.03,10.78,11.04,11.25,10.46,10.23
4/14/25 9:30,2577,13.03,9.32,12.19,12.24,11.3,11.21,11.72,12.96,11.5,11.35,12.89,12.22,12.17,11.74,13.39,13.39,12.53,12.28,13.16,13.25,11.96,11.74
4/14/25 10:00,2578,13.05,11.03,12.96,13.03,11.68,11.68,12.03,13.94,11.98,11.67,13.26,12.74,12.62,12.49,14.45,14.57,13.04,12.9,14,14.48,12.7,12.71
4/14/25 10:30,2579,13.06,12.3,13.23,13.23,12.01,12.05,12.21,13.79,12.44,12.21,13.66,13.06,13.01,12.49,13.91,14.05,12.95,12.89,13.36,13.54,13.21,13.3
4/14/25 11:00,2580,13.1,13.41,14.3,14.27,13,12.87,13.76,15.48,13.57,13.39,14.91,14.6,14.46,14.28,14.78,14.9,14.28,14.18,14.7,15.1,14.17,14.34
4/14/25 11:30,2581,13.07,15.16,15.28,15.2,14.12,13.87,14.35,15.52,14.23,13.92,14.65,14.98,14.69,14.82,15.18,15.26,15.65,15.29,15.32,15.51,14.73,14.61
4/14/25 12:00,2582,13.12,16.96,16.59,16.61,14.89,14.8,15.71,17.53,15.65,15.46,16.47,16.59,16.18,15.94,16.06,16.03,16.64,16.63,16.75,17.21,15.86,15.96
4/14/25 12:30,2583,13.16,18.44,17.72,17.97,15.87,15.73,15.68,17.87,15.51,15.24,15.95,16.35,16.1,16.17,16.08,16.06,16.63,16.57,16.74,17.12,15.94,16.2
4/14/25 13:00,2584,13.17,19.53,18.93,18.91,17.38,17.28,17.06,20.35,19.12,18.43,19.12,20.56,19.82,19.42,19.67,19.93,19.61,19.51,19.15,20.36,18.78,19.12
4/14/25 13:30,2585,13.14,22.36,20.06,20.06,17.24,17.36,16.58,20,17.35,16.9,17.68,18.49,18.26,17.84,18.26,18.55,18.46,18.38,19.29,20.14,18.21,18.4
4/14/25 14:00,2586,13.17,23.22,22.55,22.03,19.32,19.49,17.8,22.38,18.45,18.13,18.42,19.71,19.5,19.63,19.24,19.68,20.66,20.6,20.37,21.26,19,19.31
4/14/25 14:30,2587,13.16,24.26,23.32,22.81,19.2,19.22,17.22,23.93,18.75,18.32,18.71,20.48,20.39,20.36,20.19,20.56,21.33,21.5,20.78,21.23,19.56,19.97
4/14/25 15:00,2588,13.17,24.72,23.16,23.02,19.59,19.66,18.66,24.27,19.14,18.9,19.07,19.69,19.5,21.14,19.8,19.9,21.63,21.14,20.74,21.8,19.09,19.36
4/14/25 15:30,2589,13.17,24.25,22.97,23,18.97,18.95,19.21,21.06,18.42,18.2,18.54,18.68,18.63,20.18,19.29,19.38,20.83,20.8,22.76,24.31,18.91,19.16
4/14/25 16:00,2590,13.15,22.68,21.76,21.59,18.15,18.15,18.48,23.13,17.4,17,17.61,18.47,18.4,19.61,18.54,18.63,19.94,19.7,22.6,22.97,18.25,18.62
4/14/25 16:30,2591,13.01,21.13,19.82,19.46,16.47,16.7,17.29,24.31,16.9,16.55,16.42,17.21,17.3,18.45,17.09,17.1,18.49,18.3,22.01,22.2,17.15,17.43
4/14/25 17:00,2592,12.67,19.17,19,18.79,17,16.7,16.43,21.96,16.75,16.01,15.47,16.47,16.39,18.08,15.97,15.94,17.02,16.93,20.41,20.69,16.17,16.36
4/14/25 17:30,2593,12.43,17.11,17.31,17.12,15.57,15.01,14.81,19.31,15.23,14.48,14.15,14.67,14.48,16,14.48,14.42,15.68,15.51,18.01,17.97,14.73,14.79
4/14/25 18:00,2594,12.31,14.61,14.15,14.31,13.25,13.02,12.62,14.77,13.22,12.73,12.64,12.91,12.97,13.21,12.81,12.78,13.57,13.24,13.81,13.87,12.96,13.04
4/14/25 18:30,2595,12.27,12.38,11.55,11.64,11.27,11.33,10.99,11.03,11.09,11.14,11.25,11.38,11.46,11.17,11.38,11.36,11.42,11.45,11.51,11.59,11.58,11.62
4/14/25 19:00,2596,12.26,10.7,10.62,10.71,10.47,10.52,10.12,10.21,NAN,10.28,10.4,10.51,10.61,10.26,10.54,10.51,10.58,10.62,10.59,10.62,10.74,10.74
4/14/25 19:30,2597,12.24,9.67,10.08,10.14,10,10.05,9.75,9.85,NAN,9.87,10.01,10.16,10.22,9.97,10.17,10.15,10.18,10.21,10.23,10.25,10.35,10.37
4/14/25 20:00,2598,12.22,9.05,9.82,9.85,9.76,9.79,9.59,9.65,NAN,9.62,9.79,9.94,9.98,9.76,9.94,9.91,9.99,10.01,10.03,10.05,10.1,10.1
4/14/25 20:30,2599,12.21,8.9,9.81,9.87,9.63,9.65,9.46,9.54,NAN,9.48,9.63,9.79,9.82,9.62,9.78,9.75,9.81,9.82,9.89,9.9,9.9,9.89
4/14/25 21:00,2600,12.2,8.99,9.9,9.92,9.64,9.68,9.48,9.56,NAN,9.46,9.64,9.77,9.8,9.61,9.79,9.75,9.86,9.87,9.94,9.94,9.89,9.87
4/14/25 21:30,2601,12.19,9.49,9.93,9.94,9.65,9.65,9.49,9.6,NAN,9.49,9.62,9.75,9.79,9.62,9.75,9.71,9.82,9.81,9.86,9.88,9.84,9.83
4/14/25 22:00,2602,12.17,9.92,9.97,9.98,9.66,9.66,9.47,9.6,NAN,9.51,9.63,9.77,9.8,9.62,9.72,9.69,9.81,9.81,9.83,9.85,9.82,9.8
4/14/25 22:30,2603,12.16,10.19,9.88,9.89,9.62,9.62,9.41,9.56,NAN,9.47,9.59,9.72,9.74,9.57,9.72,9.69,9.78,9.79,9.79,9.8,9.8,9.8
4/14/25 23:00,2604,12.15,10.22,9.79,9.81,9.58,9.59,9.39,9.46,NAN,9.44,9.54,9.65,9.67,9.5,9.64,9.61,9.7,9.71,9.71,9.72,9.72,9.71
4/14/25 23:30,2605,12.13,9.79,9.24,9.27,9.1,9.12,8.9,8.91,NAN,9.01,9.07,9.2,9.24,9.02,9.2,9.18,9.25,9.26,9.2,9.21,9.29,9.3
4/15/25 0:00,2606,12.13,8.78,8.72,8.77,8.64,8.67,8.47,8.47,NAN,8.53,8.62,8.76,8.79,8.56,8.74,8.73,8.76,8.78,8.76,8.78,8.86,8.86
4/15/25 0:30,2607,12.12,8.03,8.44,8.51,8.41,8.43,8.29,8.26,8.29,8.29,8.4,8.55,8.59,8.34,8.53,8.52,8.55,8.57,8.52,8.54,8.65,8.65
4/15/25 1:00,2608,12.1,7.585,8.18,8.23,8.14,8.17,8,8.01,7.983,8.01,8.13,8.28,8.32,8.08,8.27,8.26,8.28,8.3,8.27,8.29,8.4,8.4
4/15/25 1:30,2609,12.09,7.238,7.892,7.946,7.894,7.926,7.779,7.725,7.69,7.724,7.868,8.02,8.07,7.832,8.04,8.03,8.05,8.07,8.03,8.05,8.18,8.18
4/15/25 2:00,2610,12.08,6.968,7.719,7.781,7.706,7.724,7.59,7.598,7.632,7.58,7.743,7.897,7.941,7.685,7.886,7.876,7.879,7.901,7.873,7.903,8.01,8
4/15/25 2:30,2611,12.07,6.798,7.501,7.562,7.6,7.627,7.475,7.443,7.571,7.459,7.589,7.764,7.805,7.514,7.76,7.751,7.762,7.784,7.717,7.747,7.901,7.907
4/15/25 3:00,2612,12.06,6.626,7.453,7.506,7.497,7.532,7.391,7.332,7.45,7.323,7.486,7.643,7.695,7.4,7.619,7.609,7.633,7.66,7.591,7.615,7.784,7.789
4/15/25 3:30,2613,12.05,6.494,7.355,7.413,7.406,7.433,7.307,7.275,7.433,7.302,7.412,7.603,7.654,7.367,7.602,7.594,7.609,7.635,7.544,7.566,7.759,7.766
4/15/25 4:00,2614,12.04,6.399,7.259,7.335,7.357,7.399,7.288,7.235,7.464,7.271,7.389,7.573,7.635,7.324,7.616,7.614,7.607,7.635,7.523,7.552,7.708,7.714
4/15/25 4:30,2615,12.03,6.165,6.465,6.522,6.484,6.555,6.226,6.29,NAN,6.334,6.448,6.352,6.469,6.189,6.462,6.449,6.448,6.467,6.496,6.544,6.601,6.641
4/15/25 5:00,2616,12.03,5.389,5.829,5.914,5.809,5.842,5.505,5.441,5.112,5.245,5.477,5.694,5.779,5.331,5.553,5.543,5.424,5.447,5.574,5.719,5.702,5.738
4/15/25 5:30,2617,12.02,4.751,5.585,5.668,5.833,5.943,5.475,5.501,5.007,5.141,5.543,5.522,5.633,5.146,5.321,5.318,5.261,5.272,5.417,5.48,5.329,5.358
4/15/25 6:00,2618,12.02,4.407,5.922,5.992,6.327,6.402,6.053,5.781,5.671,5.82,5.892,6.222,6.336,5.824,5.76,5.768,5.738,5.782,5.993,6.063,6.049,6.083
4/15/25 6:30,2619,12,4.46,5.459,5.533,5.377,5.433,5.002,5.189,4.868,4.937,5.24,5.214,5.295,5.009,5.206,5.199,5.061,5.063,5.236,5.353,5.326,5.341
4/15/25 7:00,2620,12,4.162,4.783,4.842,5.133,5.161,4.79,4.552,4.281,4.382,4.609,4.686,4.724,4.638,4.606,4.58,4.564,4.559,4.884,4.978,4.718,4.755
4/15/25 7:30,2621,12,4.039,6.009,6.044,6.528,6.446,6.311,6.094,5.993,6.013,6.983,6.124,6.155,5.828,6.524,6.524,6.101,6.074,6.414,6.477,6.955,6.493
4/15/25 8:00,2622,12.58,4.727,8.29,8.23,8.89,8.75,9.32,9.1,9.58,10.05,13.24,9.67,9.25,9.38,11.97,11.4,9.67,9.26,9.35,9.31,12.85,10.26
4/15/25 8:30,2623,12.81,6.18,9.44,9.46,8.82,8.74,9.15,10.06,8.97,8.98,9.64,9.55,9.47,9.96,9.51,9.35,9.69,9.68,9.58,9.71,9.84,9.43
4/15/25 9:00,2624,13.03,7.739,11.43,11.78,10.72,10.63,11.08,12.63,10.74,10.66,12.33,11.36,11.33,11.75,11.93,11.71,11.95,11.58,11.98,12.29,11.24,11.05
4/15/25 9:30,2625,13.17,9.94,13.62,13.96,12.72,12.63,13.42,13.76,12.64,12.69,12.81,13.42,13.28,13.13,14.66,14.47,14.95,14.74,14.16,14.17,13.31,13.11
4/15/25 10:00,2626,13.18,12.81,15.09,15.45,14.01,13.95,14.55,15.24,14.06,14.03,14.76,15.18,14.83,14.51,15.65,15.46,16.19,15.88,15.12,15.26,14.81,14.59
4/15/25 10:30,2627,13.15,15.19,15.78,16.11,15,14.88,15.03,16.86,14.63,14.62,14.92,16.03,15.92,15.52,15.97,15.89,16.1,16.15,15.61,15.89,15.11,15.12
4/15/25 11:00,2628,13.18,17.61,17.89,17.96,16.33,16.23,16.13,19.43,16.31,16.36,16.47,17.64,17.51,17.65,17.12,17.16,17.46,17.45,17.26,17.58,16.63,16.67
4/15/25 11:30,2629,13.17,20.11,19.06,18.99,16.87,16.79,17.04,19.41,17.15,17.15,17.11,19.11,18.78,17.85,17.55,17.6,18.66,18.62,17.69,18.05,17.77,18.1
4/15/25 12:00,2630,13.16,21.95,20.21,20.64,17.88,17.86,18.12,22.09,18.71,18.57,18.24,20.03,19.55,18.98,18.81,18.77,19.7,19.92,18.75,19.26,18.72,19.07
4/15/25 12:30,2631,13.12,23.53,21.22,21.84,19.47,19.37,18.5,21.29,18.91,19.12,18.84,20.54,20.11,20.01,19.79,19.85,20.72,20.8,19.09,19.3,19.23,19.77
4/15/25 13:00,2632,13.16,24.58,22.44,22.95,20.92,20.88,19.58,21.85,19.76,19.66,19.41,21.99,21.61,21.06,20.65,20.65,21.4,21.63,20.22,20.89,20,20.46
4/15/25 13:30,2633,13.16,25.46,24.28,24.54,21.65,21.68,20.12,22.39,20.67,20.75,20.33,22.54,22.1,21.93,21.02,21.19,22.34,22.25,21.32,22.04,21.1,21.25
4/15/25 14:00,2634,13.15,26.23,25.55,25.43,21.77,21.98,20.21,24.27,20.73,20.52,20.51,21.79,21.54,22.07,21.5,21.7,23.05,23.06,22.29,23.11,21.25,21.65
4/15/25 14:30,2635,13.16,26.5,25.62,25.46,22.22,22.02,19.91,25.83,20.51,20.32,20.62,22.36,22.09,22.58,21.87,22,23.34,23.4,22.29,22.94,21.6,21.97
4/15/25 15:00,2636,13.16,26.44,25.52,25.61,22.01,21.94,20.55,24.73,20.55,20.25,20.65,21.21,21.07,22.07,21.55,21.43,23.29,22.96,22.6,23.66,20.99,21.33
4/15/25 15:30,2637,13.18,25.81,25.32,25.25,21.1,21.23,21.5,22.63,20.45,20.36,20.51,20.74,20.78,22.2,21.18,21.11,22.56,22.64,24.77,25.96,21.05,21.43
4/15/25 16:00,2638,13.15,24.51,23.85,23.8,20.3,20.38,20.33,24.8,19.33,19.11,19.37,20.08,19.94,21.44,20.59,20.63,22.05,22.01,24.79,25.17,20.56,20.73
4/15/25 16:30,2639,12.91,22.93,22.18,21.96,18.22,18.47,18.75,24.71,18.64,18.32,17.89,18.84,18.94,20.16,19,19.01,20.45,20.25,23.78,23.97,18.92,19.19
4/15/25 17:00,2640,12.62,20.81,20.83,20.47,17.94,17.94,17.67,23.48,18.31,17.49,16.86,17.73,17.71,19.29,17.68,17.65,18.69,18.75,22.13,21.84,17.88,18.04
4/15/25 17:30,2641,12.41,18.85,18.85,18.46,16.68,16.46,16.14,20.69,17.09,16.16,15.78,16.22,16.15,17.51,16.13,16.07,17.27,17.08,20.07,19.88,16.51,16.59
4/15/25 18:00,2642,12.3,16.38,15.46,15.65,14.46,14.33,13.97,15.71,14.55,14.11,14.04,14.21,14.26,14.47,14.24,14.2,14.85,14.64,15.21,15.16,14.44,14.48
4/15/25 18:30,2643,12.28,13.97,12.98,13.04,12.66,12.69,12.37,12.42,12.48,12.53,12.63,12.73,12.79,12.59,12.76,12.72,12.78,12.82,13.02,13.07,13.03,13.06
4/15/25 19:00,2644,12.27,12.37,12.19,12.29,11.95,11.99,11.73,11.75,11.78,11.83,11.94,12.04,12.09,11.91,12.08,12.05,12.09,12.12,12.23,12.28,12.3,12.31
4/15/25 19:30,2645,12.25,11.32,11.58,11.6,11.41,11.44,11.22,11.23,11.19,11.25,11.42,11.5,11.55,11.35,11.55,11.52,11.56,11.59,11.66,11.68,11.74,11.75
4/15/25 20:00,2646,12.24,10.58,11,11.04,10.84,10.88,10.65,10.71,10.66,10.71,10.86,10.97,11.02,10.81,11,10.97,11.01,11.05,11.1,11.13,11.2,11.2
4/15/25 20:30,2647,12.22,10.04,10.64,10.71,10.57,10.61,10.35,10.4,10.36,10.41,10.57,10.7,10.77,10.5,10.7,10.68,10.68,10.73,10.76,10.79,10.88,10.89
4/15/25 21:00,2648,12.21,9.53,10.33,10.38,10.3,10.38,10.08,10.06,10.08,10.13,10.24,10.36,10.44,10.14,10.45,10.43,10.42,10.45,10.44,10.44,10.59,10.59
4/15/25 21:30,2649,12.2,9.14,9.59,9.62,9.51,9.63,9.37,9.42,9.46,9.48,9.61,9.6,9.69,9.36,9.75,9.73,9.73,9.76,9.75,9.74,9.87,9.86
4/15/25 22:00,2650,12.19,8.84,9.45,9.46,9.39,9.48,9.24,9.23,9.27,9.29,9.43,9.5,9.57,9.27,9.58,9.56,9.54,9.56,9.62,9.6,9.7,9.69
4/15/25 22:30,2651,12.17,8.5,8.69,8.75,8.57,8.68,8.33,8.46,8.5,8.51,8.69,8.56,8.66,8.41,8.74,8.72,8.82,8.84,8.84,8.85,8.9,8.9
4/15/25 23:00,2652,12.16,7.947,8.4,8.45,8.39,8.52,8.09,8.18,8.07,8.11,8.27,8.23,8.36,8.08,8.43,8.42,8.54,8.56,8.46,8.47,8.59,8.6
4/15/25 23:30,2653,12.15,7.55,8.49,8.53,8.56,8.6,8.4,8.37,8.22,8.26,8.43,8.61,8.69,8.38,8.53,8.53,8.62,8.65,8.73,8.77,8.78,8.8
4/16/25 0:00,2654,12.14,7.618,8.52,8.57,8.49,8.54,8.32,8.35,8.28,8.32,8.48,8.58,8.65,8.33,8.58,8.58,8.6,8.64,8.62,8.66,8.72,8.73
4/16/25 0:30,2655,12.13,7.279,7.496,7.567,7.567,7.66,7.081,7.253,7.028,7.086,7.243,7.365,7.509,7.175,7.464,7.457,7.465,7.488,7.501,7.582,7.545,7.551
4/16/25 1:00,2656,12.12,6.609,6.89,6.989,6.769,6.758,6.422,6.527,6.115,6.196,6.506,6.555,6.645,6.434,6.559,6.529,6.511,6.511,6.665,6.82,6.623,6.631
4/16/25 1:30,2657,12.1,6.1,6.728,6.847,6.69,6.769,6.293,6.457,6.242,6.315,6.43,6.555,6.689,6.404,6.52,6.506,6.522,6.547,6.617,6.744,6.636,6.661
4/16/25 2:00,2658,12.1,5.812,6.658,6.69,6.745,6.77,6.366,6.449,6.028,6.097,6.301,6.366,6.437,6.443,6.274,6.239,6.472,6.478,7.019,7.102,6.51,6.6
4/16/25 2:30,2659,12.08,6.396,7.342,7.344,7.143,7.138,6.919,7.325,6.928,6.921,7.164,7.331,7.421,7.12,7.225,7.198,7.336,7.349,7.603,7.648,7.402,7.395
4/16/25 3:00,2660,12.07,6.656,6.887,6.946,6.895,6.898,6.597,6.673,6.395,6.453,6.688,6.822,6.913,6.652,6.835,6.82,6.864,6.885,7.104,7.196,6.971,7
4/16/25 3:30,2661,12.06,6.146,6.491,6.53,6.75,6.805,6.366,6.265,6.02,6.123,6.228,6.424,6.485,6.409,6.223,6.196,6.417,6.437,7.025,7.111,6.445,6.533
4/16/25 4:00,2662,12.05,5.781,6.459,6.532,6.477,6.501,6.274,6.094,5.759,5.884,6.171,6.252,6.291,6.09,6.153,6.13,6.121,6.12,6.354,6.476,6.301,6.317
4/16/25 4:30,2663,12.04,5.523,6.277,6.335,6.653,6.658,6.233,6.092,5.794,5.898,6.055,6.199,6.262,6.241,6.04,6.011,6.139,6.137,6.49,6.577,6.226,6.287
4/16/25 5:00,2664,12.04,5.318,6.087,6.194,6.448,6.457,6.088,5.939,5.544,5.714,6.088,6.154,6.224,5.868,6.111,6.09,5.876,5.859,5.892,5.999,6.042,6.044
4/16/25 5:30,2665,12.02,5.188,6.136,6.239,6.528,6.584,6.095,6.04,5.772,5.932,6.102,6.332,6.475,5.971,6.274,6.269,6.051,6.042,5.947,6.065,6.293,6.292
4/16/25 6:00,2666,12.03,5.105,6.058,6.145,6.364,6.376,5.971,5.845,5.665,5.794,6.025,6.065,6.202,5.878,5.997,5.979,5.869,5.875,5.821,5.913,6.047,6.028
4/16/25 6:30,2667,12.02,4.929,6.016,6.094,6.427,6.448,6.253,5.884,5.49,5.697,5.895,6.158,6.211,5.799,6.209,6.208,5.993,6.026,5.983,6.074,6.034,6.081
4/16/25 7:00,2668,12,4.805,5.927,6.035,6.557,6.56,6.302,5.804,5.488,5.675,5.894,6.057,6.16,5.927,5.969,5.958,5.899,5.88,5.868,5.953,5.944,5.978
4/16/25 7:30,2669,12.01,4.826,6.772,6.817,6.968,6.917,7.144,7.031,7.051,6.76,8.96,7.203,7.274,6.507,8.24,8.24,6.919,6.886,7.061,7.052,8.75,7.8
4/16/25 8:00,2670,12.56,5.404,9.51,9.39,9.45,9.38,10.24,10.87,11.55,11.11,17.34,11.45,11.12,10.33,15.98,14.93,10.54,10.2,10.53,10.68,15.35,12.72
4/16/25 8:30,2671,13.03,7.137,12.95,12.68,11.83,11.78,12.47,13.59,11.85,11.95,14.77,13.29,12.83,15.89,14.31,13.9,13.8,13.89,13.41,13.31,14.08,13.07
4/16/25 9:00,2672,13.11,9.41,14.66,14.97,13.12,12.96,14.15,15.19,13.35,13.32,15.52,14.04,14,14.29,14.8,14.53,17.03,15.44,14.83,14.56,14.05,13.62
4/16/25 9:30,2673,13.18,11.99,15.41,15.74,14.63,14.52,15.3,15.63,14.78,14.69,14.68,15.35,15.18,14.88,16.64,16.5,17.31,17.04,16.01,15.95,14.99,14.73
4/16/25 10:00,2674,13.18,14.74,17.02,17.51,15.95,15.83,16.77,17.32,16.01,15.98,16.76,17.1,16.8,16.34,18.06,18,18.48,18.05,17.21,17.12,16.86,16.69
4/16/25 10:30,2675,13.18,17.56,18.54,19,17.66,17.49,17.76,19.67,17.74,17.59,17.94,18.47,18.23,18.31,19.17,18.94,19.22,18.98,19.18,19.39,18.02,17.94
4/16/25 11:00,2676,13.18,20.26,20.16,20.14,18.46,18.43,18.45,22.35,19.05,18.97,18.84,20.05,19.7,20.45,19.63,19.69,19.98,19.78,20.05,20.44,19.32,19.44
4/16/25 11:30,2677,13.17,22.54,21.19,21.24,19,18.82,19.87,21.66,19.54,19.49,19.48,21.6,20.88,20.31,19.87,19.97,21.24,21.34,20.12,20.18,20.25,20.55
4/16/25 12:00,2678,13.17,24.15,22.82,23.31,20.09,19.95,20.54,25.19,21,20.91,20.25,22.09,21.36,21.37,20.83,20.82,21.96,21.97,20.79,21.37,21.01,21.38
4/16/25 12:30,2679,13.16,25.68,23,23.44,21.26,21.15,20.9,22.3,20.67,20.86,20.54,22.41,21.92,21.98,21.15,21.11,22.55,22.55,21.2,21.69,21.17,21.63
4/16/25 13:00,2680,13.16,26.33,24.1,24.59,22.06,21.95,20.98,23.18,21.48,21.35,21.49,23.09,22.63,22.7,21.96,22,22.99,22.99,21.88,22.47,21.71,22.19
4/16/25 13:30,2681,13.16,27.02,25.9,26.26,23.35,23.46,21.86,23.76,22.09,22.18,21.79,24.19,23.75,23.64,22.55,22.78,24.5,24.39,22.76,23.41,22.89,23.02
4/16/25 14:00,2682,13.16,27.71,27.13,26.95,23.79,23.6,22.44,24.88,22.54,22.99,22.09,24.44,24.39,24.06,23.11,23.41,25.28,25.02,22.99,23.29,23.17,23.18
4/16/25 14:30,2683,13.11,28.22,26.02,25.91,23.56,23.28,21.61,24.85,22.16,22.28,22.09,23.85,23.48,23.42,23.2,23.44,24.82,24.65,22.86,23.11,22.69,22.82
4/16/25 15:00,2684,13.15,27.41,26.41,26.35,23.6,23.35,22.82,25.5,22.31,22.34,22.04,23.24,23.14,24.23,22.74,22.81,24.53,24.17,23.46,24.15,22.66,22.97
4/16/25 15:30,2685,13.16,26.76,27.14,27.16,23.61,23.3,24.35,23.29,22.27,22.45,22.36,23.27,23.19,25.05,23.11,23.18,24.89,24.97,24.9,25.25,22.73,22.91
4/16/25 16:00,2686,13.15,25.89,25.53,25.47,22.94,22.42,23.84,26.74,21.52,21.48,21.39,23.2,22.96,24.77,22.22,22.32,24.52,24.09,25.32,25.14,22.13,22.34
4/16/25 16:30,2687,13.03,24.55,24.94,25.07,21.1,21.4,22.29,28.98,20.8,20.52,20.36,21.76,21.9,23.73,21.51,21.54,23.12,22.99,25.96,26.22,21.3,21.52
4/16/25 17:00,2688,12.61,22.82,23.7,23.79,20.96,20.82,20.5,26.95,20.49,19.84,19.43,20.36,20.37,22.21,20.13,20.09,21.62,21.67,25.51,25.88,20.29,20.44
4/16/25 17:30,2689,12.4,20.92,21.93,21.76,19.69,19.39,18.99,24.37,20.4,18.98,18.48,18.97,18.89,20.52,18.87,18.84,20.17,19.84,23.18,23.23,19.24,19.35
4/16/25 18:00,2690,12.31,18.56,18.37,18.6,17.68,17.38,17.16,19.78,17.29,16.98,17,17.1,17.17,17.34,17.09,17.06,17.88,17.59,17.7,17.78,17.27,17.37
4/16/25 18:30,2691,12.28,16.21,15.39,15.5,15.31,15.36,15.01,14.96,15.09,15.18,15.33,15.36,15.45,15.13,15.4,15.39,15.48,15.53,15.43,15.55,15.65,15.71
4/16/25 19:00,2692,12.26,14.51,14.43,14.5,14.35,14.38,14.17,14.14,14.16,14.24,14.38,14.46,14.53,14.28,14.51,14.49,14.53,14.57,14.53,14.59,14.75,14.76
4/16/25 19:30,2693,12.25,13.35,13.62,13.68,13.54,13.57,13.37,13.39,13.33,13.41,13.56,13.67,13.73,13.52,13.74,13.72,13.78,13.82,13.83,13.89,13.95,13.97
4/16/25 20:00,2694,12.24,12.46,12.94,13.01,12.84,12.87,12.74,12.71,12.65,12.73,12.94,13.06,13.12,12.88,13.08,13.06,13.1,13.14,13.1,13.14,13.25,13.27
4/16/25 20:30,2695,12.23,11.8,12.38,12.46,12.39,12.43,12.4,12.3,12.19,12.29,12.5,12.63,12.68,12.4,12.65,12.63,12.68,12.72,12.58,12.61,12.81,12.82
4/16/25 21:00,2696,12.21,11.33,12.48,12.54,12.61,12.66,12.49,12.44,12.36,12.43,12.65,12.75,12.82,12.42,12.65,12.65,12.67,12.69,12.54,12.56,12.8,12.8
4/16/25 21:30,2697,12.2,10.85,11.16,11.24,11.34,11.46,10.96,11.12,10.94,10.98,11.24,11.12,11.28,11.02,11.29,11.27,11.27,11.29,11.37,11.4,11.42,11.45
4/16/25 22:00,2698,12.19,9.92,10,10.1,10.36,10.39,9.79,9.73,9.36,9.48,9.68,9.7,9.75,9.95,9.5,9.46,9.75,9.74,10.27,10.37,9.78,9.82
4/16/25 22:30,2699,12.18,9.11,9.75,9.84,9.75,9.74,9.46,9.39,8.98,9.13,9.39,9.41,9.47,9.37,9.32,9.28,9.31,9.31,9.57,9.66,9.52,9.56
4/16/25 23:00,2700,12.17,8.56,9.13,9.17,9.31,9.32,9.12,9.08,8.65,8.73,8.96,9.22,9.33,9,9.24,9.21,9.17,9.18,9.44,9.51,9.32,9.33
4/16/25 23:30,2701,12.15,8.23,8.62,8.65,8.82,8.82,8.57,8.59,8.29,8.3,8.47,8.69,8.75,8.6,8.75,8.71,8.8,8.83,9.23,9.27,8.87,8.87
4/17/25 0:00,2702,12.14,7.942,8.92,9.01,9.4,9.45,8.97,8.68,8.31,8.5,8.69,8.79,8.84,8.78,8.69,8.66,8.67,8.67,9,9.07,8.92,8.96
4/17/25 0:30,2703,12.13,7.699,8.67,8.73,8.81,8.84,8.64,8.61,8.2,8.27,8.56,8.67,8.76,8.57,8.58,8.55,8.67,8.69,8.9,8.97,8.86,8.86
4/17/25 1:00,2704,12.12,7.533,8.24,8.27,8.76,8.79,8.28,8.27,7.896,7.977,8.07,8.13,8.22,8.4,8.19,8.16,8.37,8.38,8.83,8.89,8.47,8.49
4/17/25 1:30,2705,12.11,7.328,8.14,8.18,8.58,8.59,8.12,7.97,7.611,7.726,7.777,8.03,8.12,8.13,7.894,7.867,8.06,8.07,8.53,8.59,8.1,8.13
4/17/25 2:00,2706,12.09,7.008,7.823,7.902,8.12,8.1,7.886,7.703,7.376,7.515,7.683,7.791,7.838,7.72,7.755,7.727,7.691,7.69,7.978,8.05,7.899,7.913
4/17/25 2:30,2707,12.08,6.852,7.52,7.577,8.05,8.03,7.832,7.524,7.09,7.182,7.495,7.675,7.741,7.536,7.688,7.664,7.591,7.595,7.898,7.97,7.642,7.67
4/17/25 3:00,2708,12.08,6.665,7.225,7.282,7.622,7.613,7.316,7.245,NAN,6.863,7.127,7.312,7.369,7.232,7.329,7.303,7.364,7.363,7.773,7.872,7.439,7.456
4/17/25 3:30,2709,12.06,6.385,7.274,7.349,7.7,7.715,7.495,7.374,6.896,6.907,7.205,7.58,7.669,7.168,7.618,7.609,7.449,7.449,7.46,7.554,7.56,7.587
4/17/25 4:00,2710,12.06,6.326,7.388,7.466,7.845,7.847,7.578,7.28,7.061,7.099,7.35,7.509,7.562,7.371,7.424,7.398,7.35,7.341,7.636,7.698,7.474,7.489
4/17/25 4:30,2711,12.04,6.318,7.341,7.427,7.898,7.938,7.446,7.39,7.003,7.03,7.321,7.489,7.573,7.28,7.465,7.455,7.233,7.234,7.346,7.418,7.386,7.345
4/17/25 5:00,2712,12.04,6.305,7.574,7.638,8.16,8.26,7.795,7.879,7.677,7.644,7.797,7.999,8.16,7.793,7.998,8.01,7.808,7.829,7.81,7.872,7.961,7.952
4/17/25 5:30,2713,12.03,6.308,7.186,7.239,7.916,8.08,7.531,7.516,7.19,7.265,7.494,7.674,7.822,7.376,7.735,7.728,7.332,7.325,7.51,7.572,7.531,7.55
4/17/25 6:00,2714,12.03,6.314,8.03,8.05,8.28,8.46,8.11,8.13,7.987,7.991,8.1,8.24,8.39,8.03,8.42,8.43,8.31,8.32,8.27,8.27,8.41,8.39
4/17/25 6:30,2715,12.01,6.624,7.478,7.524,8.09,8.19,7.793,7.677,7.521,7.496,7.698,7.884,8.01,7.658,7.903,7.908,7.776,7.792,7.896,7.957,7.855,7.871
4/17/25 7:00,2716,12.01,6.751,7.997,8.02,8.24,8.34,8.1,8.12,8.09,8.03,8.07,8.22,8.33,7.955,8.18,8.19,8.13,8.15,7.972,8.01,8.16,8.16
4/17/25 7:30,2717,12.02,7.029,8.73,8.75,9.3,9.11,9,9.12,9.07,8.79,9.72,9.06,9.06,8.66,9.58,9.48,9.15,9.13,9.24,9.3,9.66,9.22